# Blender 5.0.1
# www.blender.org
mtllib platos.mtl
o Plato
v 0.000000 -0.010479 -0.906695
v -0.453347 -0.010479 -0.785221
v -0.785221 -0.010479 -0.453348
v -0.906694 -0.010479 -0.000001
v -0.785220 -0.010479 0.453346
v -0.453347 -0.010479 0.785219
v -0.000000 -0.010479 0.906693
v 0.453347 -0.010479 0.785219
v 0.785220 -0.010479 0.453346
v 0.906694 -0.010479 -0.000001
v 0.785221 -0.010479 -0.453348
v 0.453348 -0.010479 -0.785221
v 0.000000 0.060958 -1.264050
v -0.632024 0.060958 -1.094699
v -1.094698 0.060958 -0.632025
v -1.264048 0.060958 -0.000001
v -1.094698 0.060958 0.632023
v -0.632024 0.060958 1.094697
v -0.000000 0.060958 1.264047
v 0.632024 0.060958 1.094697
v 1.094698 0.060958 0.632023
v 1.264048 0.060958 -0.000000
v 1.094698 0.060958 -0.632025
v 0.632025 0.060958 -1.094699
v 0.000000 0.139349 -1.264050
v -0.632024 0.139349 -1.094699
v -1.094698 0.139349 -0.632025
v -1.264048 0.139349 -0.000001
v -1.094698 0.139349 0.632023
v -0.632024 0.139349 1.094697
v -0.000000 0.139349 1.264047
v 0.632024 0.139349 1.094697
v 1.094698 0.139349 0.632023
v 1.264048 0.139349 -0.000000
v 1.094698 0.139349 -0.632025
v 0.632025 0.139349 -1.094699
v 0.000000 0.047491 -0.961730
v -0.480865 0.047491 -0.832883
v -0.832882 0.047491 -0.480866
v -0.961730 0.047491 -0.000001
v -0.832882 0.047491 0.480864
v -0.480865 0.047491 0.832881
v -0.000000 0.047491 0.961728
v 0.480864 0.047491 0.832881
v 0.832882 0.047491 0.480864
v 0.961729 0.047491 -0.000001
v 0.832882 0.047491 -0.480865
v 0.480865 0.047491 -0.832883
v 0.555450 0.047491 -0.000001
v -0.000000 0.047491 -0.000001
v -0.555450 0.047491 -0.000001
v 0.000000 -0.010479 -0.000001
v -0.004261 -0.020339 -0.913117
v 0.004261 -0.103825 -0.913117
v -0.460248 -0.020339 -0.788653
v -0.452868 -0.103825 -0.792913
v -0.792912 -0.020339 -0.452869
v -0.788652 -0.103825 -0.460249
v -0.910859 -0.020045 0.028036
v -0.913116 -0.103825 -0.004262
v -0.771760 -0.020174 0.499964
v -0.792912 -0.103825 0.452867
v -0.490224 -0.020174 0.766135
v -0.460248 -0.103825 0.788651
v -0.024690 -0.020045 0.916657
v -0.000000 -0.103825 0.920495
v 0.460248 -0.020339 0.788651
v 0.452868 -0.103825 0.784390
v 0.802846 -0.020045 0.431148
v 0.788651 -0.103825 0.460247
v 0.918346 -0.020174 -0.047103
v 0.916657 -0.104119 -0.024690
v 0.807615 -0.020174 -0.418382
v 0.766136 -0.103989 -0.490224
v 0.479711 -0.020045 -0.781505
v 0.460248 -0.103825 -0.788652
v -0.754345 -0.062082 -0.435522
v -0.827219 -0.062082 -0.477596
v -0.477595 -0.062082 -0.827220
v -0.435521 -0.062082 -0.754346
v 0.000000 -0.062082 -0.955191
v 0.000000 -0.062082 -0.871044
v 0.439321 -0.067514 -0.849508
v 0.435522 -0.062082 -0.754346
v 0.829787 -0.062082 -0.479078
v 0.754345 -0.062082 -0.435522
v 0.955355 -0.056649 0.044290
v 0.871135 -0.058848 0.026363
v 0.827219 -0.062082 0.477594
v 0.732680 -0.067514 0.474154
v 0.455359 -0.065315 0.841431
v 0.474155 -0.056649 0.732679
v -0.000000 -0.062082 0.958655
v 0.026363 -0.065315 0.871135
v -0.455360 -0.058848 0.841431
v -0.435521 -0.062082 0.754344
v -0.827219 -0.062082 0.477594
v -0.767607 -0.058848 0.412735
v -0.955190 -0.062082 -0.000001
v -0.871597 -0.067514 -0.044291
v -0.346964 -0.010479 -0.837568
v -0.234621 -0.010479 -0.875617
v -0.118304 -0.010479 -0.898837
v -0.719263 -0.010479 -0.551873
v -0.640996 -0.010479 -0.640997
v -0.551872 -0.010479 -0.719264
v -0.898836 -0.010479 -0.118305
v -0.875616 -0.010479 -0.234622
v -0.837567 -0.010479 -0.346965
v -0.837567 -0.010479 0.346963
v -0.875616 -0.010479 0.234620
v -0.898836 -0.010479 0.118303
v -0.551872 -0.010479 0.719262
v -0.640996 -0.010479 0.640995
v -0.719263 -0.010479 0.551871
v -0.118304 -0.010479 0.898835
v -0.234621 -0.010479 0.875615
v -0.346964 -0.010479 0.837566
v 0.346964 -0.010479 0.837566
v 0.234620 -0.010479 0.875615
v 0.118303 -0.010479 0.898835
v 0.719263 -0.010479 0.551871
v 0.640995 -0.010479 0.640995
v 0.551872 -0.010479 0.719262
v 0.898836 -0.010479 0.118303
v 0.875616 -0.010479 0.234620
v 0.837567 -0.010479 0.346963
v 0.837567 -0.010479 -0.346965
v 0.875616 -0.010479 -0.234621
v 0.898836 -0.010479 -0.118304
v 0.551872 -0.010479 -0.719264
v 0.640996 -0.010479 -0.640996
v 0.719263 -0.010479 -0.551873
v 0.118304 -0.010479 -0.898837
v 0.234621 -0.010479 -0.875617
v 0.346964 -0.010479 -0.837568
v -0.483712 0.060958 -1.167677
v -0.327091 0.060958 -1.220723
v -0.164930 0.060958 -1.253094
v -1.002745 0.060958 -0.769382
v -0.893630 0.060958 -0.893631
v -0.769381 0.060958 -1.002746
v -1.253093 0.060958 -0.164932
v -1.220721 0.060958 -0.327092
v -1.167676 0.060958 -0.483714
v -1.167676 0.060958 0.483711
v -1.220722 0.060958 0.327090
v -1.253093 0.060958 0.164929
v -0.769381 0.060958 1.002744
v -0.893630 0.060958 0.893629
v -1.002745 0.060958 0.769379
v -0.164931 0.060958 1.253092
v -0.327091 0.060958 1.220720
v -0.483713 0.060958 1.167675
v 0.483712 0.060958 1.167675
v 0.327091 0.060958 1.220720
v 0.164930 0.060958 1.253092
v 1.002745 0.060958 0.769380
v 0.893630 0.060958 0.893629
v 0.769380 0.060958 1.002744
v 1.253093 0.060958 0.164930
v 1.220721 0.060958 0.327091
v 1.167675 0.060958 0.483712
v 1.167676 0.060958 -0.483713
v 1.220722 0.060958 -0.327092
v 1.253093 0.060958 -0.164931
v 0.769381 0.060958 -1.002746
v 0.893631 0.060958 -0.893631
v 1.002746 0.060958 -0.769381
v 0.164931 0.060958 -1.253094
v 0.327092 0.060958 -1.220722
v 0.483713 0.060958 -1.167676
v 0.854017 0.003494 -0.493067
v 0.920949 0.017963 -0.531711
v 0.988026 0.034107 -0.570437
v 0.600057 0.046985 -1.039328
v 0.564937 0.032515 -0.978499
v 0.522598 0.016372 -0.905167
v -0.871620 0.009923 0.521545
v -0.940632 0.025239 0.564069
v -1.006279 0.040556 0.598152
v -0.570437 0.034107 0.988025
v -0.531710 0.017963 0.920948
v -0.493067 0.003494 0.854016
v -0.014876 0.040556 -1.170541
v -0.018183 0.025239 -1.096648
v -0.015862 0.009923 -1.015619
v -0.014876 0.040556 1.170539
v -0.018184 0.025239 1.096645
v -0.015863 0.009923 1.015617
v 0.600056 0.046985 1.039327
v 0.564936 0.032515 0.978498
v 0.522598 0.016372 0.905165
v -0.598153 0.040556 -1.006280
v -0.564071 0.025239 -0.940633
v -0.521546 0.009923 -0.871621
v 0.988026 0.034107 0.570436
v 0.920948 0.017963 0.531709
v 0.854016 0.003494 0.493066
v -1.021156 0.040556 -0.572388
v -0.958815 0.025239 -0.532577
v -0.887482 0.009923 -0.494073
v 1.200112 0.046985 -0.000001
v 1.129872 0.032515 -0.000001
v 1.045196 0.016372 -0.000001
v -1.170540 0.040556 0.014875
v -1.096646 0.025239 0.018182
v -1.015618 0.009923 0.015861
v -0.483712 0.139349 -1.167677
v -0.327091 0.139349 -1.220723
v -0.164930 0.139349 -1.253094
v -1.002745 0.139349 -0.769382
v -0.893630 0.139349 -0.893631
v -0.769381 0.139349 -1.002746
v -1.253093 0.139349 -0.164932
v -1.220721 0.139349 -0.327092
v -1.167676 0.139349 -0.483714
v -1.167676 0.139349 0.483711
v -1.220722 0.139349 0.327090
v -1.253093 0.139349 0.164929
v -0.769381 0.139349 1.002744
v -0.893630 0.139349 0.893629
v -1.002745 0.139349 0.769379
v -0.164931 0.139349 1.253092
v -0.327091 0.139349 1.220720
v -0.483713 0.139349 1.167675
v 0.483712 0.139349 1.167675
v 0.327091 0.139349 1.220720
v 0.164930 0.139349 1.253092
v 1.002745 0.139349 0.769380
v 0.893630 0.139349 0.893629
v 0.769380 0.139349 1.002744
v 1.253093 0.139349 0.164930
v 1.220721 0.139349 0.327091
v 1.167675 0.139349 0.483712
v 1.167676 0.139349 -0.483713
v 1.220722 0.139349 -0.327092
v 1.253093 0.139349 -0.164931
v 0.769381 0.139349 -1.002746
v 0.893631 0.139349 -0.893631
v 1.002746 0.139349 -0.769381
v 0.164931 0.139349 -1.253094
v 0.327092 0.139349 -1.220722
v 0.483713 0.139349 -1.167676
v 1.102185 0.083345 -0.637010
v 1.106070 0.100153 -0.638590
v 1.102759 0.116961 -0.636015
v 0.637010 0.116961 -1.102185
v 0.638590 0.100153 -1.106070
v 0.636016 0.083345 -1.102759
v -1.102185 0.083345 0.637009
v -1.106070 0.100153 0.638589
v -1.102759 0.116961 0.636014
v -0.637010 0.116961 1.102183
v -0.638590 0.100153 1.106069
v -0.636015 0.083345 1.102758
v 0.000574 0.116961 -1.273026
v 0.000000 0.100153 -1.277180
v -0.000574 0.083345 -1.273026
v -0.000574 0.116961 1.273024
v -0.000000 0.100153 1.277178
v 0.000574 0.083345 1.273024
v 0.636015 0.116961 1.102758
v 0.638589 0.100153 1.106069
v 0.637009 0.083345 1.102184
v -0.636015 0.116961 -1.102760
v -0.638590 0.100153 -1.106071
v -0.637010 0.083345 -1.102186
v 1.102184 0.116961 0.637009
v 1.106070 0.100153 0.638589
v 1.102759 0.083345 0.636014
v -1.102185 0.116961 -0.637011
v -1.106070 0.100153 -0.638591
v -1.102759 0.083345 -0.636016
v 1.273025 0.116961 0.000574
v 1.277179 0.100153 -0.000000
v 1.273025 0.083345 -0.000575
v -1.273025 0.116961 -0.000575
v -1.277179 0.100153 -0.000001
v -1.273025 0.083345 0.000573
v -0.368024 0.047491 -0.888407
v -0.248862 0.047491 -0.928766
v -0.125485 0.047491 -0.953395
v -0.762921 0.047491 -0.585371
v -0.679903 0.047491 -0.679904
v -0.585370 0.047491 -0.762922
v -0.953394 0.047491 -0.125486
v -0.928765 0.047491 -0.248863
v -0.888406 0.047491 -0.368025
v -0.888406 0.047491 0.368023
v -0.928765 0.047491 0.248861
v -0.953394 0.047491 0.125483
v -0.585370 0.047491 0.762920
v -0.679903 0.047491 0.679902
v -0.762921 0.047491 0.585369
v -0.125485 0.047491 0.953393
v -0.248862 0.047491 0.928764
v -0.368024 0.047491 0.888405
v 0.368024 0.047491 0.888405
v 0.248862 0.047491 0.928764
v 0.125484 0.047491 0.953393
v 0.762921 0.047491 0.585369
v 0.679903 0.047491 0.679902
v 0.585370 0.047491 0.762920
v 0.953394 0.047491 0.125484
v 0.928765 0.047491 0.248861
v 0.888406 0.047491 0.368024
v 0.888406 0.047491 -0.368025
v 0.928765 0.047491 -0.248862
v 0.953394 0.047491 -0.125485
v 0.585370 0.047491 -0.762922
v 0.679903 0.047491 -0.679904
v 0.762922 0.047491 -0.585371
v 0.125485 0.047491 -0.953395
v 0.248862 0.047491 -0.928766
v 0.368025 0.047491 -0.888407
v 0.603985 0.113115 -1.021138
v 0.575547 0.093420 -0.966111
v 0.539329 0.073725 -0.907129
v 0.013508 0.073725 -1.055261
v 0.015383 0.093420 -1.124451
v 0.012497 0.113115 -1.186325
v -0.580609 0.104822 1.005643
v -0.548170 0.084064 0.949458
v -0.515162 0.065459 0.892286
v -0.000000 0.082017 1.080274
v -0.000000 0.102776 1.152558
v -0.000000 0.121381 1.211348
v 0.539328 0.073725 0.907127
v 0.575547 0.093420 0.966110
v 0.603984 0.113115 1.021137
v -0.515932 0.073725 -0.920637
v -0.548903 0.093420 -0.981495
v -0.582339 0.113115 -1.033636
v 0.892287 0.065459 0.515162
v 0.949458 0.084064 0.548169
v 1.005644 0.104822 0.580608
v -0.935546 0.082017 -0.540139
v -0.998145 0.102776 -0.576281
v -1.049059 0.121381 -0.605676
v 1.055260 0.073725 0.013507
v 1.124450 0.093420 0.015382
v 1.186323 0.113115 0.012496
v -1.030325 0.065459 -0.000001
v -1.096341 0.084064 -0.000001
v -1.161218 0.104822 -0.000001
v 0.920636 0.073725 -0.515932
v 0.981494 0.093420 -0.548903
v 1.033635 0.113115 -0.582340
v -0.935546 0.082017 0.540136
v -0.998145 0.102776 0.576278
v -1.049059 0.121381 0.605674
v 0.509385 0.047491 -0.218070
v 0.493002 0.047491 -0.396300
v 0.484794 0.047491 -0.579365
v -0.000000 0.047491 -0.355514
v 0.000000 0.047491 -0.575281
v 0.000000 0.047491 -0.772235
v -0.509385 0.047491 0.218068
v -0.493001 0.047491 0.396298
v -0.484794 0.047491 0.579363
v 0.509385 0.047491 0.218069
v 0.493001 0.047491 0.396298
v 0.484794 0.047491 0.579364
v -0.000000 0.047491 0.355512
v -0.000000 0.047491 0.575279
v -0.000000 0.047491 0.772233
v -0.509385 0.047491 -0.218071
v -0.493001 0.047491 -0.396300
v -0.484794 0.047491 -0.579366
v 0.416943 0.047491 -0.000001
v 0.306105 0.047491 -0.000001
v 0.189586 0.047491 -0.000001
v -0.416943 0.047491 -0.000001
v -0.306105 0.047491 -0.000001
v -0.189586 0.047491 -0.000001
v -0.871163 0.047491 -0.000001
v -0.779476 0.047491 -0.000001
v -0.683447 0.047491 -0.000001
v 0.871163 0.047491 -0.000001
v 0.779476 0.047491 -0.000001
v 0.683447 0.047491 -0.000001
v -0.364159 -0.010479 -0.630743
v -0.272278 -0.010479 -0.471601
v -0.171067 -0.010479 -0.296298
v 0.364159 -0.010479 -0.630743
v 0.272279 -0.010479 -0.471601
v 0.171067 -0.010479 -0.296298
v 0.296297 -0.010479 -0.171068
v 0.471600 -0.010479 -0.272279
v 0.630742 -0.010479 -0.364160
v -0.364159 -0.010479 0.630741
v -0.272279 -0.010479 0.471599
v -0.171067 -0.010479 0.296296
v -0.296297 -0.010479 0.171066
v -0.471600 -0.010479 0.272277
v -0.630742 -0.010479 0.364158
v 0.000000 -0.010479 -0.728319
v 0.000000 -0.010479 -0.544558
v 0.000000 -0.010479 -0.342135
v -0.000000 -0.010479 0.728317
v -0.000000 -0.010479 0.544556
v -0.000000 -0.010479 0.342133
v 0.364159 -0.010479 0.630741
v 0.272278 -0.010479 0.471599
v 0.171067 -0.010479 0.296296
v 0.630742 -0.010479 0.364158
v 0.471600 -0.010479 0.272278
v 0.296297 -0.010479 0.171066
v -0.630742 -0.010479 -0.364160
v -0.471600 -0.010479 -0.272280
v -0.296297 -0.010479 -0.171068
v 0.728318 -0.010479 -0.000001
v 0.544557 -0.010479 -0.000001
v 0.342134 -0.010479 -0.000001
v -0.728318 -0.010479 -0.000001
v -0.544557 -0.010479 -0.000001
v -0.342134 -0.010479 -0.000001
v -0.678739 -0.062082 -0.540956
v -0.612889 -0.062082 -0.612890
v -0.540955 -0.062082 -0.678740
v -0.441840 -0.045642 -0.760628
v -0.447906 -0.034446 -0.769319
v -0.453249 -0.025725 -0.777387
v -0.570738 -0.018902 -0.710138
v -0.646511 -0.018129 -0.641200
v -0.715123 -0.018902 -0.564654
v -0.781218 -0.025725 -0.446612
v -0.772557 -0.034446 -0.442297
v -0.762959 -0.045642 -0.437803
v -0.760627 -0.078521 -0.441841
v -0.769318 -0.089717 -0.447907
v -0.777386 -0.098439 -0.453250
v -0.710137 -0.105262 -0.570739
v -0.641199 -0.106035 -0.646512
v -0.564653 -0.105262 -0.715124
v -0.446611 -0.098439 -0.781219
v -0.442296 -0.089717 -0.772558
v -0.437802 -0.078521 -0.762959
v -0.594435 -0.062082 -0.746522
v -0.674821 -0.062082 -0.674822
v -0.746521 -0.062082 -0.594436
v -0.826373 -0.045642 -0.474416
v -0.820609 -0.034446 -0.470039
v -0.809615 -0.025725 -0.463007
v -0.469644 -0.025725 -0.805783
v -0.475649 -0.034446 -0.817370
v -0.478453 -0.045642 -0.824043
v -0.474415 -0.078521 -0.826374
v -0.470038 -0.089717 -0.820610
v -0.463006 -0.098439 -0.809616
v -0.805782 -0.098439 -0.469645
v -0.817370 -0.089717 -0.475650
v -0.824042 -0.078521 -0.478454
v -0.317327 -0.062082 -0.807851
v -0.224333 -0.062082 -0.837222
v -0.129112 -0.062082 -0.858284
v -0.002332 -0.045642 -0.879643
v -0.003239 -0.034446 -0.890203
v -0.003833 -0.025725 -0.899861
v -0.139205 -0.018902 -0.900367
v -0.239296 -0.018129 -0.878551
v -0.336988 -0.018902 -0.846566
v -0.329628 -0.105262 -0.849343
v -0.232039 -0.106035 -0.880495
v -0.131442 -0.105262 -0.901642
v 0.003833 -0.098439 -0.899861
v 0.003239 -0.089717 -0.890203
v 0.002332 -0.078521 -0.879643
v -0.141535 -0.062082 -0.943725
v -0.247002 -0.062082 -0.921824
v -0.349289 -0.062082 -0.888058
v -0.003833 -0.025725 -0.932651
v -0.003239 -0.034446 -0.945688
v -0.002332 -0.045642 -0.952869
v 0.002332 -0.078521 -0.952869
v 0.003239 -0.089717 -0.945688
v 0.003833 -0.098439 -0.932651
v 0.129112 -0.062082 -0.858284
v 0.224333 -0.062082 -0.837222
v 0.317327 -0.062082 -0.807851
v 0.438043 -0.045630 -0.762879
v 0.444225 -0.034349 -0.771919
v 0.453710 -0.025414 -0.778721
v 0.336681 -0.018600 -0.846903
v 0.233967 -0.018031 -0.879856
v 0.131683 -0.018890 -0.901562
v 0.139205 -0.105262 -0.900366
v 0.239296 -0.106035 -0.878551
v 0.336989 -0.105262 -0.846566
v 0.453250 -0.098439 -0.777386
v 0.447907 -0.089717 -0.769319
v 0.441841 -0.078521 -0.760628
v 0.338176 -0.064050 -0.893749
v 0.243906 -0.062648 -0.923352
v 0.141148 -0.062153 -0.943916
v 0.474277 -0.029897 -0.810109
v 0.473020 -0.040439 -0.825162
v 0.464671 -0.052398 -0.836500
v 0.464497 -0.080076 -0.831964
v 0.471628 -0.090148 -0.819633
v 0.469142 -0.098493 -0.806065
v 0.540956 -0.062082 -0.678739
v 0.612889 -0.062082 -0.612889
v 0.678739 -0.062082 -0.540956
v 0.760895 -0.045654 -0.441307
v 0.771458 -0.034542 -0.443634
v 0.784767 -0.025990 -0.438359
v 0.746424 -0.018759 -0.524216
v 0.681672 -0.017992 -0.605056
v 0.606085 -0.018595 -0.680530
v 0.570431 -0.105266 -0.710490
v 0.644055 -0.106074 -0.644021
v 0.706481 -0.105392 -0.574931
v 0.772013 -0.098173 -0.460449
v 0.769928 -0.089621 -0.446286
v 0.762630 -0.078509 -0.438301
v 0.718074 -0.062153 -0.627879
v 0.636991 -0.062648 -0.711906
v 0.550881 -0.064050 -0.782249
v 0.810223 -0.021569 -0.450434
v 0.817032 -0.028883 -0.466725
v 0.823781 -0.040433 -0.474987
v 0.823241 -0.083730 -0.475922
v 0.812711 -0.095280 -0.474208
v 0.795199 -0.102594 -0.476457
v 0.807862 -0.062054 -0.317104
v 0.837312 -0.061862 -0.222540
v 0.858569 -0.061262 -0.122495
v 0.883936 -0.039622 0.006068
v 0.895856 -0.028663 -0.003114
v 0.906280 -0.021542 -0.016838
v 0.901703 -0.018767 -0.150899
v 0.880063 -0.018051 -0.239117
v 0.851182 -0.018767 -0.324785
v 0.827196 -0.105404 -0.384315
v 0.864829 -0.106172 -0.287818
v 0.892397 -0.105569 -0.184621
v 0.901258 -0.098722 -0.003340
v 0.890703 -0.089595 0.003042
v 0.879954 -0.077722 0.008764
v 0.952887 -0.060114 -0.085952
v 0.935023 -0.061516 -0.195698
v 0.902795 -0.062011 -0.307932
v 0.934266 -0.025936 -0.018757
v 0.946089 -0.034111 -0.003083
v 0.952807 -0.044099 0.013158
v 0.956765 -0.071766 0.015833
v 0.951121 -0.083725 0.002933
v 0.938713 -0.094266 -0.005682
v 0.848593 -0.061333 0.178884
v 0.822548 -0.062428 0.277050
v 0.788217 -0.064022 0.369954
v 0.751054 -0.052398 0.451870
v 0.765396 -0.040439 0.445026
v 0.778477 -0.029897 0.441914
v 0.864427 -0.018595 0.284770
v 0.893659 -0.017992 0.182177
v 0.912030 -0.018759 0.078685
v 0.901779 -0.105564 0.131876
v 0.878960 -0.106133 0.237305
v 0.846616 -0.105274 0.336739
v 0.777121 -0.098493 0.453762
v 0.767202 -0.090148 0.452011
v 0.753202 -0.080076 0.456073
v 0.888028 -0.062011 0.349719
v 0.921598 -0.061516 0.250446
v 0.943097 -0.060114 0.154004
v 0.812541 -0.025414 0.457804
v 0.821421 -0.034349 0.468662
v 0.826475 -0.045630 0.474242
v 0.824041 -0.078521 0.478452
v 0.817369 -0.089717 0.475648
v 0.805782 -0.098439 0.469643
v 0.672209 -0.063979 0.551605
v 0.613935 -0.062082 0.613934
v 0.551605 -0.060185 0.672208
v 0.456074 -0.044087 0.753201
v 0.452012 -0.034015 0.767202
v 0.453762 -0.025671 0.777120
v 0.570839 -0.018890 0.709964
v 0.647323 -0.018031 0.639822
v 0.718023 -0.018600 0.559515
v 0.710137 -0.105278 0.570642
v 0.641198 -0.106170 0.645751
v 0.564653 -0.105657 0.712417
v 0.447124 -0.093956 0.773287
v 0.446401 -0.083627 0.763962
v 0.452043 -0.071754 0.750874
v 0.589247 -0.062901 0.750752
v 0.673436 -0.062302 0.676008
v 0.746348 -0.062109 0.594583
v 0.469471 -0.025752 0.805929
v 0.474264 -0.034666 0.818557
v 0.473196 -0.046454 0.828299
v 0.469157 -0.084553 0.825968
v 0.468653 -0.095596 0.815318
v 0.462832 -0.102896 0.802097
v 0.369954 -0.060142 0.788216
v 0.277051 -0.061736 0.822548
v 0.178885 -0.062831 0.848592
v 0.008765 -0.046441 0.879953
v 0.003043 -0.034569 0.890702
v -0.003340 -0.025442 0.901257
v 0.131877 -0.018600 0.901778
v 0.237306 -0.018031 0.878959
v 0.336739 -0.018890 0.846615
v 0.334598 -0.105674 0.845294
v 0.238258 -0.106305 0.878827
v 0.137770 -0.105674 0.902659
v 0.000224 -0.102896 0.906509
v 0.001793 -0.095596 0.895902
v 0.006682 -0.084553 0.883940
v 0.098277 -0.062109 0.952897
v 0.197439 -0.062302 0.935537
v 0.302136 -0.062901 0.905215
v -0.006258 -0.029844 0.938718
v -0.001680 -0.040007 0.951173
v -0.000210 -0.050834 0.957194
v -0.000000 -0.073317 0.957210
v -0.000000 -0.084058 0.951299
v -0.000000 -0.094009 0.939287
v -0.122494 -0.062901 0.858568
v -0.222540 -0.062302 0.837310
v -0.317103 -0.062109 0.807861
v -0.438301 -0.045654 0.762629
v -0.446286 -0.034542 0.769926
v -0.460448 -0.025990 0.772012
v -0.384315 -0.018759 0.827195
v -0.287817 -0.017992 0.864828
v -0.184620 -0.018595 0.892397
v -0.137853 -0.105657 0.902707
v -0.238916 -0.106170 0.879206
v -0.336941 -0.105278 0.846646
v -0.453249 -0.098439 0.777385
v -0.447906 -0.089717 0.769317
v -0.441840 -0.078521 0.760626
v -0.302137 -0.061262 0.905215
v -0.197439 -0.061862 0.935537
v -0.098278 -0.062054 0.952897
v -0.476244 -0.021542 0.795277
v -0.472504 -0.028663 0.813345
v -0.469639 -0.039622 0.825721
v -0.473196 -0.077710 0.828299
v -0.474264 -0.089497 0.818557
v -0.469471 -0.098411 0.805929
v -0.541077 -0.062054 0.678549
v -0.613864 -0.061862 0.611380
v -0.682296 -0.061262 0.535367
v -0.768545 -0.039622 0.436711
v -0.774278 -0.028663 0.450623
v -0.776443 -0.021542 0.467721
v -0.705448 -0.018767 0.581532
v -0.642599 -0.018051 0.647111
v -0.574753 -0.018767 0.706862
v -0.570738 -0.105262 0.710136
v -0.646511 -0.106035 0.641197
v -0.715123 -0.105262 0.564652
v -0.781340 -0.098411 0.446421
v -0.773532 -0.089497 0.440787
v -0.766525 -0.077710 0.432145
v -0.746348 -0.062054 0.594583
v -0.673436 -0.061862 0.676008
v -0.589247 -0.061262 0.750752
v -0.799437 -0.025990 0.483878
v -0.815533 -0.034542 0.479734
v -0.823812 -0.045654 0.478963
v -0.826373 -0.078521 0.474414
v -0.820609 -0.089717 0.470037
v -0.809615 -0.098439 0.463005
v -0.824346 -0.061333 0.269376
v -0.850874 -0.062428 0.171340
v -0.867593 -0.064022 0.073717
v -0.876368 -0.052398 -0.015806
v -0.885366 -0.040439 -0.002707
v -0.895139 -0.029897 0.006528
v -0.891001 -0.018595 0.185594
v -0.865021 -0.017992 0.289059
v -0.829184 -0.018759 0.387870
v -0.849342 -0.105262 0.329627
v -0.880494 -0.106035 0.232038
v -0.901641 -0.105262 0.131441
v -0.899888 -0.098493 -0.004410
v -0.890423 -0.090148 -0.007854
v -0.880329 -0.080076 -0.018371
v -0.943724 -0.062082 0.141534
v -0.921822 -0.062082 0.247001
v -0.888056 -0.062082 0.349288
v -0.932584 -0.025414 0.009799
v -0.945703 -0.034349 0.004835
v -0.952870 -0.045630 0.002530
v -0.952868 -0.078521 -0.002333
v -0.945687 -0.089717 -0.003240
v -0.932650 -0.098439 -0.003834
v -0.857750 -0.064050 -0.142001
v -0.837027 -0.062648 -0.227919
v -0.807826 -0.062153 -0.317776
v -0.849344 -0.018890 -0.329429
v -0.880511 -0.018031 -0.230443
v -0.901585 -0.018600 -0.125545
v -0.900365 -0.105262 -0.139206
v -0.878550 -0.106035 -0.239297
v -0.846565 -0.105262 -0.336989
v -0.888057 -0.062082 -0.349290
v -0.921823 -0.062082 -0.247003
v -0.943724 -0.062082 -0.141536
v 0.922753 0.040060 -0.707761
v 0.788993 0.025239 -0.749484
v 0.646684 0.010419 -0.777496
v -0.774797 0.009902 0.646655
v -0.748618 0.025074 0.788991
v -0.707652 0.040039 0.922751
v 0.349935 0.010439 -0.948887
v 0.254143 0.025405 -1.058780
v 0.150236 0.040577 -1.155359
v -0.445301 0.040039 1.074220
v -0.308979 0.025074 1.042817
v -0.172623 0.009902 0.994321
v 0.150236 0.040577 1.155357
v 0.254142 0.025405 1.058778
v 0.349935 0.010439 0.948885
v -0.172716 0.009923 -0.994377
v -0.309729 0.025239 -1.043252
v -0.447625 0.040556 -1.075595
v 0.646683 0.010419 0.777495
v 0.788992 0.025239 0.749483
v 0.922752 0.040060 0.707759
v -0.646765 0.009923 -0.774798
v -0.789858 0.025239 -0.748619
v -0.925451 0.040556 -0.707680
v 1.074314 0.040060 0.445246
v 1.043568 0.025239 0.308545
v 0.996673 0.010419 0.171296
v -0.947513 0.009923 -0.347613
v -1.058346 0.025239 -0.253394
v -1.155304 0.040556 -0.150144
v 0.996673 0.010419 -0.171297
v 1.043568 0.025239 -0.308546
v 1.074315 0.040060 -0.445247
v -0.994376 0.009923 0.172715
v -1.043251 0.025239 0.309727
v -1.075594 0.040556 0.447624
v 0.990074 0.083345 -0.788709
v 0.895873 0.100153 -0.895873
v 0.788709 0.116961 -0.990074
v -0.990074 0.083345 0.788707
v -0.895872 0.100153 0.895871
v -0.788708 0.116961 0.990073
v 0.463076 0.083345 -1.178079
v 0.327912 0.100153 -1.223785
v 0.188004 0.116961 -1.251784
v -0.463075 0.083345 1.178077
v -0.327912 0.100153 1.223783
v -0.188004 0.116961 1.251782
v 0.188004 0.083345 1.251782
v 0.327912 0.100153 1.223783
v 0.463075 0.116961 1.178077
v -0.188004 0.083345 -1.251784
v -0.327912 0.100153 -1.223785
v -0.463075 0.116961 -1.178079
v 0.788708 0.083345 0.990073
v 0.895872 0.100153 0.895871
v 0.990074 0.116961 0.788707
v -0.788708 0.083345 -0.990075
v -0.895872 0.100153 -0.895873
v -0.990074 0.116961 -0.788709
v 1.178078 0.083345 0.463074
v 1.223784 0.100153 0.327911
v 1.251783 0.116961 0.188004
v -1.178078 0.083345 -0.463076
v -1.223784 0.100153 -0.327913
v -1.251783 0.116961 -0.188005
v 1.251783 0.083345 -0.188005
v 1.223784 0.100153 -0.327912
v 1.178078 0.116961 -0.463076
v -1.251783 0.083345 0.188003
v -1.223784 0.100153 0.327911
v -1.178078 0.116961 0.463074
v 0.450004 0.113115 -1.091378
v 0.312529 0.093420 -1.071055
v 0.175071 0.073725 -1.034019
v -0.447993 0.112477 1.090294
v -0.311528 0.093420 1.071321
v -0.173870 0.074363 1.035960
v 0.173949 0.074389 1.036006
v 0.312162 0.093633 1.071688
v 0.449958 0.113142 1.091455
v -0.155973 0.113115 -1.170163
v -0.264869 0.093420 -1.083826
v -0.365394 0.073725 -0.983023
v 0.668533 0.073698 0.807950
v 0.805452 0.093207 0.771295
v 0.933120 0.112451 0.720134
v -0.720250 0.113142 -0.935404
v -0.772028 0.093633 -0.806186
v -0.810234 0.074389 -0.668649
v 1.090215 0.112451 0.448038
v 1.070688 0.093207 0.311894
v 1.033973 0.073698 0.174991
v -0.984104 0.074363 -0.367406
v -1.083557 0.093420 -0.265871
v -1.168220 0.112477 -0.157176
v 1.170162 0.113115 -0.155974
v 1.083825 0.093420 -0.264870
v 0.983022 0.073725 -0.365394
v -1.168219 0.112477 0.157173
v -1.083557 0.093420 0.265869
v -0.984104 0.074363 0.367404
v 0.935404 0.113115 -0.720159
v 0.806185 0.093420 -0.771296
v 0.668625 0.073725 -0.807952
v -0.810234 0.074363 0.668555
v -0.772029 0.093420 0.805452
v -0.720227 0.112477 0.933119
v 0.352468 0.047491 0.620760
v 0.250651 0.047491 0.447252
v 0.147118 0.047491 0.265976
v -0.352468 0.047491 -0.620762
v -0.250651 0.047491 -0.447254
v -0.147118 0.047491 -0.265978
v 0.147118 0.047491 -0.265978
v 0.250651 0.047491 -0.447254
v 0.352469 0.047491 -0.620762
v -0.147118 0.047491 0.265976
v -0.250651 0.047491 0.447252
v -0.352468 0.047491 0.620760
v -0.767664 0.047491 -0.385973
v -0.702091 0.047491 -0.286476
v -0.634973 0.047491 -0.174063
v -0.767664 0.047491 0.385971
v -0.702091 0.047491 0.286474
v -0.634973 0.047491 0.174061
v 0.767665 0.047491 -0.385972
v 0.702092 0.047491 -0.286476
v 0.634973 0.047491 -0.174063
v 0.767664 0.047491 0.385971
v 0.702091 0.047491 0.286474
v 0.634973 0.047491 0.174061
v -0.703036 -0.025725 -0.553642
v -0.627723 -0.034446 -0.620957
v -0.547438 -0.045642 -0.682028
v -0.553641 -0.098439 -0.703037
v -0.620956 -0.089717 -0.627724
v -0.682027 -0.078521 -0.547439
v -0.581750 -0.025725 -0.722225
v -0.666754 -0.034446 -0.659988
v -0.743233 -0.045642 -0.587954
v -0.722224 -0.098439 -0.581750
v -0.659987 -0.089717 -0.666755
v -0.587953 -0.078521 -0.743234
v -0.332026 -0.025725 -0.830986
v -0.233146 -0.034446 -0.851626
v -0.133082 -0.045642 -0.864372
v -0.127949 -0.098439 -0.885669
v -0.223902 -0.089717 -0.854102
v -0.316934 -0.078521 -0.815109
v -0.142698 -0.025725 -0.916340
v -0.247432 -0.034446 -0.904943
v -0.349683 -0.045642 -0.880800
v -0.334590 -0.098439 -0.864923
v -0.238188 -0.089717 -0.907420
v -0.137565 -0.078521 -0.937636
v 0.127949 -0.025725 -0.885668
v 0.223902 -0.034446 -0.854102
v 0.316934 -0.045642 -0.815109
v 0.332027 -0.098439 -0.830986
v 0.233146 -0.089717 -0.851625
v 0.133082 -0.078521 -0.864372
v 0.342013 -0.025818 -0.862696
v 0.240238 -0.034483 -0.906851
v 0.137822 -0.045647 -0.937565
v 0.142296 -0.098493 -0.916522
v 0.244216 -0.090148 -0.906402
v 0.338215 -0.080076 -0.886286
v 0.563379 -0.025414 -0.697954
v 0.623739 -0.034349 -0.626229
v 0.682375 -0.045630 -0.547252
v 0.694819 -0.098173 -0.563928
v 0.625406 -0.089621 -0.623778
v 0.547148 -0.078509 -0.682380
v 0.589159 -0.025802 -0.719163
v 0.668508 -0.034349 -0.660168
v 0.742411 -0.045226 -0.591411
v 0.581701 -0.098456 -0.722365
v 0.666364 -0.089852 -0.661111
v 0.742143 -0.078942 -0.591529
v 0.835811 -0.025946 -0.319534
v 0.853120 -0.034187 -0.227866
v 0.865173 -0.044422 -0.125833
v 0.886134 -0.098749 -0.138924
v 0.854199 -0.089815 -0.227060
v 0.815121 -0.078533 -0.317329
v 0.917250 -0.025973 -0.154927
v 0.905897 -0.034407 -0.249961
v 0.883372 -0.045233 -0.347379
v 0.917393 -0.098362 -0.150646
v 0.905976 -0.089815 -0.248862
v 0.883382 -0.078938 -0.347242
v 0.835808 -0.025774 0.321276
v 0.852907 -0.034129 0.232766
v 0.864300 -0.044415 0.142518
v 0.830959 -0.098411 0.332387
v 0.851420 -0.089497 0.236037
v 0.863767 -0.077710 0.143127
v 0.868679 -0.025360 0.326694
v 0.908163 -0.033917 0.239299
v 0.936789 -0.044075 0.149939
v 0.918122 -0.098345 0.135156
v 0.905474 -0.089680 0.245372
v 0.880865 -0.078517 0.349424
v 0.705885 -0.025765 0.548276
v 0.631403 -0.034052 0.617758
v 0.558417 -0.044092 0.675358
v 0.553413 -0.098097 0.700706
v 0.619134 -0.090014 0.629970
v 0.675531 -0.080060 0.558237
v 0.581749 -0.025725 0.722223
v 0.666754 -0.034446 0.659986
v 0.743233 -0.045642 0.587952
v 0.722051 -0.098483 0.581880
v 0.658602 -0.090072 0.667802
v 0.582764 -0.079753 0.747054
v 0.332388 -0.025752 0.830959
v 0.236038 -0.034666 0.851419
v 0.143127 -0.046454 0.863766
v 0.330037 -0.098087 0.829621
v 0.235310 -0.089937 0.851161
v 0.142836 -0.079737 0.864081
v 0.134846 -0.025846 0.918307
v 0.242890 -0.034703 0.906956
v 0.340822 -0.046458 0.886056
v 0.141020 -0.098087 0.918857
v 0.244448 -0.089937 0.907012
v 0.340670 -0.079737 0.885862
v -0.138924 -0.025414 0.886133
v -0.227060 -0.034349 0.854198
v -0.317328 -0.045630 0.815119
v -0.331794 -0.098483 0.831010
v -0.231283 -0.090072 0.851834
v -0.126259 -0.079753 0.865012
v -0.150433 -0.025774 0.917471
v -0.247157 -0.034129 0.906610
v -0.341009 -0.044415 0.885812
v -0.141035 -0.098016 0.918866
v -0.244570 -0.089363 0.907082
v -0.341033 -0.077693 0.886072
v -0.564067 -0.025946 0.694629
v -0.624891 -0.034187 0.623896
v -0.686346 -0.044422 0.541559
v -0.703036 -0.098439 0.553640
v -0.627723 -0.089717 0.620954
v -0.547438 -0.078521 0.682026
v -0.716585 -0.025946 0.592974
v -0.657042 -0.034187 0.670859
v -0.582569 -0.044422 0.747436
v -0.581750 -0.098439 0.722223
v -0.666754 -0.089717 0.659986
v -0.743233 -0.078521 0.587952
v -0.884470 -0.025774 0.139669
v -0.855023 -0.034129 0.224871
v -0.819765 -0.044415 0.308725
v -0.885826 -0.098411 0.127622
v -0.855371 -0.089497 0.221294
v -0.819608 -0.077710 0.307930
v -0.915463 -0.025414 0.151815
v -0.904683 -0.034349 0.250057
v -0.880766 -0.045630 0.350010
v -0.864922 -0.098439 0.334589
v -0.907419 -0.089717 0.238187
v -0.937635 -0.078521 0.137564
v -0.885241 -0.025818 -0.122265
v -0.853997 -0.034483 -0.222375
v -0.815095 -0.045647 -0.316744
v -0.830976 -0.098493 -0.332467
v -0.851551 -0.090148 -0.236662
v -0.864194 -0.080076 -0.145766
v -0.864922 -0.025725 -0.334591
v -0.907419 -0.034446 -0.238190
v -0.937635 -0.045642 -0.137566
v -0.916339 -0.098439 -0.142699
v -0.904942 -0.089717 -0.247433
v -0.880799 -0.078521 -0.349684
v 0.801244 0.012341 -0.647484
v 0.681033 0.004666 -0.710347
v 0.798924 0.017967 -0.689546
v 0.906112 0.028664 -0.645168
v 0.861781 0.015952 -0.602674
v 0.796181 0.002909 -0.574594
v 0.733430 0.002526 -0.645510
v -0.647484 0.012341 0.801243
v -0.645155 0.028661 0.906111
v -0.689437 0.017946 0.798922
v -0.710117 0.004622 0.681031
v -0.645509 0.002526 0.733429
v -0.574594 0.002909 0.796180
v -0.602673 0.015952 0.861780
v 0.157518 0.013333 -1.022140
v 0.100903 0.030534 -1.115812
v 0.196304 0.018501 -1.039083
v 0.274367 0.004778 -0.945477
v 0.190969 0.003039 -0.960252
v 0.094864 0.004734 -0.985123
v 0.084528 0.018480 -1.059158
v -0.370156 0.012341 0.961358
v -0.234733 0.004622 0.955494
v -0.347170 0.017946 0.996531
v -0.462139 0.028661 1.011775
v -0.444988 0.015952 0.952820
v -0.402216 0.002909 0.895702
v -0.312415 0.002526 0.925741
v 0.157517 0.013333 1.022137
v 0.274366 0.004778 0.945476
v 0.196304 0.018501 1.039081
v 0.100902 0.030534 1.115810
v 0.084527 0.018480 1.059156
v 0.094864 0.004734 0.985121
v 0.190968 0.003039 0.960250
v -0.374655 0.013333 -0.963958
v -0.470528 0.030531 -1.016762
v -0.349591 0.018480 -0.997931
v -0.235245 0.004734 -0.955792
v -0.314742 0.003039 -0.927087
v -0.410407 0.004734 -0.900574
v -0.456375 0.018480 -0.959521
v 0.801244 0.012341 0.647483
v 0.906112 0.028664 0.645167
v 0.798923 0.017967 0.689545
v 0.681032 0.004666 0.710346
v 0.733430 0.002526 0.645508
v 0.796180 0.002909 0.574593
v 0.861781 0.015952 0.602672
v -0.806439 0.013333 -0.647484
v -0.915870 0.030531 -0.645277
v -0.801720 0.018480 -0.689438
v -0.681623 0.004734 -0.710118
v -0.736118 0.003039 -0.645510
v -0.805709 0.004734 -0.574717
v -0.874993 0.018480 -0.602782
v 0.961359 0.012341 0.370155
v 0.955694 0.004666 0.234617
v 0.996625 0.017967 0.347115
v 1.011788 0.028664 0.462131
v 0.952821 0.015952 0.444987
v 0.895703 0.002909 0.402215
v 0.925742 0.002526 0.312414
v -1.022139 0.013333 -0.157519
v -1.115805 0.030531 -0.100892
v -1.039028 0.018480 -0.196211
v -0.945361 0.004734 -0.274169
v -0.960251 0.003039 -0.190970
v -0.985122 0.004734 -0.094865
v -1.059157 0.018480 -0.084529
v 0.961359 0.012341 -0.370156
v 1.011788 0.028664 -0.462132
v 0.996626 0.017967 -0.347116
v 0.955695 0.004666 -0.234619
v 0.925742 0.002526 -0.312415
v 0.895703 0.002909 -0.402216
v 0.952821 0.015952 -0.444988
v -0.963957 0.013333 0.374654
v -1.016761 0.030531 0.470527
v -0.997930 0.018480 0.349590
v -0.955791 0.004734 0.235244
v -0.927086 0.003039 0.314741
v -0.900573 0.004734 0.410405
v -0.959520 0.018480 0.456374
v 0.817095 0.087088 -0.976051
v 0.753914 0.105960 -1.024507
v 0.851421 0.092736 -0.942029
v 0.930206 0.077652 -0.858900
v 0.851140 0.075792 -0.941749
v 0.751992 0.077652 -1.025798
v 0.743091 0.092736 -1.036976
v -0.817095 0.087088 0.976049
v -0.753913 0.105960 1.024506
v -0.851420 0.092736 0.942028
v -0.930206 0.077652 0.858898
v -0.851140 0.075792 0.941747
v -0.751991 0.077652 1.025797
v -0.743091 0.092736 1.036975
v 0.219600 0.087088 -1.253833
v 0.140655 0.105960 -1.264206
v 0.266337 0.092736 -1.241532
v 0.376133 0.077652 -1.208932
v 0.266235 0.075792 -1.241149
v 0.138345 0.077652 -1.264364
v 0.125048 0.092736 -1.269594
v -0.219600 0.087088 1.253831
v -0.140655 0.105960 1.264204
v -0.266337 0.092736 1.241530
v -0.376132 0.077652 1.208930
v -0.266235 0.075792 1.241147
v -0.138345 0.077652 1.264362
v -0.125048 0.092736 1.269592
v 0.436737 0.087088 1.195649
v 0.510292 0.105960 1.165160
v 0.390111 0.092736 1.208365
v 0.278725 0.077652 1.235030
v 0.390008 0.075792 1.207982
v 0.512371 0.077652 1.164142
v 0.526502 0.092736 1.162022
v -0.436737 0.087088 -1.195651
v -0.510292 0.105960 -1.165162
v -0.390111 0.092736 -1.208367
v -0.278726 0.077652 -1.235033
v -0.390008 0.075792 -1.207984
v -0.512371 0.077652 -1.164144
v -0.526502 0.092736 -1.162024
v 0.976050 0.087088 0.817094
v 1.024507 0.105960 0.753912
v 0.942029 0.092736 0.851420
v 0.858899 0.077652 0.930205
v 0.941748 0.075792 0.851139
v 1.025798 0.077652 0.751991
v 1.036976 0.092736 0.743090
v -0.976051 0.087088 -0.817096
v -1.024507 0.105960 -0.753914
v -0.942029 0.092736 -0.851421
v -0.858899 0.077652 -0.930207
v -0.941749 0.075792 -0.851141
v -1.025798 0.077652 -0.751992
v -1.036976 0.092736 -0.743092
v 1.253832 0.087088 0.219599
v 1.264205 0.105960 0.140654
v 1.241531 0.092736 0.266337
v 1.208931 0.077652 0.376132
v 1.241148 0.075792 0.266234
v 1.264363 0.077652 0.138344
v 1.269593 0.092736 0.125047
v -1.253832 0.087088 -0.219601
v -1.264205 0.105960 -0.140656
v -1.241531 0.092736 -0.266338
v -1.208931 0.077652 -0.376133
v -1.241148 0.075792 -0.266236
v -1.264363 0.077652 -0.138346
v -1.269593 0.092736 -0.125048
v 1.195650 0.087088 -0.436738
v 1.165161 0.105960 -0.510293
v 1.208366 0.092736 -0.390111
v 1.235031 0.077652 -0.278726
v 1.207983 0.075792 -0.390009
v 1.164143 0.077652 -0.512372
v 1.162023 0.092736 -0.526503
v -1.195650 0.087088 0.436736
v -1.165161 0.105960 0.510291
v -1.208366 0.092736 0.390110
v -1.235031 0.077652 0.278724
v -1.207983 0.075792 0.390007
v -1.164142 0.077652 0.512370
v -1.162023 0.092736 0.526501
v 0.219600 0.108730 -1.149969
v 0.140655 0.086616 -1.087396
v 0.261965 0.102111 -1.115914
v 0.372436 0.119786 -1.142774
v 0.266235 0.121966 -1.181944
v 0.142042 0.119786 -1.198205
v 0.129420 0.102111 -1.143976
v -0.217402 0.110005 1.153773
v -0.136606 0.089017 1.094589
v -0.260703 0.102771 1.117915
v -0.372017 0.119875 1.143107
v -0.265098 0.122626 1.183911
v -0.138101 0.122134 1.205235
v -0.123911 0.105363 1.153700
v 0.217402 0.110005 1.153773
v 0.372185 0.119932 1.143205
v 0.260782 0.102798 1.117961
v 0.136616 0.089020 1.094595
v 0.123910 0.105363 1.153700
v 0.138100 0.122134 1.205235
v 0.265097 0.122626 1.183911
v -0.384805 0.108730 -1.105702
v -0.421887 0.086616 -1.012040
v -0.331089 0.102111 -1.097393
v -0.248848 0.119786 -1.175889
v -0.360406 0.121966 -1.156711
v -0.476091 0.119786 -1.108697
v -0.459907 0.102111 -1.055423
v 0.765162 0.108730 0.886100
v 0.893730 0.119730 0.803452
v 0.784733 0.102085 0.835426
v 0.665496 0.086612 0.871384
v 0.684068 0.102111 0.926001
v 0.722113 0.119786 0.966654
v 0.821537 0.121966 0.890474
v -0.890497 0.110005 -0.765164
v -0.879640 0.089020 -0.665612
v -0.837793 0.102798 -0.784826
v -0.803953 0.119932 -0.893926
v -0.892749 0.122626 -0.821539
v -0.974715 0.122134 -0.722218
v -0.937179 0.105363 -0.684161
v 1.149968 0.108730 0.219599
v 1.087389 0.086612 0.140644
v 1.115868 0.102085 0.261885
v 1.142675 0.119730 0.372266
v 1.181943 0.121966 0.266234
v 1.198204 0.119786 0.142041
v 1.143975 0.102111 0.129419
v -1.107899 0.110005 -0.388612
v -1.175969 0.119875 -0.249379
v -1.098495 0.102771 -0.333184
v -1.016246 0.089017 -0.428992
v -1.061090 0.105363 -0.469542
v -1.112816 0.122134 -0.483021
v -1.157847 0.122626 -0.362376
v 1.105701 0.108730 -0.384806
v 1.012039 0.086616 -0.421888
v 1.097392 0.102111 -0.331089
v 1.175888 0.119786 -0.248848
v 1.156710 0.121966 -0.360406
v 1.108696 0.119786 -0.476091
v 1.055421 0.102111 -0.459907
v -1.107899 0.110005 0.388610
v -1.016246 0.089017 0.428989
v -1.098495 0.102771 0.333182
v -1.175969 0.119875 0.249377
v -1.157847 0.122626 0.362374
v -1.112816 0.122134 0.483019
v -1.061090 0.105363 0.469540
v 0.765163 0.108730 -0.886102
v 0.665508 0.086616 -0.871385
v 0.784826 0.102111 -0.835428
v 0.893925 0.119786 -0.803453
v 0.821538 0.121966 -0.890476
v 0.722114 0.119786 -0.966655
v 0.684069 0.102111 -0.926002
v -0.890497 0.110005 0.765162
v -0.803953 0.119875 0.893729
v -0.837793 0.102771 0.784732
v -0.879640 0.089017 0.665598
v -0.937179 0.105363 0.684159
v -0.974715 0.122134 0.722216
v -0.892749 0.122626 0.821536
v 0.341399 0.047491 0.286143
v 0.227517 0.047491 0.188681
v 0.300906 0.047491 0.353279
v 0.389591 0.047491 0.487140
v 0.408521 0.047491 0.339118
v 0.414196 0.047491 0.176384
v 0.318727 0.047491 0.163108
v -0.341399 0.047491 -0.286145
v -0.227517 0.047491 -0.188683
v -0.300906 0.047491 -0.353281
v -0.389591 0.047491 -0.487142
v -0.408521 0.047491 -0.339120
v -0.414196 0.047491 -0.176386
v -0.318727 0.047491 -0.163110
v 0.341399 0.047491 -0.286145
v 0.389591 0.047491 -0.487141
v 0.300906 0.047491 -0.353281
v 0.227517 0.047491 -0.188682
v 0.318727 0.047491 -0.163110
v 0.414196 0.047491 -0.176386
v 0.408522 0.047491 -0.339120
v -0.341399 0.047491 0.286143
v -0.389591 0.047491 0.487139
v -0.300906 0.047491 0.353279
v -0.227517 0.047491 0.188680
v -0.318727 0.047491 0.163108
v -0.414196 0.047491 0.176384
v -0.408521 0.047491 0.339118
v -0.797866 0.047491 -0.172197
v -0.706578 0.047491 -0.116212
v -0.754625 0.047491 -0.215615
v -0.817682 0.047491 -0.295662
v -0.854086 0.047491 -0.205209
v -0.868558 0.047491 -0.105827
v -0.786275 0.047491 -0.097789
v -0.625670 0.047491 0.456466
v -0.590368 0.047491 0.292386
v -0.656838 0.047491 0.377752
v -0.711857 0.047491 0.477402
v -0.648879 0.047491 0.553403
v -0.572897 0.047491 0.592314
v -0.570661 0.047491 0.435936
v 0.625670 0.047491 -0.456468
v 0.590368 0.047491 -0.292388
v 0.656838 0.047491 -0.377754
v 0.711857 0.047491 -0.477404
v 0.648879 0.047491 -0.553405
v 0.572897 0.047491 -0.592316
v 0.570662 0.047491 -0.435938
v 0.797866 0.047491 0.172196
v 0.706578 0.047491 0.116210
v 0.754625 0.047491 0.215613
v 0.817682 0.047491 0.295661
v 0.854086 0.047491 0.205207
v 0.868558 0.047491 0.105825
v 0.786275 0.047491 0.097787
v 0.443528 -0.010479 -0.443528
v 0.582625 -0.010479 -0.451584
v 0.444750 -0.010479 -0.363231
v 0.300920 -0.010479 -0.300921
v 0.363231 -0.010479 -0.444751
v 0.451583 -0.010479 -0.582626
v 0.528556 -0.010479 -0.528556
v -0.443528 -0.010479 0.443526
v -0.582625 -0.010479 0.451582
v -0.444750 -0.010479 0.363230
v -0.300920 -0.010479 0.300919
v -0.363231 -0.010479 0.444749
v -0.451583 -0.010479 0.582624
v -0.528555 -0.010479 0.528554
v 0.162343 -0.010479 -0.605871
v 0.278777 -0.010479 -0.682396
v 0.203550 -0.010479 -0.536943
v 0.110144 -0.010479 -0.411065
v 0.092192 -0.010479 -0.566781
v 0.099770 -0.010479 -0.730360
v 0.193465 -0.010479 -0.722021
v -0.162342 -0.010479 0.605869
v -0.278777 -0.010479 0.682394
v -0.203550 -0.010479 0.536941
v -0.110144 -0.010479 0.411063
v -0.092192 -0.010479 0.566779
v -0.099770 -0.010479 0.730358
v -0.193465 -0.010479 0.722019
v 0.162342 -0.010479 0.605869
v 0.099770 -0.010479 0.730358
v 0.092192 -0.010479 0.566779
v 0.110144 -0.010479 0.411063
v 0.203549 -0.010479 0.536941
v 0.278776 -0.010479 0.682394
v 0.193464 -0.010479 0.722019
v -0.162342 -0.010479 -0.605871
v -0.099770 -0.010479 -0.730360
v -0.092192 -0.010479 -0.566781
v -0.110144 -0.010479 -0.411065
v -0.203550 -0.010479 -0.536943
v -0.278776 -0.010479 -0.682396
v -0.193465 -0.010479 -0.722021
v 0.443527 -0.010479 0.443527
v 0.451583 -0.010479 0.582624
v 0.363230 -0.010479 0.444749
v 0.300920 -0.010479 0.300919
v 0.444750 -0.010479 0.363230
v 0.582625 -0.010479 0.451582
v 0.528555 -0.010479 0.528554
v -0.443528 -0.010479 -0.443529
v -0.451583 -0.010479 -0.582626
v -0.363231 -0.010479 -0.444751
v -0.300920 -0.010479 -0.300921
v -0.444750 -0.010479 -0.363232
v -0.582625 -0.010479 -0.451584
v -0.528555 -0.010479 -0.528556
v 0.605870 -0.010479 0.162342
v 0.682395 -0.010479 0.278776
v 0.536942 -0.010479 0.203549
v 0.411064 -0.010479 0.110143
v 0.566780 -0.010479 0.092191
v 0.730359 -0.010479 0.099769
v 0.722020 -0.010479 0.193464
v -0.605870 -0.010479 -0.162343
v -0.682395 -0.010479 -0.278778
v -0.536942 -0.010479 -0.203551
v -0.411064 -0.010479 -0.110145
v -0.566780 -0.010479 -0.092193
v -0.730359 -0.010479 -0.099771
v -0.722020 -0.010479 -0.193466
v 0.605870 -0.010479 -0.162343
v 0.730359 -0.010479 -0.099771
v 0.566780 -0.010479 -0.092193
v 0.411064 -0.010479 -0.110145
v 0.536942 -0.010479 -0.203550
v 0.682395 -0.010479 -0.278777
v 0.722020 -0.010479 -0.193465
v -0.605870 -0.010479 0.162341
v -0.730359 -0.010479 0.099769
v -0.566780 -0.010479 0.092191
v -0.411064 -0.010479 0.110143
v -0.536942 -0.010479 0.203549
v -0.682395 -0.010479 0.278775
v -0.722020 -0.010479 0.193464
v -0.675323 -0.043129 -0.561021
v -0.593435 -0.049802 -0.637078
v -0.655263 -0.039396 -0.586707
v -0.719860 -0.031520 -0.524026
v -0.720367 -0.039396 -0.511997
v -0.705716 -0.049802 -0.516679
v -0.647548 -0.051138 -0.582511
v -0.561020 -0.081034 -0.675324
v -0.637077 -0.074362 -0.593436
v -0.586706 -0.084768 -0.655264
v -0.524025 -0.092643 -0.719861
v -0.511996 -0.084768 -0.720368
v -0.516678 -0.074362 -0.705717
v -0.582510 -0.073026 -0.647549
v -0.612456 -0.043129 -0.726442
v -0.699163 -0.049802 -0.643782
v -0.636614 -0.039396 -0.698084
v -0.559760 -0.031520 -0.753579
v -0.555466 -0.039396 -0.769640
v -0.567107 -0.049802 -0.767723
v -0.640810 -0.051138 -0.705799
v -0.726441 -0.081034 -0.612457
v -0.643781 -0.074362 -0.699165
v -0.698083 -0.084768 -0.636615
v -0.753578 -0.092643 -0.559761
v -0.769639 -0.084768 -0.555467
v -0.767722 -0.074362 -0.567108
v -0.705798 -0.073026 -0.640811
v -0.304337 -0.043129 -0.823520
v -0.195391 -0.049802 -0.848443
v -0.274121 -0.039396 -0.835735
v -0.361405 -0.031520 -0.813750
v -0.367859 -0.039396 -0.803586
v -0.352829 -0.049802 -0.800315
v -0.269538 -0.051138 -0.828243
v -0.148196 -0.081034 -0.865358
v -0.255008 -0.074362 -0.832469
v -0.180471 -0.084768 -0.860828
v -0.093889 -0.092643 -0.885430
v -0.083218 -0.084768 -0.879855
v -0.094598 -0.074362 -0.869508
v -0.180695 -0.073026 -0.852049
v -0.167182 -0.043129 -0.935345
v -0.283603 -0.049802 -0.907114
v -0.202282 -0.039396 -0.922866
v -0.107977 -0.031520 -0.932499
v -0.096228 -0.039396 -0.944260
v -0.107268 -0.049802 -0.948421
v -0.202059 -0.051138 -0.931645
v -0.322888 -0.081034 -0.893624
v -0.207949 -0.074362 -0.927385
v -0.286251 -0.084768 -0.900366
v -0.372738 -0.092643 -0.861557
v -0.388794 -0.084768 -0.865868
v -0.381313 -0.074362 -0.874991
v -0.290834 -0.073026 -0.907858
v 0.148197 -0.043129 -0.865358
v 0.255008 -0.049802 -0.832469
v 0.180471 -0.039396 -0.860828
v 0.093889 -0.031520 -0.885430
v 0.083218 -0.039396 -0.879855
v 0.094598 -0.049802 -0.869508
v 0.180695 -0.051138 -0.852049
v 0.304337 -0.081034 -0.823520
v 0.195391 -0.074362 -0.848443
v 0.274121 -0.084768 -0.835735
v 0.361405 -0.092643 -0.813750
v 0.367859 -0.084768 -0.803586
v 0.352830 -0.074362 -0.800315
v 0.269538 -0.073026 -0.828243
v 0.323130 -0.044063 -0.894350
v 0.207914 -0.049927 -0.927510
v 0.287861 -0.039785 -0.900210
v 0.378155 -0.032802 -0.861017
v 0.389569 -0.041666 -0.867616
v 0.375380 -0.052281 -0.879225
v 0.288987 -0.051882 -0.909111
v 0.165976 -0.081196 -0.935892
v 0.276434 -0.075367 -0.910461
v 0.199931 -0.085083 -0.923932
v 0.107679 -0.092684 -0.932634
v 0.096038 -0.084794 -0.944346
v 0.106972 -0.074404 -0.948558
v 0.199723 -0.073358 -0.932720
v 0.561744 -0.043093 -0.675084
v 0.637270 -0.049793 -0.593363
v 0.588223 -0.039324 -0.654689
v 0.528618 -0.031310 -0.718159
v 0.513406 -0.039324 -0.719901
v 0.516858 -0.049793 -0.705658
v 0.582624 -0.051132 -0.647511
v 0.674454 -0.080998 -0.562079
v 0.593220 -0.074353 -0.637340
v 0.653569 -0.084698 -0.588769
v 0.714600 -0.092446 -0.530700
v 0.718635 -0.084698 -0.514205
v 0.705496 -0.074353 -0.516959
v 0.647411 -0.073020 -0.582677
v 0.722895 -0.024984 -0.590354
v 0.763904 -0.036184 -0.557423
v 0.699983 -0.028804 -0.621132
v 0.642043 -0.021881 -0.664677
v 0.700271 -0.020326 -0.602359
v 0.758056 -0.020877 -0.531294
v 0.767234 -0.027326 -0.539867
v 0.606633 -0.081196 -0.731933
v 0.691066 -0.074440 -0.653775
v 0.634215 -0.084810 -0.701000
v 0.558950 -0.092686 -0.754305
v 0.550551 -0.085083 -0.773321
v 0.550795 -0.075367 -0.780079
v 0.626594 -0.073358 -0.719385
v 0.824035 -0.043083 -0.302383
v 0.848786 -0.049275 -0.190980
v 0.836754 -0.039288 -0.270304
v 0.816910 -0.031695 -0.353345
v 0.804636 -0.039453 -0.365149
v 0.800456 -0.049790 -0.352333
v 0.828384 -0.050983 -0.268026
v 0.865545 -0.080989 -0.148271
v 0.832510 -0.074351 -0.255045
v 0.861094 -0.084827 -0.181966
v 0.886261 -0.092833 -0.098551
v 0.880220 -0.084679 -0.083362
v 0.869737 -0.073871 -0.090708
v 0.852138 -0.072871 -0.179502
v 0.937255 -0.043003 -0.160679
v 0.911734 -0.049733 -0.271912
v 0.924320 -0.039423 -0.201252
v 0.933231 -0.031676 -0.114887
v 0.945154 -0.039150 -0.092765
v 0.950986 -0.048806 -0.087298
v 0.936313 -0.050812 -0.183157
v 0.872709 -0.099179 -0.330869
v 0.864694 -0.087980 -0.382849
v 0.887906 -0.095359 -0.295638
v 0.896648 -0.102283 -0.223688
v 0.871793 -0.103838 -0.305274
v 0.839142 -0.103287 -0.390849
v 0.851155 -0.096838 -0.394511
v 0.883939 -0.024902 0.149334
v 0.879650 -0.035684 0.103280
v 0.870840 -0.028643 0.186791
v 0.863015 -0.021860 0.252266
v 0.886360 -0.020313 0.170562
v 0.901548 -0.020856 0.080045
v 0.891992 -0.027165 0.084431
v 0.821104 -0.081114 0.312727
v 0.845284 -0.073904 0.212160
v 0.834742 -0.084633 0.279156
v 0.813382 -0.092663 0.362616
v 0.801308 -0.085070 0.373709
v 0.792773 -0.075346 0.372074
v 0.822477 -0.073197 0.289792
v 0.893798 -0.042931 0.323690
v 0.926778 -0.048788 0.215687
v 0.900742 -0.039009 0.287686
v 0.863422 -0.031270 0.369649
v 0.866440 -0.039299 0.387995
v 0.875035 -0.049750 0.381510
v 0.907668 -0.050800 0.293312
v 0.936094 -0.080101 0.167335
v 0.907203 -0.074237 0.283695
v 0.923534 -0.084379 0.200810
v 0.934739 -0.091361 0.103016
v 0.946161 -0.082498 0.096431
v 0.949120 -0.071883 0.114523
v 0.931806 -0.072281 0.204285
v 0.675235 -0.043901 0.560948
v 0.600012 -0.048922 0.633114
v 0.657497 -0.039469 0.584547
v 0.720218 -0.032762 0.521010
v 0.717673 -0.041640 0.513218
v 0.700412 -0.052239 0.523439
v 0.648012 -0.051550 0.583278
v 0.561465 -0.080226 0.674697
v 0.633242 -0.075233 0.599878
v 0.585552 -0.084623 0.656449
v 0.524152 -0.091192 0.716989
v 0.514223 -0.082452 0.716625
v 0.523567 -0.071916 0.700279
v 0.583359 -0.072607 0.647927
v 0.611937 -0.043212 0.726886
v 0.699035 -0.049822 0.643891
v 0.636532 -0.039409 0.698152
v 0.559631 -0.031541 0.753688
v 0.554453 -0.039556 0.770506
v 0.563939 -0.050302 0.770386
v 0.639798 -0.051299 0.706666
v 0.725921 -0.081117 0.612901
v 0.640614 -0.074898 0.701791
v 0.697071 -0.084946 0.637464
v 0.753449 -0.092666 0.559868
v 0.769557 -0.084781 0.555535
v 0.767593 -0.074382 0.567217
v 0.704786 -0.073186 0.641678
v 0.312727 -0.043050 0.821103
v 0.212160 -0.050259 0.845283
v 0.279156 -0.039531 0.834741
v 0.362617 -0.031501 0.813382
v 0.373709 -0.039093 0.801308
v 0.372075 -0.048817 0.792772
v 0.289792 -0.050967 0.822476
v 0.158261 -0.099261 0.881657
v 0.104571 -0.088479 0.879331
v 0.191789 -0.095454 0.868803
v 0.268849 -0.102138 0.856127
v 0.192110 -0.103866 0.880790
v 0.101777 -0.103498 0.898810
v 0.091017 -0.097063 0.891159
v 0.158907 -0.043983 0.938214
v 0.267858 -0.050384 0.913301
v 0.196043 -0.039920 0.925338
v 0.101795 -0.032783 0.935031
v 0.090233 -0.041364 0.947005
v 0.094060 -0.051297 0.951999
v 0.183935 -0.051711 0.937004
v 0.322369 -0.099261 0.875283
v 0.377852 -0.088479 0.866520
v 0.289675 -0.095454 0.889452
v 0.207803 -0.102138 0.900182
v 0.286177 -0.103866 0.877383
v 0.372610 -0.103498 0.846223
v 0.387782 -0.097063 0.853756
v -0.148270 -0.043175 0.865544
v -0.255044 -0.049813 0.832509
v -0.181966 -0.039337 0.861092
v -0.098551 -0.031331 0.886260
v -0.083361 -0.039485 0.880219
v -0.090707 -0.050293 0.869736
v -0.179501 -0.051293 0.852137
v -0.303664 -0.081117 0.823552
v -0.191297 -0.074898 0.848665
v -0.272802 -0.084946 0.835814
v -0.361237 -0.092666 0.813758
v -0.367753 -0.084781 0.803589
v -0.352663 -0.074382 0.800322
v -0.268227 -0.073186 0.828307
v -0.330229 -0.024902 0.872946
v -0.378989 -0.035684 0.866158
v -0.294392 -0.028643 0.888370
v -0.223529 -0.021860 0.896706
v -0.305173 -0.020313 0.871830
v -0.390691 -0.020856 0.839199
v -0.393265 -0.027165 0.851618
v -0.159537 -0.080144 0.938261
v -0.268014 -0.073770 0.913313
v -0.197271 -0.084172 0.925430
v -0.105612 -0.091171 0.935340
v -0.091461 -0.082728 0.947097
v -0.094217 -0.072858 0.952011
v -0.184034 -0.072447 0.937011
v -0.562444 -0.043083 0.673887
v -0.639580 -0.049275 0.589785
v -0.589498 -0.039288 0.652466
v -0.530792 -0.031695 0.714459
v -0.514262 -0.039453 0.718545
v -0.517049 -0.049790 0.705355
v -0.583389 -0.050983 0.646308
v -0.675688 -0.080952 0.560454
v -0.593525 -0.074341 0.636936
v -0.655320 -0.084755 0.586616
v -0.719950 -0.092623 0.523884
v -0.721080 -0.084607 0.510893
v -0.707920 -0.073862 0.513243
v -0.648260 -0.072865 0.581407
v -0.725336 -0.043083 0.614047
v -0.640469 -0.049275 0.702075
v -0.695930 -0.039288 0.639699
v -0.749904 -0.031695 0.567028
v -0.768382 -0.039453 0.557898
v -0.767444 -0.049790 0.567516
v -0.704694 -0.050983 0.641858
v -0.611937 -0.080952 0.726885
v -0.699035 -0.074341 0.643891
v -0.636532 -0.084755 0.698152
v -0.559632 -0.092623 0.753688
v -0.554453 -0.084607 0.770506
v -0.563940 -0.073862 0.770386
v -0.639798 -0.072865 0.706665
v -0.840181 -0.024902 0.312641
v -0.813440 -0.035684 0.350380
v -0.847566 -0.028643 0.273653
v -0.873526 -0.021860 0.213037
v -0.852892 -0.020313 0.295467
v -0.820787 -0.020856 0.381452
v -0.814704 -0.027165 0.372875
v -0.867461 -0.081114 0.139721
v -0.838118 -0.073904 0.238905
v -0.862486 -0.084633 0.175613
v -0.885719 -0.092663 0.092655
v -0.880809 -0.085070 0.077011
v -0.872599 -0.075346 0.074159
v -0.857183 -0.073197 0.160270
v -0.935350 -0.043093 0.167780
v -0.907110 -0.049793 0.283766
v -0.922842 -0.039324 0.203577
v -0.932435 -0.031310 0.111883
v -0.944271 -0.039324 0.097394
v -0.948422 -0.049793 0.107416
v -0.931645 -0.051132 0.202152
v -0.893623 -0.081034 0.322887
v -0.927384 -0.074362 0.207948
v -0.900365 -0.084768 0.286250
v -0.861556 -0.092643 0.372737
v -0.865866 -0.084768 0.388793
v -0.874990 -0.074362 0.381312
v -0.907857 -0.073026 0.290833
v -0.864611 -0.044063 -0.149335
v -0.832379 -0.049927 -0.255235
v -0.860445 -0.039785 -0.179738
v -0.884075 -0.032802 -0.091387
v -0.878032 -0.041666 -0.085807
v -0.868139 -0.052281 -0.103395
v -0.851605 -0.051882 -0.183396
v -0.823492 -0.081196 -0.305656
v -0.848264 -0.075367 -0.203311
v -0.835680 -0.085083 -0.276691
v -0.813742 -0.092684 -0.361732
v -0.803581 -0.084794 -0.368067
v -0.800306 -0.074404 -0.353158
v -0.828174 -0.073358 -0.272117
v -0.893623 -0.043129 -0.322889
v -0.927384 -0.049802 -0.207950
v -0.900365 -0.039396 -0.286252
v -0.861556 -0.031520 -0.372739
v -0.865867 -0.039396 -0.388795
v -0.874990 -0.049802 -0.381314
v -0.907857 -0.051138 -0.290835
v -0.935344 -0.081034 -0.167183
v -0.907113 -0.074362 -0.283604
v -0.922865 -0.084768 -0.202283
v -0.932498 -0.092643 -0.107979
v -0.944259 -0.084768 -0.096229
v -0.948420 -0.074362 -0.107269
v -0.931644 -0.073026 -0.202060
v 0.755709 0.038138 -0.874923
v 0.649523 0.021815 -0.853268
v 0.673432 0.034527 -0.919012
v 0.716797 0.047570 -0.965417
v 0.816149 0.047953 -0.883830
v 0.887091 0.045813 -0.793950
v 0.772594 0.032512 -0.818818
v -0.869727 0.037146 0.755708
v -0.793359 0.045700 0.887089
v -0.881142 0.047439 0.816147
v -0.955888 0.045744 0.716674
v -0.905800 0.031999 0.673323
v -0.843510 0.019945 0.649400
v -0.816021 0.031978 0.772593
v 0.379851 0.038138 -1.091925
v 0.243921 0.045857 -1.165418
v 0.357345 0.047953 -1.148721
v 0.477677 0.047570 -1.103473
v 0.459172 0.034527 -1.042716
v 0.414184 0.021818 -0.989149
v 0.322766 0.032533 -1.078589
v -0.219600 0.037146 1.131059
v -0.140643 0.019945 1.055200
v -0.130216 0.031999 1.121106
v -0.142715 0.045744 1.186159
v -0.266235 0.047439 1.171164
v -0.371563 0.045700 1.130613
v -0.261075 0.031978 1.092991
v 0.379850 0.038138 1.091923
v 0.414183 0.021818 0.989148
v 0.459171 0.034527 1.042714
v 0.477676 0.047570 1.103471
v 0.357344 0.047953 1.148719
v 0.243920 0.045857 1.165416
v 0.322765 0.032533 1.078587
v -0.219600 0.037146 -1.131061
v -0.371762 0.045744 -1.130730
v -0.266235 0.047439 -1.171166
v -0.142715 0.045744 -1.186162
v -0.130216 0.031999 -1.121109
v -0.140655 0.019948 -1.055209
v -0.261169 0.031999 -1.093047
v 0.755709 0.038138 0.874921
v 0.887090 0.045813 0.793949
v 0.816148 0.047953 0.883828
v 0.716796 0.047570 0.965415
v 0.673432 0.034527 0.919011
v 0.649522 0.021815 0.853267
v 0.772593 0.032512 0.818816
v -0.755709 0.037146 -0.869728
v -0.887320 0.045744 -0.793360
v -0.816149 0.047439 -0.881143
v -0.716675 0.045744 -0.955889
v -0.673324 0.031999 -0.905801
v -0.649414 0.019948 -0.843511
v -0.772702 0.031999 -0.816022
v 1.135559 0.038138 0.217001
v 1.063713 0.021815 0.135869
v 1.132603 0.034527 0.123703
v 1.194473 0.047570 0.138055
v 1.173493 0.047953 0.264890
v 1.131126 0.045813 0.371267
v 1.095413 0.032512 0.259677
v -1.089327 0.037146 -0.375352
v -1.165121 0.045744 -0.243410
v -1.147376 0.047439 -0.355018
v -1.098603 0.045744 -0.469487
v -1.036015 0.031999 -0.447785
v -0.984164 0.019948 -0.405795
v -1.077190 0.031999 -0.320345
v 1.135559 0.038138 -0.217002
v 1.131126 0.045813 -0.371268
v 1.173493 0.047953 -0.264891
v 1.194473 0.047570 -0.138056
v 1.132603 0.034527 -0.123704
v 1.063713 0.021815 -0.135870
v 1.095413 0.032512 -0.259678
v -1.131060 0.037146 0.219599
v -1.130729 0.045744 0.371761
v -1.171165 0.047439 0.266234
v -1.186161 0.045744 0.142713
v -1.121107 0.031999 0.130214
v -1.055208 0.019948 0.140653
v -1.093046 0.031999 0.261168
v 0.976051 0.113218 -0.817095
v 0.858900 0.122654 -0.930206
v 0.941749 0.124514 -0.851140
v 1.025798 0.122654 -0.751992
v 1.036976 0.107570 -0.743091
v 1.024507 0.094347 -0.753914
v 0.942029 0.107570 -0.851421
v -0.976051 0.113218 0.817094
v -0.858899 0.122654 0.930205
v -0.941749 0.124514 0.851139
v -1.025798 0.122654 0.751990
v -1.036976 0.107570 0.743089
v -1.024507 0.094347 0.753912
v -0.942029 0.107570 0.851419
v 0.436738 0.113218 -1.195651
v 0.278726 0.122654 -1.235032
v 0.390009 0.124514 -1.207984
v 0.512372 0.122654 -1.164143
v 0.526503 0.107570 -1.162024
v 0.510293 0.094347 -1.165162
v 0.390111 0.107570 -1.208367
v -0.436737 0.113218 1.195649
v -0.278726 0.122654 1.235030
v -0.390008 0.124514 1.207982
v -0.512372 0.122654 1.164141
v -0.526502 0.107570 1.162022
v -0.510292 0.094347 1.165160
v -0.390111 0.107570 1.208365
v 0.219599 0.113218 1.253831
v 0.376132 0.122654 1.208930
v 0.266234 0.124514 1.241147
v 0.138344 0.122654 1.264362
v 0.125047 0.107570 1.269592
v 0.140654 0.094347 1.264204
v 0.266337 0.107570 1.241530
v -0.219600 0.113218 -1.253834
v -0.376132 0.122654 -1.208933
v -0.266235 0.124514 -1.241149
v -0.138345 0.122654 -1.264364
v -0.125047 0.107570 -1.269594
v -0.140655 0.094347 -1.264207
v -0.266337 0.107570 -1.241532
v 0.817095 0.113218 0.976050
v 0.930206 0.122654 0.858898
v 0.851140 0.124514 0.941748
v 0.751991 0.122654 1.025797
v 0.743090 0.107570 1.036975
v 0.753913 0.094347 1.024506
v 0.851420 0.107570 0.942028
v -0.817095 0.113218 -0.976052
v -0.930206 0.122654 -0.858900
v -0.851140 0.124514 -0.941750
v -0.751991 0.122654 -1.025799
v -0.743091 0.107570 -1.036977
v -0.753913 0.094347 -1.024508
v -0.851420 0.107570 -0.942030
v 1.195650 0.113218 0.436737
v 1.235031 0.122654 0.278725
v 1.207983 0.124514 0.390008
v 1.164142 0.122654 0.512371
v 1.162023 0.107570 0.526501
v 1.165161 0.094347 0.510292
v 1.208366 0.107570 0.390110
v -1.195650 0.113218 -0.436738
v -1.235031 0.122654 -0.278727
v -1.207983 0.124514 -0.390009
v -1.164142 0.122654 -0.512372
v -1.162023 0.107570 -0.526503
v -1.165161 0.094347 -0.510293
v -1.208366 0.107570 -0.390112
v 1.253832 0.113218 -0.219600
v 1.208931 0.122654 -0.376133
v 1.241148 0.124514 -0.266235
v 1.264363 0.122654 -0.138345
v 1.269593 0.107570 -0.125048
v 1.264205 0.094347 -0.140655
v 1.241531 0.107570 -0.266338
v -1.253832 0.113218 0.219599
v -1.208931 0.122654 0.376131
v -1.241148 0.124514 0.266234
v -1.264363 0.122654 0.138344
v -1.269593 0.107570 0.125046
v -1.264205 0.094347 0.140653
v -1.241531 0.107570 0.266336
v 0.384217 0.078110 -0.999640
v 0.241941 0.067053 -0.998797
v 0.326334 0.064874 -0.970347
v 0.426110 0.067053 -0.941165
v 0.467176 0.084729 -0.990708
v 0.476653 0.100224 -1.039616
v 0.355832 0.084729 -1.030339
v -0.380410 0.076835 0.997441
v -0.241411 0.066965 0.998713
v -0.324364 0.064214 0.969208
v -0.419181 0.064706 0.937044
v -0.457542 0.081477 0.985038
v -0.469549 0.097823 1.035407
v -0.353737 0.084068 1.029234
v 0.384216 0.078110 0.999638
v 0.476646 0.100227 1.039624
v 0.467175 0.084729 0.990706
v 0.426110 0.067053 0.941163
v 0.326333 0.064874 0.970345
v 0.241844 0.067110 0.998963
v 0.355785 0.084755 1.030417
v -0.167079 0.078110 -1.057822
v -0.289871 0.067053 -0.985954
v -0.202560 0.064874 -1.003512
v -0.101560 0.067053 -1.028128
v -0.090768 0.084729 -1.091566
v -0.107015 0.100224 -1.138661
v -0.207010 0.084729 -1.070216
v 0.828165 0.076834 0.673604
v 0.924345 0.097820 0.661903
v 0.888762 0.081477 0.624298
v 0.831543 0.064706 0.601913
v 0.765512 0.064214 0.677177
v 0.708425 0.066908 0.744011
v 0.820962 0.084042 0.714383
v -0.673605 0.078110 -0.832562
v -0.744207 0.067110 -0.708926
v -0.677178 0.064874 -0.767787
v -0.602017 0.067053 -0.839605
v -0.624390 0.084729 -0.899940
v -0.662019 0.100227 -0.932602
v -0.714475 0.084755 -0.823329
v 0.997441 0.076835 0.380409
v 0.998546 0.066908 0.241508
v 0.969209 0.064214 0.324364
v 0.937044 0.064706 0.419180
v 0.985039 0.081477 0.457541
v 1.035398 0.097820 0.469554
v 1.029156 0.084042 0.353782
v -1.054015 0.076834 -0.169277
v -1.131464 0.097823 -0.111064
v -1.081840 0.081477 -0.096278
v -1.021095 0.064706 -0.105502
v -1.001542 0.064214 -0.203698
v -0.985618 0.066965 -0.290290
v -1.068212 0.084068 -0.208273
v 1.057821 0.078110 -0.167079
v 0.985953 0.067053 -0.289871
v 1.003511 0.064874 -0.202561
v 1.028127 0.067053 -0.101561
v 1.091565 0.084729 -0.090768
v 1.138659 0.100224 -0.107015
v 1.070215 0.084729 -0.207011
v -1.054015 0.076835 0.169275
v -0.985618 0.066965 0.290288
v -1.001542 0.064214 0.203696
v -1.021095 0.064706 0.105500
v -1.081840 0.081477 0.096276
v -1.131464 0.097823 0.111062
v -1.068212 0.084068 0.208271
v 0.832561 0.078110 -0.673605
v 0.708925 0.067053 -0.744013
v 0.767787 0.064874 -0.677178
v 0.839604 0.067053 -0.602018
v 0.899939 0.084729 -0.624390
v 0.932601 0.100224 -0.662008
v 0.823328 0.084729 -0.714384
v -0.673605 0.076834 0.828164
v -0.661916 0.097823 0.924344
v -0.624298 0.081477 0.888761
v -0.601914 0.064706 0.831542
v -0.677178 0.064214 0.765511
v -0.744207 0.066965 0.708424
v -0.714475 0.084068 0.820962
v 0.167078 0.047491 0.635653
v 0.107324 0.047491 0.422290
v 0.095140 0.047491 0.597274
v 0.105257 0.047491 0.773877
v 0.202560 0.047491 0.762228
v 0.286192 0.047491 0.710709
v 0.202784 0.047491 0.551502
v -0.167079 0.047491 -0.635655
v -0.107324 0.047491 -0.422292
v -0.095140 0.047491 -0.597276
v -0.105257 0.047491 -0.773879
v -0.202560 0.047491 -0.762230
v -0.286192 0.047491 -0.710711
v -0.202784 0.047491 -0.551504
v 0.167079 0.047491 -0.635655
v 0.286192 0.047491 -0.710711
v 0.202560 0.047491 -0.762230
v 0.105257 0.047491 -0.773879
v 0.095140 0.047491 -0.597276
v 0.107324 0.047491 -0.422292
v 0.202784 0.047491 -0.551504
v -0.167079 0.047491 0.635653
v -0.286192 0.047491 0.710709
v -0.202560 0.047491 0.762228
v -0.105257 0.047491 0.773877
v -0.095140 0.047491 0.597274
v -0.107324 0.047491 0.422290
v -0.202784 0.047491 0.551502
v -0.625670 0.047491 -0.456468
v -0.590368 0.047491 -0.292389
v -0.570661 0.047491 -0.435939
v -0.572897 0.047491 -0.592316
v -0.648879 0.047491 -0.553405
v -0.711857 0.047491 -0.477405
v -0.656838 0.047491 -0.377754
v -0.797866 0.047491 0.172195
v -0.706578 0.047491 0.116210
v -0.786275 0.047491 0.097787
v -0.868558 0.047491 0.105825
v -0.854086 0.047491 0.205207
v -0.817682 0.047491 0.295660
v -0.754625 0.047491 0.215612
v 0.797866 0.047491 -0.172197
v 0.706578 0.047491 -0.116212
v 0.786275 0.047491 -0.097788
v 0.868558 0.047491 -0.105826
v 0.854086 0.047491 -0.205208
v 0.817682 0.047491 -0.295662
v 0.754626 0.047491 -0.215614
v 0.625670 0.047491 0.456466
v 0.590368 0.047491 0.292387
v 0.570661 0.047491 0.435937
v 0.572897 0.047491 0.592314
v 0.648878 0.047491 0.553403
v 0.711856 0.047491 0.477403
v 0.656837 0.047491 0.377752
v -0.577520 -0.025793 -0.683646
v -0.526448 -0.037701 -0.709764
v -0.523272 -0.029288 -0.724307
v -0.537459 -0.022140 -0.724606
v -0.607144 -0.020763 -0.665878
v -0.662210 -0.022140 -0.606939
v -0.599698 -0.029288 -0.656724
v -0.683645 -0.098370 -0.577522
v -0.709763 -0.086462 -0.526449
v -0.724305 -0.094875 -0.523273
v -0.724605 -0.102024 -0.537460
v -0.665877 -0.103401 -0.607145
v -0.606938 -0.102024 -0.662211
v -0.656723 -0.094875 -0.599699
v -0.718118 -0.025793 -0.595957
v -0.763675 -0.037701 -0.557338
v -0.765701 -0.029288 -0.544190
v -0.748833 -0.022140 -0.546327
v -0.687469 -0.020763 -0.616177
v -0.630278 -0.022140 -0.674031
v -0.696623 -0.029288 -0.623623
v -0.595956 -0.098370 -0.718119
v -0.557338 -0.086462 -0.763676
v -0.544189 -0.094875 -0.765702
v -0.546326 -0.102024 -0.748834
v -0.616176 -0.103401 -0.687470
v -0.674030 -0.102024 -0.630279
v -0.623622 -0.094875 -0.696624
v -0.158325 -0.025793 -0.880816
v -0.101036 -0.037701 -0.877898
v -0.091014 -0.029288 -0.888904
v -0.103150 -0.022140 -0.896257
v -0.192864 -0.020763 -0.880240
v -0.270022 -0.022140 -0.856730
v -0.190993 -0.029288 -0.868589
v -0.303294 -0.098370 -0.841971
v -0.351449 -0.086462 -0.810799
v -0.365631 -0.094875 -0.815321
v -0.358797 -0.102024 -0.827757
v -0.273094 -0.103401 -0.858742
v -0.194519 -0.102024 -0.876961
v -0.268889 -0.094875 -0.847717
v -0.323931 -0.025793 -0.875173
v -0.382693 -0.037701 -0.864507
v -0.391022 -0.029288 -0.854133
v -0.375345 -0.022140 -0.847550
v -0.287277 -0.020763 -0.877359
v -0.208822 -0.022140 -0.898867
v -0.291482 -0.029288 -0.888385
v -0.157054 -0.098370 -0.919888
v -0.100831 -0.086462 -0.940032
v -0.088431 -0.094875 -0.935212
v -0.098716 -0.102024 -0.921673
v -0.189890 -0.103401 -0.903454
v -0.268588 -0.102024 -0.882853
v -0.191761 -0.094875 -0.915105
v 0.304018 -0.025757 -0.841731
v 0.351628 -0.037692 -0.810740
v 0.367041 -0.029217 -0.814853
v 0.363163 -0.021930 -0.826282
v 0.274504 -0.020691 -0.858275
v 0.194698 -0.022131 -0.876901
v 0.269004 -0.029282 -0.847679
v 0.158325 -0.098370 -0.880816
v 0.101036 -0.086462 -0.877897
v 0.091014 -0.094875 -0.888904
v 0.103151 -0.102024 -0.896257
v 0.192864 -0.103401 -0.880240
v 0.270022 -0.102024 -0.856730
v 0.190993 -0.094875 -0.868589
v 0.157777 -0.025757 -0.919648
v 0.101012 -0.037694 -0.939974
v 0.088545 -0.029282 -0.935174
v 0.098895 -0.022131 -0.921613
v 0.191299 -0.020691 -0.902987
v 0.272987 -0.021966 -0.881397
v 0.193186 -0.029234 -0.914647
v 0.322725 -0.098532 -0.875720
v 0.375279 -0.087431 -0.868049
v 0.388570 -0.095191 -0.855299
v 0.375034 -0.102064 -0.847698
v 0.287088 -0.103427 -0.877445
v 0.208523 -0.102064 -0.899003
v 0.289131 -0.095191 -0.889451
v 0.689982 -0.025793 -0.570869
v 0.710658 -0.037701 -0.525475
v 0.728120 -0.029352 -0.517976
v 0.737201 -0.022293 -0.519990
v 0.681257 -0.020744 -0.591131
v 0.621166 -0.021937 -0.650889
v 0.660970 -0.029222 -0.596269
v 0.576652 -0.098334 -0.684704
v 0.526233 -0.086453 -0.710026
v 0.523136 -0.094870 -0.724473
v 0.537242 -0.102017 -0.724868
v 0.605434 -0.103348 -0.667940
v 0.656997 -0.101862 -0.613303
v 0.598005 -0.094805 -0.658786
v 0.607155 -0.044063 -0.732647
v 0.691207 -0.049891 -0.653828
v 0.626676 -0.051882 -0.719799
v 0.550924 -0.052281 -0.781515
v 0.551568 -0.041666 -0.775179
v 0.562301 -0.032800 -0.754905
v 0.635326 -0.039768 -0.701116
v 0.716620 -0.099143 -0.597134
v 0.762939 -0.087973 -0.558522
v 0.762279 -0.096832 -0.546614
v 0.742062 -0.103278 -0.552994
v 0.685358 -0.103766 -0.618258
v 0.630005 -0.102109 -0.674335
v 0.696340 -0.095305 -0.624123
v 0.882121 -0.024974 -0.157238
v 0.879531 -0.035700 -0.096228
v 0.891030 -0.027176 -0.091105
v 0.898264 -0.020872 -0.109890
v 0.881694 -0.020438 -0.192526
v 0.859743 -0.022196 -0.262428
v 0.869994 -0.028768 -0.187162
v 0.839377 -0.098371 -0.312108
v 0.810403 -0.086463 -0.352712
v 0.812640 -0.094811 -0.371583
v 0.818925 -0.101871 -0.378441
v 0.852563 -0.103419 -0.294421
v 0.874268 -0.102227 -0.212502
v 0.846868 -0.094941 -0.274283
v 0.875510 -0.025057 -0.323330
v 0.865180 -0.036200 -0.381782
v 0.854531 -0.027337 -0.387049
v 0.849956 -0.020892 -0.366466
v 0.878250 -0.020451 -0.286906
v 0.899462 -0.022217 -0.216115
v 0.888805 -0.028929 -0.293493
v 0.938067 -0.080101 -0.159489
v 0.911834 -0.074273 -0.271689
v 0.936702 -0.072281 -0.182819
v 0.952273 -0.071883 -0.086358
v 0.947107 -0.082498 -0.090083
v 0.934917 -0.091363 -0.109515
v 0.924846 -0.084396 -0.199651
v 0.821106 -0.043980 0.311285
v 0.845378 -0.049391 0.211863
v 0.822327 -0.051722 0.289304
v 0.792144 -0.052261 0.370627
v 0.801080 -0.041653 0.370494
v 0.815207 -0.032780 0.356587
v 0.835391 -0.039607 0.277213
v 0.881002 -0.098324 0.158250
v 0.878048 -0.085972 0.105218
v 0.889269 -0.094786 0.090870
v 0.897170 -0.102213 0.098798
v 0.880544 -0.103460 0.191515
v 0.856771 -0.102013 0.270020
v 0.868641 -0.094720 0.192323
v 0.921782 -0.025631 0.150398
v 0.939675 -0.036732 0.107858
v 0.936063 -0.029037 0.085228
v 0.925166 -0.022253 0.079584
v 0.908377 -0.020719 0.170881
v 0.887898 -0.021897 0.253894
v 0.916346 -0.028907 0.189800
v 0.875326 -0.098407 0.323184
v 0.864546 -0.086469 0.382507
v 0.854156 -0.094881 0.390903
v 0.847587 -0.102033 0.375160
v 0.877658 -0.103473 0.285822
v 0.899805 -0.102198 0.204284
v 0.888699 -0.094930 0.290019
v 0.578953 -0.025595 0.682446
v 0.533581 -0.036725 0.705479
v 0.525655 -0.028967 0.722855
v 0.537831 -0.022091 0.724303
v 0.607915 -0.020666 0.664764
v 0.664278 -0.021926 0.603626
v 0.602473 -0.028918 0.654386
v 0.682962 -0.098532 0.578415
v 0.705607 -0.087429 0.533448
v 0.722937 -0.095191 0.525570
v 0.724431 -0.102066 0.537695
v 0.665769 -0.103443 0.606850
v 0.606768 -0.102064 0.661012
v 0.655391 -0.095174 0.601425
v 0.718423 -0.025757 0.595439
v 0.763750 -0.037692 0.557209
v 0.766294 -0.029217 0.543183
v 0.750658 -0.021930 0.543184
v 0.688062 -0.020691 0.615170
v 0.630353 -0.022131 0.673902
v 0.696671 -0.029282 0.623540
v 0.595436 -0.099261 0.717493
v 0.554170 -0.088482 0.764779
v 0.543177 -0.097063 0.764017
v 0.546197 -0.103496 0.745967
v 0.616094 -0.103849 0.686634
v 0.673901 -0.102138 0.630233
v 0.622609 -0.095471 0.697003
v 0.158251 -0.025839 0.881001
v 0.105218 -0.038192 0.878047
v 0.090871 -0.029378 0.889268
v 0.098799 -0.021950 0.897169
v 0.191515 -0.020704 0.880543
v 0.270021 -0.022151 0.856770
v 0.192323 -0.029443 0.868640
v 0.311801 -0.080147 0.820568
v 0.212009 -0.074764 0.845239
v 0.289385 -0.072436 0.822242
v 0.370755 -0.071894 0.792010
v 0.371500 -0.082439 0.800032
v 0.360039 -0.091174 0.811896
v 0.278365 -0.084485 0.834304
v 0.322665 -0.025839 0.875771
v 0.379048 -0.038194 0.867288
v 0.389892 -0.029443 0.855024
v 0.375032 -0.022151 0.847697
v 0.285741 -0.020704 0.877728
v 0.204139 -0.021986 0.899919
v 0.288870 -0.029394 0.889603
v 0.159537 -0.080309 0.938261
v 0.267982 -0.074806 0.913294
v 0.184034 -0.072768 0.937011
v 0.094216 -0.072899 0.952011
v 0.091460 -0.082754 0.947097
v 0.105610 -0.091214 0.935339
v 0.197256 -0.084511 0.925422
v -0.312108 -0.025793 0.839376
v -0.352711 -0.037701 0.810402
v -0.371583 -0.029352 0.812639
v -0.378440 -0.022293 0.818924
v -0.294421 -0.020744 0.852562
v -0.212501 -0.021937 0.874267
v -0.274283 -0.029222 0.846867
v -0.157118 -0.099261 0.881774
v -0.096180 -0.088482 0.879439
v -0.088428 -0.097063 0.891177
v -0.101497 -0.103496 0.898840
v -0.192306 -0.103849 0.881025
v -0.269778 -0.102138 0.856870
v -0.189438 -0.095471 0.869075
v -0.160167 -0.043818 0.938214
v -0.268154 -0.049349 0.913278
v -0.184133 -0.051390 0.937004
v -0.094373 -0.051256 0.951999
v -0.092688 -0.041338 0.947005
v -0.109700 -0.032740 0.934957
v -0.198612 -0.039582 0.925295
v -0.323295 -0.098288 0.875818
v -0.379204 -0.085960 0.867300
v -0.389991 -0.094715 0.855031
v -0.375187 -0.102006 0.847710
v -0.286960 -0.103405 0.877835
v -0.207938 -0.102004 0.900259
v -0.290098 -0.094698 0.889695
v -0.685321 -0.024974 0.577232
v -0.713582 -0.035700 0.523100
v -0.726103 -0.027176 0.524413
v -0.722975 -0.020872 0.544298
v -0.667307 -0.020438 0.607578
v -0.613345 -0.022196 0.657139
v -0.659856 -0.028768 0.597082
v -0.577520 -0.098370 0.683644
v -0.526448 -0.086462 0.709762
v -0.523272 -0.094875 0.724304
v -0.537459 -0.102024 0.724604
v -0.607144 -0.103401 0.665876
v -0.662210 -0.102024 0.606937
v -0.599698 -0.094875 0.656722
v -0.595909 -0.024974 0.718004
v -0.554303 -0.035700 0.764901
v -0.545276 -0.027176 0.762923
v -0.552693 -0.020872 0.742404
v -0.617033 -0.020438 0.687629
v -0.670728 -0.022196 0.636962
v -0.621636 -0.028768 0.699138
v -0.718118 -0.098370 0.595955
v -0.763675 -0.086462 0.557336
v -0.765701 -0.094875 0.544188
v -0.748833 -0.102024 0.546325
v -0.687469 -0.103401 0.616175
v -0.630278 -0.102024 0.674029
v -0.696623 -0.094875 0.623621
v -0.866742 -0.043980 0.140971
v -0.838050 -0.049391 0.239209
v -0.856809 -0.051722 0.160618
v -0.871331 -0.052261 0.075098
v -0.879003 -0.041653 0.079681
v -0.884284 -0.032780 0.098789
v -0.862077 -0.039607 0.177620
v -0.842336 -0.098288 0.302728
v -0.813081 -0.085962 0.347722
v -0.816032 -0.094715 0.364528
v -0.827846 -0.102004 0.358656
v -0.858798 -0.103388 0.273004
v -0.877055 -0.102004 0.194360
v -0.848465 -0.094715 0.267649
v -0.872939 -0.025793 0.331848
v -0.864170 -0.037701 0.383843
v -0.852102 -0.029352 0.396672
v -0.840862 -0.022293 0.393971
v -0.872032 -0.020744 0.306390
v -0.895755 -0.021937 0.224368
v -0.887413 -0.029222 0.296151
v -0.919887 -0.098370 0.157053
v -0.940031 -0.086462 0.100830
v -0.935211 -0.094875 0.088430
v -0.921672 -0.102024 0.098715
v -0.903453 -0.103401 0.189889
v -0.882852 -0.102024 0.268587
v -0.915104 -0.094875 0.191760
v -0.841976 -0.025757 -0.302696
v -0.810798 -0.037694 -0.351303
v -0.815321 -0.029282 -0.365538
v -0.827757 -0.022131 -0.358650
v -0.858753 -0.020691 -0.271928
v -0.876938 -0.021966 -0.190905
v -0.847712 -0.029234 -0.267732
v -0.880787 -0.098532 -0.159644
v -0.877828 -0.087431 -0.109229
v -0.888886 -0.095191 -0.093722
v -0.896254 -0.102064 -0.103495
v -0.880234 -0.103427 -0.193072
v -0.856722 -0.102064 -0.270349
v -0.868534 -0.095191 -0.193563
v -0.919893 -0.025757 -0.156456
v -0.940032 -0.037692 -0.100684
v -0.935223 -0.029217 -0.087265
v -0.921682 -0.021930 -0.095084
v -0.903465 -0.020691 -0.188723
v -0.882854 -0.022131 -0.268441
v -0.915105 -0.029282 -0.191668
v -0.875172 -0.098370 -0.323932
v -0.864506 -0.086462 -0.382694
v -0.854132 -0.094875 -0.391023
v -0.847549 -0.102024 -0.375346
v -0.877358 -0.103401 -0.287278
v -0.898867 -0.102024 -0.208823
v -0.888384 -0.094875 -0.291483
vn -0.0027 -0.9953 -0.0965
vn -0.0506 -0.9953 -0.0823
vn -0.0849 -0.9953 -0.0460
vn -0.0965 -0.9953 0.0027
vn -0.0823 -0.9953 0.0506
vn -0.0451 -0.9959 0.0782
vn -0.0026 -0.9953 0.0965
vn 0.0508 -0.9948 0.0881
vn 0.0782 -0.9959 0.0451
vn 0.1017 -0.9948 -0.0000
vn 0.0782 -0.9959 -0.0451
vn 0.0508 -0.9948 -0.0881
vn -0.0106 -0.7539 -0.6569
vn -0.3376 -0.7539 -0.5637
vn -0.5742 -0.7539 -0.3193
vn -0.6569 -0.7539 0.0106
vn -0.5637 -0.7539 0.3376
vn -0.3173 -0.7545 0.5745
vn 0.0143 -0.7538 0.6569
vn 0.3398 -0.7528 0.5637
vn 0.5745 -0.7545 0.3173
vn 0.6581 -0.7529 -0.0124
vn 0.5620 -0.7546 -0.3389
vn 0.3183 -0.7529 -0.5761
vn 0.0185 0.8962 -0.4433
vn -0.2056 0.8962 -0.3932
vn -0.3741 0.8975 -0.2335
vn -0.4450 0.8954 -0.0151
vn -0.3893 0.8975 0.2073
vn -0.2356 0.8954 0.3779
vn -0.0152 0.8975 0.4408
vn 0.2115 0.8963 0.3898
vn 0.3779 0.8954 0.2356
vn 0.4433 0.8962 0.0185
vn 0.3932 0.8962 -0.2056
vn 0.2377 0.8962 -0.3747
vn -0.0040 0.9898 0.1423
vn 0.0677 0.9898 0.1252
vn 0.1284 0.9889 0.0742
vn 0.1326 0.9912 -0.0000
vn 0.1284 0.9889 -0.0741
vn 0.0663 0.9912 -0.1148
vn -0.0000 0.9889 -0.1483
vn -0.0746 0.9898 -0.1213
vn -0.1148 0.9912 -0.0663
vn -0.1423 0.9898 -0.0039
vn -0.1252 0.9898 0.0677
vn -0.0746 0.9898 0.1213
vn -0.0000 1.0000 -0.0000
vn -0.0000 -1.0000 -0.0000
vn -0.0061 0.9991 0.0421
vn 0.0060 -0.9991 0.0422
vn 0.0157 0.9991 0.0396
vn 0.0264 -0.9991 0.0334
vn 0.0334 0.9991 0.0263
vn 0.0396 -0.9991 0.0158
vn 0.1127 0.9936 0.0112
vn 0.0415 -0.9991 -0.0061
vn -0.1496 0.9826 0.1097
vn 0.0343 -0.9990 -0.0271
vn 0.1120 0.9789 -0.1708
vn 0.0153 -0.9991 -0.0391
vn -0.0119 0.9982 0.0582
vn -0.0001 -0.9750 0.2221
vn -0.0152 0.9991 -0.0384
vn -0.1466 -0.9559 -0.2545
vn -0.0924 0.9935 -0.0659
vn -0.0389 -0.9991 -0.0155
vn 0.1836 0.9828 -0.0201
vn 0.0597 -0.9981 -0.0121
vn -0.1818 0.9791 0.0916
vn -0.1707 -0.9790 0.1117
vn 0.0409 0.9981 -0.0462
vn -0.0160 -0.9991 0.0405
vn 0.8659 -0.0003 0.5002
vn -0.8660 -0.0000 -0.5000
vn -0.5000 -0.0000 -0.8660
vn 0.5000 -0.0000 0.8660
vn -0.0002 0.0002 -1.0000
vn -0.0000 -0.0000 1.0000
vn 0.4248 -0.1880 -0.8855
vn -0.4995 0.0011 0.8663
vn 0.8659 -0.0002 -0.5003
vn -0.8661 -0.0001 0.4998
vn 0.9796 0.1867 0.0745
vn -0.9968 0.0716 -0.0346
vn 0.8657 -0.0001 0.5005
vn -0.8143 -0.1794 -0.5521
vn 0.4459 -0.0776 0.8917
vn -0.5520 0.1804 -0.8141
vn 0.0003 0.0006 1.0000
vn -0.0350 -0.0711 -0.9969
vn -0.4461 0.0775 0.8916
vn 0.4999 -0.0001 -0.8661
vn -0.8662 -0.0011 0.4997
vn 0.8804 0.0723 -0.4686
vn -1.0000 0.0001 -0.0003
vn 0.9809 -0.1809 0.0715
vn -0.0355 -0.9956 -0.0869
vn -0.0238 -0.9952 -0.0948
vn -0.0116 -0.9947 -0.1026
vn -0.0742 -0.9956 -0.0575
vn -0.0680 -0.9952 -0.0702
vn -0.0614 -0.9947 -0.0831
vn -0.0930 -0.9956 -0.0127
vn -0.0940 -0.9952 -0.0268
vn -0.0947 -0.9947 -0.0413
vn -0.0869 -0.9956 0.0355
vn -0.0948 -0.9952 0.0238
vn -0.1026 -0.9947 0.0116
vn -0.0566 -0.9958 0.0723
vn -0.0700 -0.9953 0.0674
vn -0.0831 -0.9947 0.0613
vn -0.0116 -0.9947 0.1026
vn -0.0234 -0.9953 0.0944
vn -0.0343 -0.9958 0.0851
vn 0.0414 -0.9946 0.0949
vn 0.0269 -0.9952 0.0940
vn 0.0127 -0.9956 0.0930
vn 0.0723 -0.9958 0.0566
vn 0.0675 -0.9953 0.0701
vn 0.0615 -0.9946 0.0833
vn 0.1028 -0.9946 0.0116
vn 0.0944 -0.9953 0.0234
vn 0.0851 -0.9958 0.0343
vn 0.0851 -0.9958 -0.0343
vn 0.0944 -0.9953 -0.0234
vn 0.1028 -0.9946 -0.0116
vn 0.0615 -0.9946 -0.0833
vn 0.0675 -0.9953 -0.0701
vn 0.0723 -0.9958 -0.0566
vn 0.0127 -0.9956 -0.0930
vn 0.0269 -0.9952 -0.0940
vn 0.0414 -0.9946 -0.0949
vn -0.2350 -0.7650 -0.5996
vn -0.1751 -0.6901 -0.7023
vn -0.0781 -0.6312 -0.7717
vn -0.5033 -0.7650 -0.4018
vn -0.5027 -0.6901 -0.5207
vn -0.4535 -0.6312 -0.6293
vn -0.6367 -0.7650 -0.0963
vn -0.6957 -0.6901 -0.1995
vn -0.7073 -0.6312 -0.3182
vn -0.5996 -0.7650 0.2350
vn -0.7023 -0.6901 0.1751
vn -0.7717 -0.6312 0.0781
vn -0.4019 -0.7649 0.5034
vn -0.5207 -0.6900 0.5027
vn -0.6293 -0.6312 0.4535
vn -0.0979 -0.7613 0.6409
vn -0.2021 -0.6900 0.6950
vn -0.3181 -0.6354 0.7036
vn 0.2352 -0.7620 0.6034
vn 0.1725 -0.6904 0.7025
vn 0.0763 -0.6357 0.7682
vn 0.5033 -0.7649 0.4019
vn 0.5024 -0.6904 0.5205
vn 0.4532 -0.6319 0.6287
vn 0.6402 -0.7620 0.0980
vn 0.6947 -0.6904 0.2019
vn 0.7036 -0.6355 0.3181
vn 0.5997 -0.7649 -0.2349
vn 0.7020 -0.6904 -0.1748
vn 0.7711 -0.6319 -0.0782
vn 0.4050 -0.7620 -0.5054
vn 0.5222 -0.6904 -0.5007
vn 0.6272 -0.6355 -0.4503
vn 0.0964 -0.7651 -0.6367
vn 0.1996 -0.6904 -0.6953
vn 0.3179 -0.6319 -0.7069
vn 0.1547 -0.9839 -0.0893
vn 0.1692 -0.9807 -0.0977
vn 0.1824 -0.9776 -0.1053
vn 0.1040 -0.9781 -0.1802
vn 0.0972 -0.9809 -0.1684
vn 0.0932 -0.9825 -0.1615
vn -0.1537 -0.9830 0.1000
vn -0.1659 -0.9809 0.1018
vn -0.1813 -0.9779 0.1040
vn -0.1053 -0.9776 0.1824
vn -0.0977 -0.9807 0.1692
vn -0.0893 -0.9839 0.1547
vn 0.0006 -0.9779 -0.2090
vn -0.0052 -0.9809 -0.1946
vn -0.0098 -0.9830 -0.1831
vn 0.0006 -0.9779 0.2090
vn -0.0052 -0.9809 0.1946
vn -0.0098 -0.9830 0.1831
vn 0.1040 -0.9781 0.1802
vn 0.0972 -0.9809 0.1684
vn 0.0932 -0.9825 0.1615
vn -0.1040 -0.9779 -0.1813
vn -0.1018 -0.9809 -0.1659
vn -0.1001 -0.9830 -0.1537
vn 0.1824 -0.9776 0.1053
vn 0.1692 -0.9807 0.0977
vn 0.1547 -0.9839 0.0893
vn -0.1807 -0.9779 -0.1050
vn -0.1711 -0.9809 -0.0928
vn -0.1635 -0.9830 -0.0831
vn 0.2080 -0.9781 -0.0000
vn 0.1944 -0.9809 -0.0000
vn 0.1865 -0.9825 -0.0000
vn -0.2090 -0.9779 -0.0006
vn -0.1946 -0.9809 0.0052
vn -0.1831 -0.9830 0.0098
vn -0.2538 0.8105 -0.5278
vn -0.1564 0.8493 -0.5042
vn -0.0744 0.8986 -0.4324
vn -0.4848 0.8098 -0.3304
vn -0.3879 0.8489 -0.3591
vn -0.2807 0.8986 -0.3373
vn -0.5921 0.8044 -0.0487
vn -0.5141 0.8490 -0.1223
vn -0.4025 0.9028 -0.1511
vn -0.5285 0.8098 0.2546
vn -0.5049 0.8489 0.1563
vn -0.4322 0.8987 0.0743
vn -0.3382 0.8044 0.4884
vn -0.3630 0.8490 0.3840
vn -0.3321 0.9028 0.2731
vn -0.0437 0.8098 0.5850
vn -0.1171 0.8489 0.5154
vn -0.1517 0.8987 0.4114
vn 0.2539 0.8042 0.5374
vn 0.1511 0.8490 0.5064
vn 0.0704 0.9028 0.4242
vn 0.4883 0.8045 0.3382
vn 0.3834 0.8494 0.3626
vn 0.2728 0.9033 0.3310
vn 0.5840 0.8105 0.0441
vn 0.5148 0.8493 0.1167
vn 0.4114 0.8988 0.1516
vn 0.5278 0.8105 -0.2538
vn 0.5042 0.8493 -0.1564
vn 0.4324 0.8986 -0.0744
vn 0.3302 0.8105 -0.4837
vn 0.3585 0.8493 -0.3876
vn 0.3372 0.8986 -0.2807
vn 0.0441 0.8105 -0.5840
vn 0.1167 0.8493 -0.5149
vn 0.1517 0.8986 -0.4117
vn 0.8137 -0.3087 -0.4925
vn 0.8660 -0.0000 -0.5000
vn 0.8334 0.3087 -0.4585
vn 0.4925 0.3087 -0.8137
vn 0.5000 -0.0000 -0.8660
vn 0.4585 -0.3087 -0.8334
vn -0.8137 -0.3087 0.4925
vn -0.8660 -0.0000 0.5000
vn -0.8334 0.3087 0.4585
vn -0.4925 0.3087 0.8137
vn -0.5000 -0.0000 0.8660
vn -0.4585 -0.3087 0.8334
vn 0.0197 0.3087 -0.9510
vn -0.0000 -0.0000 -1.0000
vn -0.0197 -0.3087 -0.9510
vn -0.0197 0.3087 0.9510
vn 0.0197 -0.3087 0.9510
vn 0.4585 0.3087 0.8334
vn 0.4925 -0.3087 0.8137
vn -0.4585 0.3087 -0.8334
vn -0.4925 -0.3087 -0.8137
vn 0.8137 0.3087 0.4925
vn 0.8660 -0.0000 0.5000
vn 0.8334 -0.3087 0.4585
vn -0.8137 0.3087 -0.4925
vn -0.8334 -0.3087 -0.4585
vn 0.9510 0.3087 0.0197
vn 1.0000 -0.0000 -0.0000
vn 0.9510 -0.3087 -0.0197
vn -0.9510 0.3087 -0.0197
vn -1.0000 -0.0000 -0.0000
vn -0.9510 -0.3087 0.0197
vn 0.0616 0.9881 0.1408
vn 0.0399 0.9895 0.1391
vn 0.0188 0.9904 0.1370
vn 0.1241 0.9881 0.0914
vn 0.1041 0.9895 0.1006
vn 0.0848 0.9904 0.1092
vn 0.1337 0.9908 0.0191
vn 0.1384 0.9896 0.0400
vn 0.1411 0.9881 0.0618
vn 0.1411 0.9881 -0.0618
vn 0.1384 0.9896 -0.0400
vn 0.1337 0.9908 -0.0191
vn 0.0834 0.9908 -0.1063
vn 0.1039 0.9896 -0.0998
vn 0.1240 0.9881 -0.0913
vn 0.0170 0.9881 -0.1530
vn 0.0345 0.9896 -0.1399
vn 0.0503 0.9908 -0.1253
vn -0.0522 0.9904 -0.1280
vn -0.0350 0.9895 -0.1405
vn -0.0171 0.9881 -0.1531
vn -0.1063 0.9908 -0.0834
vn -0.0998 0.9896 -0.1038
vn -0.0910 0.9881 -0.1237
vn -0.1527 0.9881 -0.0170
vn -0.1398 0.9896 -0.0345
vn -0.1253 0.9908 -0.0503
vn -0.1408 0.9881 0.0616
vn -0.1391 0.9895 0.0399
vn -0.1370 0.9904 0.0188
vn -0.0911 0.9881 0.1238
vn -0.1006 0.9895 0.1041
vn -0.1092 0.9904 0.0848
vn -0.0170 0.9881 0.1527
vn -0.0350 0.9895 0.1404
vn -0.0522 0.9904 0.1280
vn -0.1561 0.9500 0.2704
vn -0.1499 0.9573 0.2471
vn -0.1462 0.9629 0.2268
vn -0.0132 0.9629 0.2695
vn -0.0063 0.9573 0.2890
vn 0.0001 0.9500 0.3122
vn 0.1563 0.9499 -0.2708
vn 0.1450 0.9570 -0.2512
vn 0.1311 0.9650 -0.2272
vn -0.0000 0.9608 -0.2772
vn -0.0000 0.9574 -0.2888
vn -0.0000 0.9498 -0.3129
vn -0.1462 0.9629 -0.2268
vn -0.1499 0.9573 -0.2471
vn -0.1561 0.9500 -0.2704
vn 0.1233 0.9629 0.2400
vn 0.1391 0.9573 0.2534
vn 0.1562 0.9500 0.2704
vn -0.2272 0.9650 -0.1311
vn -0.2512 0.9570 -0.1450
vn -0.2708 0.9499 -0.1563
vn 0.2401 0.9608 0.1386
vn 0.2501 0.9574 0.1444
vn 0.2710 0.9498 0.1565
vn -0.2695 0.9629 -0.0132
vn -0.2890 0.9573 -0.0063
vn -0.3122 0.9500 0.0001
vn 0.2623 0.9650 -0.0000
vn 0.2900 0.9570 -0.0000
vn 0.3127 0.9499 -0.0000
vn -0.2400 0.9629 0.1233
vn -0.2534 0.9573 0.1391
vn -0.2704 0.9500 0.1562
vn 0.2401 0.9608 -0.1386
vn 0.2501 0.9574 -0.1444
vn 0.2710 0.9498 -0.1565
vn 0.7691 -0.0039 0.6392
vn 0.7071 -0.0000 0.7071
vn 0.6392 0.0039 0.7691
vn 0.4045 0.5836 0.7041
vn 0.3536 0.7158 0.6022
vn 0.2766 0.8510 0.4463
vn -0.0313 0.9970 -0.0711
vn -0.0009 1.0000 -0.0066
vn 0.0617 0.9961 0.0625
vn 0.4628 0.8511 0.2481
vn 0.6074 0.7158 0.3446
vn 0.7025 0.5836 0.4073
vn 0.7040 -0.5835 0.4049
vn 0.6021 -0.7158 0.3538
vn 0.4463 -0.8510 0.2768
vn -0.0711 -0.9970 -0.0313
vn -0.0066 -1.0000 -0.0009
vn 0.0625 -0.9961 0.0617
vn 0.2482 -0.8510 0.4627
vn 0.3447 -0.7158 0.6073
vn 0.4075 -0.5836 0.7024
vn -0.6176 -0.1446 -0.7731
vn -0.7071 -0.0000 -0.7071
vn -0.7731 0.1446 -0.6176
vn -0.8034 0.3424 -0.4871
vn -0.6233 0.6960 -0.3564
vn -0.3753 0.9074 -0.1894
vn -0.2303 0.9074 -0.3517
vn -0.3616 0.6960 -0.6203
vn -0.4522 0.3424 -0.8236
vn -0.4871 -0.3424 -0.8034
vn -0.3564 -0.6960 -0.6233
vn -0.1894 -0.9074 -0.3753
vn -0.3517 -0.9074 -0.2303
vn -0.6203 -0.6960 -0.3616
vn -0.8236 -0.3424 -0.4522
vn 0.3464 -0.0039 0.9381
vn 0.2588 -0.0000 0.9659
vn 0.1690 0.0039 0.9856
vn -0.0017 0.5836 0.8121
vn 0.0051 0.7158 0.6983
vn 0.0164 0.8510 0.5248
vn 0.0084 0.9970 -0.0772
vn 0.0025 1.0000 -0.0062
vn 0.0221 0.9961 0.0850
vn -0.0459 -0.9970 -0.0627
vn -0.0053 -1.0000 -0.0041
vn 0.0233 -0.9961 0.0847
vn -0.0164 -0.8510 0.5248
vn -0.0051 -0.7158 0.6983
vn 0.0017 -0.5836 0.8121
vn -0.1483 -0.1446 -0.9783
vn -0.2588 -0.0000 -0.9659
vn -0.3607 0.1446 -0.9214
vn -0.0236 0.9073 -0.4197
vn -0.0029 0.6960 -0.7180
vn 0.0203 0.3424 -0.9393
vn -0.0207 -0.3425 -0.9393
vn 0.0026 -0.6961 -0.7180
vn 0.0233 -0.9074 -0.4197
vn -0.1690 -0.0039 0.9856
vn -0.2588 -0.0000 0.9659
vn -0.3464 0.0039 0.9381
vn -0.4035 0.5897 0.6996
vn -0.3322 0.7304 0.5968
vn -0.2372 0.8602 0.4514
vn 0.0439 0.9972 -0.0610
vn 0.0032 1.0000 -0.0005
vn -0.0238 0.9961 0.0854
vn -0.0087 -0.9972 -0.0742
vn -0.0030 -1.0000 -0.0042
vn -0.0226 -0.9960 0.0862
vn -0.2764 -0.8510 0.4465
vn -0.3534 -0.7157 0.6024
vn -0.4042 -0.5835 0.7044
vn 0.3403 -0.1470 -0.9288
vn 0.2500 0.0226 -0.9680
vn 0.1441 0.1557 -0.9772
vn 0.2629 0.8477 -0.4607
vn 0.3992 0.6037 -0.6901
vn 0.4817 0.1798 -0.8577
vn 0.4459 -0.4021 -0.7997
vn 0.3619 -0.7123 -0.6014
vn 0.2286 -0.9105 -0.3447
vn -0.6396 -0.0043 0.7687
vn -0.7071 0.0016 0.7071
vn -0.7687 0.0073 0.6395
vn -0.7063 0.5798 0.4062
vn -0.6173 0.7003 0.3585
vn -0.5229 0.8002 0.2935
vn -0.0652 0.9961 0.0594
vn -0.0257 0.9996 0.0138
vn -0.0182 0.9997 -0.0153
vn 0.0297 -0.9972 -0.0689
vn -0.0083 -1.0000 0.0016
vn -0.0929 -0.9919 0.0864
vn -0.5159 -0.8001 0.3061
vn -0.6192 -0.7002 0.3552
vn -0.7050 -0.5798 0.4083
vn 0.7625 -0.0048 -0.6470
vn 0.6952 -0.0156 -0.7187
vn 0.5773 -0.0577 -0.8145
vn 0.2589 0.9561 -0.1371
vn 0.5457 0.7785 -0.3101
vn 0.7570 0.4848 -0.4381
vn 0.7577 -0.4847 -0.4370
vn 0.5414 -0.7784 -0.3179
vn 0.2483 -0.9561 -0.1559
vn -0.9390 -0.0138 0.3436
vn -0.9671 -0.0201 0.2535
vn -0.9871 -0.0086 0.1599
vn -0.7526 0.6584 0.0079
vn -0.6210 0.7838 0.0032
vn -0.3469 0.9379 0.0050
vn 0.1309 0.9913 -0.0110
vn 0.0068 1.0000 0.0007
vn -0.1188 0.9923 0.0362
vn -0.0841 -0.9961 0.0268
vn -0.0248 -0.9996 0.0153
vn 0.0041 -0.9997 0.0234
vn -0.5159 -0.8565 -0.0185
vn -0.7000 -0.7141 -0.0064
vn -0.8231 -0.5677 0.0120
vn 0.9942 0.0557 -0.0922
vn 0.9701 0.0127 -0.2425
vn 0.9416 0.0003 -0.3368
vn 0.4792 0.8775 -0.0200
vn 0.7227 0.6911 -0.0085
vn 0.9185 0.3951 0.0146
vn 0.9836 -0.1798 0.0117
vn 0.7972 -0.6037 -0.0006
vn 0.5304 -0.8477 0.0027
vn -0.9737 0.0065 -0.2277
vn -0.9559 -0.0120 -0.2935
vn -0.9147 -0.0519 -0.4008
vn -0.7633 0.4643 -0.4492
vn -0.6626 0.6384 -0.3916
vn -0.5520 0.7677 -0.3257
vn -0.0200 0.9996 0.0185
vn 0.0030 1.0000 0.0080
vn 0.0396 0.9992 -0.0075
vn 0.0735 -0.9973 -0.0078
vn 0.0010 -1.0000 -0.0028
vn -0.0875 -0.9959 -0.0226
vn -0.4432 -0.8537 -0.2735
vn -0.5904 -0.7261 -0.3523
vn -0.6632 -0.6314 -0.4019
vn 0.9182 -0.1566 0.3638
vn 0.9632 -0.0241 0.2676
vn 0.9748 0.1446 0.1699
vn 0.3761 0.9065 0.1919
vn 0.6269 0.6908 0.3603
vn 0.8028 0.3414 0.4889
vn 0.8236 -0.3423 0.4523
vn 0.6203 -0.6960 0.3616
vn 0.3517 -0.9073 0.2303
vn -0.7569 -0.0759 -0.6491
vn -0.7071 0.0001 -0.7071
vn -0.6489 0.0757 -0.7571
vn -0.4020 0.6313 -0.6632
vn -0.3524 0.7261 -0.5904
vn -0.2736 0.8537 -0.4432
vn 0.0324 0.9968 0.0730
vn 0.0026 0.9999 0.0103
vn -0.0666 0.9958 -0.0624
vn 0.0719 -0.9969 0.0312
vn 0.0021 -1.0000 -0.0072
vn -0.0865 -0.9911 -0.1011
vn -0.3476 -0.7155 -0.6060
vn -0.3967 -0.6105 -0.6855
vn -0.4510 -0.4542 -0.7683
vn 0.6148 -0.1550 0.7733
vn 0.7061 -0.0076 0.7081
vn 0.7727 0.1410 0.6189
vn 0.2317 0.9067 0.3523
vn 0.3630 0.7025 0.6121
vn 0.4648 0.3426 0.8165
vn 0.4580 -0.4669 0.7565
vn 0.3175 -0.7796 0.5398
vn 0.1320 -0.9649 0.2271
vn -0.4007 0.0544 -0.9146
vn -0.2933 0.0145 -0.9559
vn -0.2277 -0.0031 -0.9737
vn 0.0120 0.5677 -0.8231
vn -0.0064 0.7141 -0.7000
vn -0.0185 0.8565 -0.5159
vn -0.0078 0.9973 0.0725
vn -0.0028 1.0000 0.0009
vn -0.0225 0.9959 -0.0872
vn -0.0438 -0.9911 -0.1255
vn -0.0028 -1.0000 0.0048
vn 0.0067 -0.9920 0.1260
vn 0.0014 -0.9480 -0.3183
vn 0.0022 -0.7828 -0.6223
vn 0.0077 -0.6588 -0.7523
vn 0.1241 0.0014 0.9923
vn 0.2482 0.0014 0.9687
vn 0.3345 -0.0043 0.9424
vn 0.0038 0.8542 0.5199
vn 0.0015 0.6408 0.7677
vn 0.0014 0.3107 0.9505
vn -0.0000 -0.3078 0.9514
vn -0.0001 -0.6357 0.7720
vn -0.0001 -0.8329 0.5534
vn 0.1594 0.0113 -0.9871
vn 0.2535 0.0214 -0.9671
vn 0.3436 0.0145 -0.9390
vn 0.4085 0.5798 -0.7049
vn 0.3554 0.7003 -0.6191
vn 0.3061 0.8002 -0.5156
vn 0.0270 0.9960 -0.0847
vn 0.0155 0.9996 -0.0255
vn 0.0237 0.9997 0.0030
vn -0.0076 -0.9917 0.1281
vn -0.0025 -0.9999 0.0148
vn 0.0209 -0.9963 -0.0832
vn 0.2764 -0.8510 -0.4465
vn 0.3534 -0.7157 -0.6023
vn 0.4043 -0.5836 -0.7043
vn -0.3345 0.0048 0.9424
vn -0.2480 -0.0008 0.9688
vn -0.1238 -0.0005 0.9923
vn -0.1556 0.9564 0.2470
vn -0.3251 0.7733 0.5444
vn -0.4576 0.4647 0.7581
vn -0.4650 -0.3425 0.8164
vn -0.3631 -0.7025 0.6121
vn -0.2318 -0.9067 0.3523
vn 0.6411 -0.0098 -0.7674
vn 0.7107 -0.0174 -0.7033
vn 0.7749 -0.0065 -0.6320
vn 0.6479 0.6584 -0.3831
vn 0.5362 0.7838 -0.3133
vn 0.2980 0.9379 -0.1778
vn -0.1085 0.9912 0.0755
vn -0.0063 1.0000 0.0028
vn 0.0850 0.9922 -0.0911
vn -0.0313 -0.9970 0.0711
vn -0.0009 -1.0000 0.0066
vn 0.0616 -0.9961 -0.0625
vn 0.4682 -0.8464 -0.2538
vn 0.6199 -0.6988 -0.3569
vn 0.7093 -0.5620 -0.4256
vn -0.7723 -0.1437 0.6187
vn -0.7062 0.0043 0.7080
vn -0.6153 0.1505 0.7738
vn -0.4102 0.8745 0.2589
vn -0.6377 0.6758 0.3696
vn -0.8273 0.3335 0.4521
vn -0.8034 -0.3424 0.4871
vn -0.6233 -0.6960 0.3564
vn -0.3753 -0.9074 0.1894
vn 0.9571 0.0065 -0.2897
vn 0.9746 -0.0120 -0.2238
vn 0.9926 -0.0519 -0.1102
vn 0.8858 0.4640 0.0077
vn 0.7698 0.6382 0.0082
vn 0.6410 0.7675 0.0064
vn 0.0056 0.9997 -0.0255
vn -0.0082 1.0000 -0.0051
vn -0.0318 0.9991 0.0267
vn -0.0615 -0.9971 0.0455
vn -0.0030 -1.0000 0.0050
vn 0.0863 -0.9960 -0.0237
vn 0.5206 -0.8537 0.0152
vn 0.6875 -0.7261 0.0098
vn 0.7752 -0.6314 0.0164
vn -0.9782 -0.1456 0.1483
vn -0.9659 -0.0015 0.2588
vn -0.9218 0.1421 0.3606
vn -0.4218 0.9064 0.0221
vn -0.7231 0.6907 0.0017
vn -0.9397 0.3413 -0.0215
vn -0.9393 -0.3424 0.0201
vn -0.7180 -0.6960 -0.0030
vn -0.4197 -0.9074 -0.0236
vn 0.9778 -0.0928 0.1877
vn 0.9620 -0.0514 0.2680
vn 0.9364 -0.0114 0.3508
vn -0.0638 0.9969 -0.0468
vn -0.0068 0.9999 -0.0075
vn 0.0887 0.9958 0.0205
vn -0.0780 -0.9969 0.0082
vn -0.0068 -1.0000 0.0024
vn 0.0851 -0.9961 0.0219
vn -0.9214 -0.1446 -0.3607
vn -0.9659 -0.0000 -0.2588
vn -0.9783 0.1446 -0.1483
vn 0.1616 -0.9785 -0.1282
vn 0.1403 -0.9804 -0.1386
vn 0.1206 -0.9815 -0.1486
vn -0.1451 -0.9819 0.1216
vn -0.1377 -0.9804 0.1406
vn -0.1281 -0.9785 0.1617
vn 0.0682 -0.9815 -0.1788
vn 0.0490 -0.9805 -0.1906
vn 0.0294 -0.9787 -0.2031
vn -0.0760 -0.9785 0.1918
vn -0.0530 -0.9804 0.1896
vn -0.0328 -0.9819 0.1865
vn 0.0294 -0.9787 0.2031
vn 0.0490 -0.9805 0.1906
vn 0.0682 -0.9815 0.1788
vn -0.0330 -0.9819 -0.1864
vn -0.0536 -0.9805 -0.1889
vn -0.0763 -0.9787 -0.1905
vn 0.1206 -0.9815 0.1486
vn 0.1403 -0.9804 0.1386
vn 0.1616 -0.9785 0.1282
vn -0.1217 -0.9819 -0.1449
vn -0.1408 -0.9805 -0.1368
vn -0.1614 -0.9787 -0.1268
vn 0.1919 -0.9785 0.0758
vn 0.1902 -0.9804 0.0522
vn 0.1890 -0.9815 0.0301
vn -0.1779 -0.9819 -0.0646
vn -0.1904 -0.9805 -0.0480
vn -0.2032 -0.9787 -0.0292
vn 0.1890 -0.9815 -0.0301
vn 0.1902 -0.9804 -0.0522
vn 0.1919 -0.9785 -0.0758
vn -0.1864 -0.9819 0.0330
vn -0.1889 -0.9805 0.0536
vn -0.1905 -0.9787 0.0763
vn 0.7533 -0.1797 -0.6327
vn 0.7071 -0.0000 -0.7071
vn 0.6327 0.1797 -0.7533
vn -0.7533 -0.1797 0.6327
vn -0.7071 -0.0000 0.7071
vn -0.6327 0.1797 0.7533
vn 0.3360 -0.1797 -0.9245
vn 0.2588 -0.0000 -0.9659
vn 0.1713 0.1797 -0.9687
vn -0.3360 -0.1797 0.9245
vn -0.1713 0.1797 0.9687
vn 0.1713 -0.1797 0.9687
vn 0.3360 0.1797 0.9245
vn -0.1713 -0.1797 -0.9687
vn -0.3360 0.1797 -0.9245
vn 0.6327 -0.1797 0.7533
vn 0.7533 0.1797 0.6327
vn -0.6327 -0.1797 -0.7533
vn -0.7533 0.1797 -0.6327
vn 0.9245 -0.1797 0.3360
vn 0.9659 -0.0000 0.2588
vn 0.9687 0.1797 0.1713
vn -0.9245 -0.1797 -0.3360
vn -0.9687 0.1797 -0.1713
vn 0.9687 -0.1797 -0.1713
vn 0.9659 -0.0000 -0.2588
vn 0.9245 0.1797 -0.3360
vn -0.9687 -0.1797 0.1713
vn -0.9659 -0.0000 0.2588
vn -0.9245 0.1797 0.3360
vn -0.1116 0.9520 0.2849
vn -0.0787 0.9567 0.2803
vn -0.0482 0.9602 0.2750
vn 0.1111 0.9515 -0.2868
vn 0.0771 0.9563 -0.2820
vn 0.0471 0.9594 -0.2780
vn -0.0473 0.9594 -0.2779
vn -0.0778 0.9565 -0.2812
vn -0.1113 0.9520 -0.2850
vn 0.0459 0.9520 0.3025
vn 0.0720 0.9567 0.2821
vn 0.0958 0.9602 0.2623
vn -0.1791 0.9602 -0.2143
vn -0.2081 0.9565 -0.2045
vn -0.2397 0.9515 -0.1927
vn 0.1912 0.9520 0.2389
vn 0.2046 0.9565 0.2080
vn 0.2170 0.9594 0.1799
vn -0.2867 0.9515 -0.1113
vn -0.2812 0.9565 -0.0780
vn -0.2752 0.9602 -0.0480
vn 0.2643 0.9594 0.0982
vn 0.2828 0.9563 0.0742
vn 0.3039 0.9515 0.0472
vn -0.3025 0.9520 0.0459
vn -0.2821 0.9567 0.0720
vn -0.2623 0.9602 0.0958
vn 0.3039 0.9515 -0.0472
vn 0.2828 0.9563 -0.0742
vn 0.2643 0.9594 -0.0982
vn -0.2391 0.9520 0.1910
vn -0.2083 0.9567 0.2034
vn -0.1793 0.9602 0.2141
vn 0.2172 0.9594 -0.1798
vn 0.2057 0.9563 -0.2078
vn 0.1929 0.9515 -0.2396
vn 0.4141 0.8385 0.3540
vn 0.5017 0.7054 0.5007
vn 0.5406 0.5494 0.6371
vn 0.3540 -0.8385 0.4141
vn 0.5007 -0.7054 0.5017
vn 0.6371 -0.5494 0.5406
vn -0.3064 0.8766 -0.3710
vn -0.5047 0.7030 -0.5011
vn -0.6924 0.4520 -0.5624
vn -0.3710 -0.8766 -0.3064
vn -0.5011 -0.7030 -0.5048
vn -0.5624 -0.4520 -0.6924
vn 0.1816 0.8385 0.5137
vn 0.1841 0.7054 0.6845
vn 0.1496 0.5494 0.8220
vn 0.0995 -0.8385 0.5357
vn 0.1828 -0.7054 0.6848
vn 0.2814 -0.5494 0.7867
vn -0.0799 0.8766 -0.4745
vn -0.1866 0.7030 -0.6863
vn -0.3184 0.4520 -0.8333
vn -0.1681 -0.8766 -0.4509
vn -0.1816 -0.7030 -0.6877
vn -0.1409 -0.4520 -0.8808
vn -0.0996 0.8382 0.5363
vn -0.1829 0.7052 0.6851
vn -0.2814 0.5493 0.7868
vn -0.1816 -0.8385 0.5137
vn -0.1841 -0.7054 0.6845
vn -0.1496 -0.5494 0.8220
vn 0.1754 0.8690 -0.4627
vn 0.1819 0.7035 -0.6870
vn 0.1410 0.4567 -0.8784
vn 0.0766 -0.8806 -0.4676
vn 0.1754 -0.7261 -0.6649
vn 0.2925 -0.5096 -0.8092
vn -0.3541 0.8399 0.4113
vn -0.4894 0.7246 0.4853
vn -0.6347 0.5576 0.5350
vn -0.4157 -0.8354 0.3595
vn -0.4933 -0.7147 0.4958
vn -0.5372 -0.5544 0.6357
vn 0.3125 0.8741 -0.3719
vn 0.5106 0.6945 -0.5069
vn 0.7190 0.3760 -0.5845
vn 0.3036 -0.8781 -0.3697
vn 0.4964 -0.7111 -0.4979
vn 0.7146 -0.3852 -0.5839
vn -0.5133 0.8398 0.1765
vn -0.6642 0.7275 0.1720
vn -0.8070 0.5749 0.1352
vn -0.5333 -0.8399 0.1010
vn -0.6648 -0.7248 0.1811
vn -0.7799 -0.5588 0.2819
vn 0.5128 0.8532 -0.0953
vn 0.6998 0.6882 -0.1916
vn 0.8667 0.3734 -0.3309
vn 0.4783 -0.8741 -0.0847
vn 0.6943 -0.6945 -0.1887
vn 0.8657 -0.3760 -0.3304
vn -0.5492 0.8118 -0.1986
vn -0.6828 0.7076 -0.1819
vn -0.7837 0.6063 -0.1348
vn -0.5201 -0.8335 -0.1866
vn -0.7019 -0.6857 -0.1928
vn -0.8071 -0.5710 -0.1500
vn 0.4246 0.8918 0.1566
vn 0.6723 0.7179 0.1807
vn 0.8515 0.5022 0.1505
vn 0.4884 -0.8690 0.0795
vn 0.6859 -0.7035 0.1860
vn 0.8312 -0.4567 0.3171
vn -0.4423 0.8166 -0.3710
vn -0.5212 0.6820 -0.5130
vn -0.5519 0.5423 -0.6335
vn -0.3799 -0.8056 -0.4547
vn -0.5129 -0.6824 -0.5209
vn -0.6332 -0.5437 -0.5509
vn 0.3064 0.8766 0.3710
vn 0.5049 0.7028 0.5012
vn 0.6928 0.4511 0.5626
vn 0.3706 -0.8770 0.3058
vn 0.5012 -0.7039 0.5033
vn 0.5580 -0.4600 0.6907
vn -0.1866 0.8335 -0.5201
vn -0.1928 0.6856 -0.7019
vn -0.1500 0.5710 -0.8071
vn -0.2037 -0.8059 -0.5559
vn -0.1925 -0.6832 -0.7044
vn -0.1387 -0.5966 -0.7905
vn 0.0778 0.8710 0.4850
vn 0.1814 0.7121 0.6783
vn 0.3227 0.3896 0.8626
vn 0.0851 -0.8583 0.5061
vn 0.1809 -0.7111 0.6794
vn 0.3177 -0.4141 0.8530
vn 0.1010 0.8399 -0.5333
vn 0.1811 0.7248 -0.6648
vn 0.2819 0.5588 -0.7799
vn 0.1785 -0.8417 -0.5096
vn 0.1770 -0.7175 -0.6737
vn 0.1375 -0.5697 -0.8103
vn -0.0832 0.8767 0.4737
vn -0.1840 0.7059 0.6840
vn -0.3199 0.4078 0.8552
vn -0.0869 -0.8561 0.5094
vn -0.1864 -0.7012 0.6881
vn -0.3245 -0.3835 0.8647
vn 0.3563 0.8398 -0.4095
vn 0.4892 0.7275 -0.4810
vn 0.6313 0.5749 -0.5205
vn 0.4141 -0.8385 -0.3540
vn 0.5015 -0.7057 -0.5005
vn 0.5401 -0.5506 -0.6365
vn -0.3990 0.8505 0.3426
vn -0.5144 0.6791 0.5236
vn -0.5598 0.4481 0.6970
vn -0.3067 -0.8764 0.3714
vn -0.5051 -0.7024 0.5015
vn -0.6929 -0.4506 0.5629
vn 0.5749 0.8118 -0.1025
vn 0.6823 0.7076 -0.1839
vn 0.7461 0.6063 -0.2751
vn 0.5431 -0.8339 -0.0985
vn 0.7040 -0.6859 -0.1839
vn 0.7739 -0.5711 -0.2736
vn -0.4532 0.8878 0.0800
vn -0.6943 0.6938 0.1911
vn -0.8362 0.4446 0.3212
vn -0.4509 -0.8766 0.1681
vn -0.6877 -0.7030 0.1816
vn -0.8808 -0.4520 0.1409
vn 0.5653 0.8187 0.1012
vn 0.6983 0.6917 0.1842
vn 0.7918 0.5418 0.2820
vn 0.5161 -0.8365 0.1839
vn 0.6922 -0.6965 0.1890
vn 0.8195 -0.5505 0.1590
vn -0.4504 0.8769 -0.1679
vn -0.6873 0.7034 -0.1814
vn -0.8806 0.4526 -0.1408
vn -0.4745 -0.8766 -0.0799
vn -0.6863 -0.7030 -0.1866
vn -0.8333 -0.4520 -0.3184
vn 0.1456 -0.9808 -0.1297
vn 0.1302 -0.9808 -0.1449
vn 0.1456 -0.9792 -0.1410
vn 0.1678 -0.9775 -0.1279
vn 0.1570 -0.9808 -0.1155
vn 0.1440 -0.9838 -0.1070
vn 0.1352 -0.9824 -0.1286
vn -0.1297 -0.9808 0.1455
vn -0.1279 -0.9775 0.1678
vn -0.1407 -0.9793 0.1456
vn -0.1442 -0.9809 0.1302
vn -0.1286 -0.9824 0.1353
vn -0.1070 -0.9838 0.1440
vn -0.1155 -0.9808 0.1570
vn 0.0364 -0.9809 -0.1912
vn 0.0243 -0.9777 -0.2085
vn 0.0474 -0.9794 -0.1964
vn 0.0597 -0.9808 -0.1855
vn 0.0422 -0.9822 -0.1828
vn 0.0170 -0.9832 -0.1820
vn 0.0166 -0.9809 -0.1936
vn -0.0612 -0.9808 0.1851
vn -0.0407 -0.9809 0.1900
vn -0.0558 -0.9793 0.1946
vn -0.0813 -0.9775 0.1946
vn -0.0782 -0.9808 0.1785
vn -0.0712 -0.9838 0.1647
vn -0.0529 -0.9824 0.1790
vn 0.0364 -0.9809 0.1912
vn 0.0597 -0.9808 0.1855
vn 0.0474 -0.9794 0.1964
vn 0.0243 -0.9777 0.2085
vn 0.0166 -0.9809 0.1936
vn 0.0170 -0.9832 0.1820
vn 0.0422 -0.9822 0.1828
vn -0.0641 -0.9809 -0.1837
vn -0.0833 -0.9777 -0.1927
vn -0.0573 -0.9794 -0.1935
vn -0.0414 -0.9809 -0.1899
vn -0.0549 -0.9822 -0.1794
vn -0.0763 -0.9832 -0.1661
vn -0.0825 -0.9809 -0.1760
vn 0.1455 -0.9808 0.1297
vn 0.1678 -0.9775 0.1279
vn 0.1456 -0.9792 0.1410
vn 0.1302 -0.9808 0.1449
vn 0.1352 -0.9824 0.1286
vn 0.1440 -0.9838 0.1070
vn 0.1570 -0.9808 0.1155
vn -0.1474 -0.9809 -0.1271
vn -0.1685 -0.9777 -0.1252
vn -0.1464 -0.9794 -0.1390
vn -0.1309 -0.9809 -0.1438
vn -0.1372 -0.9822 -0.1279
vn -0.1491 -0.9832 -0.1057
vn -0.1594 -0.9809 -0.1112
vn 0.1851 -0.9808 0.0612
vn 0.1906 -0.9808 0.0403
vn 0.1949 -0.9792 0.0556
vn 0.1947 -0.9775 0.0813
vn 0.1785 -0.9808 0.0782
vn 0.1647 -0.9838 0.0712
vn 0.1790 -0.9824 0.0528
vn -0.1912 -0.9809 -0.0364
vn -0.2085 -0.9777 -0.0242
vn -0.1963 -0.9794 -0.0471
vn -0.1852 -0.9809 -0.0591
vn -0.1828 -0.9822 -0.0422
vn -0.1820 -0.9832 -0.0170
vn -0.1936 -0.9809 -0.0166
vn 0.1851 -0.9808 -0.0612
vn 0.1947 -0.9775 -0.0813
vn 0.1949 -0.9792 -0.0556
vn 0.1906 -0.9808 -0.0403
vn 0.1790 -0.9824 -0.0528
vn 0.1647 -0.9838 -0.0712
vn 0.1785 -0.9808 -0.0782
vn -0.1837 -0.9809 0.0641
vn -0.1927 -0.9777 0.0833
vn -0.1935 -0.9794 0.0573
vn -0.1899 -0.9809 0.0414
vn -0.1794 -0.9822 0.0549
vn -0.1661 -0.9832 0.0763
vn -0.1760 -0.9809 0.0825
vn 0.6597 -0.0149 -0.7514
vn 0.5845 0.3405 -0.7365
vn 0.6938 0.1547 -0.7033
vn 0.7481 -0.0916 -0.6572
vn 0.6665 -0.2554 -0.7004
vn 0.5523 -0.3516 -0.7559
vn 0.5774 -0.0010 -0.8164
vn -0.6597 -0.0149 0.7514
vn -0.5845 0.3405 0.7365
vn -0.6938 0.1547 0.7033
vn -0.7481 -0.0916 0.6572
vn -0.6665 -0.2554 0.7004
vn -0.5523 -0.3516 0.7559
vn -0.5774 -0.0010 0.8164
vn 0.1956 -0.0149 -0.9806
vn 0.1379 0.3405 -0.9301
vn 0.2492 0.1547 -0.9560
vn 0.3193 -0.0916 -0.9432
vn 0.2270 -0.2554 -0.9398
vn 0.1004 -0.3516 -0.9308
vn 0.0919 -0.0010 -0.9958
vn -0.1956 -0.0149 0.9806
vn -0.1379 0.3405 0.9301
vn -0.2492 0.1547 0.9560
vn -0.3193 -0.0916 0.9432
vn -0.2270 -0.2554 0.9398
vn -0.1004 -0.3516 0.9308
vn -0.0919 -0.0010 0.9958
vn 0.3209 -0.0149 0.9470
vn 0.3456 0.3405 0.8744
vn 0.2622 0.1547 0.9525
vn 0.1951 -0.0916 0.9765
vn 0.2733 -0.2554 0.9274
vn 0.3785 -0.3516 0.8562
vn 0.4183 -0.0010 0.9083
vn -0.3209 -0.0149 -0.9470
vn -0.3456 0.3405 -0.8744
vn -0.2622 0.1547 -0.9525
vn -0.1951 -0.0916 -0.9765
vn -0.2733 -0.2554 -0.9274
vn -0.3785 -0.3516 -0.8562
vn -0.4183 -0.0010 -0.9083
vn 0.7514 -0.0149 0.6597
vn 0.7365 0.3405 0.5845
vn 0.7033 0.1547 0.6938
vn 0.6572 -0.0916 0.7481
vn 0.7004 -0.2554 0.6665
vn 0.7559 -0.3516 0.5523
vn 0.8164 -0.0010 0.5774
vn -0.7514 -0.0149 -0.6597
vn -0.7365 0.3405 -0.5845
vn -0.7033 0.1547 -0.6938
vn -0.6572 -0.0916 -0.7481
vn -0.7004 -0.2554 -0.6665
vn -0.7559 -0.3516 -0.5523
vn -0.8164 -0.0010 -0.5774
vn 0.9806 -0.0149 0.1956
vn 0.9301 0.3405 0.1379
vn 0.9560 0.1547 0.2492
vn 0.9432 -0.0916 0.3193
vn 0.9398 -0.2554 0.2270
vn 0.9308 -0.3516 0.1004
vn 0.9958 -0.0010 0.0919
vn -0.9806 -0.0149 -0.1956
vn -0.9301 0.3405 -0.1379
vn -0.9560 0.1547 -0.2492
vn -0.9432 -0.0916 -0.3193
vn -0.9398 -0.2554 -0.2270
vn -0.9308 -0.3516 -0.1004
vn -0.9958 -0.0010 -0.0919
vn 0.9470 -0.0149 -0.3209
vn 0.8744 0.3405 -0.3456
vn 0.9525 0.1547 -0.2622
vn 0.9765 -0.0916 -0.1951
vn 0.9274 -0.2554 -0.2733
vn 0.8562 -0.3516 -0.3785
vn 0.9083 -0.0010 -0.4183
vn -0.9470 -0.0149 0.3209
vn -0.8744 0.3405 0.3456
vn -0.9525 0.1547 0.2622
vn -0.9765 -0.0916 0.1951
vn -0.9274 -0.2554 0.2733
vn -0.8562 -0.3516 0.3785
vn -0.9083 -0.0010 0.4183
vn -0.0614 0.9562 0.2863
vn -0.0423 0.9631 0.2658
vn -0.0734 0.9592 0.2730
vn -0.0955 0.9540 0.2841
vn -0.0724 0.9507 0.3015
vn -0.0369 0.9490 0.3130
vn -0.0357 0.9571 0.2875
vn 0.0583 0.9564 -0.2863
vn 0.0380 0.9617 -0.2714
vn 0.0709 0.9590 -0.2743
vn 0.0946 0.9540 -0.2846
vn 0.0710 0.9511 -0.3007
vn 0.0350 0.9495 -0.3118
vn 0.0311 0.9573 -0.2876
vn -0.0583 0.9564 -0.2863
vn -0.0949 0.9541 -0.2840
vn -0.0711 0.9591 -0.2740
vn -0.0380 0.9617 -0.2714
vn -0.0311 0.9573 -0.2876
vn -0.0350 0.9495 -0.3118
vn -0.0711 0.9511 -0.3007
vn 0.0900 0.9562 0.2786
vn 0.0963 0.9631 0.2514
vn 0.0729 0.9592 0.2731
vn 0.0593 0.9540 0.2938
vn 0.0880 0.9507 0.2973
vn 0.1245 0.9490 0.2896
vn 0.1128 0.9571 0.2668
vn -0.1963 0.9562 -0.2173
vn -0.2249 0.9539 -0.1990
vn -0.2000 0.9591 -0.2001
vn -0.1696 0.9631 -0.2091
vn -0.1747 0.9571 -0.2311
vn -0.1885 0.9490 -0.2526
vn -0.2134 0.9507 -0.2249
vn 0.2187 0.9564 0.1937
vn 0.2160 0.9617 0.1686
vn 0.2017 0.9591 0.1986
vn 0.1985 0.9541 0.2241
vn 0.2249 0.9511 0.2119
vn 0.2525 0.9495 0.1862
vn 0.2335 0.9573 0.1707
vn -0.2864 0.9562 -0.0614
vn -0.2659 0.9631 -0.0423
vn -0.2733 0.9591 -0.0732
vn -0.2847 0.9539 -0.0953
vn -0.3015 0.9507 -0.0724
vn -0.3130 0.9490 -0.0369
vn -0.2875 0.9571 -0.0357
vn 0.2771 0.9564 0.0927
vn 0.2938 0.9540 0.0604
vn 0.2730 0.9590 0.0758
vn 0.2540 0.9617 0.1028
vn 0.2646 0.9573 0.1168
vn 0.2875 0.9495 0.1256
vn 0.2960 0.9511 0.0889
vn -0.2786 0.9562 0.0900
vn -0.2514 0.9631 0.0963
vn -0.2731 0.9592 0.0729
vn -0.2938 0.9540 0.0593
vn -0.2973 0.9507 0.0880
vn -0.2896 0.9490 0.1245
vn -0.2668 0.9571 0.1128
vn 0.2771 0.9564 -0.0927
vn 0.2540 0.9617 -0.1028
vn 0.2730 0.9590 -0.0758
vn 0.2938 0.9540 -0.0604
vn 0.2960 0.9511 -0.0889
vn 0.2875 0.9495 -0.1256
vn 0.2646 0.9573 -0.1168
vn -0.1963 0.9562 0.2172
vn -0.1695 0.9631 0.2091
vn -0.2001 0.9592 0.1997
vn -0.2248 0.9540 0.1983
vn -0.2134 0.9507 0.2249
vn -0.1885 0.9490 0.2526
vn -0.1747 0.9571 0.2311
vn 0.2188 0.9564 -0.1937
vn 0.1992 0.9540 -0.2242
vn 0.2021 0.9590 -0.1985
vn 0.2160 0.9617 -0.1686
vn 0.2335 0.9573 -0.1707
vn 0.2525 0.9495 -0.1862
vn 0.2249 0.9511 -0.2119
vn 0.5912 0.6125 0.5247
vn 0.5972 0.4698 0.6501
vn 0.5681 0.6154 0.5463
vn 0.5591 0.6952 0.4518
vn 0.6073 0.6610 0.4407
vn 0.6499 0.5761 0.4957
vn 0.6308 0.4989 0.5943
vn 0.5247 -0.6125 0.5912
vn 0.6501 -0.4698 0.5972
vn 0.5463 -0.6154 0.5681
vn 0.4518 -0.6952 0.5590
vn 0.4407 -0.6610 0.6073
vn 0.4957 -0.5761 0.6499
vn 0.5943 -0.4989 0.6308
vn -0.5378 0.5769 -0.6147
vn -0.6676 0.4477 -0.5949
vn -0.4936 0.7126 -0.4986
vn -0.3212 0.8523 -0.4128
vn -0.4474 0.6342 -0.6306
vn -0.5814 0.1790 -0.7937
vn -0.6593 0.2859 -0.6954
vn -0.6147 -0.5769 -0.5378
vn -0.5949 -0.4476 -0.6676
vn -0.4986 -0.7126 -0.4936
vn -0.4128 -0.8523 -0.3212
vn -0.6306 -0.6343 -0.4474
vn -0.7937 -0.1790 -0.5814
vn -0.6954 -0.2859 -0.6593
vn 0.2496 0.6125 0.7500
vn 0.1922 0.4698 0.8616
vn 0.2189 0.6154 0.7572
vn 0.2583 0.6952 0.6708
vn 0.3056 0.6610 0.6853
vn 0.3150 0.5761 0.7543
vn 0.2492 0.4988 0.8301
vn 0.1588 -0.6125 0.7743
vn 0.2644 -0.4698 0.8422
vn 0.1891 -0.6154 0.7652
vn 0.1117 -0.6952 0.7100
vn 0.0780 -0.6610 0.7463
vn 0.1044 -0.5761 0.8107
vn 0.1993 -0.4989 0.8435
vn -0.1584 0.5769 -0.8013
vn -0.2807 0.4476 -0.8490
vn -0.1781 0.7126 -0.6786
vn -0.0718 0.8523 -0.5181
vn -0.0721 0.6343 -0.7698
vn -0.1067 0.1790 -0.9780
vn -0.2232 0.2859 -0.9319
vn -0.2635 -0.5769 -0.7732
vn -0.1814 -0.4476 -0.8756
vn -0.1850 -0.7126 -0.6768
vn -0.1969 -0.8523 -0.4846
vn -0.3224 -0.6343 -0.7027
vn -0.3966 -0.1790 -0.9004
vn -0.2726 -0.2859 -0.9187
vn -0.1588 0.6125 0.7743
vn -0.2644 0.4698 0.8423
vn -0.1891 0.6154 0.7652
vn -0.1117 0.6952 0.7100
vn -0.0780 0.6610 0.7463
vn -0.1044 0.5761 0.8107
vn -0.1993 0.4989 0.8435
vn -0.2496 -0.6125 0.7500
vn -0.1922 -0.4698 0.8616
vn -0.2189 -0.6154 0.7572
vn -0.2583 -0.6952 0.6708
vn -0.3056 -0.6610 0.6853
vn -0.3150 -0.5761 0.7543
vn -0.2492 -0.4988 0.8301
vn 0.2596 0.5827 -0.7701
vn 0.1770 0.4653 -0.8673
vn 0.1854 0.7151 -0.6740
vn 0.2167 0.8315 -0.5115
vn 0.3310 0.5991 -0.7290
vn 0.3753 0.1885 -0.9075
vn 0.2619 0.3169 -0.9116
vn 0.1516 -0.5805 -0.8000
vn 0.2641 -0.4577 -0.8490
vn 0.1692 -0.7166 -0.6766
vn 0.0694 -0.8527 -0.5177
vn 0.0703 -0.6348 -0.7694
vn 0.1038 -0.1788 -0.9784
vn 0.2144 -0.2848 -0.9343
vn -0.5080 0.6446 0.5713
vn -0.6432 0.4878 0.5902
vn -0.5256 0.6550 0.5428
vn -0.4126 0.7629 0.4977
vn -0.4264 0.6871 0.5883
vn -0.4906 0.5866 0.6444
vn -0.5878 0.5130 0.6256
vn -0.5827 -0.6263 0.5179
vn -0.5930 -0.4810 0.6458
vn -0.5545 -0.6365 0.5362
vn -0.5350 -0.7209 0.4406
vn -0.6064 -0.6601 0.4434
vn -0.6495 -0.5780 0.4940
vn -0.6290 -0.5053 0.5908
vn 0.4635 0.7920 -0.3973
vn 0.6896 0.5000 -0.5238
vn 0.5112 0.7072 -0.4885
vn 0.3105 0.8890 -0.3365
vn 0.2632 0.9324 -0.2478
vn 0.2598 0.9492 -0.1778
vn 0.5160 0.7762 -0.3624
vn 0.5231 -0.5922 -0.6129
vn 0.6669 -0.4055 -0.6251
vn 0.4957 -0.7028 -0.5103
vn 0.3192 -0.8542 -0.4105
vn 0.4361 -0.6670 -0.6041
vn 0.5422 -0.3323 -0.7718
vn 0.6367 -0.3232 -0.7001
vn -0.7411 0.6264 0.2418
vn -0.8580 0.4804 0.1817
vn -0.7411 0.6388 0.2066
vn -0.6488 0.7216 0.2413
vn -0.6875 0.6602 0.3024
vn -0.7534 0.5777 0.3140
vn -0.8294 0.5024 0.2444
vn -0.7467 -0.6472 0.1533
vn -0.8291 -0.4954 0.2593
vn -0.7308 -0.6574 0.1834
vn -0.6377 -0.7626 0.1089
vn -0.7280 -0.6812 0.0780
vn -0.8017 -0.5894 0.0995
vn -0.8291 -0.5253 0.1914
vn 0.8131 0.5621 -0.1515
vn 0.8831 0.3847 -0.2685
vn 0.7210 0.6680 -0.1843
vn 0.5701 0.8170 -0.0867
vn 0.7636 0.6405 -0.0821
vn 0.9438 0.3200 -0.0830
vn 0.9311 0.3040 -0.2018
vn 0.5759 -0.7920 -0.2028
vn 0.7984 -0.5000 -0.3354
vn 0.6786 -0.7072 -0.1985
vn 0.4467 -0.8890 -0.1006
vn 0.3462 -0.9324 -0.1041
vn 0.2838 -0.9492 -0.1361
vn 0.5718 -0.7762 -0.2657
vn -0.5960 0.7946 -0.1159
vn -0.6956 0.7098 -0.1112
vn -0.6220 0.7679 -0.1532
vn -0.4557 0.8806 -0.1295
vn -0.4013 0.9120 -0.0843
vn -0.3872 0.9209 -0.0455
vn -0.6070 0.7913 -0.0728
vn -0.7388 -0.6212 -0.2615
vn -0.8419 -0.4948 -0.2154
vn -0.7498 -0.6230 -0.2228
vn -0.6651 -0.7001 -0.2597
vn -0.6888 -0.6580 -0.3044
vn -0.7698 -0.5404 -0.3396
vn -0.8253 -0.4900 -0.2808
vn 0.7783 0.5662 0.2715
vn 0.8725 0.4474 0.1963
vn 0.6854 0.7016 0.1949
vn 0.4922 0.8469 0.2012
vn 0.7085 0.6252 0.3274
vn 0.9002 0.1718 0.4002
vn 0.9189 0.2752 0.2825
vn 0.7968 -0.5827 0.1602
vn 0.8396 -0.4652 0.2804
vn 0.6764 -0.7151 0.1764
vn 0.5513 -0.8315 0.0681
vn 0.7969 -0.5991 0.0779
vn 0.9736 -0.1885 0.1287
vn 0.9204 -0.3169 0.2290
vn -0.6228 0.5502 -0.5562
vn -0.6107 0.4463 -0.6541
vn -0.5960 0.5713 -0.5642
vn -0.6173 0.6212 -0.4827
vn -0.6459 0.5969 -0.4760
vn -0.6978 0.4377 -0.5670
vn -0.6531 0.4277 -0.6250
vn -0.5578 -0.5462 -0.6249
vn -0.6534 -0.4484 -0.6100
vn -0.5647 -0.5709 -0.5959
vn -0.4933 -0.6045 -0.6255
vn -0.4826 -0.5822 -0.6543
vn -0.5676 -0.4345 -0.6993
vn -0.6246 -0.4276 -0.6535
vn 0.5396 0.5714 0.6183
vn 0.6692 0.4410 0.5980
vn 0.4963 0.7082 0.5022
vn 0.3230 0.8504 0.4154
vn 0.4477 0.6366 0.6279
vn 0.5780 0.1740 0.7973
vn 0.6601 0.2758 0.6987
vn 0.6153 -0.5753 0.5389
vn 0.5947 -0.4486 0.6671
vn 0.4994 -0.7122 0.4933
vn 0.4130 -0.8522 0.3213
vn 0.6306 -0.6340 0.4476
vn 0.7932 -0.1791 0.5820
vn 0.6945 -0.2871 0.6598
vn -0.2615 0.6212 -0.7388
vn -0.2154 0.4948 -0.8419
vn -0.2228 0.6230 -0.7498
vn -0.2597 0.7001 -0.6651
vn -0.3044 0.6580 -0.6888
vn -0.3396 0.5404 -0.7698
vn -0.2808 0.4900 -0.8253
vn -0.1274 -0.7942 -0.5941
vn -0.1146 -0.7103 -0.6945
vn -0.1578 -0.7712 -0.6167
vn -0.1472 -0.8786 -0.4543
vn -0.1012 -0.9103 -0.4014
vn -0.0648 -0.9233 -0.3786
vn -0.0690 -0.7855 -0.6149
vn 0.1481 0.5964 0.7889
vn 0.2651 0.4180 0.8689
vn 0.1733 0.7063 0.6864
vn 0.0682 0.8349 0.5461
vn 0.0731 0.6393 0.7655
vn 0.1003 0.3000 0.9486
vn 0.2059 0.3353 0.9193
vn 0.1923 -0.8021 0.5653
vn 0.3228 -0.5292 0.7847
vn 0.1897 -0.7161 0.6717
vn 0.0984 -0.8794 0.4658
vn 0.0991 -0.9327 0.3467
vn 0.1175 -0.9601 0.2539
vn 0.2573 -0.7907 0.5555
vn 0.1533 0.6472 -0.7467
vn 0.2593 0.4954 -0.8291
vn 0.1834 0.6574 -0.7308
vn 0.1089 0.7626 -0.6377
vn 0.0780 0.6812 -0.7280
vn 0.0995 0.5894 -0.8017
vn 0.1914 0.5253 -0.8291
vn 0.2460 -0.6117 -0.7519
vn 0.1833 -0.4688 -0.8641
vn 0.2137 -0.6169 -0.7575
vn 0.2569 -0.6954 -0.6712
vn 0.3047 -0.6609 -0.6859
vn 0.3136 -0.5755 -0.7553
vn 0.2442 -0.4954 -0.8336
vn -0.1988 0.8002 0.5658
vn -0.3246 0.5280 0.7848
vn -0.1930 0.7220 0.6644
vn -0.0986 0.8927 0.4397
vn -0.1026 0.9346 0.3405
vn -0.1351 0.9502 0.2807
vn -0.2642 0.7793 0.5682
vn -0.1504 -0.5834 0.7981
vn -0.2668 -0.4081 0.8731
vn -0.1780 -0.6911 0.7005
vn -0.0761 -0.8186 0.5693
vn -0.0745 -0.6301 0.7730
vn -0.0999 -0.2928 0.9509
vn -0.2063 -0.3259 0.9226
vn 0.5209 0.6263 -0.5800
vn 0.6522 0.4804 -0.5863
vn 0.5385 0.6388 -0.5495
vn 0.4413 0.7216 -0.5334
vn 0.4442 0.6602 -0.6057
vn 0.4955 0.5777 -0.6487
vn 0.5961 0.5024 -0.6263
vn 0.5896 -0.6158 -0.5226
vn 0.5954 -0.4776 -0.6460
vn 0.5665 -0.6182 -0.5448
vn 0.5589 -0.6951 -0.4522
vn 0.6105 -0.6549 -0.4455
vn 0.6497 -0.5795 -0.4919
vn 0.6275 -0.5118 -0.5867
vn -0.6303 0.5441 0.5537
vn -0.6004 0.4286 0.6752
vn -0.5211 0.6782 0.5182
vn -0.4523 0.8145 0.3633
vn -0.6453 0.6097 0.4602
vn -0.7961 0.1617 0.5831
vn -0.6992 0.2663 0.6634
vn -0.5396 -0.5714 0.6183
vn -0.6692 -0.4410 0.5980
vn -0.4963 -0.7082 0.5022
vn -0.3230 -0.8504 0.4154
vn -0.4477 -0.6366 0.6279
vn -0.5780 -0.1740 0.7973
vn -0.6601 -0.2758 0.6987
vn 0.5741 0.7946 -0.1976
vn 0.6580 0.7098 -0.2515
vn 0.6153 0.7679 -0.1783
vn 0.4595 0.8806 -0.1157
vn 0.3897 0.9120 -0.1276
vn 0.3581 0.9209 -0.1542
vn 0.5621 0.7913 -0.2404
vn 0.7705 -0.6212 -0.1429
vn 0.8368 -0.4948 -0.2344
vn 0.7608 -0.6230 -0.1820
vn 0.7059 -0.7001 -0.1076
vn 0.7487 -0.6580 -0.0808
vn 0.8365 -0.5404 -0.0908
vn 0.8551 -0.4900 -0.1694
vn -0.8113 0.5620 0.1609
vn -0.8541 0.4365 0.2828
vn -0.6938 0.6965 0.1831
vn -0.5278 0.8461 0.0744
vn -0.7777 0.6245 0.0725
vn -0.9793 0.1719 0.1064
vn -0.9348 0.2759 0.2236
vn -0.7732 -0.5769 0.2635
vn -0.8756 -0.4477 0.1814
vn -0.6768 -0.7126 0.1850
vn -0.4846 -0.8523 0.1969
vn -0.7027 -0.6342 0.3224
vn -0.9004 -0.1790 0.3966
vn -0.9187 -0.2859 0.2726
vn 0.8188 0.5465 0.1757
vn 0.8589 0.4328 0.2739
vn 0.7968 0.5716 0.1959
vn 0.7760 0.6209 0.1110
vn 0.7977 0.5961 0.0907
vn 0.8886 0.4351 0.1448
vn 0.8808 0.4177 0.2231
vn 0.7472 -0.6143 0.2534
vn 0.8527 -0.4821 0.2011
vn 0.7566 -0.6144 0.2239
vn 0.6704 -0.6950 0.2597
vn 0.6847 -0.6612 0.3067
vn 0.7528 -0.5771 0.3166
vn 0.8240 -0.5064 0.2543
vn -0.7732 0.5769 -0.2635
vn -0.8756 0.4477 -0.1814
vn -0.6768 0.7126 -0.1850
vn -0.4846 0.8523 -0.1969
vn -0.7027 0.6342 -0.3224
vn -0.9004 0.1790 -0.3966
vn -0.9187 0.2859 -0.2726
vn -0.8013 -0.5769 -0.1584
vn -0.8490 -0.4477 -0.2807
vn -0.6786 -0.7126 -0.1781
vn -0.5181 -0.8523 -0.0718
vn -0.7698 -0.6342 -0.0721
vn -0.9780 -0.1790 -0.1067
vn -0.9319 -0.2859 -0.2232
vn 0.1304 -0.9805 -0.1471
vn 0.1121 -0.9830 -0.1455
vn 0.1151 -0.9809 -0.1571
vn 0.1240 -0.9780 -0.1678
vn 0.1415 -0.9785 -0.1502
vn 0.1507 -0.9795 -0.1339
vn 0.1344 -0.9814 -0.1368
vn -0.1459 -0.9804 0.1326
vn -0.1337 -0.9794 0.1513
vn -0.1502 -0.9783 0.1429
vn -0.1681 -0.9777 0.1262
vn -0.1552 -0.9808 0.1184
vn -0.1420 -0.9830 0.1161
vn -0.1353 -0.9815 0.1356
vn 0.0622 -0.9805 -0.1865
vn 0.0402 -0.9795 -0.1972
vn 0.0592 -0.9785 -0.1976
vn 0.0833 -0.9780 -0.1913
vn 0.0785 -0.9809 -0.1782
vn 0.0699 -0.9830 -0.1698
vn 0.0511 -0.9815 -0.1847
vn -0.0419 -0.9804 0.1927
vn -0.0295 -0.9830 0.1811
vn -0.0249 -0.9808 0.1936
vn -0.0252 -0.9777 0.2087
vn -0.0486 -0.9783 0.2015
vn -0.0641 -0.9794 0.1915
vn -0.0498 -0.9815 0.1850
vn 0.0621 -0.9805 0.1865
vn 0.0699 -0.9830 0.1698
vn 0.0785 -0.9809 0.1782
vn 0.0833 -0.9780 0.1913
vn 0.0592 -0.9785 0.1976
vn 0.0402 -0.9795 0.1972
vn 0.0511 -0.9815 0.1847
vn -0.0419 -0.9804 -0.1926
vn -0.0644 -0.9795 -0.1910
vn -0.0487 -0.9783 -0.2014
vn -0.0252 -0.9777 -0.2087
vn -0.0249 -0.9808 -0.1936
vn -0.0296 -0.9830 -0.1810
vn -0.0500 -0.9815 -0.1847
vn 0.1304 -0.9805 0.1471
vn 0.1507 -0.9795 0.1339
vn 0.1415 -0.9785 0.1502
vn 0.1240 -0.9780 0.1678
vn 0.1151 -0.9809 0.1571
vn 0.1121 -0.9830 0.1455
vn 0.1344 -0.9814 0.1368
vn -0.1326 -0.9804 -0.1459
vn -0.1512 -0.9795 -0.1333
vn -0.1429 -0.9783 -0.1501
vn -0.1262 -0.9777 -0.1681
vn -0.1184 -0.9808 -0.1552
vn -0.1161 -0.9830 -0.1420
vn -0.1357 -0.9815 -0.1350
vn 0.1926 -0.9805 0.0394
vn 0.1820 -0.9830 0.0243
vn 0.1936 -0.9809 0.0211
vn 0.2073 -0.9780 0.0235
vn 0.2008 -0.9785 0.0475
vn 0.1913 -0.9795 0.0636
vn 0.1857 -0.9814 0.0480
vn -0.1878 -0.9804 -0.0600
vn -0.1976 -0.9795 -0.0398
vn -0.1988 -0.9783 -0.0586
vn -0.1933 -0.9777 -0.0825
vn -0.1801 -0.9808 -0.0752
vn -0.1716 -0.9830 -0.0649
vn -0.1850 -0.9815 -0.0491
vn 0.1926 -0.9805 -0.0394
vn 0.1913 -0.9795 -0.0636
vn 0.2008 -0.9785 -0.0475
vn 0.2073 -0.9780 -0.0235
vn 0.1936 -0.9809 -0.0211
vn 0.1820 -0.9830 -0.0243
vn 0.1857 -0.9814 -0.0480
vn -0.1926 -0.9804 0.0419
vn -0.1910 -0.9795 0.0644
vn -0.2014 -0.9783 0.0487
vn -0.2087 -0.9777 0.0252
vn -0.1936 -0.9808 0.0249
vn -0.1810 -0.9830 0.0296
vn -0.1847 -0.9815 0.0500
vn 0.7514 0.0149 -0.6597
vn 0.6572 0.0916 -0.7481
vn 0.7004 0.2554 -0.6665
vn 0.7559 0.3516 -0.5523
vn 0.8164 0.0010 -0.5774
vn 0.7365 -0.3405 -0.5845
vn 0.7033 -0.1547 -0.6938
vn -0.7514 0.0149 0.6597
vn -0.6572 0.0916 0.7481
vn -0.7004 0.2554 0.6665
vn -0.7559 0.3516 0.5523
vn -0.8164 0.0010 0.5774
vn -0.7365 -0.3405 0.5845
vn -0.7033 -0.1547 0.6938
vn 0.3209 0.0149 -0.9470
vn 0.1951 0.0916 -0.9765
vn 0.2733 0.2554 -0.9274
vn 0.3785 0.3516 -0.8562
vn 0.4183 0.0010 -0.9083
vn 0.3456 -0.3405 -0.8744
vn 0.2622 -0.1547 -0.9525
vn -0.3209 0.0149 0.9470
vn -0.1951 0.0916 0.9765
vn -0.2733 0.2554 0.9274
vn -0.3785 0.3516 0.8562
vn -0.4183 0.0010 0.9083
vn -0.3456 -0.3405 0.8744
vn -0.2622 -0.1547 0.9525
vn 0.1956 0.0149 0.9806
vn 0.3193 0.0916 0.9432
vn 0.2270 0.2554 0.9398
vn 0.1004 0.3516 0.9308
vn 0.0919 0.0010 0.9958
vn 0.1379 -0.3405 0.9301
vn 0.2492 -0.1547 0.9560
vn -0.1956 0.0149 -0.9806
vn -0.3193 0.0916 -0.9432
vn -0.2270 0.2554 -0.9398
vn -0.1004 0.3516 -0.9308
vn -0.0919 0.0010 -0.9958
vn -0.1379 -0.3405 -0.9301
vn -0.2492 -0.1547 -0.9560
vn 0.6597 0.0149 0.7514
vn 0.7481 0.0916 0.6572
vn 0.6665 0.2554 0.7004
vn 0.5523 0.3516 0.7559
vn 0.5774 0.0010 0.8164
vn 0.5845 -0.3405 0.7365
vn 0.6938 -0.1547 0.7033
vn -0.6597 0.0149 -0.7514
vn -0.7481 0.0916 -0.6572
vn -0.6665 0.2554 -0.7004
vn -0.5523 0.3516 -0.7559
vn -0.5774 0.0010 -0.8164
vn -0.5845 -0.3405 -0.7365
vn -0.6938 -0.1547 -0.7033
vn 0.9470 0.0149 0.3209
vn 0.9765 0.0916 0.1951
vn 0.9274 0.2554 0.2733
vn 0.8562 0.3516 0.3785
vn 0.9083 0.0010 0.4183
vn 0.8744 -0.3405 0.3456
vn 0.9525 -0.1547 0.2622
vn -0.9470 0.0149 -0.3209
vn -0.9765 0.0916 -0.1951
vn -0.9274 0.2554 -0.2733
vn -0.8562 0.3516 -0.3785
vn -0.9083 0.0010 -0.4183
vn -0.8744 -0.3405 -0.3456
vn -0.9525 -0.1547 -0.2622
vn 0.9806 0.0149 -0.1956
vn 0.9432 0.0916 -0.3193
vn 0.9398 0.2554 -0.2270
vn 0.9308 0.3516 -0.1004
vn 0.9958 0.0010 -0.0919
vn 0.9301 -0.3405 -0.1379
vn 0.9560 -0.1547 -0.2492
vn -0.9806 0.0149 0.1956
vn -0.9432 0.0916 0.3193
vn -0.9398 0.2554 0.2270
vn -0.9308 0.3516 0.1004
vn -0.9958 0.0010 0.0919
vn -0.9301 -0.3405 0.1379
vn -0.9560 -0.1547 0.2492
vn -0.0946 0.9573 0.2733
vn -0.0607 0.9577 0.2813
vn -0.0802 0.9610 0.2645
vn -0.1113 0.9633 0.2443
vn -0.1216 0.9574 0.2619
vn -0.1218 0.9500 0.2874
vn -0.0846 0.9536 0.2888
vn 0.0911 0.9571 -0.2749
vn 0.0593 0.9576 -0.2820
vn 0.0777 0.9615 -0.2637
vn 0.1047 0.9647 -0.2418
vn 0.1165 0.9572 -0.2649
vn 0.1196 0.9496 -0.2897
vn 0.0826 0.9533 -0.2905
vn -0.0946 0.9573 -0.2734
vn -0.1218 0.9500 -0.2875
vn -0.1216 0.9574 -0.2619
vn -0.1113 0.9633 -0.2443
vn -0.0802 0.9610 -0.2646
vn -0.0602 0.9575 -0.2820
vn -0.0844 0.9536 -0.2892
vn 0.0547 0.9573 0.2840
vn 0.0881 0.9577 0.2739
vn 0.0628 0.9610 0.2692
vn 0.0257 0.9633 0.2672
vn 0.0256 0.9574 0.2876
vn 0.0383 0.9500 0.3098
vn 0.0712 0.9536 0.2924
vn -0.2164 0.9572 -0.1924
vn -0.2485 0.9496 -0.1910
vn -0.2334 0.9572 -0.1712
vn -0.2116 0.9647 -0.1570
vn -0.1991 0.9615 -0.1895
vn -0.1924 0.9578 -0.2137
vn -0.2168 0.9534 -0.2099
vn 0.1895 0.9573 0.2186
vn 0.2141 0.9575 0.1932
vn 0.1891 0.9610 0.2017
vn 0.1559 0.9633 0.2186
vn 0.1660 0.9574 0.2363
vn 0.1881 0.9500 0.2492
vn 0.2082 0.9536 0.2176
vn -0.2749 0.9572 -0.0912
vn -0.2813 0.9578 -0.0598
vn -0.2637 0.9615 -0.0777
vn -0.2418 0.9647 -0.1047
vn -0.2649 0.9572 -0.1165
vn -0.2897 0.9496 -0.1197
vn -0.2902 0.9534 -0.0828
vn 0.2837 0.9571 0.0585
vn 0.3107 0.9496 0.0413
vn 0.2877 0.9572 0.0315
vn 0.2618 0.9647 0.0302
vn 0.2672 0.9615 0.0646
vn 0.2739 0.9576 0.0896
vn 0.2929 0.9533 0.0737
vn -0.2840 0.9573 0.0547
vn -0.2739 0.9577 0.0881
vn -0.2692 0.9610 0.0628
vn -0.2672 0.9633 0.0257
vn -0.2876 0.9574 0.0256
vn -0.3098 0.9500 0.0383
vn -0.2924 0.9536 0.0712
vn 0.2837 0.9571 -0.0585
vn 0.2739 0.9576 -0.0896
vn 0.2672 0.9615 -0.0646
vn 0.2618 0.9647 -0.0302
vn 0.2877 0.9572 -0.0315
vn 0.3107 0.9496 -0.0413
vn 0.2929 0.9533 -0.0737
vn -0.2186 0.9573 0.1894
vn -0.1932 0.9577 0.2133
vn -0.2017 0.9610 0.1890
vn -0.2186 0.9633 0.1559
vn -0.2363 0.9574 0.1660
vn -0.2492 0.9500 0.1880
vn -0.2177 0.9536 0.2078
vn 0.1925 0.9571 -0.2164
vn 0.1911 0.9496 -0.2485
vn 0.1712 0.9572 -0.2334
vn 0.1570 0.9647 -0.2116
vn 0.1896 0.9615 -0.1991
vn 0.2145 0.9576 -0.1924
vn 0.2103 0.9533 -0.2168
vn 0.4140 0.7849 0.4610
vn 0.4415 0.7176 0.5387
vn 0.3889 0.7579 0.5237
vn 0.3002 0.8763 0.3769
vn 0.2979 0.9029 0.3098
vn 0.3399 0.8864 0.3141
vn 0.4371 0.7782 0.4510
vn 0.4610 -0.7849 0.4140
vn 0.5387 -0.7176 0.4415
vn 0.5237 -0.7579 0.3889
vn 0.3769 -0.8763 0.3002
vn 0.3098 -0.9029 0.2979
vn 0.3141 -0.8864 0.3399
vn 0.4510 -0.7782 0.4371
vn -0.4852 0.7643 -0.4247
vn -0.7181 0.4252 -0.5509
vn -0.5511 0.7401 -0.3854
vn -0.2819 0.9385 -0.1996
vn -0.2768 0.9223 -0.2697
vn -0.3195 0.8755 -0.3624
vn -0.5306 0.6729 -0.5155
vn -0.4247 -0.7643 -0.4852
vn -0.5509 -0.4252 -0.7181
vn -0.3854 -0.7401 -0.5511
vn -0.1996 -0.9385 -0.2819
vn -0.2697 -0.9223 -0.2768
vn -0.3624 -0.8755 -0.3196
vn -0.5155 -0.6729 -0.5306
vn 0.1281 0.7849 0.6062
vn 0.1130 0.7176 0.6873
vn 0.0749 0.7579 0.6480
vn 0.0716 0.8763 0.4765
vn 0.1031 0.9029 0.4172
vn 0.1374 0.8864 0.4420
vn 0.1531 0.7782 0.6091
vn 0.1922 -0.7849 0.5891
vn 0.2458 -0.7176 0.6517
vn 0.2591 -0.7579 0.5987
vn 0.1763 -0.8763 0.4484
vn 0.1194 -0.9029 0.4129
vn 0.1020 -0.8864 0.4514
vn 0.1720 -0.7782 0.6041
vn -0.2079 0.7643 -0.6104
vn -0.3464 0.4252 -0.8362
vn -0.2845 0.7401 -0.6093
vn -0.1443 0.9385 -0.3138
vn -0.1049 0.9223 -0.3720
vn -0.0956 0.8755 -0.4736
vn -0.2018 0.6729 -0.7117
vn -0.1252 -0.7643 -0.6326
vn -0.1180 -0.4252 -0.8974
vn -0.0582 -0.7401 -0.6700
vn -0.0319 -0.9385 -0.3439
vn -0.0951 -0.9223 -0.3746
vn -0.1540 -0.8755 -0.4579
vn -0.1811 -0.6729 -0.7173
vn -0.1944 0.7814 0.5930
vn -0.2457 0.7172 0.6521
vn -0.2552 0.7620 0.5952
vn -0.1810 0.8728 0.4533
vn -0.1244 0.8979 0.4222
vn -0.1035 0.8844 0.4552
vn -0.1725 0.7761 0.6065
vn -0.1281 -0.7849 0.6062
vn -0.1130 -0.7176 0.6873
vn -0.0749 -0.7579 0.6480
vn -0.0716 -0.8763 0.4765
vn -0.1031 -0.9029 0.4172
vn -0.1374 -0.8864 0.4420
vn -0.1531 -0.7782 0.6091
vn 0.1259 0.7638 -0.6330
vn 0.1185 0.4255 -0.8972
vn 0.0586 0.7400 -0.6701
vn 0.0322 0.9384 -0.3440
vn 0.0949 0.9223 -0.3747
vn 0.1540 0.8746 -0.4598
vn 0.1813 0.6733 -0.7168
vn 0.1961 -0.7916 -0.5787
vn 0.3125 -0.5314 -0.7874
vn 0.2733 -0.7624 -0.5866
vn 0.1407 -0.9423 -0.3038
vn 0.1012 -0.9288 -0.3566
vn 0.0909 -0.8853 -0.4561
vn 0.1872 -0.7162 -0.6723
vn -0.4747 0.7795 0.4088
vn -0.5442 0.7137 0.4410
vn -0.5220 0.7564 0.3941
vn -0.3911 0.8707 0.2981
vn -0.3300 0.8976 0.2924
vn -0.3282 0.8837 0.3336
vn -0.4596 0.7726 0.4381
vn -0.4113 -0.7855 0.4625
vn -0.4401 -0.7179 0.5394
vn -0.3880 -0.7580 0.5242
vn -0.3000 -0.8757 0.3784
vn -0.3001 -0.9000 0.3160
vn -0.3451 -0.8810 0.3237
vn -0.4339 -0.7788 0.4529
vn 0.5439 0.5432 -0.6397
vn 0.6737 0.3839 -0.6315
vn 0.6451 0.2804 -0.7108
vn 0.5646 0.2307 -0.7924
vn 0.4684 0.5963 -0.6519
vn 0.3568 0.8105 -0.4645
vn 0.5202 0.6648 -0.5361
vn 0.4642 -0.7843 -0.4115
vn 0.6912 -0.4938 -0.5276
vn 0.5065 -0.7825 -0.3622
vn 0.2369 -0.9559 -0.1735
vn 0.2658 -0.9274 -0.2632
vn 0.3138 -0.8791 -0.3588
vn 0.5128 -0.6955 -0.5032
vn -0.5502 0.8270 0.1159
vn -0.6436 0.7597 0.0930
vn -0.5850 0.8083 0.0658
vn -0.3323 0.9410 0.0634
vn -0.3694 0.9245 0.0936
vn -0.4320 0.8923 0.1311
vn -0.5788 0.8037 0.1379
vn -0.5914 -0.7795 0.2067
vn -0.6540 -0.7137 0.2508
vn -0.6023 -0.7564 0.2551
vn -0.4537 -0.8707 0.1896
vn -0.4182 -0.8976 0.1396
vn -0.4530 -0.8837 0.1175
vn -0.6092 -0.7726 0.1790
vn 0.5833 0.7872 -0.2005
vn 0.8017 0.4934 -0.3374
vn 0.5656 0.7831 -0.2587
vn 0.2674 0.9562 -0.1194
vn 0.3597 0.9272 -0.1041
vn 0.4766 0.8728 -0.1051
vn 0.6939 0.6915 -0.2007
vn 0.8259 -0.5432 -0.1512
vn 0.8837 -0.3838 -0.2677
vn 0.9381 -0.2804 -0.2032
vn 0.9686 -0.2308 -0.0928
vn 0.7988 -0.5963 -0.0797
vn 0.5807 -0.8105 -0.0767
vn 0.7244 -0.6648 -0.1824
vn -0.7465 0.6144 -0.2554
vn -0.8364 0.5075 -0.2072
vn -0.8374 0.4711 -0.2773
vn -0.8086 0.4708 -0.3529
vn -0.7159 0.6253 -0.3107
vn -0.6612 0.7072 -0.2502
vn -0.7385 0.6399 -0.2123
vn -0.6331 -0.7625 -0.1335
vn -0.7364 -0.6645 -0.1270
vn -0.6656 -0.7421 -0.0788
vn -0.4939 -0.8666 -0.0708
vn -0.4384 -0.8926 -0.1053
vn -0.4573 -0.8778 -0.1422
vn -0.6387 -0.7519 -0.1632
vn 0.6096 0.7842 0.1159
vn 0.8413 0.5267 0.1219
vn 0.6697 0.7402 0.0604
vn 0.3921 0.9197 0.0213
vn 0.3700 0.9249 0.0869
vn 0.4262 0.8943 0.1363
vn 0.6737 0.7197 0.1679
vn 0.6111 -0.7638 0.2075
vn 0.8362 -0.4255 0.3459
vn 0.6096 -0.7400 0.2843
vn 0.3140 -0.9384 0.1441
vn 0.3719 -0.9223 0.1051
vn 0.4752 -0.8746 0.0965
vn 0.7114 -0.6733 0.2013
vn -0.4213 0.7790 -0.4644
vn -0.4590 0.6986 -0.5490
vn -0.3898 0.7603 -0.5197
vn -0.2999 0.8767 -0.3762
vn -0.2999 0.9027 -0.3086
vn -0.3493 0.8823 -0.3154
vn -0.4511 0.7663 -0.4575
vn -0.4650 -0.7789 -0.4208
vn -0.5490 -0.6988 -0.4584
vn -0.5198 -0.7603 -0.3895
vn -0.3770 -0.8762 -0.3001
vn -0.3124 -0.9002 -0.3033
vn -0.3222 -0.8764 -0.3578
vn -0.4582 -0.7660 -0.4510
vn 0.4829 0.7674 0.4218
vn 0.7169 0.4286 0.5499
vn 0.5515 0.7396 0.3859
vn 0.2816 0.9391 0.1969
vn 0.2755 0.9232 0.2680
vn 0.3187 0.8764 0.3610
vn 0.5288 0.6760 0.5131
vn 0.4129 -0.7799 0.4703
vn 0.5318 -0.4654 0.7075
vn 0.3622 -0.7801 0.5102
vn 0.1644 -0.9588 0.2315
vn 0.2594 -0.9291 0.2636
vn 0.3603 -0.8773 0.3171
vn 0.5113 -0.6798 0.5257
vn -0.1335 0.7625 -0.6331
vn -0.1270 0.6645 -0.7364
vn -0.0788 0.7421 -0.6656
vn -0.0708 0.8666 -0.4939
vn -0.1053 0.8926 -0.4384
vn -0.1422 0.8778 -0.4573
vn -0.1632 0.7519 -0.6387
vn -0.2669 -0.5737 -0.7744
vn -0.2103 -0.4881 -0.8471
vn -0.2788 -0.4560 -0.8452
vn -0.3559 -0.4567 -0.8154
vn -0.3262 -0.5837 -0.7436
vn -0.2923 -0.6139 -0.7332
vn -0.2267 -0.5914 -0.7739
vn 0.2011 0.7793 0.5935
vn 0.3338 0.4689 0.8178
vn 0.2802 0.7506 0.5984
vn 0.1440 0.9390 0.3124
vn 0.1039 0.9247 0.3662
vn 0.0942 0.8795 0.4665
vn 0.1932 0.6978 0.6897
vn 0.1484 -0.5837 0.7983
vn 0.2623 -0.4152 0.8711
vn 0.2045 -0.3275 0.9225
vn 0.0995 -0.2930 0.9509
vn 0.0739 -0.6301 0.7730
vn 0.0751 -0.8188 0.5692
vn 0.1739 -0.6936 0.6991
vn 0.2067 0.7795 -0.5914
vn 0.2508 0.7137 -0.6540
vn 0.2551 0.7564 -0.6023
vn 0.1896 0.8707 -0.4537
vn 0.1396 0.8976 -0.4182
vn 0.1175 0.8837 -0.4530
vn 0.1790 0.7726 -0.6092
vn 0.1194 -0.8124 -0.5708
vn 0.0968 -0.7560 -0.6474
vn 0.0673 -0.7971 -0.6000
vn 0.0633 -0.9273 -0.3690
vn 0.0959 -0.9167 -0.3879
vn 0.1327 -0.8930 -0.4301
vn 0.1432 -0.7981 -0.5853
vn -0.1502 0.5738 0.8051
vn -0.2637 0.4064 0.8748
vn -0.2048 0.3207 0.9248
vn -0.0988 0.2902 0.9518
vn -0.0749 0.6264 0.7759
vn -0.0756 0.8183 0.5697
vn -0.1775 0.6817 0.7098
vn -0.2034 -0.7799 0.5920
vn -0.3351 -0.4681 0.8176
vn -0.2808 -0.7507 0.5980
vn -0.1447 -0.9389 0.3123
vn -0.1071 -0.9237 0.3679
vn -0.1014 -0.8738 0.4756
vn -0.1973 -0.6951 0.6913
vn 0.4185 0.8270 -0.3754
vn 0.5109 0.7597 -0.4023
vn 0.4737 0.8083 -0.3495
vn 0.2561 0.9410 -0.2210
vn 0.2731 0.9245 -0.2658
vn 0.3085 0.8923 -0.3295
vn 0.4323 0.8037 -0.4089
vn 0.4140 -0.7849 -0.4610
vn 0.4415 -0.7176 -0.5387
vn 0.3889 -0.7579 -0.5237
vn 0.3002 -0.8763 -0.3768
vn 0.2979 -0.9029 -0.3098
vn 0.3399 -0.8864 -0.3141
vn 0.4371 -0.7782 -0.4510
vn -0.4150 0.7739 0.4783
vn -0.5318 0.4575 0.7127
vn -0.3673 0.7751 0.5141
vn -0.1725 0.9559 0.2377
vn -0.2633 0.9250 0.2739
vn -0.3661 0.8680 0.3354
vn -0.5139 0.6683 0.5379
vn -0.4852 -0.7643 0.4247
vn -0.7181 -0.4252 0.5509
vn -0.5511 -0.7401 0.3854
vn -0.2819 -0.9385 0.1996
vn -0.2768 -0.9223 0.2697
vn -0.3195 -0.8755 0.3624
vn -0.5306 -0.6729 0.5155
vn 0.7742 0.6144 -0.1520
vn 0.8279 0.5075 -0.2387
vn 0.8638 0.4711 -0.1786
vn 0.8767 0.4708 -0.0987
vn 0.7753 0.6253 -0.0889
vn 0.6977 0.7072 -0.1140
vn 0.7458 0.6399 -0.1854
vn 0.6113 -0.7660 -0.1988
vn 0.7009 -0.6649 -0.2583
vn 0.6193 -0.7377 -0.2689
vn 0.4587 -0.8700 -0.1809
vn 0.4231 -0.8977 -0.1230
vn 0.4635 -0.8800 -0.1040
vn 0.6323 -0.7541 -0.1775
vn -0.6172 0.7566 0.2161
vn -0.8380 0.4205 0.3477
vn -0.6331 0.7151 0.2964
vn -0.3585 0.9160 0.1803
vn -0.3778 0.9190 0.1130
vn -0.4545 0.8852 0.0998
vn -0.7065 0.6770 0.2061
vn -0.6326 -0.7643 0.1252
vn -0.8974 -0.4252 0.1180
vn -0.6700 -0.7401 0.0582
vn -0.3439 -0.9385 0.0319
vn -0.3746 -0.9223 0.0951
vn -0.4579 -0.8755 0.1540
vn -0.7173 -0.6729 0.1811
vn 0.5911 0.7838 0.1901
vn 0.6524 0.7173 0.2448
vn 0.5991 0.7578 0.2585
vn 0.4485 0.8764 0.1753
vn 0.4125 0.9035 0.1160
vn 0.4552 0.8850 0.0978
vn 0.6070 0.7765 0.1692
vn 0.6116 -0.7805 0.1296
vn 0.7043 -0.6994 0.1217
vn 0.6447 -0.7605 0.0770
vn 0.4760 -0.8766 0.0707
vn 0.4188 -0.9022 0.1027
vn 0.4463 -0.8840 0.1390
vn 0.6200 -0.7686 0.1577
vn -0.6291 0.7674 -0.1238
vn -0.8958 0.4286 -0.1178
vn -0.6705 0.7396 -0.0584
vn -0.3423 0.9391 -0.0297
vn -0.3726 0.9232 -0.0944
vn -0.4565 0.8764 -0.1533
vn -0.7145 0.6760 -0.1800
vn -0.6104 -0.7643 -0.2079
vn -0.8362 -0.4252 -0.3464
vn -0.6093 -0.7401 -0.2845
vn -0.3138 -0.9385 -0.1443
vn -0.3720 -0.9223 -0.1049
vn -0.4736 -0.8755 -0.0956
vn -0.7117 -0.6729 -0.2018
vt 0.097686 0.925414
vt 0.094772 0.926415
vt 0.093486 0.923497
vt 0.101247 0.928101
vt 0.097334 0.927000
vt 0.096388 0.929654
vt 0.099140 0.929250
vt 0.092901 0.920662
vt 0.088746 0.921913
vt 0.085762 0.918502
vt 0.097937 0.923084
vt 0.091262 0.925684
vt 0.103554 0.931668
vt 0.102521 0.925933
vt 0.108204 0.930418
vt 0.100631 0.932454
vt 0.097937 0.923085
vt 0.094728 0.934039
vt 0.097718 0.933236
vt 0.093268 0.929749
vt 0.100631 0.932454
vt 0.028350 0.970181
vt 0.029349 0.966237
vt 0.030394 0.968928
vt 0.030123 0.963723
vt 0.027806 0.965751
vt 0.028249 0.961153
vt 0.032119 0.966744
vt 0.025840 0.970203
vt 0.030284 0.973964
vt 0.026882 0.977371
vt 0.032423 0.971822
vt 0.029236 0.956250
vt 0.026181 0.959253
vt 0.027777 0.951960
vt 0.031243 0.960315
vt 0.025693 0.964812
vt 0.036742 0.967497
vt 0.033758 0.964087
vt 0.034554 0.969688
vt 0.031243 0.960315
vt 0.076063 0.902640
vt 0.077210 0.906728
vt 0.074882 0.904617
vt 0.077822 0.909387
vt 0.078818 0.906467
vt 0.080760 0.910752
vt 0.074519 0.907510
vt 0.078297 0.901632
vt 0.072327 0.899431
vt 0.073832 0.896048
vt 0.071457 0.902188
vt 0.082354 0.915517
vt 0.083599 0.911356
vt 0.078583 0.913000
vt 0.081165 0.906289
vt 0.070230 0.909529
vt 0.074519 0.910991
vt 0.070729 0.905266
vt 0.038492 0.976442
vt 0.040516 0.974122
vt 0.043086 0.975997
vt 0.034065 0.975898
vt 0.038005 0.974897
vt 0.037497 0.972125
vt 0.035316 0.973851
vt 0.044987 0.978067
vt 0.047985 0.975008
vt 0.052275 0.976470
vt 0.039432 0.978556
vt 0.043922 0.973000
vt 0.030284 0.973964
vt 0.034045 0.978410
vt 0.032423 0.971822
vt 0.036742 0.967497
vt 0.034554 0.969688
vt 0.040151 0.970483
vt 0.032423 0.971822
vt 0.058188 0.983422
vt 0.058781 0.980394
vt 0.062009 0.980682
vt 0.053892 0.985358
vt 0.056924 0.982390
vt 0.054983 0.980367
vt 0.053855 0.983054
vt 0.064771 0.981580
vt 0.065767 0.977354
vt 0.070213 0.976475
vt 0.060133 0.984750
vt 0.061243 0.977646
vt 0.049055 0.986268
vt 0.055325 0.987348
vt 0.048672 0.989951
vt 0.049676 0.983445
vt 0.060133 0.984750
vt 0.050580 0.980414
vt 0.056720 0.977351
vt 0.049676 0.983445
vt 0.053898 0.900642
vt 0.056936 0.903609
vt 0.053865 0.902944
vt 0.058796 0.905605
vt 0.058196 0.902581
vt 0.062016 0.905325
vt 0.054997 0.905631
vt 0.055326 0.898655
vt 0.049059 0.899731
vt 0.048672 0.896048
vt 0.049684 0.902553
vt 0.065785 0.908648
vt 0.064709 0.904498
vt 0.061261 0.908354
vt 0.060118 0.901274
vt 0.052292 0.909525
vt 0.056738 0.908646
vt 0.050592 0.905583
vt 0.088433 0.975903
vt 0.084490 0.974903
vt 0.087181 0.973858
vt 0.081976 0.974129
vt 0.084003 0.976451
vt 0.079404 0.976012
vt 0.084996 0.972134
vt 0.088454 0.978417
vt 0.092216 0.973968
vt 0.095624 0.977371
vt 0.090074 0.971829
vt 0.074503 0.975016
vt 0.077480 0.978173
vt 0.078568 0.973009
vt 0.083056 0.978592
vt 0.085750 0.967510
vt 0.082340 0.970494
vt 0.087941 0.969698
vt 0.033705 0.909994
vt 0.037819 0.911044
vt 0.034827 0.912004
vt 0.040427 0.911843
vt 0.038396 0.909525
vt 0.043076 0.909990
vt 0.037150 0.913765
vt 0.033948 0.907559
vt 0.029058 0.911624
vt 0.026881 0.908629
vt 0.031011 0.913756
vt 0.048002 0.910984
vt 0.044995 0.907927
vt 0.043937 0.912991
vt 0.039407 0.907431
vt 0.036755 0.918489
vt 0.040165 0.915506
vt 0.033312 0.915926
vt 0.094699 0.965760
vt 0.092375 0.963736
vt 0.094259 0.961164
vt 0.094152 0.970187
vt 0.093150 0.966248
vt 0.090378 0.966755
vt 0.092104 0.968937
vt 0.096422 0.959239
vt 0.093262 0.956267
vt 0.094723 0.951977
vt 0.096842 0.964812
vt 0.091253 0.960331
vt 0.092216 0.973968
vt 0.096667 0.970206
vt 0.090074 0.971829
vt 0.087941 0.969698
vt 0.088736 0.964101
vt 0.020892 0.928189
vt 0.024980 0.927042
vt 0.022869 0.929370
vt 0.027639 0.926429
vt 0.024720 0.925438
vt 0.029006 0.923500
vt 0.025762 0.929733
vt 0.019885 0.925959
vt 0.017683 0.931925
vt 0.014300 0.930419
vt 0.020440 0.932795
vt 0.033769 0.921898
vt 0.029637 0.920755
vt 0.031252 0.925669
vt 0.024549 0.923119
vt 0.027782 0.934022
vt 0.029243 0.929733
vt 0.023518 0.933523
vt 0.103338 0.935912
vt 0.100500 0.938827
vt 0.100941 0.935974
vt 0.098574 0.940617
vt 0.101597 0.940023
vt 0.098918 0.943786
vt 0.098355 0.937003
vt 0.105525 0.937150
vt 0.095604 0.947533
vt 0.099827 0.946533
vt 0.095899 0.943009
vt 0.102978 0.941913
vt 0.094728 0.934039
vt 0.095607 0.938485
vt 0.097718 0.933236
vt 0.018894 0.950354
vt 0.021861 0.947316
vt 0.021197 0.950387
vt 0.023857 0.945456
vt 0.020833 0.946057
vt 0.023577 0.942236
vt 0.023883 0.949256
vt 0.016907 0.948926
vt 0.017983 0.955193
vt 0.014301 0.955581
vt 0.020806 0.954568
vt 0.026900 0.938467
vt 0.022750 0.939543
vt 0.026606 0.942991
vt 0.019526 0.944134
vt 0.026898 0.947515
vt 0.023835 0.953660
vt 0.026606 0.942991
vt 0.183062 0.989858
vt 0.186247 0.989288
vt 0.182667 0.990692
vt 0.188065 0.988708
vt 0.187871 0.988125
vt 0.192019 0.986230
vt 0.183277 0.990892
vt 0.177207 0.990181
vt 0.177647 0.991271
vt 0.184583 0.988529
vt 0.177849 0.992029
vt 0.196035 0.984071
vt 0.194996 0.983936
vt 0.201142 0.979630
vt 0.190400 0.987807
vt 0.189950 0.986559
vt 0.177946 0.992949
vt 0.184337 0.990785
vt 0.177924 0.992482
vt 0.146019 0.896326
vt 0.142834 0.896896
vt 0.146414 0.895493
vt 0.141016 0.897476
vt 0.141211 0.898059
vt 0.137063 0.899954
vt 0.145805 0.895292
vt 0.151875 0.896003
vt 0.151434 0.894914
vt 0.144499 0.897655
vt 0.151233 0.894156
vt 0.133047 0.902114
vt 0.134086 0.902249
vt 0.127940 0.906554
vt 0.138682 0.898377
vt 0.139132 0.899626
vt 0.151135 0.893236
vt 0.144744 0.895400
vt 0.151158 0.893703
vt 0.138682 0.898377
vt 0.157230 0.992818
vt 0.160271 0.993907
vt 0.156474 0.993344
vt 0.162133 0.994308
vt 0.162255 0.993706
vt 0.166784 0.994126
vt 0.156902 0.993820
vt 0.151997 0.990187
vt 0.151837 0.991350
vt 0.159207 0.992422
vt 0.151635 0.992107
vt 0.171330 0.994252
vt 0.170499 0.993619
vt 0.164600 0.994687
vt 0.164832 0.993382
vt 0.151260 0.992952
vt 0.157872 0.994254
vt 0.151474 0.992537
vt 0.171851 0.893367
vt 0.168810 0.892277
vt 0.172607 0.892841
vt 0.166949 0.891877
vt 0.166827 0.892478
vt 0.162297 0.892058
vt 0.172180 0.892364
vt 0.177085 0.895997
vt 0.177244 0.894835
vt 0.169874 0.893762
vt 0.177446 0.894077
vt 0.157752 0.891932
vt 0.158583 0.892566
vt 0.164481 0.891497
vt 0.164250 0.892802
vt 0.177822 0.893232
vt 0.171210 0.891931
vt 0.177608 0.893648
vt 0.195719 0.903653
vt 0.193623 0.901193
vt 0.196637 0.903572
vt 0.192208 0.899920
vt 0.191802 0.900381
vt 0.188083 0.897763
vt 0.196504 0.902946
vt 0.198952 0.908543
vt 0.199669 0.907612
vt 0.193807 0.903012
vt 0.200221 0.907055
vt 0.184205 0.895392
vt 0.184609 0.896355
vt 0.190257 0.898363
vt 0.189405 0.899380
vt 0.200970 0.906510
vt 0.195879 0.902088
vt 0.200576 0.906763
vt 0.190257 0.898363
vt 0.133363 0.982532
vt 0.135459 0.984991
vt 0.132445 0.982612
vt 0.136874 0.986265
vt 0.137279 0.985803
vt 0.140999 0.988422
vt 0.132578 0.983238
vt 0.130129 0.977642
vt 0.129413 0.978572
vt 0.135275 0.983172
vt 0.128861 0.979129
vt 0.144877 0.990792
vt 0.144472 0.989830
vt 0.138824 0.987822
vt 0.139676 0.986805
vt 0.128111 0.979674
vt 0.133203 0.984097
vt 0.128506 0.979421
vt 0.138824 0.987822
vt 0.211321 0.924485
vt 0.210728 0.921301
vt 0.212160 0.924873
vt 0.210134 0.919489
vt 0.209550 0.919687
vt 0.207625 0.915558
vt 0.212359 0.924264
vt 0.211686 0.930355
vt 0.212775 0.929902
vt 0.209977 0.922976
vt 0.213535 0.929693
vt 0.205438 0.911566
vt 0.205308 0.912603
vt 0.209217 0.917165
vt 0.207966 0.917622
vt 0.214467 0.929602
vt 0.212246 0.923209
vt 0.213992 0.929619
vt 0.117761 0.961699
vt 0.118354 0.964883
vt 0.116922 0.961311
vt 0.118947 0.966695
vt 0.119532 0.966497
vt 0.121457 0.970626
vt 0.116723 0.961920
vt 0.117396 0.955829
vt 0.116307 0.956282
vt 0.119104 0.963209
vt 0.115546 0.956492
vt 0.123643 0.974619
vt 0.123774 0.973581
vt 0.119865 0.969020
vt 0.121116 0.968562
vt 0.114614 0.956583
vt 0.116836 0.962975
vt 0.115090 0.956566
vt 0.214456 0.950419
vt 0.215549 0.947361
vt 0.215000 0.951183
vt 0.215946 0.945489
vt 0.215330 0.945364
vt 0.215729 0.940808
vt 0.215483 0.950754
vt 0.211799 0.955680
vt 0.212989 0.955844
vt 0.214038 0.948427
vt 0.213766 0.956051
vt 0.215830 0.936240
vt 0.215187 0.937072
vt 0.216316 0.943007
vt 0.214981 0.942768
vt 0.214621 0.956431
vt 0.215916 0.949778
vt 0.214203 0.956215
vt 0.216316 0.943007
vt 0.114626 0.935765
vt 0.113532 0.938823
vt 0.114082 0.935001
vt 0.113136 0.940695
vt 0.113752 0.940821
vt 0.113353 0.945376
vt 0.113599 0.935430
vt 0.117283 0.930505
vt 0.116093 0.930340
vt 0.115044 0.937757
vt 0.115316 0.930133
vt 0.113252 0.949944
vt 0.113894 0.949112
vt 0.112766 0.943177
vt 0.114101 0.943416
vt 0.114461 0.929753
vt 0.113166 0.936406
vt 0.114879 0.929969
vt 0.112766 0.943178
vt 0.204047 0.974383
vt 0.206538 0.972292
vt 0.204121 0.975307
vt 0.207831 0.970876
vt 0.207368 0.970465
vt 0.210027 0.966738
vt 0.204755 0.975175
vt 0.199104 0.977593
vt 0.200037 0.978323
vt 0.204704 0.972463
vt 0.200593 0.978883
vt 0.212435 0.962847
vt 0.211462 0.963250
vt 0.209413 0.968920
vt 0.208391 0.968059
vt 0.205626 0.974549
vt 0.200886 0.979238
vt 0.125035 0.911802
vt 0.122544 0.913892
vt 0.124960 0.910877
vt 0.121251 0.915309
vt 0.121714 0.915719
vt 0.119054 0.919446
vt 0.124327 0.911009
vt 0.129978 0.908592
vt 0.129045 0.907862
vt 0.124378 0.913722
vt 0.128489 0.907301
vt 0.116647 0.923337
vt 0.117620 0.922935
vt 0.119668 0.917264
vt 0.120690 0.918125
vt 0.123456 0.911636
vt 0.128195 0.906946
vt 0.159037 0.984771
vt 0.161332 0.987983
vt 0.158048 0.986834
vt 0.162737 0.989697
vt 0.163248 0.987107
vt 0.167076 0.989287
vt 0.157961 0.989058
vt 0.160844 0.983069
vt 0.154653 0.982261
vt 0.155088 0.978530
vt 0.154019 0.984942
vt 0.170957 0.991414
vt 0.170469 0.988119
vt 0.164599 0.991826
vt 0.165570 0.985902
vt 0.158243 0.991417
vt 0.153275 0.987304
vt 0.170274 0.901176
vt 0.167873 0.898077
vt 0.171345 0.899030
vt 0.166408 0.896423
vt 0.165903 0.899013
vt 0.162025 0.896888
vt 0.171344 0.896895
vt 0.173994 0.907655
vt 0.175203 0.903095
vt 0.168304 0.903053
vt 0.175941 0.900314
vt 0.158125 0.894770
vt 0.158679 0.898129
vt 0.164482 0.894359
vt 0.163553 0.900282
vt 0.177085 0.895997
vt 0.170839 0.894768
vt 0.176543 0.898042
vt 0.185300 0.904178
vt 0.186140 0.901679
vt 0.189720 0.904261
vt 0.180433 0.903882
vt 0.184051 0.902386
vt 0.181623 0.899633
vt 0.180566 0.901486
vt 0.192087 0.906980
vt 0.194143 0.904364
vt 0.186734 0.906443
vt 0.188833 0.900845
vt 0.181215 0.906491
vt 0.175203 0.903095
vt 0.186734 0.906443
vt 0.177085 0.895997
vt 0.183115 0.898038
vt 0.138942 0.976451
vt 0.139332 0.980379
vt 0.137055 0.977748
vt 0.139695 0.982566
vt 0.141430 0.980574
vt 0.143662 0.984371
vt 0.135870 0.979633
vt 0.141357 0.975874
vt 0.136390 0.972088
vt 0.138627 0.969068
vt 0.134504 0.974099
vt 0.145966 0.988147
vt 0.147186 0.985046
vt 0.140249 0.985340
vt 0.144043 0.980685
vt 0.134938 0.981820
vt 0.132680 0.975778
vt 0.140249 0.985340
vt 0.201979 0.919829
vt 0.203960 0.918076
vt 0.205791 0.922036
vt 0.197838 0.917371
vt 0.201770 0.917729
vt 0.200994 0.914269
vt 0.199119 0.915470
vt 0.206414 0.925543
vt 0.209595 0.924319
vt 0.202086 0.922441
vt 0.206738 0.918609
vt 0.193457 0.914850
vt 0.197278 0.919795
vt 0.190455 0.917116
vt 0.195450 0.912945
vt 0.202086 0.922441
vt 0.197112 0.911106
vt 0.203171 0.913320
vt 0.195450 0.912945
vt 0.125332 0.959127
vt 0.123856 0.962768
vt 0.122929 0.959281
vt 0.123162 0.964869
vt 0.125662 0.964005
vt 0.125777 0.968433
vt 0.121077 0.960357
vt 0.129074 0.952641
vt 0.124505 0.953886
vt 0.127952 0.959891
vt 0.121719 0.954648
vt 0.125910 0.972865
vt 0.128517 0.970781
vt 0.122344 0.967575
vt 0.127942 0.965422
vt 0.117396 0.955829
vt 0.119487 0.961866
vt 0.119443 0.955270
vt 0.122344 0.967575
vt 0.206331 0.948600
vt 0.209557 0.946292
vt 0.208415 0.949594
vt 0.211277 0.944880
vt 0.208663 0.944369
vt 0.210836 0.940525
vt 0.210654 0.949683
vt 0.204606 0.946788
vt 0.203818 0.953005
vt 0.200056 0.952569
vt 0.206522 0.953642
vt 0.212963 0.936622
vt 0.209582 0.937178
vt 0.213411 0.943008
vt 0.207419 0.942055
vt 0.213025 0.949399
vt 0.208902 0.954391
vt 0.120349 0.944570
vt 0.117753 0.945097
vt 0.118198 0.940688
vt 0.122547 0.948948
vt 0.119421 0.946557
vt 0.118257 0.950055
vt 0.120400 0.950041
vt 0.119431 0.937319
vt 0.116057 0.936785
vt 0.121613 0.942200
vt 0.115671 0.943176
vt 0.124421 0.946956
vt 0.124505 0.953886
vt 0.121613 0.942200
vt 0.116119 0.949562
vt 0.121719 0.954648
vt 0.197956 0.968754
vt 0.201906 0.968379
vt 0.199249 0.970654
vt 0.204105 0.968021
vt 0.202112 0.966272
vt 0.205937 0.964042
vt 0.201137 0.971850
vt 0.197387 0.966327
vt 0.193562 0.971297
vt 0.190536 0.969038
vt 0.195571 0.973198
vt 0.209738 0.961738
vt 0.206628 0.960503
vt 0.206894 0.967474
vt 0.202235 0.963647
vt 0.203329 0.972791
vt 0.197247 0.975034
vt 0.131037 0.917112
vt 0.127130 0.917636
vt 0.129713 0.915100
vt 0.124954 0.918076
vt 0.126949 0.919820
vt 0.123147 0.922121
vt 0.127858 0.914025
vt 0.138545 0.917146
vt 0.135194 0.913801
vt 0.131674 0.919768
vt 0.133151 0.911759
vt 0.119344 0.924447
vt 0.122542 0.925654
vt 0.122188 0.918710
vt 0.126868 0.922501
vt 0.129978 0.908592
vt 0.125753 0.913393
vt 0.131481 0.910091
vt 0.180617 0.981972
vt 0.184212 0.983615
vt 0.180787 0.984256
vt 0.186288 0.984402
vt 0.185439 0.981900
vt 0.189854 0.981881
vt 0.181821 0.986230
vt 0.181336 0.979593
vt 0.175558 0.981979
vt 0.174073 0.978523
vt 0.176345 0.984622
vt 0.194287 0.981789
vt 0.192217 0.979172
vt 0.188969 0.985321
vt 0.186854 0.979695
vt 0.183243 0.988136
vt 0.176878 0.987043
vt 0.141225 0.905607
vt 0.139481 0.903614
vt 0.143522 0.901830
vt 0.138516 0.909668
vt 0.139042 0.905779
vt 0.135428 0.906491
vt 0.136504 0.908342
vt 0.147048 0.901237
vt 0.145838 0.898049
vt 0.143903 0.905535
vt 0.140113 0.900864
vt 0.141172 0.910310
vt 0.135194 0.913801
vt 0.143903 0.905535
vt 0.134795 0.904395
vt 0.133151 0.911759
vt 0.174786 0.938375
vt 0.179944 0.935903
vt 0.177900 0.940216
vt 0.182941 0.934610
vt 0.179108 0.933030
vt 0.183694 0.928966
vt 0.181554 0.940666
vt 0.164541 0.943092
vt 0.171533 0.944957
vt 0.172579 0.934736
vt 0.175832 0.946104
vt 0.188113 0.926501
vt 0.183636 0.923676
vt 0.186621 0.933331
vt 0.178177 0.929072
vt 0.185038 0.948561
vt 0.185478 0.940065
vt 0.179923 0.947196
vt 0.186621 0.933331
vt 0.154296 0.947809
vt 0.149138 0.950282
vt 0.151181 0.945969
vt 0.146141 0.951575
vt 0.149973 0.953155
vt 0.145387 0.957218
vt 0.147528 0.945519
vt 0.157549 0.941227
vt 0.156503 0.951448
vt 0.153250 0.940080
vt 0.140969 0.959684
vt 0.145446 0.962508
vt 0.142461 0.952853
vt 0.150905 0.957112
vt 0.144044 0.937624
vt 0.143604 0.946120
vt 0.149159 0.938988
vt 0.142461 0.952853
vt 0.172161 0.959073
vt 0.176271 0.959612
vt 0.174113 0.964881
vt 0.171075 0.952285
vt 0.174316 0.956998
vt 0.178085 0.953671
vt 0.174692 0.952241
vt 0.171427 0.969438
vt 0.176716 0.969219
vt 0.169382 0.962041
vt 0.178824 0.962554
vt 0.167349 0.954341
vt 0.175832 0.946104
vt 0.171533 0.944957
vt 0.169382 0.962041
vt 0.181187 0.956147
vt 0.156921 0.927111
vt 0.152811 0.926572
vt 0.154969 0.921304
vt 0.158007 0.933900
vt 0.154765 0.929186
vt 0.150997 0.932514
vt 0.154389 0.933944
vt 0.157654 0.916746
vt 0.152366 0.916965
vt 0.155009 0.907662
vt 0.159700 0.924143
vt 0.150257 0.923631
vt 0.161733 0.931843
vt 0.153250 0.940080
vt 0.157549 0.941227
vt 0.159700 0.924143
vt 0.149159 0.938988
vt 0.147895 0.930038
vt 0.153250 0.940080
vt 0.137315 0.940423
vt 0.133390 0.941591
vt 0.134549 0.938957
vt 0.130988 0.942255
vt 0.134563 0.943620
vt 0.131448 0.945954
vt 0.131428 0.938442
vt 0.139312 0.936361
vt 0.139395 0.943263
vt 0.135762 0.935413
vt 0.128125 0.947930
vt 0.132413 0.949780
vt 0.129074 0.952641
vt 0.127800 0.943132
vt 0.135812 0.946752
vt 0.129026 0.933615
vt 0.128100 0.938332
vt 0.132373 0.934508
vt 0.127800 0.943132
vt 0.144028 0.922691
vt 0.147783 0.921401
vt 0.145638 0.926497
vt 0.142981 0.918473
vt 0.145955 0.920099
vt 0.149243 0.915616
vt 0.146056 0.916296
vt 0.142822 0.930418
vt 0.147894 0.930038
vt 0.141454 0.925608
vt 0.138545 0.917146
vt 0.140016 0.921290
vt 0.142162 0.913987
vt 0.141454 0.925608
vt 0.152366 0.916965
vt 0.150466 0.909205
vt 0.146160 0.911327
vt 0.185054 0.963493
vt 0.181299 0.964783
vt 0.183443 0.959687
vt 0.186101 0.967711
vt 0.183126 0.966085
vt 0.179838 0.970569
vt 0.183026 0.969888
vt 0.186259 0.955767
vt 0.187628 0.960577
vt 0.190536 0.969038
vt 0.189066 0.964894
vt 0.186919 0.972197
vt 0.187628 0.960577
vt 0.178616 0.976980
vt 0.182922 0.974858
vt 0.191767 0.945761
vt 0.195692 0.944594
vt 0.194533 0.947227
vt 0.198093 0.943929
vt 0.194518 0.942564
vt 0.197633 0.940230
vt 0.197654 0.947742
vt 0.189769 0.949824
vt 0.189687 0.942921
vt 0.193320 0.950772
vt 0.200956 0.938255
vt 0.196668 0.936405
vt 0.200008 0.933544
vt 0.201282 0.943053
vt 0.193270 0.939432
vt 0.200056 0.952569
vt 0.200982 0.947853
vt 0.196709 0.951676
vt 0.087231 0.932099
vt 0.082017 0.931019
vt 0.085997 0.928722
vt 0.079065 0.930178
vt 0.081267 0.933995
vt 0.075340 0.934871
vt 0.083691 0.925964
vt 0.088142 0.935802
vt 0.091262 0.925684
vt 0.070501 0.933756
vt 0.073884 0.939619
vt 0.061252 0.943000
vt 0.075973 0.928287
vt 0.081358 0.937618
vt 0.085762 0.918502
vt 0.080941 0.923322
vt 0.075973 0.928287
vt 0.035274 0.953901
vt 0.040488 0.954981
vt 0.036507 0.957278
vt 0.043440 0.955821
vt 0.041238 0.952004
vt 0.047164 0.951128
vt 0.038813 0.960036
vt 0.027777 0.951960
vt 0.034363 0.950197
vt 0.052004 0.952244
vt 0.048621 0.946381
vt 0.046532 0.957713
vt 0.041147 0.948381
vt 0.041564 0.962678
vt 0.046532 0.957713
vt 0.078300 0.920570
vt 0.073244 0.922242
vt 0.075543 0.918262
vt 0.070268 0.922990
vt 0.074083 0.925194
vt 0.069389 0.928916
vt 0.072167 0.917027
vt 0.085763 0.918502
vt 0.080941 0.923322
vt 0.064640 0.930370
vt 0.070501 0.933756
vt 0.066644 0.922898
vt 0.075973 0.928287
vt 0.068464 0.916114
vt 0.044205 0.965430
vt 0.049261 0.963758
vt 0.046962 0.967737
vt 0.052237 0.963009
vt 0.048422 0.960805
vt 0.053116 0.957083
vt 0.050338 0.968973
vt 0.041564 0.962678
vt 0.043922 0.973000
vt 0.057865 0.955630
vt 0.052004 0.952244
vt 0.055860 0.963102
vt 0.046532 0.957713
vt 0.052275 0.976470
vt 0.054041 0.969885
vt 0.055861 0.963102
vt 0.057704 0.970948
vt 0.061246 0.966973
vt 0.061245 0.971568
vt 0.063450 0.964836
vt 0.059044 0.964835
vt 0.061248 0.959264
vt 0.064787 0.970950
vt 0.064634 0.955631
vt 0.057865 0.955630
vt 0.066634 0.963105
vt 0.055860 0.963102
vt 0.070213 0.976475
vt 0.068450 0.969889
vt 0.066634 0.963105
vt 0.064801 0.915051
vt 0.061259 0.919027
vt 0.061260 0.914431
vt 0.059055 0.921163
vt 0.063461 0.921164
vt 0.061257 0.926735
vt 0.057718 0.915049
vt 0.068464 0.916114
vt 0.057871 0.930368
vt 0.064640 0.930370
vt 0.055871 0.922895
vt 0.066644 0.922898
vt 0.052292 0.909525
vt 0.054055 0.916110
vt 0.055871 0.922895
vt 0.072154 0.968978
vt 0.073234 0.963764
vt 0.075530 0.967745
vt 0.074074 0.960812
vt 0.070257 0.963014
vt 0.069381 0.957088
vt 0.078289 0.965439
vt 0.070213 0.976475
vt 0.068450 0.969889
vt 0.070496 0.952248
vt 0.064634 0.955631
vt 0.075966 0.957720
vt 0.080930 0.962688
vt 0.075966 0.957720
vt 0.050351 0.917021
vt 0.049271 0.922235
vt 0.046974 0.918255
vt 0.048431 0.925187
vt 0.052248 0.922985
vt 0.053124 0.928912
vt 0.044216 0.920561
vt 0.054055 0.916110
vt 0.052008 0.933751
vt 0.057871 0.930368
vt 0.046539 0.928279
vt 0.036755 0.918490
vt 0.041574 0.923311
vt 0.046539 0.928279
vt 0.083683 0.960047
vt 0.082011 0.954992
vt 0.085990 0.957290
vt 0.081262 0.952015
vt 0.079058 0.955830
vt 0.075336 0.951136
vt 0.087226 0.953914
vt 0.080930 0.962688
vt 0.073882 0.946387
vt 0.081355 0.948392
vt 0.094723 0.951977
vt 0.088138 0.950211
vt 0.081355 0.948392
vt 0.038822 0.925952
vt 0.040494 0.931008
vt 0.036515 0.928709
vt 0.041243 0.933984
vt 0.043447 0.930169
vt 0.047169 0.934863
vt 0.035279 0.932085
vt 0.036755 0.918490
vt 0.041574 0.923312
vt 0.048623 0.939612
vt 0.052008 0.933751
vt 0.041150 0.937608
vt 0.027782 0.934022
vt 0.034366 0.935788
vt 0.089202 0.946549
vt 0.085226 0.943006
vt 0.089821 0.943007
vt 0.083089 0.940802
vt 0.083088 0.945208
vt 0.077517 0.943004
vt 0.089203 0.939466
vt 0.088138 0.950211
vt 0.073882 0.946387
vt 0.081358 0.937618
vt 0.088142 0.935802
vt 0.033303 0.939451
vt 0.037279 0.942993
vt 0.032683 0.942992
vt 0.039416 0.945197
vt 0.039417 0.940791
vt 0.044987 0.942995
vt 0.033301 0.946534
vt 0.027782 0.934022
vt 0.034366 0.935788
vt 0.048621 0.946381
vt 0.048623 0.939612
vt 0.027777 0.951960
vt 0.034363 0.950197
vt 0.238653 0.959274
vt 0.239167 0.959092
vt 0.240378 0.961033
vt 0.237032 0.957093
vt 0.238308 0.958380
vt 0.237906 0.956789
vt 0.237259 0.956691
vt 0.241340 0.962617
vt 0.242272 0.962661
vt 0.244514 0.965061
vt 0.239167 0.960475
vt 0.240353 0.959995
vt 0.235032 0.954588
vt 0.237236 0.958101
vt 0.235627 0.954445
vt 0.237607 0.954047
vt 0.236723 0.954174
vt 0.238788 0.957108
vt 0.236113 0.954331
vt 0.233694 0.965930
vt 0.233292 0.966325
vt 0.231710 0.963608
vt 0.236055 0.968379
vt 0.234269 0.967156
vt 0.235471 0.969099
vt 0.235984 0.969064
vt 0.230687 0.961287
vt 0.229841 0.961182
vt 0.228122 0.956912
vt 0.232995 0.964321
vt 0.232067 0.965175
vt 0.239406 0.970213
vt 0.235601 0.967062
vt 0.238840 0.970841
vt 0.232995 0.964321
vt 0.237872 0.972126
vt 0.238169 0.971666
vt 0.234757 0.968840
vt 0.238442 0.971301
vt 0.237725 0.963097
vt 0.237326 0.963422
vt 0.235986 0.961132
vt 0.239770 0.965208
vt 0.238208 0.964149
vt 0.239141 0.965792
vt 0.239678 0.965801
vt 0.235079 0.959116
vt 0.234491 0.959452
vt 0.232723 0.955279
vt 0.237132 0.961719
vt 0.236164 0.962404
vt 0.242672 0.966759
vt 0.239396 0.964072
vt 0.242158 0.967323
vt 0.241051 0.968471
vt 0.241458 0.968063
vt 0.238098 0.965156
vt 0.241779 0.967735
vt 0.234480 0.961570
vt 0.234948 0.961353
vt 0.236362 0.963625
vt 0.232634 0.958980
vt 0.234031 0.960513
vt 0.233443 0.958667
vt 0.232805 0.958513
vt 0.237543 0.965536
vt 0.235125 0.962975
vt 0.236164 0.962404
vt 0.230421 0.955994
vt 0.232935 0.960149
vt 0.231008 0.955842
vt 0.235125 0.962975
vt 0.231996 0.955534
vt 0.234491 0.959452
vt 0.231459 0.955716
vt 0.248013 0.969099
vt 0.248359 0.968696
vt 0.250359 0.969805
vt 0.245561 0.967979
vt 0.247275 0.968487
vt 0.246143 0.967297
vt 0.245550 0.967521
vt 0.251968 0.970724
vt 0.252792 0.970317
vt 0.255916 0.971340
vt 0.249046 0.969898
vt 0.249820 0.968915
vt 0.246234 0.968757
vt 0.243084 0.966351
vt 0.249046 0.969898
vt 0.243857 0.965593
vt 0.247045 0.967155
vt 0.243428 0.966020
vt 0.246946 0.977266
vt 0.246785 0.977804
vt 0.244128 0.976196
vt 0.250160 0.978276
vt 0.248026 0.978060
vt 0.249997 0.979185
vt 0.250423 0.978908
vt 0.242143 0.974670
vt 0.241365 0.974988
vt 0.245576 0.976198
vt 0.245180 0.977390
vt 0.253953 0.978285
vt 0.249139 0.977344
vt 0.253758 0.979102
vt 0.245576 0.976198
vt 0.253537 0.980695
vt 0.253570 0.980146
vt 0.249257 0.979302
vt 0.253631 0.979695
vt 0.249070 0.972871
vt 0.248881 0.973345
vt 0.246626 0.971992
vt 0.251859 0.973733
vt 0.249994 0.973557
vt 0.251593 0.974545
vt 0.252064 0.974295
vt 0.244881 0.970672
vt 0.244535 0.971247
vt 0.247895 0.971954
vt 0.247388 0.973014
vt 0.255134 0.973703
vt 0.250988 0.972922
vt 0.254957 0.974440
vt 0.254547 0.975975
vt 0.254703 0.975422
vt 0.250384 0.974489
vt 0.254824 0.974981
vt 0.245536 0.973093
vt 0.245833 0.972680
vt 0.248146 0.973983
vt 0.242711 0.971726
vt 0.244640 0.972387
vt 0.243256 0.971065
vt 0.242632 0.971237
vt 0.250089 0.975086
vt 0.250384 0.974489
vt 0.246769 0.974009
vt 0.247388 0.973014
vt 0.243532 0.972601
vt 0.239834 0.969791
vt 0.240537 0.969044
vt 0.240158 0.969461
vt 0.260929 0.973201
vt 0.261037 0.972684
vt 0.263322 0.972699
vt 0.258245 0.973390
vt 0.259988 0.973018
vt 0.258424 0.972516
vt 0.258014 0.972993
vt 0.265173 0.972735
vt 0.265698 0.971983
vt 0.268923 0.971370
vt 0.262218 0.973411
vt 0.262421 0.972179
vt 0.259209 0.973753
vt 0.255295 0.973148
vt 0.262218 0.973411
vt 0.255603 0.972116
vt 0.259142 0.971963
vt 0.255434 0.972693
vt 0.263937 0.980885
vt 0.264057 0.981435
vt 0.260954 0.981287
vt 0.267245 0.980238
vt 0.265267 0.981069
vt 0.267544 0.981116
vt 0.267781 0.980669
vt 0.258483 0.980890
vt 0.257957 0.981542
vt 0.262222 0.980597
vt 0.262453 0.981834
vt 0.270583 0.978422
vt 0.265899 0.979903
vt 0.270808 0.979238
vt 0.271398 0.980743
vt 0.271153 0.980246
vt 0.266956 0.981569
vt 0.270983 0.979822
vt 0.263729 0.976025
vt 0.263679 0.976557
vt 0.261112 0.976411
vt 0.266713 0.975480
vt 0.264824 0.976210
vt 0.266500 0.976408
vt 0.267012 0.975922
vt 0.258958 0.976077
vt 0.258912 0.976751
vt 0.262272 0.975767
vt 0.262171 0.976978
vt 0.270292 0.973737
vt 0.265625 0.975140
vt 0.269836 0.975341
vt 0.269964 0.974723
vt 0.262272 0.975767
vt 0.268686 0.976654
vt 0.269523 0.975904
vt 0.265243 0.976950
vt 0.269836 0.975341
vt 0.260612 0.977915
vt 0.260673 0.977411
vt 0.263168 0.977508
vt 0.257551 0.978038
vt 0.259525 0.977709
vt 0.257708 0.977199
vt 0.257249 0.977644
vt 0.265261 0.977602
vt 0.262106 0.978142
vt 0.262171 0.976978
vt 0.258688 0.978417
vt 0.254120 0.977710
vt 0.262106 0.978142
vt 0.254373 0.976721
vt 0.258912 0.976751
vt 0.254242 0.977266
vt 0.274255 0.970553
vt 0.274050 0.970049
vt 0.276056 0.968937
vt 0.272104 0.972029
vt 0.273316 0.970858
vt 0.271689 0.971183
vt 0.271603 0.971804
vt 0.277697 0.968055
vt 0.277773 0.967138
vt 0.280286 0.965013
vt 0.275532 0.970086
vt 0.275009 0.968923
vt 0.273309 0.971819
vt 0.269491 0.973254
vt 0.275532 0.970086
vt 0.269032 0.972207
vt 0.272043 0.970344
vt 0.269220 0.972797
vt 0.280620 0.975935
vt 0.281057 0.976302
vt 0.278229 0.977685
vt 0.283116 0.973895
vt 0.281923 0.975418
vt 0.284003 0.974316
vt 0.283935 0.973871
vt 0.275844 0.978536
vt 0.275714 0.979356
vt 0.278935 0.976540
vt 0.279841 0.977429
vt 0.284434 0.971644
vt 0.281650 0.974373
vt 0.285645 0.971477
vt 0.287281 0.972057
vt 0.286802 0.971776
vt 0.283717 0.974988
vt 0.286346 0.971601
vt 0.280742 0.969865
vt 0.279115 0.970326
vt 0.280871 0.969260
vt 0.278283 0.970411
vt 0.278228 0.971079
vt 0.276077 0.971759
vt 0.280570 0.968829
vt 0.283863 0.968612
vt 0.283289 0.968033
vt 0.279921 0.970810
vt 0.282987 0.967573
vt 0.274806 0.971817
vt 0.274102 0.972956
vt 0.277632 0.970244
vt 0.277021 0.972022
vt 0.282797 0.966924
vt 0.280189 0.968430
vt 0.282851 0.965858
vt 0.277632 0.970244
vt 0.276229 0.974863
vt 0.275601 0.974614
vt 0.278184 0.973268
vt 0.273603 0.976473
vt 0.275017 0.975299
vt 0.272783 0.975912
vt 0.272997 0.976343
vt 0.280481 0.972072
vt 0.279043 0.972132
vt 0.277765 0.974273
vt 0.275841 0.973965
vt 0.274824 0.976237
vt 0.270431 0.977845
vt 0.272639 0.975410
vt 0.269718 0.977034
vt 0.270203 0.977444
vt 0.284565 0.961652
vt 0.284110 0.961341
vt 0.285297 0.959386
vt 0.283451 0.963915
vt 0.283887 0.962394
vt 0.282617 0.963489
vt 0.282871 0.964041
vt 0.286310 0.957811
vt 0.285847 0.956972
vt 0.286889 0.953889
vt 0.285462 0.960631
vt 0.284369 0.959885
vt 0.284381 0.963164
vt 0.281882 0.966140
vt 0.285462 0.960631
vt 0.280808 0.965688
vt 0.282500 0.962581
vt 0.281311 0.966049
vt 0.293223 0.963176
vt 0.293757 0.963294
vt 0.291930 0.965945
vt 0.294414 0.960029
vt 0.294115 0.962072
vt 0.295327 0.960056
vt 0.295100 0.959672
vt 0.290204 0.967906
vt 0.290466 0.968669
vt 0.291996 0.964579
vt 0.293184 0.964886
vt 0.294232 0.956822
vt 0.293304 0.961217
vt 0.295326 0.956445
vt 0.291996 0.964579
vt 0.296842 0.956408
vt 0.296376 0.956419
vt 0.295340 0.960776
vt 0.295965 0.956424
vt 0.288826 0.960823
vt 0.289665 0.960474
vt 0.288020 0.962896
vt 0.289730 0.958297
vt 0.289697 0.959758
vt 0.290960 0.957747
vt 0.290480 0.957796
vt 0.286320 0.964858
vt 0.287815 0.964034
vt 0.287699 0.962066
vt 0.289891 0.960941
vt 0.289528 0.956076
vt 0.288746 0.959294
vt 0.290465 0.955442
vt 0.287699 0.962066
vt 0.291420 0.957820
vt 0.291756 0.954766
vt 0.292444 0.953941
vt 0.291174 0.955133
vt 0.287129 0.966807
vt 0.288666 0.965796
vt 0.287080 0.967595
vt 0.289361 0.965367
vt 0.289309 0.964530
vt 0.290970 0.962747
vt 0.287303 0.967989
vt 0.284521 0.969314
vt 0.287654 0.965451
vt 0.284816 0.969842
vt 0.291947 0.962040
vt 0.292128 0.960340
vt 0.289923 0.965330
vt 0.290067 0.962933
vt 0.284837 0.970493
vt 0.287605 0.968363
vt 0.289923 0.965329
vt 0.288731 0.951296
vt 0.289519 0.949948
vt 0.289259 0.951918
vt 0.289881 0.949363
vt 0.289259 0.948749
vt 0.289652 0.946777
vt 0.289738 0.952145
vt 0.288009 0.954197
vt 0.288271 0.950177
vt 0.288703 0.954513
vt 0.290104 0.945873
vt 0.289185 0.944551
vt 0.289120 0.941114
vt 0.290359 0.949122
vt 0.288895 0.947300
vt 0.289171 0.955023
vt 0.290241 0.952319
vt 0.288703 0.954513
vt 0.290359 0.949122
vt 0.296634 0.945720
vt 0.297183 0.945571
vt 0.297219 0.948779
vt 0.295740 0.942340
vt 0.296728 0.944335
vt 0.296612 0.941996
vt 0.296137 0.941763
vt 0.296956 0.951347
vt 0.297618 0.951855
vt 0.296471 0.947511
vt 0.297696 0.947217
vt 0.293648 0.939022
vt 0.295511 0.943751
vt 0.294456 0.938743
vt 0.296471 0.947511
vt 0.297124 0.942597
vt 0.295459 0.938349
vt 0.295952 0.938101
vt 0.295035 0.938530
vt 0.291785 0.946115
vt 0.292301 0.945999
vt 0.292399 0.948507
vt 0.290952 0.943362
vt 0.291853 0.944965
vt 0.291790 0.943062
vt 0.291310 0.942811
vt 0.292216 0.950563
vt 0.292907 0.950558
vt 0.291648 0.947634
vt 0.292857 0.947456
vt 0.290751 0.944702
vt 0.289814 0.940358
vt 0.291341 0.939738
vt 0.290779 0.939896
vt 0.292427 0.944152
vt 0.290334 0.940061
vt 0.293909 0.949205
vt 0.293429 0.949038
vt 0.293249 0.946403
vt 0.294188 0.952450
vt 0.293812 0.950297
vt 0.293414 0.951919
vt 0.293856 0.952595
vt 0.293081 0.944118
vt 0.293985 0.947658
vt 0.292857 0.947456
vt 0.294468 0.951385
vt 0.293447 0.955499
vt 0.293810 0.955911
vt 0.293985 0.947658
vt 0.292977 0.954963
vt 0.292907 0.950558
vt 0.285379 0.935765
vt 0.284858 0.935918
vt 0.283658 0.933978
vt 0.286969 0.938004
vt 0.285704 0.936641
vt 0.286073 0.938215
vt 0.286701 0.938333
vt 0.282697 0.932391
vt 0.281762 0.932342
vt 0.279517 0.929929
vt 0.284880 0.934577
vt 0.283687 0.935017
vt 0.286830 0.937072
vt 0.287670 0.940663
vt 0.288214 0.940676
vt 0.284880 0.934577
vt 0.286449 0.940974
vt 0.287083 0.940786
vt 0.285260 0.937909
vt 0.290376 0.929026
vt 0.290776 0.928648
vt 0.292357 0.931385
vt 0.288033 0.926479
vt 0.289802 0.927789
vt 0.288605 0.925816
vt 0.288102 0.925808
vt 0.293382 0.933714
vt 0.294229 0.933822
vt 0.291075 0.930645
vt 0.291999 0.929821
vt 0.284733 0.924409
vt 0.288484 0.927814
vt 0.285296 0.923800
vt 0.291075 0.930645
vt 0.286183 0.922850
vt 0.285967 0.923077
vt 0.289303 0.926147
vt 0.285689 0.923376
vt 0.286321 0.931903
vt 0.286694 0.931539
vt 0.288063 0.933870
vt 0.284269 0.929784
vt 0.285824 0.930830
vt 0.284816 0.929076
vt 0.284337 0.929153
vt 0.288977 0.935895
vt 0.289562 0.935551
vt 0.286917 0.933287
vt 0.287850 0.932544
vt 0.281366 0.928229
vt 0.284647 0.930928
vt 0.281876 0.927658
vt 0.286917 0.933287
vt 0.282382 0.925751
vt 0.282437 0.926717
vt 0.285806 0.929636
vt 0.282222 0.927196
vt 0.289549 0.933393
vt 0.289080 0.933612
vt 0.287602 0.931247
vt 0.291425 0.936025
vt 0.290013 0.934473
vt 0.290614 0.936339
vt 0.291255 0.936495
vt 0.286367 0.929238
vt 0.285806 0.929636
vt 0.288893 0.931965
vt 0.291122 0.934851
vt 0.293060 0.939174
vt 0.288893 0.931965
vt 0.292070 0.939483
vt 0.292609 0.939300
vt 0.276022 0.925863
vt 0.275675 0.926267
vt 0.273677 0.925147
vt 0.278473 0.926997
vt 0.276759 0.926481
vt 0.277889 0.927680
vt 0.278482 0.927457
vt 0.272070 0.924220
vt 0.271245 0.924627
vt 0.268122 0.923600
vt 0.274992 0.925057
vt 0.274215 0.926042
vt 0.277802 0.926212
vt 0.280951 0.928639
vt 0.276987 0.927819
vt 0.280175 0.929398
vt 0.280605 0.928971
vt 0.273676 0.916288
vt 0.275377 0.917601
vt 0.273182 0.916514
vt 0.276340 0.918513
vt 0.276545 0.917980
vt 0.278900 0.919815
vt 0.273389 0.917196
vt 0.270493 0.914250
vt 0.270310 0.914996
vt 0.274945 0.916494
vt 0.270191 0.915477
vt 0.280713 0.921556
vt 0.281089 0.920912
vt 0.277560 0.919735
vt 0.278112 0.918547
vt 0.269828 0.916930
vt 0.274299 0.918252
vt 0.270037 0.916096
vt 0.277560 0.919735
vt 0.274782 0.921935
vt 0.274579 0.921255
vt 0.276927 0.922612
vt 0.272008 0.921060
vt 0.273787 0.921209
vt 0.272004 0.920127
vt 0.271792 0.920477
vt 0.278900 0.924026
vt 0.278039 0.922725
vt 0.276013 0.922891
vt 0.275072 0.921050
vt 0.268070 0.920880
vt 0.272830 0.921891
vt 0.268815 0.920177
vt 0.276013 0.922891
vt 0.269351 0.918833
vt 0.269237 0.919253
vt 0.272231 0.919769
vt 0.269085 0.919671
vt 0.280830 0.923216
vt 0.279587 0.921739
vt 0.281518 0.923151
vt 0.278739 0.920884
vt 0.278405 0.921286
vt 0.276187 0.919659
vt 0.281484 0.922614
vt 0.283416 0.925521
vt 0.279439 0.922782
vt 0.283916 0.925202
vt 0.274299 0.918251
vt 0.273988 0.918871
vt 0.276858 0.920720
vt 0.284286 0.924876
vt 0.263059 0.921733
vt 0.262995 0.922269
vt 0.260704 0.922268
vt 0.265655 0.921488
vt 0.264027 0.921921
vt 0.265609 0.922424
vt 0.265983 0.921925
vt 0.258845 0.922244
vt 0.258332 0.923001
vt 0.255106 0.923632
vt 0.261720 0.921526
vt 0.261613 0.922785
vt 0.264503 0.921092
vt 0.268534 0.921683
vt 0.268430 0.922816
vt 0.264894 0.922985
vt 0.268549 0.922211
vt 0.260076 0.914089
vt 0.259955 0.913538
vt 0.263062 0.913676
vt 0.256765 0.914749
vt 0.258743 0.913909
vt 0.256464 0.913871
vt 0.256227 0.914319
vt 0.265526 0.914078
vt 0.266065 0.913410
vt 0.261791 0.914374
vt 0.261561 0.913131
vt 0.253428 0.916579
vt 0.258114 0.915079
vt 0.253201 0.915764
vt 0.252608 0.914257
vt 0.252853 0.914755
vt 0.257053 0.913413
vt 0.253023 0.915180
vt 0.257268 0.919255
vt 0.258767 0.919627
vt 0.256756 0.919717
vt 0.259507 0.919946
vt 0.259927 0.919398
vt 0.262080 0.919831
vt 0.256761 0.920229
vt 0.254800 0.918799
vt 0.254289 0.919635
vt 0.258533 0.918825
vt 0.254138 0.920179
vt 0.263203 0.920384
vt 0.264380 0.919738
vt 0.259982 0.920397
vt 0.261452 0.919157
vt 0.253921 0.920825
vt 0.256884 0.920749
vt 0.253334 0.921711
vt 0.259982 0.920397
vt 0.263457 0.917089
vt 0.263812 0.917584
vt 0.261113 0.917521
vt 0.266411 0.917002
vt 0.264652 0.917287
vt 0.266620 0.917808
vt 0.266803 0.917381
vt 0.258669 0.917478
vt 0.259916 0.918092
vt 0.261873 0.916873
vt 0.263285 0.918022
vt 0.265257 0.916624
vt 0.269696 0.917463
vt 0.261873 0.916873
vt 0.269475 0.918343
vt 0.266380 0.918261
vt 0.269596 0.917864
vt 0.249749 0.924500
vt 0.249977 0.924975
vt 0.247972 0.926092
vt 0.251837 0.923085
vt 0.250697 0.924179
vt 0.252334 0.923836
vt 0.252391 0.923245
vt 0.246317 0.926971
vt 0.246265 0.927890
vt 0.243759 0.930017
vt 0.248487 0.924965
vt 0.249023 0.926100
vt 0.250686 0.923305
vt 0.254290 0.921914
vt 0.248487 0.924965
vt 0.254985 0.922803
vt 0.251986 0.924672
vt 0.254730 0.922256
vt 0.243336 0.919161
vt 0.242955 0.918735
vt 0.245776 0.917347
vt 0.240716 0.921355
vt 0.242065 0.919650
vt 0.240014 0.920731
vt 0.240027 0.921237
vt 0.248156 0.916492
vt 0.248294 0.915660
vt 0.244997 0.918577
vt 0.244173 0.917599
vt 0.238617 0.924599
vt 0.242075 0.920991
vt 0.238024 0.923992
vt 0.236752 0.922987
vt 0.237219 0.923283
vt 0.240305 0.920050
vt 0.237583 0.923565
vt 0.246095 0.923275
vt 0.245736 0.922910
vt 0.248184 0.921702
vt 0.243938 0.925069
vt 0.244967 0.923723
vt 0.243216 0.924580
vt 0.243232 0.925063
vt 0.250317 0.920928
vt 0.250002 0.920319
vt 0.247542 0.922749
vt 0.246825 0.921819
vt 0.242845 0.927031
vt 0.245192 0.924663
vt 0.241799 0.927155
vt 0.247542 0.922749
vt 0.240340 0.926344
vt 0.240777 0.926761
vt 0.243899 0.923588
vt 0.241184 0.927010
vt 0.247703 0.920215
vt 0.247932 0.920681
vt 0.245537 0.921954
vt 0.250386 0.918554
vt 0.248805 0.919829
vt 0.250770 0.919344
vt 0.250880 0.918742
vt 0.243531 0.923016
vt 0.243899 0.923588
vt 0.246248 0.920771
vt 0.246825 0.921819
vt 0.249190 0.918782
vt 0.253571 0.917162
vt 0.246248 0.920771
vt 0.254013 0.918116
vt 0.250002 0.920319
vt 0.253724 0.917600
vt 0.240787 0.931334
vt 0.239384 0.932098
vt 0.240724 0.930590
vt 0.238762 0.932423
vt 0.238898 0.933198
vt 0.237450 0.934652
vt 0.240476 0.930196
vt 0.243005 0.929252
vt 0.240528 0.932468
vt 0.242633 0.928687
vt 0.236579 0.935207
vt 0.236558 0.936704
vt 0.234696 0.939611
vt 0.238254 0.932420
vt 0.238365 0.934559
vt 0.242546 0.928061
vt 0.240185 0.929840
vt 0.230826 0.931915
vt 0.230303 0.931757
vt 0.232122 0.929109
vt 0.229618 0.935147
vt 0.229945 0.932996
vt 0.228741 0.934995
vt 0.228961 0.935413
vt 0.233838 0.927151
vt 0.233579 0.926378
vt 0.232026 0.930553
vt 0.230873 0.930162
vt 0.229538 0.938994
vt 0.230642 0.934126
vt 0.228694 0.938796
vt 0.232026 0.930553
vt 0.228726 0.934271
vt 0.227697 0.938631
vt 0.227233 0.938635
vt 0.228097 0.938673
vt 0.235321 0.934136
vt 0.234760 0.933954
vt 0.236336 0.931750
vt 0.234351 0.936836
vt 0.234512 0.935052
vt 0.233372 0.936632
vt 0.233664 0.937089
vt 0.237861 0.930060
vt 0.237221 0.929687
vt 0.236409 0.932966
vt 0.235174 0.932466
vt 0.235365 0.935859
vt 0.233606 0.939875
vt 0.236409 0.932966
vt 0.231816 0.939577
vt 0.232408 0.939738
vt 0.233464 0.935420
vt 0.232923 0.939837
vt 0.235194 0.930594
vt 0.235614 0.930913
vt 0.234102 0.933183
vt 0.236821 0.927821
vt 0.235998 0.929724
vt 0.237485 0.928404
vt 0.237345 0.927765
vt 0.232838 0.935102
vt 0.233464 0.935420
vt 0.234147 0.931801
vt 0.235174 0.932466
vt 0.235845 0.928612
vt 0.239031 0.925043
vt 0.234147 0.931801
vt 0.239769 0.925791
vt 0.237221 0.929687
vt 0.239359 0.925383
vt 0.235259 0.946057
vt 0.235860 0.946213
vt 0.235924 0.948476
vt 0.234974 0.943328
vt 0.235437 0.945149
vt 0.235975 0.943640
vt 0.235419 0.943196
vt 0.235963 0.950320
vt 0.236840 0.950860
vt 0.235085 0.947326
vt 0.236503 0.947605
vt 0.234599 0.944194
vt 0.235788 0.940727
vt 0.235272 0.940428
vt 0.235085 0.947326
vt 0.237184 0.941146
vt 0.236440 0.940948
vt 0.236613 0.944346
vt 0.235788 0.940727
vt 0.227443 0.949307
vt 0.226895 0.949455
vt 0.226859 0.946253
vt 0.228335 0.952681
vt 0.227348 0.950689
vt 0.227464 0.953025
vt 0.227938 0.953257
vt 0.227122 0.943689
vt 0.226460 0.943182
vt 0.227606 0.947519
vt 0.226384 0.947813
vt 0.228563 0.951273
vt 0.229615 0.956272
vt 0.228614 0.956664
vt 0.226954 0.952424
vt 0.229037 0.956484
vt 0.232296 0.948860
vt 0.231773 0.948941
vt 0.231684 0.946253
vt 0.233138 0.951758
vt 0.232222 0.950032
vt 0.232280 0.951954
vt 0.232765 0.952236
vt 0.231882 0.944040
vt 0.231177 0.944024
vt 0.232439 0.947350
vt 0.231217 0.947448
vt 0.233359 0.950570
vt 0.234284 0.954826
vt 0.232439 0.947350
vt 0.233286 0.955127
vt 0.231643 0.950857
vt 0.233739 0.955002
vt 0.230144 0.945847
vt 0.230636 0.945895
vt 0.230820 0.948616
vt 0.229812 0.942650
vt 0.230237 0.944687
vt 0.230631 0.942793
vt 0.230155 0.942325
vt 0.230988 0.950913
vt 0.231643 0.950857
vt 0.230072 0.947422
vt 0.231217 0.947448
vt 0.229542 0.943836
vt 0.230054 0.939148
vt 0.231018 0.939393
vt 0.231177 0.944024
vt 0.230461 0.939262
vt 0.093787 0.917856
vt 0.097981 0.918073
vt 0.098037 0.920336
vt 0.097457 0.914305
vt 0.095357 0.915626
vt 0.100336 0.918322
vt 0.102071 0.922370
vt 0.089580 0.914680
vt 0.092901 0.920662
vt 0.097937 0.923085
vt 0.095623 0.908629
vt 0.093855 0.910399
vt 0.099810 0.913411
vt 0.091915 0.912342
vt 0.106155 0.924401
vt 0.103339 0.918700
vt 0.020441 0.964533
vt 0.023337 0.963546
vt 0.022999 0.968037
vt 0.018660 0.960095
vt 0.021496 0.962392
vt 0.023577 0.958689
vt 0.020992 0.958971
vt 0.022695 0.972588
vt 0.025840 0.970203
vt 0.019166 0.967299
vt 0.025693 0.964812
vt 0.016350 0.961598
vt 0.017983 0.955193
vt 0.026181 0.959253
vt 0.085931 0.903919
vt 0.083920 0.906216
vt 0.081882 0.902175
vt 0.089949 0.906797
vt 0.086182 0.906275
vt 0.086402 0.910471
vt 0.088631 0.908900
vt 0.079850 0.898097
vt 0.078297 0.901632
vt 0.085551 0.900913
vt 0.090840 0.904442
vt 0.093855 0.910399
vt 0.085551 0.900913
vt 0.083599 0.911356
vt 0.089580 0.914680
vt 0.091915 0.912342
vt 0.045554 0.980672
vt 0.041855 0.982754
vt 0.040700 0.980913
vt 0.044154 0.985591
vt 0.045274 0.983259
vt 0.039717 0.983810
vt 0.036212 0.981252
vt 0.050580 0.980414
vt 0.044987 0.978067
vt 0.049676 0.983445
vt 0.042655 0.987903
vt 0.034045 0.978410
vt 0.031665 0.981557
vt 0.036954 0.985086
vt 0.066759 0.983748
vt 0.064475 0.987270
vt 0.062484 0.986190
vt 0.068001 0.988701
vt 0.067907 0.986222
vt 0.063082 0.989185
vt 0.058703 0.988670
vt 0.071614 0.981693
vt 0.064770 0.981580
vt 0.060133 0.984750
vt 0.073833 0.989951
vt 0.073184 0.987535
vt 0.067598 0.991185
vt 0.072472 0.984883
vt 0.055325 0.987348
vt 0.054907 0.991185
vt 0.060133 0.984750
vt 0.061253 0.991597
vt 0.063010 0.896889
vt 0.062414 0.899888
vt 0.058690 0.897346
vt 0.067744 0.897566
vt 0.064337 0.898874
vt 0.066503 0.902527
vt 0.067551 0.900147
vt 0.054907 0.894814
vt 0.055326 0.898655
vt 0.061252 0.894403
vt 0.060118 0.901274
vt 0.067597 0.894814
vt 0.072327 0.899431
vt 0.064709 0.904498
vt 0.070729 0.905266
vt 0.071457 0.902188
vt 0.082758 0.983913
vt 0.081770 0.981021
vt 0.086284 0.981275
vt 0.078256 0.985953
vt 0.080592 0.982952
vt 0.076847 0.981045
vt 0.077095 0.983760
vt 0.090841 0.981557
vt 0.085551 0.985086
vt 0.083056 0.978592
vt 0.079850 0.987903
vt 0.073184 0.987535
vt 0.077480 0.978173
vt 0.071614 0.981693
vt 0.072472 0.984884
vt 0.039720 0.902188
vt 0.040702 0.905083
vt 0.036206 0.904744
vt 0.044157 0.900407
vt 0.041860 0.903243
vt 0.045563 0.905324
vt 0.045281 0.902739
vt 0.031664 0.904442
vt 0.033948 0.907559
vt 0.036953 0.900913
vt 0.039407 0.907431
vt 0.042654 0.898097
vt 0.049059 0.899731
vt 0.036953 0.900913
vt 0.044995 0.907927
vt 0.099295 0.958604
vt 0.101204 0.962345
vt 0.099272 0.963525
vt 0.104206 0.960006
vt 0.102012 0.958848
vt 0.102165 0.964508
vt 0.099527 0.968035
vt 0.099943 0.953373
vt 0.096422 0.959239
vt 0.108205 0.955580
vt 0.105787 0.954934
vt 0.106156 0.961597
vt 0.103135 0.954226
vt 0.096667 0.970206
vt 0.099811 0.972588
vt 0.096842 0.964812
vt 0.103340 0.967299
vt 0.022198 0.918422
vt 0.024496 0.920438
vt 0.020433 0.922392
vt 0.025151 0.914661
vt 0.024580 0.918266
vt 0.028827 0.918216
vt 0.027290 0.916118
vt 0.016349 0.924402
vt 0.019165 0.918701
vt 0.024549 0.923119
vt 0.022694 0.913411
vt 0.029058 0.911624
vt 0.029637 0.920755
vt 0.033312 0.915926
vt 0.031011 0.913756
vt 0.107438 0.944832
vt 0.104439 0.944241
vt 0.106916 0.940459
vt 0.106954 0.949751
vt 0.105523 0.946227
vt 0.101998 0.948516
vt 0.104474 0.949660
vt 0.109439 0.936654
vt 0.105525 0.937150
vt 0.109851 0.942999
vt 0.102978 0.941913
vt 0.109439 0.949345
vt 0.099827 0.946533
vt 0.103135 0.954226
vt 0.015141 0.941242
vt 0.018140 0.941838
vt 0.015599 0.945563
vt 0.015818 0.936508
vt 0.017126 0.939916
vt 0.020779 0.937749
vt 0.018399 0.936701
vt 0.013066 0.949346
vt 0.016907 0.948926
vt 0.012654 0.943000
vt 0.019526 0.944134
vt 0.013066 0.936655
vt 0.017683 0.931925
vt 0.012654 0.943000
vt 0.022750 0.939543
vt 0.023518 0.933523
vt 0.020440 0.932795
vt 0.191585 0.984623
vt 0.192009 0.985113
vt 0.187724 0.986806
vt 0.195790 0.981797
vt 0.193505 0.984002
vt 0.196441 0.982626
vt 0.196700 0.981975
vt 0.184583 0.988529
vt 0.189950 0.986559
vt 0.200037 0.978323
vt 0.200593 0.978883
vt 0.137497 0.901561
vt 0.137073 0.901071
vt 0.141357 0.899379
vt 0.133292 0.904387
vt 0.135576 0.902183
vt 0.132641 0.903558
vt 0.132382 0.904209
vt 0.144499 0.897655
vt 0.139132 0.899626
vt 0.129045 0.907862
vt 0.128195 0.906946
vt 0.134086 0.902249
vt 0.128489 0.907301
vt 0.167211 0.992520
vt 0.167333 0.993153
vt 0.162784 0.992490
vt 0.172252 0.992164
vt 0.169181 0.992935
vt 0.172401 0.993203
vt 0.172950 0.992768
vt 0.164832 0.993382
vt 0.177924 0.992482
vt 0.170499 0.993619
vt 0.177849 0.992029
vt 0.161871 0.893665
vt 0.161749 0.893031
vt 0.166297 0.893694
vt 0.156829 0.894020
vt 0.159901 0.893249
vt 0.156680 0.892982
vt 0.156132 0.893416
vt 0.164250 0.892802
vt 0.151434 0.894914
vt 0.151158 0.893703
vt 0.158583 0.892566
vt 0.151233 0.894156
vt 0.186913 0.898943
vt 0.187122 0.898334
vt 0.190738 0.901172
vt 0.182364 0.896743
vt 0.185410 0.897603
vt 0.182752 0.895769
vt 0.182060 0.895872
vt 0.193807 0.903012
vt 0.189405 0.899380
vt 0.177244 0.894835
vt 0.177608 0.893648
vt 0.184609 0.896355
vt 0.177446 0.894077
vt 0.142169 0.987241
vt 0.141960 0.987851
vt 0.138344 0.985012
vt 0.146717 0.989441
vt 0.143671 0.988581
vt 0.146330 0.990415
vt 0.147022 0.990312
vt 0.135275 0.983172
vt 0.139676 0.986805
vt 0.151837 0.991350
vt 0.151474 0.992537
vt 0.151635 0.992107
vt 0.206017 0.916000
vt 0.206503 0.915574
vt 0.208228 0.919845
vt 0.203163 0.911821
vt 0.205380 0.914086
vt 0.203986 0.911168
vt 0.203332 0.910913
vt 0.209977 0.922976
vt 0.199669 0.907612
vt 0.205308 0.912603
vt 0.200221 0.907055
vt 0.123065 0.970185
vt 0.122579 0.970610
vt 0.120853 0.966340
vt 0.125918 0.974363
vt 0.123702 0.972098
vt 0.125096 0.975016
vt 0.125749 0.975271
vt 0.119104 0.963209
vt 0.121116 0.968562
vt 0.129413 0.978572
vt 0.128506 0.979421
vt 0.123774 0.973581
vt 0.214094 0.940376
vt 0.214732 0.940250
vt 0.214087 0.944827
vt 0.213707 0.935311
vt 0.214501 0.938392
vt 0.214752 0.935157
vt 0.214310 0.934605
vt 0.214038 0.948427
vt 0.214981 0.942768
vt 0.213535 0.929693
vt 0.114988 0.945808
vt 0.114350 0.945934
vt 0.114995 0.941357
vt 0.115375 0.950873
vt 0.114581 0.947792
vt 0.114330 0.951027
vt 0.114772 0.951579
vt 0.115044 0.937757
vt 0.114101 0.943416
vt 0.116307 0.956282
vt 0.115090 0.956566
vt 0.113894 0.949112
vt 0.115546 0.956491
vt 0.208832 0.965554
vt 0.209457 0.965768
vt 0.206572 0.969388
vt 0.211062 0.960989
vt 0.210197 0.964050
vt 0.212060 0.961384
vt 0.211953 0.960687
vt 0.204704 0.972463
vt 0.208391 0.968059
vt 0.212989 0.955844
vt 0.214203 0.956215
vt 0.211462 0.963250
vt 0.213766 0.956051
vt 0.120249 0.920631
vt 0.119625 0.920417
vt 0.122510 0.916797
vt 0.118019 0.925195
vt 0.118884 0.922134
vt 0.117022 0.924800
vt 0.117129 0.925497
vt 0.120690 0.918125
vt 0.116093 0.930340
vt 0.117620 0.922935
vt 0.167050 0.982161
vt 0.167570 0.984778
vt 0.163659 0.982391
vt 0.171023 0.982082
vt 0.168915 0.983888
vt 0.171961 0.986399
vt 0.172077 0.984414
vt 0.159792 0.979457
vt 0.164580 0.979764
vt 0.165570 0.985902
vt 0.169367 0.979453
vt 0.175557 0.981979
vt 0.170469 0.988119
vt 0.176345 0.984622
vt 0.162095 0.904088
vt 0.161581 0.901471
vt 0.165442 0.903802
vt 0.158283 0.904334
vt 0.160291 0.902421
vt 0.157351 0.900022
vt 0.157319 0.902090
vt 0.169289 0.906728
vt 0.168304 0.903053
vt 0.164502 0.906420
vt 0.155009 0.907662
vt 0.159714 0.906731
vt 0.154304 0.905030
vt 0.152948 0.899983
vt 0.158679 0.898129
vt 0.153622 0.902491
vt 0.192530 0.909220
vt 0.188644 0.909886
vt 0.187918 0.908440
vt 0.189577 0.912505
vt 0.191647 0.911003
vt 0.186172 0.910458
vt 0.183342 0.908562
vt 0.195450 0.912945
vt 0.197112 0.911106
vt 0.193457 0.914850
vt 0.186837 0.913966
vt 0.181215 0.906491
vt 0.178536 0.909194
vt 0.182840 0.911311
vt 0.147190 0.978181
vt 0.146338 0.980707
vt 0.144136 0.976689
vt 0.150673 0.980092
vt 0.147947 0.980605
vt 0.149337 0.984298
vt 0.150425 0.982636
vt 0.142244 0.972219
vt 0.141357 0.975874
vt 0.146241 0.974873
vt 0.144043 0.980685
vt 0.150546 0.976990
vt 0.154653 0.982261
vt 0.154019 0.984942
vt 0.205447 0.927647
vt 0.201889 0.926318
vt 0.202060 0.924724
vt 0.201243 0.929024
vt 0.203673 0.928722
vt 0.199537 0.925602
vt 0.198095 0.922570
vt 0.205187 0.932122
vt 0.207699 0.931437
vt 0.202644 0.932819
vt 0.198445 0.929002
vt 0.197278 0.919795
vt 0.193626 0.920717
vt 0.202086 0.922441
vt 0.196304 0.924703
vt 0.131951 0.964826
vt 0.129948 0.966592
vt 0.130038 0.962005
vt 0.134020 0.968222
vt 0.131398 0.967308
vt 0.130761 0.971206
vt 0.132536 0.970307
vt 0.130636 0.957183
vt 0.127952 0.959891
vt 0.132778 0.961482
vt 0.135456 0.965467
vt 0.132680 0.975778
vt 0.128517 0.970781
vt 0.134504 0.974099
vt 0.203614 0.940626
vt 0.206235 0.940096
vt 0.203904 0.943976
vt 0.203355 0.936804
vt 0.205280 0.938808
vt 0.207676 0.935850
vt 0.205602 0.935825
vt 0.204606 0.946788
vt 0.207419 0.942055
vt 0.202644 0.932819
vt 0.209582 0.937178
vt 0.205187 0.932122
vt 0.121328 0.935976
vt 0.123752 0.938916
vt 0.122800 0.940214
vt 0.125675 0.936899
vt 0.123409 0.935936
vt 0.125438 0.940722
vt 0.125162 0.944080
vt 0.119431 0.937319
vt 0.123804 0.932231
vt 0.121279 0.931563
vt 0.121613 0.942200
vt 0.126367 0.932910
vt 0.123804 0.932231
vt 0.124421 0.946956
vt 0.121613 0.942200
vt 0.199715 0.960485
vt 0.202262 0.961345
vt 0.198212 0.963543
vt 0.201639 0.956996
vt 0.202161 0.959731
vt 0.205880 0.958343
vt 0.204206 0.957248
vt 0.193705 0.965427
vt 0.197387 0.966327
vt 0.196377 0.961430
vt 0.202234 0.963647
vt 0.198509 0.957120
vt 0.203818 0.953005
vt 0.208902 0.954391
vt 0.206522 0.953642
vt 0.129454 0.925675
vt 0.126910 0.924810
vt 0.130887 0.922628
vt 0.127755 0.929107
vt 0.127090 0.926406
vt 0.123521 0.927757
vt 0.125308 0.928821
vt 0.135377 0.920758
vt 0.131674 0.919768
vt 0.132705 0.924754
vt 0.126868 0.922501
vt 0.129026 0.933615
vt 0.130573 0.929064
vt 0.126367 0.932910
vt 0.122542 0.925654
vt 0.123804 0.932231
vt 0.186267 0.975707
vt 0.188028 0.977720
vt 0.183439 0.977599
vt 0.189675 0.973653
vt 0.188750 0.976276
vt 0.192653 0.976934
vt 0.191759 0.975153
vt 0.181336 0.979593
vt 0.186854 0.979695
vt 0.193562 0.971296
vt 0.197247 0.975034
vt 0.192217 0.979172
vt 0.149153 0.902214
vt 0.147808 0.905759
vt 0.146212 0.905581
vt 0.150507 0.906414
vt 0.150219 0.903989
vt 0.147079 0.908104
vt 0.144033 0.909529
vt 0.147048 0.901236
vt 0.153622 0.902491
vt 0.152948 0.899983
vt 0.143903 0.905535
vt 0.153622 0.902491
vt 0.141172 0.910310
vt 0.173917 0.922018
vt 0.177435 0.924760
vt 0.172647 0.928585
vt 0.176026 0.915610
vt 0.176946 0.921309
vt 0.182074 0.919712
vt 0.179497 0.916993
vt 0.168036 0.929992
vt 0.172579 0.934736
vt 0.170196 0.921894
vt 0.178177 0.929072
vt 0.173994 0.907655
vt 0.172131 0.914637
vt 0.183636 0.923676
vt 0.155164 0.964166
vt 0.151646 0.961424
vt 0.156435 0.957599
vt 0.153056 0.970574
vt 0.152136 0.964875
vt 0.147007 0.966473
vt 0.149584 0.969191
vt 0.161046 0.956193
vt 0.156503 0.951448
vt 0.158886 0.964290
vt 0.155088 0.978530
vt 0.156950 0.971547
vt 0.158886 0.964290
vt 0.145446 0.962508
vt 0.168099 0.972098
vt 0.164448 0.968159
vt 0.166591 0.965410
vt 0.160812 0.972643
vt 0.164511 0.973172
vt 0.162175 0.966036
vt 0.164344 0.959709
vt 0.171427 0.969438
vt 0.169382 0.962041
vt 0.155088 0.978530
vt 0.156950 0.971547
vt 0.158886 0.964290
vt 0.160982 0.914086
vt 0.164634 0.918026
vt 0.162490 0.920774
vt 0.168270 0.913541
vt 0.164571 0.913012
vt 0.166907 0.920148
vt 0.164737 0.926475
vt 0.157654 0.916746
vt 0.159700 0.924143
vt 0.173994 0.907655
vt 0.172131 0.914637
vt 0.161733 0.931843
vt 0.168036 0.929992
vt 0.170196 0.921894
vt 0.139204 0.953554
vt 0.136590 0.950564
vt 0.139883 0.948066
vt 0.137589 0.959298
vt 0.136971 0.953772
vt 0.133581 0.953701
vt 0.135164 0.957120
vt 0.143604 0.946120
vt 0.139395 0.943263
vt 0.142461 0.952853
vt 0.135812 0.946752
vt 0.140969 0.959684
vt 0.139604 0.931843
vt 0.136783 0.928875
vt 0.138812 0.927701
vt 0.133514 0.930627
vt 0.136476 0.931736
vt 0.135032 0.927102
vt 0.137274 0.924125
vt 0.142822 0.930418
vt 0.139312 0.936361
vt 0.141454 0.925608
vt 0.132373 0.934508
vt 0.135762 0.935413
vt 0.140016 0.921290
vt 0.141454 0.925608
vt 0.189478 0.954341
vt 0.192298 0.957309
vt 0.190270 0.958483
vt 0.195568 0.955558
vt 0.192606 0.954449
vt 0.194049 0.959082
vt 0.191808 0.962059
vt 0.193320 0.950772
vt 0.189769 0.949824
vt 0.200056 0.952569
vt 0.196709 0.951676
vt 0.193320 0.950772
vt 0.189066 0.964894
vt 0.187628 0.960576
vt 0.189877 0.932630
vt 0.192491 0.935620
vt 0.189198 0.938118
vt 0.191493 0.926886
vt 0.192111 0.932412
vt 0.195501 0.932484
vt 0.193918 0.929064
vt 0.185478 0.940064
vt 0.189687 0.942921
vt 0.188113 0.926500
vt 0.196668 0.936405
vt 0.241622 0.963670
vt 0.240113 0.962733
vt 0.239688 0.961753
vt 0.240946 0.964262
vt 0.241479 0.964247
vt 0.239277 0.962077
vt 0.238052 0.959963
vt 0.241340 0.962617
vt 0.243857 0.965593
vt 0.239167 0.960475
vt 0.239956 0.963694
vt 0.243428 0.966020
vt 0.236645 0.958429
vt 0.238180 0.961153
vt 0.230336 0.960016
vt 0.231809 0.961648
vt 0.232298 0.962794
vt 0.231179 0.959651
vt 0.230489 0.959496
vt 0.232805 0.962545
vt 0.234331 0.964995
vt 0.230687 0.961287
vt 0.228614 0.956664
vt 0.232995 0.964321
vt 0.229615 0.956272
vt 0.232321 0.960495
vt 0.229037 0.956484
vt 0.235601 0.967062
vt 0.236217 0.966640
vt 0.234128 0.963674
vt 0.234822 0.958024
vt 0.236155 0.959428
vt 0.236555 0.960410
vt 0.235638 0.957716
vt 0.235010 0.957583
vt 0.237028 0.960195
vt 0.238323 0.962296
vt 0.235079 0.959116
vt 0.233286 0.955127
vt 0.237132 0.961719
vt 0.234284 0.954826
vt 0.233739 0.955002
vt 0.239396 0.964072
vt 0.239956 0.963694
vt 0.237132 0.961719
vt 0.238180 0.961153
vt 0.237973 0.966745
vt 0.236318 0.965577
vt 0.235784 0.964451
vt 0.237337 0.967335
vt 0.237898 0.967364
vt 0.235379 0.964780
vt 0.233926 0.962316
vt 0.240537 0.969044
vt 0.239834 0.969791
vt 0.236217 0.966640
vt 0.240158 0.969461
vt 0.234128 0.963674
vt 0.252725 0.971506
vt 0.250959 0.971410
vt 0.250117 0.970760
vt 0.252422 0.972345
vt 0.252879 0.972076
vt 0.249917 0.971240
vt 0.247838 0.969986
vt 0.251968 0.970724
vt 0.255603 0.972116
vt 0.255295 0.973148
vt 0.251289 0.972325
vt 0.255434 0.972693
vt 0.245887 0.969325
vt 0.249046 0.969898
vt 0.248521 0.970960
vt 0.241233 0.973730
vt 0.243274 0.974436
vt 0.244244 0.975200
vt 0.241781 0.973008
vt 0.241114 0.973202
vt 0.244561 0.974741
vt 0.247051 0.976146
vt 0.242143 0.974670
vt 0.238169 0.971666
vt 0.245576 0.976198
vt 0.238840 0.970841
vt 0.243169 0.973196
vt 0.238442 0.971301
vt 0.249139 0.977344
vt 0.249470 0.976682
vt 0.245576 0.976198
vt 0.246243 0.975094
vt 0.244133 0.969844
vt 0.245944 0.970427
vt 0.246763 0.971090
vt 0.244680 0.969186
vt 0.244079 0.969370
vt 0.247064 0.970678
vt 0.249199 0.971887
vt 0.244881 0.970672
vt 0.241458 0.968063
vt 0.247895 0.971954
vt 0.242158 0.967323
vt 0.245887 0.969326
vt 0.241779 0.967735
vt 0.250988 0.972922
vt 0.251289 0.972325
vt 0.248521 0.970960
vt 0.251041 0.975935
vt 0.249045 0.975706
vt 0.248045 0.974980
vt 0.250772 0.976754
vt 0.251272 0.976511
vt 0.247852 0.975461
vt 0.245421 0.974011
vt 0.250089 0.975086
vt 0.254373 0.976721
vt 0.254120 0.977710
vt 0.249470 0.976682
vt 0.254242 0.977266
vt 0.243532 0.972601
vt 0.243169 0.973196
vt 0.246769 0.974009
vt 0.246243 0.975094
vt 0.266219 0.973062
vt 0.264646 0.973826
vt 0.263576 0.973658
vt 0.266499 0.973941
vt 0.266670 0.973490
vt 0.263676 0.974173
vt 0.261211 0.974066
vt 0.265173 0.972735
vt 0.269032 0.972207
vt 0.269491 0.973254
vt 0.265587 0.974460
vt 0.259209 0.973753
vt 0.259188 0.974417
vt 0.262336 0.974592
vt 0.257233 0.980496
vt 0.259355 0.980144
vt 0.260573 0.980353
vt 0.257364 0.979601
vt 0.256873 0.980089
vt 0.260630 0.979799
vt 0.263489 0.979846
vt 0.253758 0.979102
vt 0.258670 0.979108
vt 0.253631 0.979695
vt 0.265870 0.979164
vt 0.262222 0.980597
vt 0.262275 0.979310
vt 0.257902 0.975706
vt 0.259783 0.975353
vt 0.260844 0.975544
vt 0.258062 0.974868
vt 0.257623 0.975315
vt 0.260907 0.975038
vt 0.263458 0.975079
vt 0.258958 0.976077
vt 0.254703 0.975422
vt 0.262272 0.975767
vt 0.259188 0.974417
vt 0.254824 0.974981
vt 0.265624 0.975140
vt 0.265587 0.974460
vt 0.262272 0.975767
vt 0.262336 0.974592
vt 0.266639 0.977846
vt 0.264984 0.978526
vt 0.263720 0.978378
vt 0.267035 0.978611
vt 0.267284 0.978184
vt 0.263854 0.978868
vt 0.261023 0.978755
vt 0.269718 0.977034
vt 0.262106 0.978142
vt 0.270203 0.977444
vt 0.258688 0.978417
vt 0.258670 0.979108
vt 0.262275 0.979310
vt 0.278795 0.967813
vt 0.277996 0.969148
vt 0.276901 0.969593
vt 0.279855 0.968134
vt 0.279496 0.967887
vt 0.277649 0.969744
vt 0.275398 0.970969
vt 0.277697 0.968055
vt 0.280808 0.965688
vt 0.275532 0.970086
vt 0.280189 0.968430
vt 0.281882 0.966140
vt 0.281311 0.966049
vt 0.273309 0.971819
vt 0.274806 0.971817
vt 0.277632 0.970244
vt 0.274544 0.978794
vt 0.276222 0.977480
vt 0.277374 0.977103
vt 0.274222 0.977942
vt 0.274028 0.978607
vt 0.277154 0.976587
vt 0.279589 0.975373
vt 0.278935 0.976540
vt 0.275132 0.976874
vt 0.270983 0.979822
vt 0.281650 0.974373
vt 0.281275 0.973738
vt 0.278935 0.976540
vt 0.278352 0.975379
vt 0.275370 0.973750
vt 0.275718 0.973014
vt 0.277874 0.972297
vt 0.272570 0.974973
vt 0.274628 0.973782
vt 0.273048 0.973872
vt 0.272597 0.974533
vt 0.279043 0.972132
vt 0.279921 0.970810
vt 0.277021 0.972022
vt 0.269523 0.975905
vt 0.269836 0.975341
vt 0.275841 0.973965
vt 0.269964 0.974723
vt 0.269836 0.975341
vt 0.281832 0.971696
vt 0.280475 0.973284
vt 0.279320 0.973710
vt 0.282191 0.972567
vt 0.282408 0.971875
vt 0.279570 0.974192
vt 0.277048 0.975408
vt 0.280481 0.972072
vt 0.284521 0.969314
vt 0.277765 0.974273
vt 0.281275 0.973738
vt 0.284816 0.969842
vt 0.274824 0.976237
vt 0.277765 0.974273
vt 0.287234 0.957091
vt 0.287146 0.958874
vt 0.286424 0.959626
vt 0.288178 0.957665
vt 0.287905 0.957031
vt 0.286965 0.959921
vt 0.285656 0.961747
vt 0.286310 0.957811
vt 0.288703 0.954513
vt 0.285462 0.960631
vt 0.288094 0.958945
vt 0.284381 0.963164
vt 0.284999 0.963543
vt 0.286644 0.961315
vt 0.289137 0.968825
vt 0.289873 0.967013
vt 0.290815 0.965962
vt 0.288022 0.968773
vt 0.288471 0.969064
vt 0.290054 0.966068
vt 0.291790 0.963497
vt 0.290204 0.967906
vt 0.287605 0.968363
vt 0.285645 0.971477
vt 0.293304 0.961217
vt 0.285291 0.965608
vt 0.285957 0.963857
vt 0.286689 0.963144
vt 0.284716 0.964824
vt 0.284787 0.965558
vt 0.286281 0.962757
vt 0.287586 0.960897
vt 0.286320 0.964858
vt 0.283289 0.968033
vt 0.287699 0.962066
vt 0.284999 0.963543
vt 0.282987 0.967573
vt 0.286645 0.961315
vt 0.290605 0.960720
vt 0.290820 0.961385
vt 0.289068 0.963227
vt 0.291981 0.957973
vt 0.291345 0.960177
vt 0.292527 0.958938
vt 0.292445 0.958228
vt 0.287654 0.965451
vt 0.289891 0.960941
vt 0.292977 0.954963
vt 0.291420 0.957820
vt 0.293447 0.955499
vt 0.289891 0.960941
vt 0.292128 0.960340
vt 0.288030 0.946036
vt 0.288585 0.945961
vt 0.288140 0.948308
vt 0.287723 0.943468
vt 0.288334 0.945006
vt 0.288675 0.943413
vt 0.288199 0.943095
vt 0.287461 0.950687
vt 0.287567 0.947425
vt 0.288895 0.947300
vt 0.287224 0.944166
vt 0.287670 0.940663
vt 0.287567 0.947425
vt 0.288214 0.940676
vt 0.289185 0.944550
vt 0.296667 0.952665
vt 0.296244 0.950514
vt 0.296363 0.949233
vt 0.295773 0.952672
vt 0.296307 0.953087
vt 0.295811 0.949226
vt 0.295653 0.946245
vt 0.296471 0.947511
vt 0.295326 0.956445
vt 0.295167 0.951408
vt 0.295965 0.956424
vt 0.295511 0.943751
vt 0.294773 0.943815
vt 0.296471 0.947511
vt 0.295186 0.947553
vt 0.291876 0.951818
vt 0.291357 0.950363
vt 0.291513 0.949166
vt 0.290856 0.952452
vt 0.291431 0.952421
vt 0.290929 0.949618
vt 0.290843 0.947008
vt 0.291756 0.954766
vt 0.290241 0.952319
vt 0.291174 0.955133
vt 0.290751 0.944702
vt 0.290104 0.945873
vt 0.291648 0.947634
vt 0.290359 0.949122
vt 0.293261 0.942819
vt 0.294171 0.944709
vt 0.294102 0.945999
vt 0.294109 0.942617
vt 0.293622 0.942302
vt 0.294616 0.945913
vt 0.294682 0.948910
vt 0.293081 0.944118
vt 0.292070 0.939483
vt 0.293985 0.947658
vt 0.293060 0.939174
vt 0.292609 0.939300
vt 0.294468 0.951385
vt 0.295167 0.951408
vt 0.293985 0.947657
vt 0.295186 0.947553
vt 0.282415 0.931334
vt 0.283931 0.932289
vt 0.284360 0.933286
vt 0.283093 0.930742
vt 0.282558 0.930756
vt 0.284773 0.932961
vt 0.286016 0.935147
vt 0.282697 0.932392
vt 0.280175 0.929398
vt 0.280951 0.928638
vt 0.284087 0.931312
vt 0.280605 0.928971
vt 0.286830 0.937072
vt 0.287443 0.936747
vt 0.284880 0.934577
vt 0.285877 0.933899
vt 0.293733 0.934989
vt 0.292258 0.933347
vt 0.291771 0.932188
vt 0.292888 0.935355
vt 0.293579 0.935511
vt 0.291262 0.932437
vt 0.289743 0.929940
vt 0.293382 0.933714
vt 0.295459 0.938349
vt 0.294456 0.938743
vt 0.291744 0.934508
vt 0.295035 0.938530
vt 0.288484 0.927814
vt 0.287865 0.928241
vt 0.289938 0.931294
vt 0.289237 0.936993
vt 0.287902 0.935599
vt 0.287497 0.934601
vt 0.288441 0.937398
vt 0.289055 0.937463
vt 0.287030 0.934846
vt 0.285724 0.932712
vt 0.288977 0.935895
vt 0.286917 0.933287
vt 0.289814 0.940358
vt 0.287443 0.936747
vt 0.290334 0.940061
vt 0.284647 0.930928
vt 0.284087 0.931312
vt 0.286917 0.933287
vt 0.286003 0.928057
vt 0.287731 0.929356
vt 0.288246 0.930488
vt 0.286740 0.927530
vt 0.286148 0.927484
vt 0.288683 0.930178
vt 0.290130 0.932676
vt 0.286367 0.929238
vt 0.283916 0.925202
vt 0.289938 0.931294
vt 0.271310 0.923429
vt 0.273059 0.923521
vt 0.273918 0.924185
vt 0.271489 0.922527
vt 0.271120 0.922838
vt 0.274080 0.923686
vt 0.276194 0.924970
vt 0.272070 0.924220
vt 0.268430 0.922816
vt 0.274992 0.925057
vt 0.268534 0.921683
vt 0.272542 0.922514
vt 0.268549 0.922211
vt 0.277802 0.926212
vt 0.278143 0.925640
vt 0.274992 0.925057
vt 0.275460 0.923965
vt 0.280102 0.918691
vt 0.279757 0.919118
vt 0.277298 0.917324
vt 0.283057 0.920644
vt 0.281018 0.919596
vt 0.282440 0.921263
vt 0.283099 0.921144
vt 0.274780 0.915643
vt 0.278863 0.917563
vt 0.278113 0.918547
vt 0.282684 0.919976
vt 0.285689 0.923376
vt 0.281089 0.920912
vt 0.285688 0.923376
vt 0.279804 0.924994
vt 0.278059 0.924508
vt 0.277201 0.923805
vt 0.279349 0.925781
vt 0.279928 0.925563
vt 0.276930 0.924259
vt 0.274707 0.922991
vt 0.278900 0.924026
vt 0.282437 0.926717
vt 0.278143 0.925640
vt 0.282222 0.927196
vt 0.276013 0.922890
vt 0.275460 0.923965
vt 0.274814 0.920412
vt 0.275359 0.920149
vt 0.277237 0.921653
vt 0.272234 0.919255
vt 0.274211 0.919748
vt 0.272798 0.918648
vt 0.272275 0.918792
vt 0.279439 0.922782
vt 0.276858 0.920720
vt 0.269351 0.918833
vt 0.272231 0.919769
vt 0.269475 0.918343
vt 0.275072 0.921050
vt 0.269596 0.917864
vt 0.257774 0.921930
vt 0.259124 0.921162
vt 0.260291 0.921298
vt 0.257021 0.921157
vt 0.257205 0.921536
vt 0.259719 0.920815
vt 0.262272 0.920829
vt 0.254985 0.922803
vt 0.256884 0.920749
vt 0.254730 0.922256
vt 0.263203 0.920384
vt 0.261720 0.921526
vt 0.266742 0.914508
vt 0.264634 0.914846
vt 0.263432 0.914622
vt 0.266571 0.915445
vt 0.267073 0.914944
vt 0.263364 0.915189
vt 0.260524 0.915129
vt 0.265526 0.914078
vt 0.270310 0.914996
vt 0.261791 0.914374
vt 0.270037 0.916096
vt 0.265275 0.915932
vt 0.270191 0.915477
vt 0.258114 0.915079
vt 0.258142 0.915821
vt 0.261791 0.914374
vt 0.261722 0.915681
vt 0.263610 0.918434
vt 0.263037 0.918915
vt 0.260918 0.918509
vt 0.266397 0.918682
vt 0.264291 0.918764
vt 0.265726 0.919444
vt 0.266353 0.919075
vt 0.259916 0.918092
vt 0.261452 0.919157
vt 0.269351 0.918833
vt 0.269237 0.919253
vt 0.268815 0.920177
vt 0.264380 0.919738
vt 0.269085 0.919672
vt 0.257253 0.917206
vt 0.259005 0.916470
vt 0.260249 0.916629
vt 0.256971 0.916381
vt 0.256684 0.916827
vt 0.260146 0.916122
vt 0.262951 0.916257
vt 0.258669 0.917478
vt 0.254013 0.918116
vt 0.265257 0.916624
vt 0.265275 0.915932
vt 0.261722 0.915681
vt 0.245200 0.927172
vt 0.246229 0.925715
vt 0.247195 0.925393
vt 0.244770 0.926283
vt 0.244643 0.926933
vt 0.246927 0.924913
vt 0.248925 0.923942
vt 0.242633 0.928687
vt 0.243005 0.929252
vt 0.248487 0.924965
vt 0.242546 0.928061
vt 0.245512 0.925242
vt 0.242633 0.928687
vt 0.250384 0.922712
vt 0.247907 0.923874
vt 0.249456 0.916228
vt 0.247758 0.917574
vt 0.246577 0.917985
vt 0.249781 0.917080
vt 0.249975 0.916410
vt 0.246800 0.918501
vt 0.244244 0.919860
vt 0.248156 0.916492
vt 0.248872 0.918154
vt 0.253023 0.915180
vt 0.242468 0.921629
vt 0.244997 0.918577
vt 0.245588 0.919739
vt 0.251330 0.920802
vt 0.249774 0.922010
vt 0.248846 0.922289
vt 0.251267 0.921745
vt 0.251611 0.921081
vt 0.248938 0.922806
vt 0.246934 0.923810
vt 0.250317 0.920928
vt 0.254138 0.920179
vt 0.253921 0.920826
vt 0.250384 0.922712
vt 0.254138 0.920179
vt 0.245512 0.925242
vt 0.247542 0.922750
vt 0.242278 0.923367
vt 0.243556 0.921789
vt 0.244724 0.921331
vt 0.241703 0.922696
vt 0.241649 0.923251
vt 0.244408 0.920907
vt 0.246967 0.919624
vt 0.243531 0.923016
vt 0.239769 0.925791
vt 0.246248 0.920771
vt 0.239031 0.925043
vt 0.239359 0.925383
vt 0.248872 0.918154
vt 0.246248 0.920771
vt 0.245588 0.919739
vt 0.238462 0.936056
vt 0.237882 0.935821
vt 0.239608 0.934092
vt 0.237326 0.938366
vt 0.237588 0.936750
vt 0.236368 0.937899
vt 0.236644 0.938414
vt 0.241554 0.932452
vt 0.240528 0.932468
vt 0.239693 0.935150
vt 0.238365 0.934559
vt 0.236440 0.940948
vt 0.238222 0.938064
vt 0.235788 0.940727
vt 0.235272 0.940428
vt 0.236558 0.936704
vt 0.234882 0.926258
vt 0.234010 0.928278
vt 0.233153 0.929233
vt 0.235586 0.926838
vt 0.235440 0.926154
vt 0.233599 0.929569
vt 0.231993 0.932040
vt 0.233838 0.927152
vt 0.237219 0.923283
vt 0.238024 0.923992
vt 0.235273 0.928231
vt 0.237583 0.923565
vt 0.230642 0.934126
vt 0.231285 0.934472
vt 0.233099 0.931257
vt 0.238809 0.929331
vt 0.238238 0.930946
vt 0.237434 0.931819
vt 0.239807 0.929467
vt 0.239403 0.929187
vt 0.238112 0.931769
vt 0.236660 0.933943
vt 0.237861 0.930060
vt 0.240777 0.926761
vt 0.236409 0.932966
vt 0.240185 0.929840
vt 0.241799 0.927155
vt 0.241184 0.927010
vt 0.235365 0.935859
vt 0.238254 0.932420
vt 0.231894 0.936041
vt 0.232232 0.934045
vt 0.233045 0.933056
vt 0.231099 0.935774
vt 0.231289 0.936269
vt 0.232581 0.932859
vt 0.234242 0.930458
vt 0.232838 0.935102
vt 0.231018 0.939393
vt 0.234147 0.931801
vt 0.230054 0.939148
vt 0.230461 0.939262
vt 0.235845 0.928612
vt 0.235273 0.928231
vt 0.234147 0.931801
vt 0.233099 0.931257
vt 0.235671 0.951375
vt 0.234767 0.949783
vt 0.234889 0.948703
vt 0.234740 0.951545
vt 0.235243 0.951806
vt 0.234333 0.948771
vt 0.234329 0.946256
vt 0.235963 0.950320
vt 0.236723 0.954174
vt 0.235627 0.954445
vt 0.234099 0.950536
vt 0.234599 0.944194
vt 0.233838 0.944147
vt 0.235085 0.947326
vt 0.233780 0.947388
vt 0.227409 0.942378
vt 0.227829 0.944541
vt 0.227714 0.945803
vt 0.228274 0.942488
vt 0.227761 0.941991
vt 0.228257 0.945846
vt 0.228422 0.948788
vt 0.227697 0.938631
vt 0.228694 0.938796
vt 0.228856 0.943824
vt 0.228097 0.938672
vt 0.229299 0.951216
vt 0.227606 0.947519
vt 0.228877 0.947531
vt 0.232217 0.942966
vt 0.232729 0.944852
vt 0.232576 0.945914
vt 0.233222 0.943058
vt 0.232651 0.942667
vt 0.233169 0.945961
vt 0.233271 0.948469
vt 0.231882 0.944040
vt 0.232408 0.939738
vt 0.233606 0.939875
vt 0.233838 0.944147
vt 0.232923 0.939837
vt 0.233359 0.950570
vt 0.232439 0.947350
vt 0.233780 0.947388
vt 0.230809 0.952209
vt 0.229897 0.950337
vt 0.229961 0.949068
vt 0.229962 0.952410
vt 0.230448 0.952723
vt 0.229449 0.949153
vt 0.229361 0.946243
vt 0.230988 0.950913
vt 0.231996 0.955534
vt 0.230072 0.947422
vt 0.231008 0.955842
vt 0.229299 0.951216
vt 0.231459 0.955716
vt 0.229542 0.943836
vt 0.228856 0.943824
vt 0.230072 0.947422
vt 0.228877 0.947531
vt 0.025693 0.964812
vt 0.032423 0.971822
vt 0.060118 0.901274
vt 0.049684 0.902553
vt 0.083056 0.978592
vt 0.090074 0.971829
vt 0.039407 0.907431
vt 0.031011 0.913756
vt 0.020440 0.932795
vt 0.019526 0.944134
vt 0.177849 0.992029
vt 0.139132 0.899626
vt 0.177446 0.894077
vt 0.189405 0.899380
vt 0.207966 0.917622
vt 0.121116 0.968562
vt 0.114101 0.943416
vt 0.115316 0.930133
vt 0.208391 0.968059
vt 0.200593 0.978883
vt 0.128489 0.907301
vt 0.163553 0.900282
vt 0.175941 0.900314
vt 0.144043 0.980684
vt 0.134504 0.974099
vt 0.121719 0.954648
vt 0.206522 0.953642
vt 0.202234 0.963647
vt 0.195571 0.973198
vt 0.133151 0.911759
vt 0.178177 0.929072
vt 0.150905 0.957112
vt 0.153250 0.940080
vt 0.178824 0.962554
vt 0.150257 0.923630
vt 0.150257 0.923631
vt 0.178824 0.962554
vt 0.193270 0.939432
vt 0.041147 0.948381
vt 0.075973 0.928287
vt 0.046532 0.957713
vt 0.075966 0.957720
vt 0.046539 0.928279
vt 0.081355 0.948392
vt 0.238442 0.971301
vt 0.241779 0.967735
vt 0.231459 0.955716
vt 0.236164 0.962404
vt 0.249820 0.968915
vt 0.253631 0.979695
vt 0.254824 0.974981
vt 0.255434 0.972693
vt 0.262453 0.981834
vt 0.262171 0.976978
vt 0.254242 0.977266
vt 0.262171 0.976978
vt 0.269220 0.972797
vt 0.286346 0.971601
vt 0.279841 0.977429
vt 0.275841 0.973965
vt 0.281311 0.966049
vt 0.293184 0.964886
vt 0.291174 0.955133
vt 0.289891 0.960941
vt 0.290067 0.962933
vt 0.292857 0.947456
vt 0.291999 0.929821
vt 0.282222 0.927196
vt 0.287850 0.932544
vt 0.287850 0.932544
vt 0.274215 0.926042
vt 0.278113 0.918547
vt 0.270191 0.915477
vt 0.269085 0.919672
vt 0.275072 0.921050
vt 0.283916 0.925202
vt 0.268549 0.922211
vt 0.253023 0.915180
vt 0.261452 0.919157
vt 0.269596 0.917864
vt 0.263285 0.918022
vt 0.254730 0.922256
vt 0.237583 0.923565
vt 0.241184 0.927010
vt 0.246825 0.921819
vt 0.253724 0.917600
vt 0.238365 0.934559
vt 0.232923 0.939837
vt 0.229037 0.956484
vt 0.231217 0.947448
vt 0.091915 0.912342
vt 0.020806 0.954568
vt 0.091915 0.912342
vt 0.072472 0.984883
vt 0.024549 0.923119
vt 0.103135 0.954226
vt 0.102978 0.941913
vt 0.020440 0.932795
vt 0.200593 0.978883
vt 0.189950 0.986559
vt 0.128489 0.907301
vt 0.139132 0.899626
vt 0.177849 0.992029
vt 0.164832 0.993382
vt 0.164250 0.892802
vt 0.189405 0.899380
vt 0.151635 0.992107
vt 0.200221 0.907055
vt 0.207966 0.917622
vt 0.128861 0.979129
vt 0.213535 0.929693
vt 0.214981 0.942768
vt 0.114101 0.943416
vt 0.213766 0.956051
vt 0.208391 0.968059
vt 0.115316 0.930133
vt 0.163553 0.900282
vt 0.205187 0.932122
vt 0.206522 0.953642
vt 0.123804 0.932231
vt 0.126868 0.922501
vt 0.195571 0.973198
vt 0.178177 0.929072
vt 0.170196 0.921894
vt 0.193270 0.939432
vt 0.243428 0.966020
vt 0.234128 0.963674
vt 0.233739 0.955002
vt 0.238180 0.961153
vt 0.234128 0.963674
vt 0.255434 0.972693
vt 0.238442 0.971301
vt 0.248521 0.970960
vt 0.254242 0.977266
vt 0.269220 0.972797
vt 0.253631 0.979695
vt 0.262336 0.974592
vt 0.270203 0.977444
vt 0.281311 0.966049
vt 0.270983 0.979822
vt 0.278352 0.975379
vt 0.286346 0.971600
vt 0.286644 0.961315
vt 0.290067 0.962933
vt 0.295186 0.947553
vt 0.291174 0.955133
vt 0.280605 0.928971
vt 0.285877 0.933899
vt 0.295035 0.938530
vt 0.283916 0.925202
vt 0.276858 0.920720
vt 0.259982 0.920397
vt 0.269085 0.919672
vt 0.261722 0.915681
vt 0.247907 0.923874
vt 0.245588 0.919739
vt 0.247907 0.923874
vt 0.239359 0.925383
vt 0.245588 0.919739
vt 0.241184 0.927010
vt 0.233099 0.931257
vt 0.236113 0.954331
vt 0.233780 0.947388
vt 0.233780 0.947388
s 2
g Plato_Material
usemtl Material
f 1377/961/1135 1381/962/1139 1376/963/1134
f 1378/964/1136 1375/965/1133 1377/961/1135
f 1380/966/1138 1375/965/1133 1379/967/1137
f 841/968/739 421/969/349 80/970/78
f 840/971/738 1376/963/1134 841/968/739
f 1376/963/1134 420/972/348 421/969/349
f 57/973/55 1378/964/1136 839/974/737
f 428/975/356 1379/967/1137 1378/964/1136
f 839/974/737 1377/961/1135 840/971/738
f 77/976/75 1380/966/1138 430/977/358
f 419/978/347 1381/962/1139 1380/966/1138
f 430/977/358 1379/967/1137 429/979/357
f 1384/980/1142 1388/981/1146 1383/982/1141
f 1385/983/1143 1382/984/1140 1384/980/1142
f 1387/985/1145 1382/984/1140 1386/986/1144
f 844/987/742 419/988/347 77/989/75
f 843/990/741 1383/982/1141 844/987/742
f 1383/982/1141 420/991/348 419/988/347
f 56/992/54 1385/983/1143 842/993/740
f 437/994/365 1386/986/1144 1385/983/1143
f 842/993/740 1384/980/1142 843/995/741
f 80/996/78 1387/985/1145 439/997/367
f 421/998/349 1388/981/1146 1387/985/1145
f 439/997/367 1386/986/1144 438/999/366
f 1391/1000/1149 1395/1001/1153 1390/1002/1148
f 1392/1003/1150 1389/1004/1147 1391/1000/1149
f 1394/1005/1152 1389/1004/1147 1393/1006/1151
f 847/1007/745 442/1008/370 78/1009/76
f 846/1010/744 1390/1002/1148 847/1007/745
f 1390/1002/1148 441/1011/369 442/1008/370
f 55/1012/53 1392/1003/1150 845/1013/743
f 446/1014/374 1393/1006/1151 1392/1003/1150
f 845/1013/743 1391/1000/1149 846/1010/744
f 79/1015/77 1394/1005/1152 448/1016/376
f 440/1017/368 1395/1001/1153 1394/1005/1152
f 448/1016/376 1393/1006/1151 447/1018/375
f 1398/1019/1156 1402/1020/1160 1397/1021/1155
f 1399/1022/1157 1396/1023/1154 1398/1019/1156
f 1401/1024/1159 1396/1023/1154 1400/1025/1158
f 850/1026/748 440/1017/368 79/1015/77
f 849/1027/747 1397/1021/1155 850/1026/748
f 1397/1021/1155 441/1028/369 440/1017/368
f 58/1029/56 1399/1022/1157 848/1030/746
f 452/1031/380 1400/1025/1158 1399/1022/1157
f 848/1030/746 1398/1019/1156 849/1032/747
f 78/1009/76 1401/1024/1159 454/1033/382
f 442/1034/370 1402/1020/1160 1401/1024/1159
f 454/1033/382 1400/1025/1158 453/1035/381
f 1405/1036/1163 1409/1037/1167 1404/1038/1162
f 1406/1039/1164 1403/1040/1161 1405/1036/1163
f 1408/1041/1166 1403/1040/1161 1407/1042/1165
f 853/1043/751 457/1044/385 82/1045/80
f 852/1046/750 1404/1038/1162 853/1043/751
f 1404/1038/1162 456/1047/384 457/1044/385
f 55/1012/53 1406/1039/1164 851/1048/749
f 424/1049/352 1407/1042/1165 1406/1039/1164
f 851/1048/749 1405/1036/1163 852/1050/750
f 80/970/78 1408/1041/1166 422/1051/350
f 455/1052/383 1409/1037/1167 1408/1041/1166
f 422/1051/350 1407/1042/1165 423/1053/351
f 1412/1054/1170 1416/1055/1174 1411/1056/1169
f 1413/1057/1171 1410/1058/1168 1412/1054/1170
f 1415/1059/1173 1410/1058/1168 1414/1060/1172
f 856/1061/754 455/1062/383 80/996/78
f 855/1063/753 1411/1056/1169 856/1061/754
f 1411/1056/1169 456/1064/384 455/1062/383
f 54/1065/52 1413/1057/1171 854/1066/752
f 467/1067/395 1414/1060/1172 1413/1057/1171
f 854/1066/752 1412/1054/1170 855/1068/753
f 82/1069/80 1415/1059/1173 469/1070/397
f 457/1071/385 1416/1055/1174 1415/1059/1173
f 469/1070/397 1414/1060/1172 468/1072/396
f 1419/1073/1177 1423/1074/1181 1418/1075/1176
f 1420/1076/1178 1417/1077/1175 1419/1073/1177
f 1422/1078/1180 1417/1077/1175 1421/1079/1179
f 859/1080/757 472/1081/400 79/1015/77
f 858/1082/756 1418/1075/1176 859/1080/757
f 1418/1075/1176 471/1083/399 472/1081/400
f 53/1084/51 1420/1076/1178 857/1085/755
f 473/1086/401 1421/1079/1179 1420/1076/1178
f 857/1085/755 1419/1073/1177 858/1082/756
f 81/1087/79 1422/1078/1180 475/1088/403
f 470/1089/398 1423/1074/1181 1422/1078/1180
f 475/1088/403 1421/1079/1179 474/1090/402
f 1426/1091/1184 1430/1092/1188 1425/1093/1183
f 1427/1094/1185 1424/1095/1182 1426/1091/1184
f 1429/1096/1187 1424/1095/1182 1428/1097/1186
f 862/1098/760 470/1099/398 81/1087/79
f 861/1100/759 1425/1093/1183 862/1098/760
f 1425/1093/1183 471/1101/399 470/1099/398
f 56/992/54 1427/1094/1185 860/1102/758
f 451/1103/379 1428/1097/1186 1427/1094/1185
f 860/1102/758 1426/1091/1184 861/1100/759
f 79/1015/77 1429/1096/1187 449/1104/377
f 472/1081/400 1430/1092/1188 1429/1096/1187
f 449/1104/377 1428/1097/1186 450/1105/378
f 1433/1106/1191 1437/1107/1195 1432/1108/1190
f 1434/1109/1192 1431/1110/1189 1433/1106/1191
f 1436/1111/1194 1431/1110/1189 1435/1112/1193
f 865/1113/763 481/1114/409 84/1115/82
f 864/1116/762 1432/1108/1190 865/1113/763
f 1432/1108/1190 480/1117/408 481/1114/409
f 53/1084/51 1434/1109/1192 863/1118/761
f 460/1119/388 1435/1112/1193 1434/1109/1192
f 863/1118/761 1433/1106/1191 864/1120/762
f 82/1045/80 1436/1111/1194 458/1121/386
f 479/1122/407 1437/1107/1195 1436/1111/1194
f 458/1121/386 1435/1112/1193 459/1123/387
f 1440/1124/1198 1444/1125/1202 1439/1126/1197
f 1441/1127/1199 1438/1128/1196 1440/1124/1198
f 1443/1129/1201 1438/1128/1196 1442/1130/1200
f 868/1131/766 479/1132/407 82/1069/80
f 867/1133/765 1439/1126/1197 868/1131/766
f 1439/1126/1197 480/1134/408 479/1132/407
f 76/1135/74 1441/1127/1199 866/1136/764
f 491/1137/419 1442/1130/1200 1441/1127/1199
f 866/1136/764 1440/1124/1198 867/1133/765
f 84/1138/82 1443/1129/1201 493/1139/421
f 481/1140/409 1444/1125/1202 1443/1129/1201
f 493/1139/421 1442/1130/1200 492/1141/420
f 1447/1142/1205 1451/1143/1209 1446/1144/1204
f 1448/1145/1206 1445/1146/1203 1447/1142/1205
f 1450/1147/1208 1445/1146/1203 1449/1148/1207
f 871/1149/769 496/1150/424 81/1087/79
f 870/1151/768 1446/1144/1204 871/1149/769
f 1446/1144/1204 495/1152/423 496/1150/424
f 75/1153/73 1448/1145/1206 869/1154/767
f 498/1155/426 1448/1145/1206 497/1156/425
f 869/1154/767 1447/1142/1205 870/1157/768
f 83/1158/81 1450/1147/1208 499/1159/427
f 494/1160/422 1451/1143/1209 1450/1147/1208
f 499/1159/427 1449/1148/1207 498/1161/426
f 1454/1162/1212 1458/1163/1216 1453/1164/1211
f 1455/1165/1213 1452/1166/1210 1454/1162/1212
f 1457/1167/1215 1452/1166/1210 1456/1168/1214
f 874/1169/772 494/1160/422 83/1158/81
f 873/1170/771 1453/1164/1211 874/1169/772
f 1453/1164/1211 495/1171/423 494/1160/422
f 54/1065/52 1455/1165/1213 872/1172/770
f 478/1173/406 1456/1168/1214 1455/1165/1213
f 872/1172/770 1454/1162/1212 873/1174/771
f 81/1087/79 1457/1167/1215 476/1175/404
f 496/1176/424 1458/1163/1216 1457/1167/1215
f 476/1175/404 1456/1168/1214 477/1177/405
f 1461/1178/1219 1465/1179/1223 1460/1180/1218
f 1462/1181/1220 1459/1182/1217 1461/1178/1219
f 1464/1183/1222 1459/1182/1217 1463/1184/1221
f 877/1185/775 505/1186/433 86/1187/84
f 876/1188/774 1460/1180/1218 877/1185/775
f 1460/1180/1218 504/1189/432 505/1186/433
f 75/1153/73 1462/1181/1220 875/1190/773
f 484/1191/412 1463/1184/1221 1462/1181/1220
f 875/1190/773 1461/1178/1219 876/1192/774
f 84/1115/82 1464/1183/1222 482/1193/410
f 503/1194/431 1465/1179/1223 1464/1183/1222
f 482/1193/410 1463/1184/1221 483/1195/411
f 1468/1196/1226 1472/1197/1230 1467/1198/1225
f 1469/1199/1227 1466/1200/1224 1468/1196/1226
f 1471/1201/1229 1466/1200/1224 1470/1202/1228
f 880/1203/778 503/1204/431 84/1138/82
f 879/1205/777 1467/1198/1225 880/1203/778
f 1467/1198/1225 504/1206/432 503/1204/431
f 74/1207/72 1469/1199/1227 878/1208/776
f 515/1209/443 1470/1202/1228 1469/1199/1227
f 878/1208/776 1468/1196/1226 879/1205/777
f 86/1210/84 1471/1201/1229 517/1211/445
f 505/1212/433 1472/1197/1230 1471/1201/1229
f 517/1211/445 1470/1202/1228 516/1213/444
f 1474/1214/1232 1473/1215/1231 1479/1216/1237
f 1477/1217/1235 1475/1218/1233 1476/1219/1234
f 1478/1220/1236 1473/1215/1231 1477/1217/1235
f 85/1221/83 1474/1214/1232 523/1222/451
f 883/1223/781 1475/1218/1233 1474/1214/1232
f 523/1222/451 1479/1216/1237 522/1224/450
f 511/1225/439 881/1226/779 75/1153/73
f 510/1227/438 1476/1219/1234 511/1225/439
f 1476/1219/1234 882/1228/780 881/1226/779
f 521/1229/449 509/1230/437 73/1231/71
f 522/1224/450 1478/1220/1236 521/1229/449
f 509/1230/437 1477/1217/1235 510/1232/438
f 1482/1233/1240 1486/1234/1244 1481/1235/1239
f 1483/1236/1241 1480/1237/1238 1482/1233/1240
f 1485/1238/1243 1480/1237/1238 1484/1239/1242
f 886/1240/784 518/1241/446 85/1221/83
f 885/1242/783 1481/1235/1239 886/1240/784
f 1481/1235/1239 519/1243/447 518/1241/446
f 76/1135/74 1483/1236/1241 884/1244/782
f 502/1245/430 1484/1239/1242 1483/1236/1241
f 884/1244/782 1482/1233/1240 885/1242/783
f 520/1246/448 500/1247/428 83/1158/81
f 520/1246/448 1486/1234/1244 1485/1238/1243
f 1485/1238/1243 501/1248/429 500/1247/428
f 1489/1249/1247 1493/1250/1251 1488/1251/1246
f 1490/1252/1248 1487/1253/1245 1489/1249/1247
f 1492/1254/1250 1487/1253/1245 1491/1255/1249
f 889/1256/787 529/1257/457 88/1258/86
f 888/1259/786 1488/1251/1246 889/1256/787
f 1488/1251/1246 528/1260/456 529/1257/457
f 73/1231/71 1490/1252/1248 887/1261/785
f 508/1262/436 1491/1255/1249 1490/1252/1248
f 887/1261/785 1489/1249/1247 888/1263/786
f 86/1187/84 1492/1254/1250 506/1264/434
f 527/1265/455 1493/1250/1251 1492/1254/1250
f 506/1264/434 1491/1255/1249 507/1266/435
f 1496/1267/1254 1500/1268/1258 1495/1269/1253
f 1497/1270/1255 1494/1271/1252 1496/1267/1254
f 1499/1272/1257 1494/1271/1252 1498/1273/1256
f 892/1274/790 527/1275/455 86/1210/84
f 891/1276/789 1495/1269/1253 892/1274/790
f 1495/1269/1253 528/1277/456 527/1275/455
f 72/1278/70 1497/1270/1255 890/1279/788
f 539/1280/467 1498/1273/1256 1497/1270/1255
f 890/1279/788 1496/1267/1254 891/1281/789
f 88/1282/86 1499/1272/1257 541/1283/469
f 529/1284/457 1500/1268/1258 1499/1272/1257
f 541/1283/469 1498/1273/1256 540/1285/468
f 1503/1286/1261 1507/1287/1265 1502/1288/1260
f 1504/1289/1262 1501/1290/1259 1503/1286/1261
f 1506/1291/1264 1501/1290/1259 1505/1292/1263
f 895/1293/793 544/1294/472 85/1221/83
f 894/1295/792 1502/1288/1260 895/1293/793
f 1502/1288/1260 543/1296/471 544/1294/472
f 71/1297/69 1504/1289/1262 893/1298/791
f 545/1299/473 1505/1292/1263 1504/1289/1262
f 893/1298/791 1503/1286/1261 894/1300/792
f 542/1301/470 547/1302/475 87/1303/85
f 542/1301/470 1507/1287/1265 1506/1291/1264
f 1506/1291/1264 546/1304/474 547/1302/475
f 1509/1305/1267 1508/1306/1266 1514/1307/1272
f 1512/1308/1270 1510/1309/1268 1511/1310/1269
f 1513/1311/1271 1508/1306/1266 1512/1308/1270
f 85/1221/83 1509/1305/1267 524/1312/452
f 898/1313/796 1510/1309/1268 1509/1305/1267
f 524/1312/452 1514/1307/1272 525/1314/453
f 538/1315/466 896/1316/794 72/1278/70
f 537/1317/465 1511/1310/1269 538/1315/466
f 1511/1310/1269 897/1318/795 896/1316/794
f 526/1319/454 536/1320/464 74/1207/72
f 525/1314/453 1513/1311/1271 526/1319/454
f 536/1320/464 1512/1308/1270 537/1321/465
f 1516/1322/1274 1515/1323/1273 1521/1324/1279
f 1519/1325/1277 1517/1326/1275 1518/1327/1276
f 1520/1328/1278 1515/1323/1273 1519/1325/1277
f 88/1258/86 1516/1322/1274 530/1329/458
f 901/1330/799 1517/1326/1275 1516/1322/1274
f 530/1329/458 1521/1324/1279 531/1331/459
f 557/1332/485 899/1333/797 69/1334/67
f 558/1335/486 1518/1327/1276 557/1332/485
f 1518/1327/1276 900/1336/798 899/1333/797
f 532/1337/460 559/1338/487 71/1297/69
f 531/1339/459 1520/1328/1278 532/1337/460
f 559/1338/487 1519/1325/1277 558/1340/486
f 1524/1341/1282 1528/1342/1286 1523/1343/1281
f 1525/1344/1283 1522/1345/1280 1524/1341/1282
f 1527/1346/1285 1522/1345/1280 1526/1347/1284
f 904/1348/802 551/1349/479 88/1282/86
f 903/1350/801 1523/1343/1281 904/1348/802
f 1523/1343/1281 552/1351/480 551/1349/479
f 70/1352/68 1525/1344/1283 902/1353/800
f 563/1354/491 1526/1347/1284 1525/1344/1283
f 902/1353/800 1524/1341/1282 903/1355/801
f 553/1356/481 565/1357/493 90/1358/88
f 553/1356/481 1528/1342/1286 1527/1346/1285
f 1527/1346/1285 564/1359/492 565/1357/493
f 1531/1360/1289 1535/1361/1293 1530/1362/1288
f 1532/1363/1290 1529/1364/1287 1531/1360/1289
f 1534/1365/1292 1529/1364/1287 1533/1366/1291
f 907/1367/805 568/1368/496 87/1303/85
f 906/1369/804 1530/1362/1288 907/1367/805
f 1530/1362/1288 567/1370/495 568/1368/496
f 69/1334/67 1532/1363/1290 905/1371/803
f 569/1372/497 1533/1366/1291 1532/1363/1290
f 905/1371/803 1531/1360/1289 906/1369/804
f 89/1373/87 1534/1365/1292 571/1374/499
f 566/1375/494 1535/1361/1293 1534/1365/1292
f 571/1374/499 1533/1366/1291 570/1376/498
f 1538/1377/1296 1542/1378/1300 1537/1379/1295
f 1539/1380/1297 1536/1381/1294 1538/1377/1296
f 1541/1382/1299 1536/1381/1294 1540/1383/1298
f 910/1384/808 566/1375/494 89/1373/87
f 909/1385/807 1537/1379/1295 910/1384/808
f 1537/1379/1295 567/1386/495 566/1375/494
f 72/1278/70 1539/1380/1297 908/1387/806
f 549/1388/477 1539/1380/1297 550/1389/478
f 908/1387/806 1538/1377/1296 909/1390/807
f 87/1303/85 1541/1382/1299 548/1391/476
f 568/1392/496 1542/1378/1300 1541/1382/1299
f 548/1391/476 1540/1383/1298 549/1388/477
f 1545/1393/1303 1549/1394/1307 1544/1395/1302
f 1546/1396/1304 1543/1397/1301 1545/1393/1303
f 1548/1398/1306 1543/1397/1301 1547/1399/1305
f 913/1400/811 577/1401/505 92/1402/90
f 912/1403/810 1544/1395/1302 913/1400/811
f 1544/1395/1302 576/1404/504 577/1401/505
f 69/1334/67 1546/1396/1304 911/1405/809
f 555/1406/483 1546/1396/1304 556/1407/484
f 911/1405/809 1545/1393/1303 912/1408/810
f 90/1409/88 1548/1398/1306 554/1410/482
f 575/1411/503 1549/1394/1307 1548/1398/1306
f 554/1410/482 1547/1399/1305 555/1406/483
f 1552/1412/1310 1556/1413/1314 1551/1414/1309
f 1553/1415/1311 1550/1416/1308 1552/1412/1310
f 1555/1417/1313 1550/1416/1308 1554/1418/1312
f 916/1419/814 575/1420/503 90/1358/88
f 915/1421/813 1551/1414/1309 916/1419/814
f 1551/1414/1309 576/1422/504 575/1420/503
f 68/1423/66 1553/1415/1311 914/1424/812
f 587/1425/515 1554/1418/1312 1553/1415/1311
f 914/1424/812 1552/1412/1310 915/1426/813
f 92/1427/90 1555/1417/1313 589/1428/517
f 577/1429/505 1556/1413/1314 1555/1417/1313
f 589/1428/517 1554/1418/1312 588/1430/516
f 1559/1431/1317 1563/1432/1321 1558/1433/1316
f 1560/1434/1318 1557/1435/1315 1559/1431/1317
f 1562/1436/1320 1557/1435/1315 1561/1437/1319
f 919/1438/817 592/1439/520 89/1373/87
f 918/1440/816 1558/1433/1316 919/1438/817
f 1558/1433/1316 591/1441/519 592/1439/520
f 67/1442/65 1560/1434/1318 917/1443/815
f 593/1444/521 1561/1437/1319 1560/1434/1318
f 917/1443/815 1559/1431/1317 918/1445/816
f 91/1446/89 1562/1436/1320 595/1447/523
f 590/1448/518 1563/1432/1321 1562/1436/1320
f 595/1447/523 1561/1437/1319 594/1449/522
f 1566/1450/1324 1570/1451/1328 1565/1452/1323
f 1567/1453/1325 1564/1454/1322 1566/1450/1324
f 1569/1455/1327 1564/1454/1322 1568/1456/1326
f 922/1457/820 590/1458/518 91/1446/89
f 921/1459/819 1565/1452/1323 922/1457/820
f 1565/1452/1323 591/1441/519 590/1458/518
f 70/1352/68 1567/1453/1325 920/1460/818
f 574/1461/502 1568/1456/1326 1567/1453/1325
f 920/1460/818 1566/1450/1324 921/1462/819
f 89/1373/87 1569/1455/1327 572/1463/500
f 592/1439/520 1570/1451/1328 1569/1455/1327
f 572/1463/500 1568/1456/1326 573/1464/501
f 1573/1465/1331 1577/1466/1335 1572/1467/1330
f 1574/1468/1332 1571/1469/1329 1573/1465/1331
f 1576/1470/1334 1571/1469/1329 1575/1471/1333
f 925/1472/823 601/1473/529 94/1474/92
f 924/1475/822 1572/1467/1330 925/1472/823
f 1572/1467/1330 600/1476/528 601/1473/529
f 67/1442/65 1574/1468/1332 923/1477/821
f 580/1478/508 1575/1471/1333 1574/1468/1332
f 923/1477/821 1573/1465/1331 924/1475/822
f 599/1479/527 578/1480/506 92/1402/90
f 599/1479/527 1577/1466/1335 1576/1470/1334
f 1576/1470/1334 579/1481/507 578/1480/506
f 1579/1482/1337 1578/1483/1336 1584/1484/1342
f 1582/1485/1340 1580/1486/1338 1581/1487/1339
f 1583/1488/1341 1578/1483/1336 1582/1485/1340
f 94/1489/92 1579/1482/1337 613/1490/541
f 928/1491/826 1580/1486/1338 1579/1482/1337
f 613/1490/541 1584/1484/1342 612/1492/540
f 608/1493/536 926/1494/824 68/1423/66
f 609/1495/537 1581/1487/1339 608/1493/536
f 1581/1487/1339 927/1496/825 926/1494/824
f 66/1497/64 1583/1488/1341 610/1498/538
f 611/1499/539 1584/1484/1342 1583/1488/1341
f 610/1498/538 1582/1485/1340 609/1500/537
f 1587/1501/1345 1591/1502/1349 1586/1503/1344
f 1588/1504/1346 1585/1505/1343 1587/1501/1345
f 1590/1506/1348 1585/1505/1343 1589/1507/1347
f 931/1508/829 616/1509/544 91/1446/89
f 930/1510/828 1586/1503/1344 931/1508/829
f 1586/1503/1344 615/1511/543 616/1509/544
f 65/1512/63 1588/1504/1346 929/1513/827
f 617/1514/545 1589/1507/1347 1588/1504/1346
f 929/1513/827 1587/1501/1345 930/1515/828
f 93/1516/91 1590/1506/1348 619/1517/547
f 614/1518/542 1591/1502/1349 1590/1506/1348
f 619/1517/547 1589/1507/1347 618/1519/546
f 1593/1520/1351 1592/1521/1350 1598/1522/1356
f 1596/1523/1354 1594/1524/1352 1595/1525/1353
f 1597/1526/1355 1592/1521/1350 1596/1523/1354
f 91/1446/89 1593/1520/1351 596/1527/524
f 934/1528/832 1594/1524/1352 1593/1520/1351
f 596/1527/524 1598/1522/1356 597/1529/525
f 610/1530/538 932/1531/830 66/1497/64
f 609/1495/537 1595/1525/1353 610/1530/538
f 1595/1525/1353 933/1532/831 932/1531/830
f 68/1423/66 1597/1526/1355 608/1493/536
f 598/1533/526 1598/1522/1356 1597/1526/1355
f 608/1493/536 1596/1523/1354 609/1495/537
f 1601/1534/1359 1605/1535/1363 1600/1536/1358
f 1602/1537/1360 1599/1538/1357 1601/1534/1359
f 1604/1539/1362 1599/1538/1357 1603/1540/1361
f 937/1541/835 625/1542/553 96/1543/94
f 936/1544/834 1600/1536/1358 937/1541/835
f 1600/1536/1358 624/1545/552 625/1542/553
f 65/1512/63 1602/1537/1360 935/1546/833
f 604/1547/532 1603/1540/1361 1602/1537/1360
f 935/1546/833 1601/1534/1359 936/1544/834
f 94/1474/92 1604/1539/1362 602/1548/530
f 623/1549/551 1605/1535/1363 1604/1539/1362
f 602/1548/530 1603/1540/1361 603/1550/531
f 1608/1551/1366 1612/1552/1370 1607/1553/1365
f 1609/1554/1367 1606/1555/1364 1608/1551/1366
f 1611/1556/1369 1606/1555/1364 1610/1557/1368
f 940/1558/838 623/1559/551 94/1489/92
f 939/1560/837 1607/1553/1365 940/1558/838
f 1607/1553/1365 624/1561/552 623/1559/551
f 64/1562/62 1609/1554/1367 938/1563/836
f 635/1564/563 1610/1557/1368 1609/1554/1367
f 938/1563/836 1608/1551/1366 939/1560/837
f 96/1565/94 1611/1556/1369 637/1566/565
f 625/1567/553 1612/1552/1370 1611/1556/1369
f 637/1566/565 1610/1557/1368 636/1568/564
f 1614/1569/1372 1613/1570/1371 1619/1571/1377
f 1617/1572/1375 1615/1573/1373 1616/1574/1374
f 1618/1575/1376 1613/1570/1371 1617/1572/1375
f 95/1576/93 1614/1569/1372 643/1577/571
f 943/1578/841 1615/1573/1373 1614/1569/1372
f 643/1577/571 1619/1571/1377 642/1579/570
f 631/1580/559 941/1581/839 65/1512/63
f 630/1582/558 1616/1574/1374 631/1580/559
f 1616/1574/1374 942/1583/840 941/1581/839
f 641/1584/569 629/1585/557 63/1586/61
f 642/1579/570 1618/1575/1376 641/1584/569
f 629/1585/557 1617/1572/1375 630/1587/558
f 1622/1588/1380 1626/1589/1384 1621/1590/1379
f 1623/1591/1381 1620/1592/1378 1622/1588/1380
f 1625/1593/1383 1620/1592/1378 1624/1594/1382
f 946/1595/844 638/1596/566 95/1576/93
f 945/1597/843 1621/1590/1379 946/1595/844
f 1621/1590/1379 639/1598/567 638/1596/566
f 66/1497/64 1623/1591/1381 944/1599/842
f 622/1600/550 1624/1594/1382 1623/1591/1381
f 944/1599/842 1622/1588/1380 945/1601/843
f 93/1516/91 1625/1593/1383 620/1602/548
f 640/1603/568 1626/1589/1384 1625/1593/1383
f 620/1602/548 1624/1594/1382 621/1604/549
f 1629/1605/1387 1633/1606/1391 1628/1607/1386
f 1630/1608/1388 1627/1609/1385 1629/1605/1387
f 1632/1610/1390 1627/1609/1385 1631/1611/1389
f 949/1612/847 649/1613/577 98/1614/96
f 948/1615/846 1628/1607/1386 949/1612/847
f 1628/1607/1386 648/1616/576 649/1613/577
f 63/1586/61 1630/1608/1388 947/1617/845
f 628/1618/556 1631/1611/1389 1630/1608/1388
f 947/1617/845 1629/1605/1387 948/1619/846
f 96/1543/94 1632/1610/1390 626/1620/554
f 647/1621/575 1633/1606/1391 1632/1610/1390
f 626/1620/554 1631/1611/1389 627/1622/555
f 1636/1623/1394 1640/1624/1398 1635/1625/1393
f 1637/1626/1395 1634/1627/1392 1636/1623/1394
f 1639/1628/1397 1634/1627/1392 1638/1629/1396
f 952/1630/850 647/1631/575 96/1565/94
f 951/1632/849 1635/1625/1393 952/1630/850
f 1635/1625/1393 648/1633/576 647/1631/575
f 62/1634/60 1637/1626/1395 950/1635/848
f 659/1636/587 1638/1629/1396 1637/1626/1395
f 950/1635/848 1636/1623/1394 951/1632/849
f 98/1637/96 1639/1628/1397 661/1638/589
f 649/1639/577 1640/1624/1398 1639/1628/1397
f 661/1638/589 1638/1629/1396 660/1640/588
f 1643/1641/1401 1647/1642/1405 1642/1643/1400
f 1644/1644/1402 1641/1645/1399 1643/1641/1401
f 1646/1646/1404 1641/1645/1399 1645/1647/1403
f 955/1648/853 664/1649/592 95/1576/93
f 954/1650/852 1642/1643/1400 955/1648/853
f 1642/1643/1400 663/1651/591 664/1649/592
f 61/1652/59 1644/1644/1402 953/1653/851
f 665/1654/593 1645/1647/1403 1644/1644/1402
f 953/1653/851 1643/1641/1401 954/1655/852
f 97/1656/95 1646/1646/1404 667/1657/595
f 662/1658/590 1647/1642/1405 1646/1646/1404
f 667/1657/595 1645/1647/1403 666/1659/594
f 1650/1660/1408 1654/1661/1412 1649/1662/1407
f 1651/1663/1409 1648/1664/1406 1650/1660/1408
f 1653/1665/1411 1648/1664/1406 1652/1666/1410
f 958/1667/856 662/1668/590 97/1656/95
f 957/1669/855 1649/1662/1407 958/1667/856
f 1649/1662/1407 663/1670/591 662/1668/590
f 64/1562/62 1651/1663/1409 956/1671/854
f 646/1672/574 1652/1666/1410 1651/1663/1409
f 956/1671/854 1650/1660/1408 957/1673/855
f 95/1576/93 1653/1665/1411 644/1674/572
f 664/1675/592 1654/1661/1412 1653/1665/1411
f 644/1674/572 1652/1666/1410 645/1676/573
f 1656/1677/1414 1655/1678/1413 1661/1679/1419
f 1659/1680/1417 1657/1681/1415 1658/1682/1416
f 1660/1683/1418 1655/1678/1413 1659/1680/1417
f 98/1614/96 1656/1677/1414 650/1684/578
f 961/1685/859 1657/1681/1415 1656/1677/1414
f 650/1684/578 1661/1679/1419 651/1686/579
f 677/1687/605 959/1688/857 59/1689/57
f 678/1690/606 1658/1682/1416 677/1687/605
f 1658/1682/1416 960/1691/858 959/1688/857
f 652/1692/580 679/1693/607 61/1652/59
f 651/1686/579 1660/1683/1418 652/1692/580
f 679/1693/607 1659/1680/1417 678/1690/606
f 1664/1694/1422 1668/1695/1426 1663/1696/1421
f 1665/1697/1423 1662/1698/1420 1664/1694/1422
f 1667/1699/1425 1662/1698/1420 1666/1700/1424
f 964/1701/862 671/1702/599 98/1637/96
f 963/1703/861 1663/1696/1421 964/1701/862
f 1663/1696/1421 672/1704/600 671/1702/599
f 60/1705/58 1665/1697/1423 962/1706/860
f 683/1707/611 1666/1700/1424 1665/1697/1423
f 962/1706/860 1664/1694/1422 963/1708/861
f 673/1709/601 685/1710/613 100/1711/98
f 673/1709/601 1668/1695/1426 1667/1699/1425
f 1667/1699/1425 684/1712/612 685/1710/613
f 1671/1713/1429 1675/1714/1433 1670/1715/1428
f 1672/1716/1430 1669/1717/1427 1671/1713/1429
f 1674/1718/1432 1669/1717/1427 1673/1719/1431
f 967/1720/865 688/1721/616 97/1656/95
f 966/1722/864 1670/1715/1428 967/1720/865
f 1670/1715/1428 687/1723/615 688/1721/616
f 59/1689/57 1672/1716/1430 965/1724/863
f 689/1725/617 1673/1719/1431 1672/1716/1430
f 965/1724/863 1671/1713/1429 966/1726/864
f 99/1727/97 1674/1718/1432 691/1728/619
f 686/1729/614 1675/1714/1433 1674/1718/1432
f 691/1728/619 1673/1719/1431 690/1730/618
f 1678/1731/1436 1682/1732/1440 1677/1733/1435
f 1679/1734/1437 1676/1735/1434 1678/1731/1436
f 1681/1736/1439 1676/1735/1434 1680/1737/1438
f 970/1738/868 686/1739/614 99/1727/97
f 969/1740/867 1677/1733/1435 970/1738/868
f 1677/1733/1435 687/1741/615 686/1739/614
f 62/1634/60 1679/1734/1437 968/1742/866
f 670/1743/598 1680/1737/1438 1679/1734/1437
f 968/1742/866 1678/1731/1436 969/1744/867
f 97/1656/95 1681/1736/1439 668/1745/596
f 688/1746/616 1682/1732/1440 1681/1736/1439
f 668/1745/596 1680/1737/1438 669/1747/597
f 1685/1748/1443 1689/1749/1447 1684/1750/1442
f 1686/1751/1444 1683/1752/1441 1685/1748/1443
f 1688/1753/1446 1683/1752/1441 1687/1754/1445
f 973/1755/871 697/1756/625 77/976/75
f 972/1757/870 1684/1750/1442 973/1755/871
f 1684/1750/1442 696/1758/624 697/1756/625
f 59/1689/57 1686/1751/1444 971/1759/869
f 675/1760/603 1686/1751/1444 676/1761/604
f 971/1759/869 1685/1748/1443 972/1762/870
f 100/1763/98 1688/1753/1446 674/1764/602
f 695/1765/623 1689/1749/1447 1688/1753/1446
f 674/1764/602 1687/1754/1445 675/1766/603
f 1692/1767/1450 1696/1768/1454 1691/1769/1449
f 1693/1770/1451 1690/1771/1448 1692/1767/1450
f 1695/1772/1453 1690/1771/1448 1694/1773/1452
f 976/1774/874 695/1775/623 100/1711/98
f 975/1776/873 1691/1769/1449 976/1774/874
f 1691/1769/1449 696/1777/624 695/1775/623
f 58/1029/56 1693/1770/1451 974/1778/872
f 433/1779/361 1694/1773/1452 1693/1770/1451
f 974/1778/872 1692/1767/1450 975/1776/873
f 77/989/75 1695/1772/1453 431/1780/359
f 697/1781/625 1696/1768/1454 1695/1772/1453
f 431/1780/359 1694/1773/1452 432/1782/360
f 1699/1783/1457 1703/1784/1461 1698/1785/1456
f 1700/1786/1458 1697/1787/1455 1699/1783/1457
f 1702/1788/1460 1697/1787/1455 1701/1789/1459
f 979/1790/877 706/1791/634 99/1727/97
f 978/1792/876 1698/1785/1456 979/1790/877
f 1698/1785/1456 705/1793/633 706/1791/634
f 57/973/55 1700/1786/1458 977/1794/875
f 445/1795/373 1701/1789/1459 1700/1786/1458
f 977/1794/875 1699/1783/1457 978/1796/876
f 78/1009/76 1702/1788/1460 443/1797/371
f 704/1798/632 1703/1784/1461 1702/1788/1460
f 443/1797/371 1701/1789/1459 444/1799/372
f 1706/1800/1464 1710/1801/1468 1705/1802/1463
f 1707/1803/1465 1704/1804/1462 1706/1800/1464
f 1709/1805/1467 1704/1804/1462 1708/1806/1466
f 982/1807/880 704/1808/632 78/1009/76
f 981/1809/879 1705/1802/1463 982/1807/880
f 1705/1802/1463 705/1810/633 704/1808/632
f 60/1705/58 1707/1803/1465 980/1811/878
f 694/1812/622 1708/1806/1466 1707/1803/1465
f 980/1811/878 1706/1800/1464 981/1809/879
f 99/1727/97 1709/1805/1467 692/1813/620
f 706/1814/634 1710/1801/1468 1709/1805/1467
f 692/1813/620 1708/1806/1466 693/1815/621
f 2020/2419/1722 2019/2420/1721 2025/2421/1727
f 2022/2422/1724 2019/2420/1721 2021/2423/1723
f 2025/2421/1727 2023/2424/1725 2024/2425/1726
f 80/970/78 2020/2419/1722 841/2426/739
f 422/2427/350 2021/2423/1723 2020/2419/1722
f 841/2426/739 2025/2421/1727 840/2428/738
f 55/1012/53 2022/2422/1724 424/1049/352
f 425/2429/353 2023/2424/1725 2022/2422/1724
f 424/1049/352 2021/2423/1723 423/2430/351
f 839/974/737 427/2431/355 57/973/55
f 840/2428/738 2024/2425/1726 839/974/737
f 2024/2425/1726 426/2432/354 427/2431/355
f 2027/2433/1729 2026/2434/1728 2032/2435/1734
f 2029/2436/1731 2026/2434/1728 2028/2437/1730
f 2032/2435/1734 2030/2438/1732 2031/2439/1733
f 77/989/75 2027/2433/1729 844/2440/742
f 431/2441/359 2028/2437/1730 2027/2433/1729
f 844/2440/742 2032/2435/1734 843/2442/741
f 58/1029/56 2029/2436/1731 433/2443/361
f 434/2444/362 2030/2438/1732 2029/2436/1731
f 433/2443/361 2028/2437/1730 432/2445/360
f 842/2446/740 436/2447/364 56/992/54
f 843/2442/741 2031/2439/1733 842/2446/740
f 2031/2439/1733 435/2448/363 436/2447/364
f 2034/2449/1736 2033/2450/1735 2039/2451/1741
f 2036/2452/1738 2033/2450/1735 2035/2453/1737
f 2039/2451/1741 2037/2454/1739 2038/2455/1740
f 78/1009/76 2034/2449/1736 847/2456/745
f 443/2457/371 2035/2453/1737 2034/2449/1736
f 847/2456/745 2039/2451/1741 846/2458/744
f 57/973/55 2036/2452/1738 445/2459/373
f 427/2431/355 2037/2454/1739 2036/2452/1738
f 445/2459/373 2035/2453/1737 444/2460/372
f 845/2461/743 425/2462/353 55/1012/53
f 846/2463/744 2038/2455/1740 845/2461/743
f 2038/2455/1740 426/2464/354 425/2462/353
f 2041/2465/1743 2040/2466/1742 2046/2467/1748
f 2043/2468/1745 2040/2466/1742 2042/2469/1744
f 2046/2467/1748 2044/2470/1746 2045/2471/1747
f 79/1015/77 2041/2465/1743 850/1026/748
f 449/2472/377 2042/2469/1744 2041/2465/1743
f 850/1026/748 2046/2467/1748 849/1032/747
f 56/992/54 2043/2468/1745 451/2473/379
f 436/2474/364 2044/2470/1746 2043/2468/1745
f 451/2473/379 2042/2469/1744 450/2475/378
f 848/1030/746 434/2444/362 58/1029/56
f 849/1032/747 2045/2471/1747 848/1030/746
f 2045/2471/1747 435/2476/363 434/2444/362
f 2048/2477/1750 2047/2478/1749 2053/2479/1755
f 2050/2480/1752 2047/2478/1749 2049/2481/1751
f 2053/2479/1755 2051/2482/1753 2052/2483/1754
f 82/1045/80 2048/2477/1750 853/2484/751
f 458/2485/386 2049/2481/1751 2048/2477/1750
f 853/2484/751 2053/2479/1755 852/1046/750
f 53/1084/51 2050/2480/1752 460/2486/388
f 461/2487/389 2051/2482/1753 2050/2480/1752
f 460/2486/388 2049/2481/1751 459/2488/387
f 851/1048/749 463/2489/391 55/1012/53
f 852/2490/750 2052/2483/1754 851/1048/749
f 2052/2483/1754 462/2491/390 463/2489/391
f 2055/2492/1757 2054/2493/1756 2060/2494/1762
f 2057/2495/1759 2054/2493/1756 2056/2496/1758
f 2060/2494/1762 2058/2497/1760 2059/2498/1761
f 80/996/78 2055/2492/1757 856/2499/754
f 439/2500/367 2056/2496/1758 2055/2492/1757
f 856/2499/754 2060/2494/1762 855/2501/753
f 56/992/54 2057/2495/1759 437/2502/365
f 464/2503/392 2058/2497/1760 2057/2495/1759
f 437/2502/365 2056/2496/1758 438/2504/366
f 854/2505/752 466/2506/394 54/1065/52
f 855/2507/753 2059/2498/1761 854/2505/752
f 2059/2498/1761 465/2508/393 466/2506/394
f 2062/2509/1764 2061/2510/1763 2067/2511/1769
f 2064/2512/1766 2061/2510/1763 2063/2513/1765
f 2067/2511/1769 2065/2514/1767 2066/2515/1768
f 79/1015/77 2062/2509/1764 859/2516/757
f 448/2517/376 2063/2513/1765 2062/2509/1764
f 859/2516/757 2067/2511/1769 858/2518/756
f 55/1012/53 2064/2512/1766 446/2519/374
f 463/2520/391 2065/2514/1767 2064/2512/1766
f 446/2519/374 2063/2513/1765 447/2521/375
f 857/2522/755 461/2523/389 53/1084/51
f 858/2518/756 2066/2515/1768 857/2522/755
f 2066/2515/1768 462/2524/390 461/2523/389
f 2069/2525/1771 2068/2526/1770 2074/2527/1776
f 2071/2528/1773 2068/2526/1770 2070/2529/1772
f 2074/2527/1776 2072/2530/1774 2073/2531/1775
f 81/1087/79 2069/2525/1771 862/2532/760
f 476/2533/404 2070/2529/1772 2069/2525/1771
f 862/2532/760 2074/2527/1776 861/1100/759
f 54/1065/52 2071/2528/1773 478/2534/406
f 466/2535/394 2072/2530/1774 2071/2528/1773
f 478/2534/406 2070/2529/1772 477/2536/405
f 860/2537/758 464/2538/392 56/992/54
f 861/2539/759 2073/2531/1775 860/2537/758
f 2073/2531/1775 465/2540/393 464/2538/392
f 2076/2541/1778 2075/2542/1777 2081/2543/1783
f 2078/2544/1780 2075/2542/1777 2077/2545/1779
f 2081/2543/1783 2079/2546/1781 2080/2547/1782
f 84/1115/82 2076/2541/1778 865/2548/763
f 482/2549/410 2077/2545/1779 2076/2541/1778
f 865/2548/763 2081/2543/1783 864/1116/762
f 75/1153/73 2078/2544/1780 484/2550/412
f 485/2551/413 2079/2546/1781 2078/2544/1780
f 484/2550/412 2077/2545/1779 483/1195/411
f 863/2552/761 487/2553/415 53/1084/51
f 864/1120/762 2080/2547/1782 863/2552/761
f 2080/2547/1782 486/2554/414 487/2553/415
f 2083/2555/1785 2082/2556/1784 2088/2557/1790
f 2085/2558/1787 2082/2556/1784 2084/2559/1786
f 2088/2557/1790 2086/2560/1788 2087/2561/1789
f 82/1069/80 2083/2555/1785 868/1131/766
f 469/1070/397 2084/2559/1786 2083/2555/1785
f 868/1131/766 2088/2557/1790 867/1133/765
f 54/1065/52 2085/2558/1787 467/2562/395
f 488/2563/416 2086/2560/1788 2085/2558/1787
f 467/2562/395 2084/2559/1786 468/2564/396
f 866/1136/764 490/2565/418 76/1135/74
f 867/2566/765 2087/2561/1789 866/1136/764
f 2087/2561/1789 489/2567/417 490/2565/418
f 2090/2568/1792 2089/2569/1791 2095/2570/1797
f 2092/2571/1794 2089/2569/1791 2091/2572/1793
f 2095/2570/1797 2093/2573/1795 2094/2574/1796
f 81/1087/79 2090/2568/1792 871/2575/769
f 475/2576/403 2091/2572/1793 2090/2568/1792
f 871/2575/769 2095/2570/1797 870/2577/768
f 53/1084/51 2092/2571/1794 473/1086/401
f 487/2578/415 2093/2573/1795 2092/2571/1794
f 473/1086/401 2091/2572/1793 474/2579/402
f 869/2580/767 485/2581/413 75/1153/73
f 870/2582/768 2094/2574/1796 869/2580/767
f 2094/2574/1796 486/2583/414 485/2581/413
f 2097/2584/1799 2096/2585/1798 2102/2586/1804
f 2099/2587/1801 2096/2585/1798 2098/2588/1800
f 2102/2586/1804 2100/2589/1802 2101/2590/1803
f 83/1158/81 2097/2584/1799 874/1169/772
f 500/2591/428 2098/2588/1800 2097/2584/1799
f 874/1169/772 2102/2586/1804 873/2592/771
f 76/1135/74 2099/2587/1801 502/1245/430
f 490/2565/418 2100/2589/1802 2099/2587/1801
f 502/1245/430 2098/2588/1800 501/2593/429
f 872/2594/770 488/2595/416 54/1065/52
f 873/1174/771 2101/2590/1803 872/2594/770
f 2101/2590/1803 489/2596/417 488/2595/416
f 2104/2597/1806 2103/2598/1805 2109/2599/1811
f 2106/2600/1808 2103/2598/1805 2105/2601/1807
f 2109/2599/1811 2107/2602/1809 2108/2603/1810
f 86/1187/84 2104/2597/1806 877/2604/775
f 506/2605/434 2105/2601/1807 2104/2597/1806
f 877/2604/775 2109/2599/1811 876/2606/774
f 509/2607/437 508/2608/436 73/1231/71
f 509/2607/437 2107/2602/1809 2106/2600/1808
f 2106/2600/1808 507/2609/435 508/2608/436
f 875/2610/773 511/2611/439 75/1153/73
f 876/1192/774 2108/2603/1810 875/2610/773
f 2108/2603/1810 510/2612/438 511/2611/439
f 2111/2613/1813 2110/2614/1812 2116/2615/1818
f 2113/2616/1815 2110/2614/1812 2112/2617/1814
f 2116/2615/1818 2114/2618/1816 2115/2619/1817
f 84/1138/82 2111/2613/1813 880/1203/778
f 493/1139/421 2112/2617/1814 2111/2613/1813
f 880/1203/778 2116/2615/1818 879/2620/777
f 76/1135/74 2113/2616/1815 491/1137/419
f 512/2621/440 2114/2618/1816 2113/2616/1815
f 491/1137/419 2112/2617/1814 492/2622/420
f 878/2623/776 514/2624/442 74/1207/72
f 879/2625/777 2115/2619/1817 878/2623/776
f 2115/2619/1817 513/2626/441 514/2624/442
f 2119/2627/1821 2123/2628/1825 2118/2629/1820
f 2120/2630/1822 2117/2631/1819 2119/2627/1821
f 2122/2632/1824 2117/2631/1819 2121/2633/1823
f 518/2634/446 883/2635/781 85/1221/83
f 519/1243/447 2118/2629/1820 518/2634/446
f 2118/2629/1820 882/2636/780 883/2635/781
f 499/2637/427 520/1246/448 83/1158/81
f 498/2638/426 2120/2630/1822 499/2637/427
f 520/1246/448 2119/2627/1821 519/2639/447
f 75/1153/73 2122/2632/1824 497/2640/425
f 881/1226/779 2123/2628/1825 2122/2632/1824
f 497/2640/425 2121/2633/1823 498/2641/426
f 2125/2642/1827 2124/2643/1826 2130/2644/1832
f 2127/2645/1829 2124/2643/1826 2126/2646/1828
f 2130/2644/1832 2128/2647/1830 2129/2648/1831
f 85/1221/83 2125/2642/1827 886/2649/784
f 524/2650/452 2126/2646/1828 2125/2642/1827
f 886/2649/784 2130/2644/1832 885/2651/783
f 74/1207/72 2127/2645/1829 526/1319/454
f 514/2652/442 2128/2647/1830 2127/2645/1829
f 526/1319/454 2126/2646/1828 525/2653/453
f 884/2654/782 512/2621/440 76/1135/74
f 885/2655/783 2129/2648/1831 884/2654/782
f 2129/2648/1831 513/2626/441 512/2621/440
f 2132/2656/1834 2131/2657/1833 2137/2658/1839
f 2134/2659/1836 2131/2657/1833 2133/2660/1835
f 2137/2658/1839 2135/2661/1837 2136/2662/1838
f 88/1258/86 2132/2656/1834 889/2663/787
f 531/2664/459 2132/2656/1834 530/1329/458
f 889/2663/787 2137/2658/1839 888/2665/786
f 71/1297/69 2134/2659/1836 532/1337/460
f 533/2666/461 2135/2661/1837 2134/2659/1836
f 532/1337/460 2133/2660/1835 531/2664/459
f 887/2667/785 535/2668/463 73/1231/71
f 888/1263/786 2136/2662/1838 887/2667/785
f 2136/2662/1838 534/2669/462 535/2668/463
f 2139/2670/1841 2138/2671/1840 2144/2672/1846
f 2141/2673/1843 2138/2671/1840 2140/2674/1842
f 2144/2672/1846 2142/2675/1844 2143/2676/1845
f 86/1210/84 2139/2670/1841 892/2677/790
f 517/1211/445 2140/2674/1842 2139/2670/1841
f 892/2677/790 2144/2672/1846 891/1276/789
f 536/2678/464 515/2679/443 74/1207/72
f 536/2678/464 2142/2675/1844 2141/2673/1843
f 2141/2673/1843 516/1213/444 515/2679/443
f 890/2680/788 538/1315/466 72/1278/70
f 891/1276/789 2143/2676/1845 890/2680/788
f 2143/2676/1845 537/1321/465 538/1315/466
f 2146/2681/1848 2145/2682/1847 2151/2683/1853
f 2148/2684/1850 2145/2682/1847 2147/2685/1849
f 2151/2683/1853 2149/2686/1851 2150/2687/1852
f 85/1221/83 2146/2681/1848 895/2688/793
f 523/2689/451 2147/2685/1849 2146/2681/1848
f 895/2688/793 2151/2683/1853 894/2690/792
f 73/1231/71 2148/2684/1850 521/1229/449
f 535/2691/463 2149/2686/1851 2148/2684/1850
f 521/1229/449 2147/2685/1849 522/2692/450
f 893/1298/791 533/2666/461 71/1297/69
f 894/1300/792 2150/2687/1852 893/1298/791
f 2150/2687/1852 534/2693/462 533/2666/461
f 2154/2694/1856 2158/2695/1860 2153/2696/1855
f 2155/2697/1857 2152/2698/1854 2154/2694/1856
f 2157/2699/1859 2152/2698/1854 2156/2700/1858
f 544/1294/472 898/2701/796 85/1221/83
f 543/2702/471 2153/2696/1855 544/1294/472
f 2153/2696/1855 897/1318/795 898/2701/796
f 548/2703/476 542/2704/470 87/1303/85
f 549/2705/477 2155/2697/1857 548/2703/476
f 542/2704/470 2154/2694/1856 543/2706/471
f 72/1278/70 2157/2699/1859 550/1389/478
f 896/2707/794 2158/2695/1860 2157/2699/1859
f 550/1389/478 2156/2700/1858 549/1388/477
f 2161/2708/1863 2165/2709/1867 2160/2710/1862
f 2162/2711/1864 2159/2712/1861 2161/2708/1863
f 2164/2713/1866 2159/2712/1861 2163/2714/1865
f 551/2715/479 901/1330/799 88/1258/86
f 552/2716/480 2160/2710/1862 551/2715/479
f 2160/2710/1862 900/2717/798 901/1330/799
f 554/1410/482 553/2718/481 90/1409/88
f 555/2719/483 2162/2711/1864 554/1410/482
f 553/2718/481 2161/2708/1863 552/2720/480
f 69/1334/67 2164/2713/1866 556/2721/484
f 899/2722/797 2165/2709/1867 2164/2713/1866
f 556/2721/484 2163/2714/1865 555/2719/483
f 2167/2723/1869 2166/2724/1868 2172/2725/1874
f 2169/2726/1871 2166/2724/1868 2168/2727/1870
f 2172/2725/1874 2170/2728/1872 2171/2729/1873
f 88/1282/86 2167/2723/1869 904/1348/802
f 541/1283/469 2168/2727/1870 2167/2723/1869
f 904/1348/802 2172/2725/1874 903/2730/801
f 72/1278/70 2169/2726/1871 539/2731/467
f 560/2732/488 2170/2728/1872 2169/2726/1871
f 539/2731/467 2168/2727/1870 540/2733/468
f 902/2734/800 562/2735/490 70/1352/68
f 903/2736/801 2171/2729/1873 902/2734/800
f 2171/2729/1873 561/2737/489 562/2735/490
f 2174/2738/1876 2173/2739/1875 2179/2740/1881
f 2176/2741/1878 2173/2739/1875 2175/2742/1877
f 2179/2740/1881 2177/2743/1879 2178/2744/1880
f 87/1303/85 2174/2738/1876 907/1367/805
f 547/2745/475 2175/2742/1877 2174/2738/1876
f 907/1367/805 2179/2740/1881 906/1369/804
f 559/2746/487 545/1299/473 71/1297/69
f 559/2746/487 2177/2743/1879 2176/2741/1878
f 2176/2741/1878 546/2747/474 545/1299/473
f 905/2748/803 557/2749/485 69/1334/67
f 906/2750/804 2178/2744/1880 905/2748/803
f 2178/2744/1880 558/2751/486 557/2749/485
f 2181/2752/1883 2180/2753/1882 2186/2754/1888
f 2183/2755/1885 2180/2753/1882 2182/2756/1884
f 2186/2754/1888 2184/2757/1886 2185/2758/1887
f 89/1373/87 2181/2752/1883 910/2759/808
f 572/2760/500 2182/2756/1884 2181/2752/1883
f 910/2759/808 2186/2754/1888 909/2761/807
f 70/1352/68 2183/2755/1885 574/2762/502
f 562/2735/490 2184/2757/1886 2183/2755/1885
f 574/2762/502 2182/2756/1884 573/2763/501
f 908/2764/806 560/2765/488 72/1278/70
f 909/2766/807 2185/2758/1887 908/2764/806
f 2185/2758/1887 561/2767/489 560/2765/488
f 2188/2768/1890 2187/2769/1889 2193/2770/1895
f 2190/2771/1892 2187/2769/1889 2189/2772/1891
f 2193/2770/1895 2191/2773/1893 2192/2774/1894
f 92/1402/90 2188/2768/1890 913/2775/811
f 578/2776/506 2189/2772/1891 2188/2768/1890
f 913/2775/811 2193/2770/1895 912/1403/810
f 67/1442/65 2190/2771/1892 580/2777/508
f 581/2778/509 2191/2773/1893 2190/2771/1892
f 580/2777/508 2189/2772/1891 579/2779/507
f 911/2780/809 583/2781/511 69/1334/67
f 912/2782/810 2192/2774/1894 911/2780/809
f 2192/2774/1894 582/2783/510 583/2781/511
f 2195/2784/1897 2194/2785/1896 2200/2786/1902
f 2197/2787/1899 2194/2785/1896 2196/2788/1898
f 2200/2786/1902 2198/2789/1900 2199/2790/1901
f 90/1358/88 2195/2784/1897 916/2791/814
f 565/2792/493 2196/2788/1898 2195/2784/1897
f 916/2791/814 2200/2786/1902 915/1421/813
f 70/1352/68 2197/2787/1899 563/2793/491
f 584/2794/512 2198/2789/1900 2197/2787/1899
f 563/2793/491 2196/2788/1898 564/2795/492
f 914/2796/812 586/2797/514 68/1423/66
f 915/1426/813 2199/2790/1901 914/2796/812
f 2199/2790/1901 585/2798/513 586/2797/514
f 2202/2799/1904 2201/2800/1903 2207/2801/1909
f 2204/2802/1906 2201/2800/1903 2203/2803/1905
f 2207/2801/1909 2205/2804/1907 2206/2805/1908
f 89/1373/87 2202/2799/1904 919/2806/817
f 571/1374/499 2203/2803/1905 2202/2799/1904
f 919/2806/817 2207/2801/1909 918/2807/816
f 69/1334/67 2204/2802/1906 569/2808/497
f 583/2809/511 2205/2804/1907 2204/2802/1906
f 569/2808/497 2203/2803/1905 570/2810/498
f 917/2811/815 581/2812/509 67/1442/65
f 918/2813/816 2206/2805/1908 917/2811/815
f 2206/2805/1908 582/2783/510 581/2812/509
f 2209/2814/1911 2208/2815/1910 2214/2816/1916
f 2211/2817/1913 2208/2815/1910 2210/2818/1912
f 2214/2816/1916 2212/2819/1914 2213/2820/1915
f 91/1446/89 2209/2814/1911 922/2821/820
f 596/1527/524 2210/2818/1912 2209/2814/1911
f 922/2821/820 2214/2816/1916 921/1459/819
f 68/1423/66 2211/2817/1913 598/1533/526
f 586/2797/514 2212/2819/1914 2211/2817/1913
f 598/1533/526 2210/2818/1912 597/2822/525
f 920/1460/818 584/2794/512 70/1352/68
f 921/1459/819 2213/2820/1915 920/1460/818
f 2213/2820/1915 585/2823/513 584/2794/512
f 2216/2824/1918 2215/2825/1917 2221/2826/1923
f 2218/2827/1920 2215/2825/1917 2217/2828/1919
f 2221/2826/1923 2219/2829/1921 2220/2830/1922
f 94/1474/92 2216/2824/1918 925/2831/823
f 602/2832/530 2217/2828/1919 2216/2824/1918
f 925/2831/823 2221/2826/1923 924/2833/822
f 65/1512/63 2218/2827/1920 604/2834/532
f 605/2835/533 2219/2829/1921 2218/2827/1920
f 604/2834/532 2217/2828/1919 603/2836/531
f 923/2837/821 607/2838/535 67/1442/65
f 924/2839/822 2220/2830/1922 923/2837/821
f 2220/2830/1922 606/2840/534 607/2838/535
f 2224/2841/1926 2228/2842/1930 2223/2843/1925
f 2225/2844/1927 2222/2845/1924 2224/2841/1926
f 2227/2846/1929 2222/2845/1924 2226/2847/1928
f 601/2848/529 928/1491/826 94/1489/92
f 600/2849/528 2223/2843/1925 601/2848/529
f 2223/2843/1925 927/2850/825 928/1491/826
f 589/1428/517 599/2851/527 92/1427/90
f 588/2852/516 2225/2844/1927 589/1428/517
f 599/2851/527 2224/2841/1926 600/2849/528
f 68/1423/66 2227/2846/1929 587/1425/515
f 926/2853/824 2228/2842/1930 2227/2846/1929
f 587/1425/515 2226/2847/1928 588/2854/516
f 2230/2855/1932 2229/2856/1931 2235/2857/1937
f 2232/2858/1934 2229/2856/1931 2231/2859/1933
f 2235/2857/1937 2233/2860/1935 2234/2861/1936
f 91/1446/89 2230/2855/1932 931/2862/829
f 595/2863/523 2231/2859/1933 2230/2855/1932
f 931/2862/829 2235/2857/1937 930/1510/828
f 67/1442/65 2232/2858/1934 593/1444/521
f 607/2864/535 2233/2860/1935 2232/2858/1934
f 593/1444/521 2231/2859/1933 594/2865/522
f 929/1513/827 605/2835/533 65/1512/63
f 930/2866/828 2234/2861/1936 929/1513/827
f 2234/2861/1936 606/2867/534 605/2835/533
f 2238/2868/1940 2242/2869/1944 2237/2870/1939
f 2239/2871/1941 2236/2872/1938 2238/2868/1940
f 2241/2873/1943 2236/2872/1938 2240/2874/1942
f 616/1509/544 934/2875/832 91/1446/89
f 615/1511/543 2237/2870/1939 616/1509/544
f 2237/2870/1939 933/2876/831 934/2875/832
f 93/2877/91 2239/2871/1941 614/2878/542
f 620/2879/548 2240/2874/1942 2239/2871/1941
f 614/2878/542 2238/2868/1940 615/2880/543
f 66/1497/64 2241/2873/1943 622/1600/550
f 932/1531/830 2242/2869/1944 2241/2873/1943
f 622/1600/550 2240/2874/1942 621/2881/549
f 2244/2882/1946 2243/2883/1945 2249/2884/1951
f 2246/2885/1948 2243/2883/1945 2245/2886/1947
f 2249/2884/1951 2247/2887/1949 2248/2888/1950
f 96/1543/94 2244/2882/1946 937/1541/835
f 626/2889/554 2245/2886/1947 2244/2882/1946
f 937/1541/835 2249/2884/1951 936/1544/834
f 629/2890/557 628/1618/556 63/1586/61
f 629/2890/557 2247/2887/1949 2246/2885/1948
f 2246/2885/1948 627/2891/555 628/1618/556
f 935/1546/833 631/2892/559 65/1512/63
f 936/2893/834 2248/2888/1950 935/1546/833
f 2248/2888/1950 630/1587/558 631/2892/559
f 2251/2894/1953 2250/2895/1952 2256/2896/1958
f 2253/2897/1955 2250/2895/1952 2252/2898/1954
f 2256/2896/1958 2254/2899/1956 2255/2900/1957
f 94/1489/92 2251/2894/1953 940/2901/838
f 613/2902/541 2252/2898/1954 2251/2894/1953
f 940/2901/838 2256/2896/1958 939/2903/837
f 66/1497/64 2253/2897/1955 611/2904/539
f 632/2905/560 2254/2899/1956 2253/2897/1955
f 611/2904/539 2252/2898/1954 612/2906/540
f 938/2907/836 634/2908/562 64/1562/62
f 939/2909/837 2255/2900/1957 938/2907/836
f 2255/2900/1957 633/2910/561 634/2908/562
f 2259/2911/1961 2263/2912/1965 2258/2913/1960
f 2260/2914/1962 2257/2915/1959 2259/2911/1961
f 2262/2916/1964 2257/2915/1959 2261/2917/1963
f 638/2918/566 943/1578/841 95/1576/93
f 639/1598/567 2258/2913/1960 638/2918/566
f 2258/2913/1960 942/2919/840 943/1578/841
f 93/2920/91 2260/2914/1962 640/1603/568
f 619/2921/547 2261/2917/1963 2260/2914/1962
f 640/1603/568 2259/2911/1961 639/1598/567
f 65/1512/63 2262/2916/1964 617/2922/545
f 941/2923/839 2263/2912/1965 2262/2916/1964
f 617/2922/545 2261/2917/1963 618/2924/546
f 2265/2925/1967 2264/2926/1966 2270/2927/1972
f 2267/2928/1969 2264/2926/1966 2266/2929/1968
f 2270/2927/1972 2268/2930/1970 2269/2931/1971
f 95/1576/93 2265/2925/1967 946/2932/844
f 644/2933/572 2266/2929/1968 2265/2925/1967
f 946/2932/844 2270/2927/1972 945/1601/843
f 64/1562/62 2267/2928/1969 646/1672/574
f 634/2908/562 2268/2930/1970 2267/2928/1969
f 646/1672/574 2266/2929/1968 645/1676/573
f 944/2934/842 632/2935/560 66/1497/64
f 945/1597/843 2269/2931/1971 944/2934/842
f 2269/2931/1971 633/2936/561 632/2935/560
f 2272/2937/1974 2271/2938/1973 2277/2939/1979
f 2274/2940/1976 2271/2938/1973 2273/2941/1975
f 2277/2939/1979 2275/2942/1977 2276/2943/1978
f 98/1614/96 2272/2937/1974 949/1612/847
f 651/2944/579 2272/2937/1974 650/2945/578
f 949/1612/847 2277/2939/1979 948/2946/846
f 61/1652/59 2274/2940/1976 652/2947/580
f 653/2948/581 2275/2942/1977 2274/2940/1976
f 652/2947/580 2273/2941/1975 651/2949/579
f 947/1617/845 655/2950/583 63/1586/61
f 948/1615/846 2276/2943/1978 947/1617/845
f 2276/2943/1978 654/2951/582 655/2950/583
f 2279/2952/1981 2278/2953/1980 2284/2954/1986
f 2281/2955/1983 2278/2953/1980 2280/2956/1982
f 2284/2954/1986 2282/2957/1984 2283/2958/1985
f 96/1565/94 2279/2952/1981 952/2959/850
f 637/1566/565 2280/2956/1982 2279/2952/1981
f 952/2959/850 2284/2954/1986 951/1632/849
f 64/1562/62 2281/2955/1983 635/1564/563
f 656/2960/584 2282/2957/1984 2281/2955/1983
f 635/1564/563 2280/2956/1982 636/2961/564
f 950/1635/848 658/2962/586 62/1634/60
f 951/2963/849 2283/2958/1985 950/1635/848
f 2283/2958/1985 657/2964/585 658/2962/586
f 2286/2965/1988 2285/2966/1987 2291/2967/1993
f 2288/2968/1990 2285/2966/1987 2287/2969/1989
f 2291/2967/1993 2289/2970/1991 2290/2971/1992
f 95/1576/93 2286/2965/1988 955/2972/853
f 642/2973/570 2286/2965/1988 643/1577/571
f 955/2972/853 2291/2967/1993 954/1650/852
f 63/1586/61 2288/2968/1990 641/2974/569
f 655/2975/583 2289/2970/1991 2288/2968/1990
f 641/2974/569 2287/2969/1989 642/2976/570
f 953/1653/851 653/2977/581 61/1652/59
f 954/2978/852 2290/2971/1992 953/1653/851
f 2290/2971/1992 654/2951/582 653/2977/581
f 2293/2979/1995 2292/2980/1994 2298/2981/2000
f 2295/2982/1997 2292/2980/1994 2294/2983/1996
f 2298/2981/2000 2296/2984/1998 2297/2985/1999
f 97/1656/95 2293/2979/1995 958/2986/856
f 668/2987/596 2294/2983/1996 2293/2979/1995
f 958/2986/856 2298/2981/2000 957/2988/855
f 62/1634/60 2295/2982/1997 670/2989/598
f 658/2962/586 2296/2984/1998 2295/2982/1997
f 670/2989/598 2294/2983/1996 669/2990/597
f 956/1671/854 656/2991/584 64/1562/62
f 957/2992/855 2297/2985/1999 956/1671/854
f 2297/2985/1999 657/2993/585 656/2991/584
f 2301/2994/2003 2305/2995/2007 2300/2996/2002
f 2302/2997/2004 2299/2998/2001 2301/2994/2003
f 2304/2999/2006 2299/2998/2001 2303/3000/2005
f 671/3001/599 961/3002/859 98/1614/96
f 672/3003/600 2300/2996/2002 671/3001/599
f 2300/2996/2002 960/3004/858 961/3002/859
f 674/3005/602 673/3006/601 100/1763/98
f 675/3007/603 2302/2997/2004 674/3005/602
f 673/3006/601 2301/2994/2003 672/3003/600
f 59/1689/57 2304/2999/2006 676/3008/604
f 959/3009/857 2305/2995/2007 2304/2999/2006
f 676/3008/604 2303/3000/2005 675/1766/603
f 2307/3010/2009 2306/3011/2008 2312/3012/2014
f 2309/3013/2011 2306/3011/2008 2308/3014/2010
f 2312/3012/2014 2310/3015/2012 2311/3016/2013
f 98/1637/96 2307/3010/2009 964/3017/862
f 661/3018/589 2308/3014/2010 2307/3010/2009
f 964/3017/862 2312/3012/2014 963/1703/861
f 62/1634/60 2309/3013/2011 659/3019/587
f 680/3020/608 2310/3015/2012 2309/3013/2011
f 659/3019/587 2308/3014/2010 660/3021/588
f 962/3022/860 682/3023/610 60/1705/58
f 963/1708/861 2311/3016/2013 962/3022/860
f 2311/3016/2013 681/3024/609 682/3023/610
f 2314/3025/2016 2313/3026/2015 2319/3027/2021
f 2316/3028/2018 2313/3026/2015 2315/3029/2017
f 2319/3027/2021 2317/3030/2019 2318/3031/2020
f 97/1656/95 2314/3025/2016 967/3032/865
f 667/3033/595 2315/3029/2017 2314/3025/2016
f 967/3032/865 2319/3027/2021 966/3034/864
f 679/3035/607 665/3036/593 61/1652/59
f 679/3035/607 2317/3030/2019 2316/3028/2018
f 2316/3028/2018 666/3037/594 665/3036/593
f 965/3038/863 677/1687/605 59/1689/57
f 966/3034/864 2318/3031/2020 965/3038/863
f 2318/3031/2020 678/3039/606 677/1687/605
f 2321/3040/2023 2320/3041/2022 2326/3042/2028
f 2323/3043/2025 2320/3041/2022 2322/3044/2024
f 2326/3042/2028 2324/3045/2026 2325/3046/2027
f 99/1727/97 2321/3040/2023 970/3047/868
f 692/3048/620 2322/3044/2024 2321/3040/2023
f 970/3047/868 2326/3042/2028 969/3049/867
f 60/1705/58 2323/3043/2025 694/3050/622
f 682/3023/610 2324/3045/2026 2323/3043/2025
f 694/3050/622 2322/3044/2024 693/3051/621
f 968/3052/866 680/3053/608 62/1634/60
f 969/3054/867 2325/3046/2027 968/3052/866
f 2325/3046/2027 681/3055/609 680/3053/608
f 2328/3056/2030 2327/3057/2029 2333/3058/2035
f 2330/3059/2032 2327/3057/2029 2329/3060/2031
f 2333/3058/2035 2331/3061/2033 2332/3062/2034
f 77/976/75 2328/3056/2030 973/3063/871
f 430/3064/358 2329/3060/2031 2328/3056/2030
f 973/3063/871 2333/3058/2035 972/1762/870
f 57/973/55 2330/3059/2032 428/3065/356
f 698/3066/626 2331/3061/2033 2330/3059/2032
f 428/3065/356 2329/3060/2031 429/979/357
f 971/3067/869 700/3068/628 59/1689/57
f 972/3069/870 2332/3062/2034 971/3067/869
f 2332/3062/2034 699/3070/627 700/3068/628
f 2335/3071/2037 2334/3072/2036 2340/3073/2042
f 2337/3074/2039 2334/3072/2036 2336/3075/2038
f 2340/3073/2042 2338/3076/2040 2339/3077/2041
f 100/1711/98 2335/3071/2037 976/1774/874
f 685/3078/613 2336/3075/2038 2335/3071/2037
f 976/1774/874 2340/3073/2042 975/1776/873
f 60/1705/58 2337/3074/2039 683/3079/611
f 701/3080/629 2338/3076/2040 2337/3074/2039
f 683/3079/611 2336/3075/2038 684/3081/612
f 974/1778/872 703/3082/631 58/1029/56
f 975/3083/873 2339/3077/2041 974/1778/872
f 2339/3077/2041 702/3084/630 703/3082/631
f 2342/3085/2044 2341/3086/2043 2347/3087/2049
f 2344/3088/2046 2341/3086/2043 2343/3089/2045
f 2347/3087/2049 2345/3090/2047 2346/3091/2048
f 99/1727/97 2342/3085/2044 979/3092/877
f 691/3093/619 2343/3089/2045 2342/3085/2044
f 979/3092/877 2347/3087/2049 978/1796/876
f 59/1689/57 2344/3088/2046 689/3094/617
f 700/3095/628 2345/3090/2047 2344/3088/2046
f 689/3094/617 2343/3089/2045 690/3096/618
f 977/3097/875 698/3066/626 57/973/55
f 978/3098/876 2346/3091/2048 977/3097/875
f 2346/3091/2048 699/3099/627 698/3066/626
f 2349/3100/2051 2348/3101/2050 2354/3102/2056
f 2351/3103/2053 2348/3101/2050 2350/3104/2052
f 2354/3102/2056 2352/3105/2054 2353/3106/2055
f 78/1009/76 2349/3100/2051 982/3107/880
f 454/3108/382 2350/3104/2052 2349/3100/2051
f 982/3107/880 2354/3102/2056 981/3109/879
f 58/1029/56 2351/3103/2053 452/3110/380
f 703/3111/631 2352/3105/2054 2351/3103/2053
f 452/3110/380 2350/3104/2052 453/3112/381
f 980/3113/878 701/3114/629 60/1705/58
f 981/3115/879 2353/3106/2055 980/3113/878
f 2353/3106/2055 702/3116/630 701/3114/629
f 1377/961/1135 1375/965/1133 1381/962/1139
f 1378/964/1136 1379/967/1137 1375/965/1133
f 1380/966/1138 1381/962/1139 1375/965/1133
f 841/968/739 1376/963/1134 421/969/349
f 840/971/738 1377/961/1135 1376/963/1134
f 1376/963/1134 1381/962/1139 420/972/348
f 57/973/55 428/975/356 1378/964/1136
f 428/975/356 429/979/357 1379/967/1137
f 839/974/737 1378/964/1136 1377/961/1135
f 77/976/75 419/978/347 1380/966/1138
f 419/978/347 420/972/348 1381/962/1139
f 430/977/358 1380/966/1138 1379/967/1137
f 1384/980/1142 1382/984/1140 1388/981/1146
f 1385/983/1143 1386/986/1144 1382/984/1140
f 1387/985/1145 1388/981/1146 1382/984/1140
f 844/987/742 1383/982/1141 419/988/347
f 843/990/741 1384/980/1142 1383/982/1141
f 1383/982/1141 1388/981/1146 420/991/348
f 56/992/54 437/994/365 1385/983/1143
f 437/994/365 438/3161/366 1386/986/1144
f 842/993/740 1385/983/1143 1384/980/1142
f 80/996/78 421/998/349 1387/985/1145
f 421/998/349 420/991/348 1388/981/1146
f 439/997/367 1387/985/1145 1386/986/1144
f 1391/1000/1149 1389/1004/1147 1395/1001/1153
f 1392/1003/1150 1393/1006/1151 1389/1004/1147
f 1394/1005/1152 1395/1001/1153 1389/1004/1147
f 847/1007/745 1390/1002/1148 442/1008/370
f 846/1010/744 1391/1000/1149 1390/1002/1148
f 1390/1002/1148 1395/1001/1153 441/1011/369
f 55/1012/53 446/1014/374 1392/1003/1150
f 446/1014/374 447/3162/375 1393/1006/1151
f 845/1013/743 1392/1003/1150 1391/1000/1149
f 79/1015/77 440/1017/368 1394/1005/1152
f 440/1017/368 441/1011/369 1395/1001/1153
f 448/1016/376 1394/1005/1152 1393/1006/1151
f 1398/1019/1156 1396/1023/1154 1402/1020/1160
f 1399/1022/1157 1400/1025/1158 1396/1023/1154
f 1401/1024/1159 1402/1020/1160 1396/1023/1154
f 850/1026/748 1397/1021/1155 440/1017/368
f 849/1027/747 1398/1019/1156 1397/1021/1155
f 1397/1021/1155 1402/1020/1160 441/1028/369
f 58/1029/56 452/1031/380 1399/1022/1157
f 452/1031/380 453/3163/381 1400/1025/1158
f 848/1030/746 1399/1022/1157 1398/1019/1156
f 78/1009/76 442/1034/370 1401/1024/1159
f 442/1034/370 441/3164/369 1402/1020/1160
f 454/1033/382 1401/1024/1159 1400/1025/1158
f 1405/1036/1163 1403/1040/1161 1409/1037/1167
f 1406/1039/1164 1407/1042/1165 1403/1040/1161
f 1408/1041/1166 1409/1037/1167 1403/1040/1161
f 853/1043/751 1404/1038/1162 457/1044/385
f 852/1046/750 1405/1036/1163 1404/1038/1162
f 1404/1038/1162 1409/1037/1167 456/1047/384
f 55/1012/53 424/1049/352 1406/1039/1164
f 424/1049/352 423/2430/351 1407/1042/1165
f 851/1048/749 1406/1039/1164 1405/1036/1163
f 80/970/78 455/1052/383 1408/1041/1166
f 455/1052/383 456/3165/384 1409/1037/1167
f 422/1051/350 1408/1041/1166 1407/1042/1165
f 1412/1054/1170 1410/1058/1168 1416/1055/1174
f 1413/1057/1171 1414/1060/1172 1410/1058/1168
f 1415/1059/1173 1416/1055/1174 1410/1058/1168
f 856/1061/754 1411/1056/1169 455/1062/383
f 855/1063/753 1412/1054/1170 1411/1056/1169
f 1411/1056/1169 1416/1055/1174 456/1064/384
f 54/1065/52 467/1067/395 1413/1057/1171
f 467/1067/395 468/3166/396 1414/1060/1172
f 854/1066/752 1413/1057/1171 1412/1054/1170
f 82/1069/80 457/1071/385 1415/1059/1173
f 457/1071/385 456/1064/384 1416/1055/1174
f 469/1070/397 1415/1059/1173 1414/1060/1172
f 1419/1073/1177 1417/1077/1175 1423/1074/1181
f 1420/1076/1178 1421/1079/1179 1417/1077/1175
f 1422/1078/1180 1423/1074/1181 1417/1077/1175
f 859/1080/757 1418/1075/1176 472/1081/400
f 858/1082/756 1419/1073/1177 1418/1075/1176
f 1418/1075/1176 1423/1074/1181 471/1083/399
f 53/1084/51 473/1086/401 1420/1076/1178
f 473/1086/401 474/3167/402 1421/1079/1179
f 857/1085/755 1420/1076/1178 1419/1073/1177
f 81/1087/79 470/1089/398 1422/1078/1180
f 470/1089/398 471/1101/399 1423/1074/1181
f 475/1088/403 1422/1078/1180 1421/1079/1179
f 1426/1091/1184 1424/1095/1182 1430/1092/1188
f 1427/1094/1185 1428/1097/1186 1424/1095/1182
f 1429/1096/1187 1430/1092/1188 1424/1095/1182
f 862/1098/760 1425/1093/1183 470/1099/398
f 861/1100/759 1426/1091/1184 1425/1093/1183
f 1425/1093/1183 1430/1092/1188 471/1101/399
f 56/992/54 451/1103/379 1427/1094/1185
f 451/1103/379 450/2475/378 1428/1097/1186
f 860/1102/758 1427/1094/1185 1426/1091/1184
f 79/1015/77 472/1081/400 1429/1096/1187
f 472/1081/400 471/1083/399 1430/1092/1188
f 449/1104/377 1429/1096/1187 1428/1097/1186
f 1433/1106/1191 1431/1110/1189 1437/1107/1195
f 1434/1109/1192 1435/1112/1193 1431/1110/1189
f 1436/1111/1194 1437/1107/1195 1431/1110/1189
f 865/1113/763 1432/1108/1190 481/1114/409
f 864/1116/762 1433/1106/1191 1432/1108/1190
f 1432/1108/1190 1437/1107/1195 480/1117/408
f 53/1084/51 460/1119/388 1434/1109/1192
f 460/1119/388 459/3168/387 1435/1112/1193
f 863/1118/761 1434/1109/1192 1433/1106/1191
f 82/1045/80 479/1122/407 1436/1111/1194
f 479/1122/407 480/1117/408 1437/1107/1195
f 458/1121/386 1436/1111/1194 1435/1112/1193
f 1440/1124/1198 1438/1128/1196 1444/1125/1202
f 1441/1127/1199 1442/1130/1200 1438/1128/1196
f 1443/1129/1201 1444/1125/1202 1438/1128/1196
f 868/1131/766 1439/1126/1197 479/1132/407
f 867/1133/765 1440/1124/1198 1439/1126/1197
f 1439/1126/1197 1444/1125/1202 480/1134/408
f 76/1135/74 491/1137/419 1441/1127/1199
f 491/1137/419 492/1141/420 1442/1130/1200
f 866/1136/764 1441/1127/1199 1440/1124/1198
f 84/1138/82 481/1140/409 1443/1129/1201
f 481/1140/409 480/3169/408 1444/1125/1202
f 493/1139/421 1443/1129/1201 1442/1130/1200
f 1447/1142/1205 1445/1146/1203 1451/1143/1209
f 1448/1145/1206 1449/1148/1207 1445/1146/1203
f 1450/1147/1208 1451/1143/1209 1445/1146/1203
f 871/1149/769 1446/1144/1204 496/1150/424
f 870/1151/768 1447/1142/1205 1446/1144/1204
f 1446/1144/1204 1451/1143/1209 495/1152/423
f 75/1153/73 497/1156/425 1448/1145/1206
f 498/1155/426 1449/1148/1207 1448/1145/1206
f 869/1154/767 1448/1145/1206 1447/1142/1205
f 83/1158/81 494/1160/422 1450/1147/1208
f 494/1160/422 495/3170/423 1451/1143/1209
f 499/1159/427 1450/1147/1208 1449/1148/1207
f 1454/1162/1212 1452/1166/1210 1458/1163/1216
f 1455/1165/1213 1456/1168/1214 1452/1166/1210
f 1457/1167/1215 1458/1163/1216 1452/1166/1210
f 874/1169/772 1453/1164/1211 494/1160/422
f 873/1170/771 1454/1162/1212 1453/1164/1211
f 1453/1164/1211 1458/1163/1216 495/1171/423
f 54/1065/52 478/1173/406 1455/1165/1213
f 478/1173/406 477/3171/405 1456/1168/1214
f 872/1172/770 1455/1165/1213 1454/1162/1212
f 81/1087/79 496/1176/424 1457/1167/1215
f 496/1176/424 495/3172/423 1458/1163/1216
f 476/1175/404 1457/1167/1215 1456/1168/1214
f 1461/1178/1219 1459/1182/1217 1465/1179/1223
f 1462/1181/1220 1463/1184/1221 1459/1182/1217
f 1464/1183/1222 1465/1179/1223 1459/1182/1217
f 877/1185/775 1460/1180/1218 505/1186/433
f 876/1188/774 1461/1178/1219 1460/1180/1218
f 1460/1180/1218 1465/1179/1223 504/1189/432
f 75/1153/73 484/1191/412 1462/1181/1220
f 484/1191/412 483/3173/411 1463/1184/1221
f 875/1190/773 1462/1181/1220 1461/1178/1219
f 84/1115/82 503/1194/431 1464/1183/1222
f 503/1194/431 504/1189/432 1465/1179/1223
f 482/1193/410 1464/1183/1222 1463/1184/1221
f 1468/1196/1226 1466/1200/1224 1472/1197/1230
f 1469/1199/1227 1470/1202/1228 1466/1200/1224
f 1471/1201/1229 1472/1197/1230 1466/1200/1224
f 880/1203/778 1467/1198/1225 503/1204/431
f 879/1205/777 1468/1196/1226 1467/1198/1225
f 1467/1198/1225 1472/1197/1230 504/1206/432
f 74/1207/72 515/1209/443 1469/1199/1227
f 515/1209/443 516/3174/444 1470/1202/1228
f 878/1208/776 1469/1199/1227 1468/1196/1226
f 86/1210/84 505/1212/433 1471/1201/1229
f 505/1212/433 504/3175/432 1472/1197/1230
f 517/1211/445 1471/1201/1229 1470/1202/1228
f 1474/1214/1232 1475/1218/1233 1473/1215/1231
f 1477/1217/1235 1473/1215/1231 1475/1218/1233
f 1478/1220/1236 1479/1216/1237 1473/1215/1231
f 85/1221/83 883/1223/781 1474/1214/1232
f 883/1223/781 882/2636/780 1475/1218/1233
f 523/1222/451 1474/1214/1232 1479/1216/1237
f 511/1225/439 1476/1219/1234 881/1226/779
f 510/1227/438 1477/1217/1235 1476/1219/1234
f 1476/1219/1234 1475/1218/1233 882/1228/780
f 521/1229/449 1478/1220/1236 509/1230/437
f 522/1224/450 1479/1216/1237 1478/1220/1236
f 509/1230/437 1478/1220/1236 1477/1217/1235
f 1482/1233/1240 1480/1237/1238 1486/1234/1244
f 1483/1236/1241 1484/1239/1242 1480/1237/1238
f 1485/1238/1243 1486/1234/1244 1480/1237/1238
f 886/1240/784 1481/1235/1239 518/1241/446
f 885/1242/783 1482/1233/1240 1481/1235/1239
f 1481/1235/1239 1486/1234/1244 519/1243/447
f 76/1135/74 502/1245/430 1483/1236/1241
f 502/1245/430 501/2593/429 1484/1239/1242
f 884/1244/782 1483/1236/1241 1482/1233/1240
f 520/1246/448 1485/1238/1243 500/1247/428
f 520/1246/448 519/3176/447 1486/1234/1244
f 1485/1238/1243 1484/1239/1242 501/1248/429
f 1489/1249/1247 1487/1253/1245 1493/1250/1251
f 1490/1252/1248 1491/1255/1249 1487/1253/1245
f 1492/1254/1250 1493/1250/1251 1487/1253/1245
f 889/1256/787 1488/1251/1246 529/1257/457
f 888/1259/786 1489/1249/1247 1488/1251/1246
f 1488/1251/1246 1493/1250/1251 528/1260/456
f 73/1231/71 508/1262/436 1490/1252/1248
f 508/1262/436 507/3177/435 1491/1255/1249
f 887/1261/785 1490/1252/1248 1489/1249/1247
f 86/1187/84 527/1265/455 1492/1254/1250
f 527/1265/455 528/1260/456 1493/1250/1251
f 506/1264/434 1492/1254/1250 1491/1255/1249
f 1496/1267/1254 1494/1271/1252 1500/1268/1258
f 1497/1270/1255 1498/1273/1256 1494/1271/1252
f 1499/1272/1257 1500/1268/1258 1494/1271/1252
f 892/1274/790 1495/1269/1253 527/1275/455
f 891/1276/789 1496/1267/1254 1495/1269/1253
f 1495/1269/1253 1500/1268/1258 528/1277/456
f 72/1278/70 539/1280/467 1497/1270/1255
f 539/1280/467 540/1285/468 1498/1273/1256
f 890/1279/788 1497/1270/1255 1496/1267/1254
f 88/1282/86 529/1284/457 1499/1272/1257
f 529/1284/457 528/3178/456 1500/1268/1258
f 541/1283/469 1499/1272/1257 1498/1273/1256
f 1503/1286/1261 1501/1290/1259 1507/1287/1265
f 1504/1289/1262 1505/1292/1263 1501/1290/1259
f 1506/1291/1264 1507/1287/1265 1501/1290/1259
f 895/1293/793 1502/1288/1260 544/1294/472
f 894/1295/792 1503/1286/1261 1502/1288/1260
f 1502/1288/1260 1507/1287/1265 543/1296/471
f 71/1297/69 545/1299/473 1504/1289/1262
f 545/1299/473 546/3179/474 1505/1292/1263
f 893/1298/791 1504/1289/1262 1503/1286/1261
f 542/1301/470 1506/1291/1264 547/1302/475
f 542/1301/470 543/3180/471 1507/1287/1265
f 1506/1291/1264 1505/1292/1263 546/1304/474
f 1509/1305/1267 1510/1309/1268 1508/1306/1266
f 1512/1308/1270 1508/1306/1266 1510/1309/1268
f 1513/1311/1271 1514/1307/1272 1508/1306/1266
f 85/1221/83 898/1313/796 1509/1305/1267
f 898/1313/796 897/3181/795 1510/1309/1268
f 524/1312/452 1509/1305/1267 1514/1307/1272
f 538/1315/466 1511/1310/1269 896/1316/794
f 537/1317/465 1512/1308/1270 1511/1310/1269
f 1511/1310/1269 1510/1309/1268 897/1318/795
f 526/1319/454 1513/1311/1271 536/1320/464
f 525/1314/453 1514/1307/1272 1513/1311/1271
f 536/1320/464 1513/1311/1271 1512/1308/1270
f 1516/1322/1274 1517/1326/1275 1515/1323/1273
f 1519/1325/1277 1515/1323/1273 1517/1326/1275
f 1520/1328/1278 1521/1324/1279 1515/1323/1273
f 88/1258/86 901/1330/799 1516/1322/1274
f 901/1330/799 900/1336/798 1517/1326/1275
f 530/1329/458 1516/1322/1274 1521/1324/1279
f 557/1332/485 1518/1327/1276 899/1333/797
f 558/1335/486 1519/1325/1277 1518/1327/1276
f 1518/1327/1276 1517/1326/1275 900/1336/798
f 532/1337/460 1520/1328/1278 559/1338/487
f 531/1339/459 1521/1324/1279 1520/1328/1278
f 559/1338/487 1520/1328/1278 1519/1325/1277
f 1524/1341/1282 1522/1345/1280 1528/1342/1286
f 1525/1344/1283 1526/1347/1284 1522/1345/1280
f 1527/1346/1285 1528/1342/1286 1522/1345/1280
f 904/1348/802 1523/1343/1281 551/1349/479
f 903/1350/801 1524/1341/1282 1523/1343/1281
f 1523/1343/1281 1528/1342/1286 552/1351/480
f 70/1352/68 563/1354/491 1525/1344/1283
f 563/1354/491 564/1359/492 1526/1347/1284
f 902/1353/800 1525/1344/1283 1524/1341/1282
f 553/1356/481 1527/1346/1285 565/1357/493
f 553/1356/481 552/1351/480 1528/1342/1286
f 1527/1346/1285 1526/1347/1284 564/1359/492
f 1531/1360/1289 1529/1364/1287 1535/1361/1293
f 1532/1363/1290 1533/1366/1291 1529/1364/1287
f 1534/1365/1292 1535/1361/1293 1529/1364/1287
f 907/1367/805 1530/1362/1288 568/1368/496
f 906/1369/804 1531/1360/1289 1530/1362/1288
f 1530/1362/1288 1535/1361/1293 567/1370/495
f 69/1334/67 569/1372/497 1532/1363/1290
f 569/1372/497 570/1376/498 1533/1366/1291
f 905/1371/803 1532/1363/1290 1531/1360/1289
f 89/1373/87 566/1375/494 1534/1365/1292
f 566/1375/494 567/3182/495 1535/1361/1293
f 571/1374/499 1534/1365/1292 1533/1366/1291
f 1538/1377/1296 1536/1381/1294 1542/1378/1300
f 1539/1380/1297 1540/1383/1298 1536/1381/1294
f 1541/1382/1299 1542/1378/1300 1536/1381/1294
f 910/1384/808 1537/1379/1295 566/1375/494
f 909/1385/807 1538/1377/1296 1537/1379/1295
f 1537/1379/1295 1542/1378/1300 567/1386/495
f 72/1278/70 550/1389/478 1539/1380/1297
f 549/1388/477 1540/1383/1298 1539/1380/1297
f 908/1387/806 1539/1380/1297 1538/1377/1296
f 87/1303/85 568/1392/496 1541/1382/1299
f 568/1392/496 567/1386/495 1542/1378/1300
f 548/1391/476 1541/1382/1299 1540/1383/1298
f 1545/1393/1303 1543/1397/1301 1549/1394/1307
f 1546/1396/1304 1547/1399/1305 1543/1397/1301
f 1548/1398/1306 1549/1394/1307 1543/1397/1301
f 913/1400/811 1544/1395/1302 577/1401/505
f 912/1403/810 1545/1393/1303 1544/1395/1302
f 1544/1395/1302 1549/1394/1307 576/1404/504
f 69/1334/67 556/1407/484 1546/1396/1304
f 555/1406/483 1547/1399/1305 1546/1396/1304
f 911/1405/809 1546/1396/1304 1545/1393/1303
f 90/1409/88 575/1411/503 1548/1398/1306
f 575/1411/503 576/1404/504 1549/1394/1307
f 554/1410/482 1548/1398/1306 1547/1399/1305
f 1552/1412/1310 1550/1416/1308 1556/1413/1314
f 1553/1415/1311 1554/1418/1312 1550/1416/1308
f 1555/1417/1313 1556/1413/1314 1550/1416/1308
f 916/1419/814 1551/1414/1309 575/1420/503
f 915/1421/813 1552/1412/1310 1551/1414/1309
f 1551/1414/1309 1556/1413/1314 576/1422/504
f 68/1423/66 587/1425/515 1553/1415/1311
f 587/1425/515 588/2852/516 1554/1418/1312
f 914/1424/812 1553/1415/1311 1552/1412/1310
f 92/1427/90 577/1429/505 1555/1417/1313
f 577/1429/505 576/3183/504 1556/1413/1314
f 589/1428/517 1555/1417/1313 1554/1418/1312
f 1559/1431/1317 1557/1435/1315 1563/1432/1321
f 1560/1434/1318 1561/1437/1319 1557/1435/1315
f 1562/1436/1320 1563/1432/1321 1557/1435/1315
f 919/1438/817 1558/1433/1316 592/1439/520
f 918/1440/816 1559/1431/1317 1558/1433/1316
f 1558/1433/1316 1563/1432/1321 591/1441/519
f 67/1442/65 593/1444/521 1560/1434/1318
f 593/1444/521 594/3184/522 1561/1437/1319
f 917/1443/815 1560/1434/1318 1559/1431/1317
f 91/1446/89 590/1448/518 1562/1436/1320
f 590/1448/518 591/3185/519 1563/1432/1321
f 595/1447/523 1562/1436/1320 1561/1437/1319
f 1566/1450/1324 1564/1454/1322 1570/1451/1328
f 1567/1453/1325 1568/1456/1326 1564/1454/1322
f 1569/1455/1327 1570/1451/1328 1564/1454/1322
f 922/1457/820 1565/1452/1323 590/1458/518
f 921/1459/819 1566/1450/1324 1565/1452/1323
f 1565/1452/1323 1570/1451/1328 591/1441/519
f 70/1352/68 574/1461/502 1567/1453/1325
f 574/1461/502 573/1464/501 1568/1456/1326
f 920/1460/818 1567/1453/1325 1566/1450/1324
f 89/1373/87 592/1439/520 1569/1455/1327
f 592/1439/520 591/3186/519 1570/1451/1328
f 572/1463/500 1569/1455/1327 1568/1456/1326
f 1573/1465/1331 1571/1469/1329 1577/1466/1335
f 1574/1468/1332 1575/1471/1333 1571/1469/1329
f 1576/1470/1334 1577/1466/1335 1571/1469/1329
f 925/1472/823 1572/1467/1330 601/1473/529
f 924/1475/822 1573/1465/1331 1572/1467/1330
f 1572/1467/1330 1577/1466/1335 600/1476/528
f 67/1442/65 580/1478/508 1574/1468/1332
f 580/1478/508 579/1481/507 1575/1471/1333
f 923/1477/821 1574/1468/1332 1573/1465/1331
f 599/1479/527 1576/1470/1334 578/1480/506
f 599/1479/527 600/3187/528 1577/1466/1335
f 1576/1470/1334 1575/1471/1333 579/1481/507
f 1579/1482/1337 1580/1486/1338 1578/1483/1336
f 1582/1485/1340 1578/1483/1336 1580/1486/1338
f 1583/1488/1341 1584/1484/1342 1578/1483/1336
f 94/1489/92 928/1491/826 1579/1482/1337
f 928/1491/826 927/3188/825 1580/1486/1338
f 613/1490/541 1579/1482/1337 1584/1484/1342
f 608/1493/536 1581/1487/1339 926/1494/824
f 609/1495/537 1582/1485/1340 1581/1487/1339
f 1581/1487/1339 1580/1486/1338 927/1496/825
f 66/1497/64 611/1499/539 1583/1488/1341
f 611/1499/539 612/3189/540 1584/1484/1342
f 610/1498/538 1583/1488/1341 1582/1485/1340
f 1587/1501/1345 1585/1505/1343 1591/1502/1349
f 1588/1504/1346 1589/1507/1347 1585/1505/1343
f 1590/1506/1348 1591/1502/1349 1585/1505/1343
f 931/1508/829 1586/1503/1344 616/1509/544
f 930/1510/828 1587/1501/1345 1586/1503/1344
f 1586/1503/1344 1591/1502/1349 615/1511/543
f 65/1512/63 617/1514/545 1588/1504/1346
f 617/1514/545 618/3190/546 1589/1507/1347
f 929/1513/827 1588/1504/1346 1587/1501/1345
f 93/1516/91 614/1518/542 1590/1506/1348
f 614/1518/542 615/3191/543 1591/1502/1349
f 619/1517/547 1590/1506/1348 1589/1507/1347
f 1593/1520/1351 1594/1524/1352 1592/1521/1350
f 1596/1523/1354 1592/1521/1350 1594/1524/1352
f 1597/1526/1355 1598/1522/1356 1592/1521/1350
f 91/1446/89 934/1528/832 1593/1520/1351
f 934/1528/832 933/1532/831 1594/1524/1352
f 596/1527/524 1593/1520/1351 1598/1522/1356
f 610/1530/538 1595/1525/1353 932/1531/830
f 609/1495/537 1596/1523/1354 1595/1525/1353
f 1595/1525/1353 1594/1524/1352 933/1532/831
f 68/1423/66 598/1533/526 1597/1526/1355
f 598/1533/526 597/3192/525 1598/1522/1356
f 608/1493/536 1597/1526/1355 1596/1523/1354
f 1601/1534/1359 1599/1538/1357 1605/1535/1363
f 1602/1537/1360 1603/1540/1361 1599/1538/1357
f 1604/1539/1362 1605/1535/1363 1599/1538/1357
f 937/1541/835 1600/1536/1358 625/1542/553
f 936/1544/834 1601/1534/1359 1600/1536/1358
f 1600/1536/1358 1605/1535/1363 624/1545/552
f 65/1512/63 604/1547/532 1602/1537/1360
f 604/1547/532 603/3193/531 1603/1540/1361
f 935/1546/833 1602/1537/1360 1601/1534/1359
f 94/1474/92 623/1549/551 1604/1539/1362
f 623/1549/551 624/1545/552 1605/1535/1363
f 602/1548/530 1604/1539/1362 1603/1540/1361
f 1608/1551/1366 1606/1555/1364 1612/1552/1370
f 1609/1554/1367 1610/1557/1368 1606/1555/1364
f 1611/1556/1369 1612/1552/1370 1606/1555/1364
f 940/1558/838 1607/1553/1365 623/1559/551
f 939/1560/837 1608/1551/1366 1607/1553/1365
f 1607/1553/1365 1612/1552/1370 624/1561/552
f 64/1562/62 635/1564/563 1609/1554/1367
f 635/1564/563 636/3194/564 1610/1557/1368
f 938/1563/836 1609/1554/1367 1608/1551/1366
f 96/1565/94 625/1567/553 1611/1556/1369
f 625/1567/553 624/1561/552 1612/1552/1370
f 637/1566/565 1611/1556/1369 1610/1557/1368
f 1614/1569/1372 1615/1573/1373 1613/1570/1371
f 1617/1572/1375 1613/1570/1371 1615/1573/1373
f 1618/1575/1376 1619/1571/1377 1613/1570/1371
f 95/1576/93 943/1578/841 1614/1569/1372
f 943/1578/841 942/3195/840 1615/1573/1373
f 643/1577/571 1614/1569/1372 1619/1571/1377
f 631/1580/559 1616/1574/1374 941/1581/839
f 630/1582/558 1617/1572/1375 1616/1574/1374
f 1616/1574/1374 1615/1573/1373 942/1583/840
f 641/1584/569 1618/1575/1376 629/1585/557
f 642/1579/570 1619/1571/1377 1618/1575/1376
f 629/1585/557 1618/1575/1376 1617/1572/1375
f 1622/1588/1380 1620/1592/1378 1626/1589/1384
f 1623/1591/1381 1624/1594/1382 1620/1592/1378
f 1625/1593/1383 1626/1589/1384 1620/1592/1378
f 946/1595/844 1621/1590/1379 638/1596/566
f 945/1597/843 1622/1588/1380 1621/1590/1379
f 1621/1590/1379 1626/1589/1384 639/1598/567
f 66/1497/64 622/1600/550 1623/1591/1381
f 622/1600/550 621/3196/549 1624/1594/1382
f 944/1599/842 1623/1591/1381 1622/1588/1380
f 93/1516/91 640/1603/568 1625/1593/1383
f 640/1603/568 639/3197/567 1626/1589/1384
f 620/1602/548 1625/1593/1383 1624/1594/1382
f 1629/1605/1387 1627/1609/1385 1633/1606/1391
f 1630/1608/1388 1631/1611/1389 1627/1609/1385
f 1632/1610/1390 1633/1606/1391 1627/1609/1385
f 949/1612/847 1628/1607/1386 649/1613/577
f 948/1615/846 1629/1605/1387 1628/1607/1386
f 1628/1607/1386 1633/1606/1391 648/1616/576
f 63/1586/61 628/1618/556 1630/1608/1388
f 628/1618/556 627/3198/555 1631/1611/1389
f 947/1617/845 1630/1608/1388 1629/1605/1387
f 96/1543/94 647/1621/575 1632/1610/1390
f 647/1621/575 648/1616/576 1633/1606/1391
f 626/1620/554 1632/1610/1390 1631/1611/1389
f 1636/1623/1394 1634/1627/1392 1640/1624/1398
f 1637/1626/1395 1638/1629/1396 1634/1627/1392
f 1639/1628/1397 1640/1624/1398 1634/1627/1392
f 952/1630/850 1635/1625/1393 647/1631/575
f 951/1632/849 1636/1623/1394 1635/1625/1393
f 1635/1625/1393 1640/1624/1398 648/1633/576
f 62/1634/60 659/1636/587 1637/1626/1395
f 659/1636/587 660/3199/588 1638/1629/1396
f 950/1635/848 1637/1626/1395 1636/1623/1394
f 98/1637/96 649/1639/577 1639/1628/1397
f 649/1639/577 648/1633/576 1640/1624/1398
f 661/1638/589 1639/1628/1397 1638/1629/1396
f 1643/1641/1401 1641/1645/1399 1647/1642/1405
f 1644/1644/1402 1645/1647/1403 1641/1645/1399
f 1646/1646/1404 1647/1642/1405 1641/1645/1399
f 955/1648/853 1642/1643/1400 664/1649/592
f 954/1650/852 1643/1641/1401 1642/1643/1400
f 1642/1643/1400 1647/1642/1405 663/1651/591
f 61/1652/59 665/1654/593 1644/1644/1402
f 665/1654/593 666/3200/594 1645/1647/1403
f 953/1653/851 1644/1644/1402 1643/1641/1401
f 97/1656/95 662/1658/590 1646/1646/1404
f 662/1658/590 663/3201/591 1647/1642/1405
f 667/1657/595 1646/1646/1404 1645/1647/1403
f 1650/1660/1408 1648/1664/1406 1654/1661/1412
f 1651/1663/1409 1652/1666/1410 1648/1664/1406
f 1653/1665/1411 1654/1661/1412 1648/1664/1406
f 958/1667/856 1649/1662/1407 662/1668/590
f 957/1669/855 1650/1660/1408 1649/1662/1407
f 1649/1662/1407 1654/1661/1412 663/1670/591
f 64/1562/62 646/1672/574 1651/1663/1409
f 646/1672/574 645/3202/573 1652/1666/1410
f 956/1671/854 1651/1663/1409 1650/1660/1408
f 95/1576/93 664/1675/592 1653/1665/1411
f 664/1675/592 663/1670/591 1654/1661/1412
f 644/1674/572 1653/1665/1411 1652/1666/1410
f 1656/1677/1414 1657/1681/1415 1655/1678/1413
f 1659/1680/1417 1655/1678/1413 1657/1681/1415
f 1660/1683/1418 1661/1679/1419 1655/1678/1413
f 98/1614/96 961/1685/859 1656/1677/1414
f 961/1685/859 960/3203/858 1657/1681/1415
f 650/1684/578 1656/1677/1414 1661/1679/1419
f 677/1687/605 1658/1682/1416 959/1688/857
f 678/1690/606 1659/1680/1417 1658/1682/1416
f 1658/1682/1416 1657/1681/1415 960/1691/858
f 652/1692/580 1660/1683/1418 679/1693/607
f 651/1686/579 1661/1679/1419 1660/1683/1418
f 679/1693/607 1660/1683/1418 1659/1680/1417
f 1664/1694/1422 1662/1698/1420 1668/1695/1426
f 1665/1697/1423 1666/1700/1424 1662/1698/1420
f 1667/1699/1425 1668/1695/1426 1662/1698/1420
f 964/1701/862 1663/1696/1421 671/1702/599
f 963/1703/861 1664/1694/1422 1663/1696/1421
f 1663/1696/1421 1668/1695/1426 672/1704/600
f 60/1705/58 683/1707/611 1665/1697/1423
f 683/1707/611 684/1712/612 1666/1700/1424
f 962/1706/860 1665/1697/1423 1664/1694/1422
f 673/1709/601 1667/1699/1425 685/1710/613
f 673/1709/601 672/1704/600 1668/1695/1426
f 1667/1699/1425 1666/1700/1424 684/1712/612
f 1671/1713/1429 1669/1717/1427 1675/1714/1433
f 1672/1716/1430 1673/1719/1431 1669/1717/1427
f 1674/1718/1432 1675/1714/1433 1669/1717/1427
f 967/1720/865 1670/1715/1428 688/1721/616
f 966/1722/864 1671/1713/1429 1670/1715/1428
f 1670/1715/1428 1675/1714/1433 687/1723/615
f 59/1689/57 689/1725/617 1672/1716/1430
f 689/1725/617 690/3204/618 1673/1719/1431
f 965/1724/863 1672/1716/1430 1671/1713/1429
f 99/1727/97 686/1729/614 1674/1718/1432
f 686/1729/614 687/1723/615 1675/1714/1433
f 691/1728/619 1674/1718/1432 1673/1719/1431
f 1678/1731/1436 1676/1735/1434 1682/1732/1440
f 1679/1734/1437 1680/1737/1438 1676/1735/1434
f 1681/1736/1439 1682/1732/1440 1676/1735/1434
f 970/1738/868 1677/1733/1435 686/1739/614
f 969/1740/867 1678/1731/1436 1677/1733/1435
f 1677/1733/1435 1682/1732/1440 687/1741/615
f 62/1634/60 670/1743/598 1679/1734/1437
f 670/1743/598 669/2990/597 1680/1737/1438
f 968/1742/866 1679/1734/1437 1678/1731/1436
f 97/1656/95 688/1746/616 1681/1736/1439
f 688/1746/616 687/1723/615 1682/1732/1440
f 668/1745/596 1681/1736/1439 1680/1737/1438
f 1685/1748/1443 1683/1752/1441 1689/1749/1447
f 1686/1751/1444 1687/1754/1445 1683/1752/1441
f 1688/1753/1446 1689/1749/1447 1683/1752/1441
f 973/1755/871 1684/1750/1442 697/1756/625
f 972/1757/870 1685/1748/1443 1684/1750/1442
f 1684/1750/1442 1689/1749/1447 696/1758/624
f 59/1689/57 676/1761/604 1686/1751/1444
f 675/1760/603 1687/1754/1445 1686/1751/1444
f 971/1759/869 1686/1751/1444 1685/1748/1443
f 100/1763/98 695/1765/623 1688/1753/1446
f 695/1765/623 696/1758/624 1689/1749/1447
f 674/1764/602 1688/1753/1446 1687/1754/1445
f 1692/1767/1450 1690/1771/1448 1696/1768/1454
f 1693/1770/1451 1694/1773/1452 1690/1771/1448
f 1695/1772/1453 1696/1768/1454 1690/1771/1448
f 976/1774/874 1691/1769/1449 695/1775/623
f 975/1776/873 1692/1767/1450 1691/1769/1449
f 1691/1769/1449 1696/1768/1454 696/1777/624
f 58/1029/56 433/1779/361 1693/1770/1451
f 433/1779/361 432/3205/360 1694/1773/1452
f 974/1778/872 1693/1770/1451 1692/1767/1450
f 77/989/75 697/1781/625 1695/1772/1453
f 697/1781/625 696/1777/624 1696/1768/1454
f 431/1780/359 1695/1772/1453 1694/1773/1452
f 1699/1783/1457 1697/1787/1455 1703/1784/1461
f 1700/1786/1458 1701/1789/1459 1697/1787/1455
f 1702/1788/1460 1703/1784/1461 1697/1787/1455
f 979/1790/877 1698/1785/1456 706/1791/634
f 978/1792/876 1699/1783/1457 1698/1785/1456
f 1698/1785/1456 1703/1784/1461 705/1793/633
f 57/973/55 445/1795/373 1700/1786/1458
f 445/1795/373 444/1799/372 1701/1789/1459
f 977/1794/875 1700/1786/1458 1699/1783/1457
f 78/1009/76 704/1798/632 1702/1788/1460
f 704/1798/632 705/1810/633 1703/1784/1461
f 443/1797/371 1702/1788/1460 1701/1789/1459
f 1706/1800/1464 1704/1804/1462 1710/1801/1468
f 1707/1803/1465 1708/1806/1466 1704/1804/1462
f 1709/1805/1467 1710/1801/1468 1704/1804/1462
f 982/1807/880 1705/1802/1463 704/1808/632
f 981/1809/879 1706/1800/1464 1705/1802/1463
f 1705/1802/1463 1710/1801/1468 705/1810/633
f 60/1705/58 694/1812/622 1707/1803/1465
f 694/1812/622 693/1815/621 1708/1806/1466
f 980/1811/878 1707/1803/1465 1706/1800/1464
f 99/1727/97 706/1814/634 1709/1805/1467
f 706/1814/634 705/3206/633 1710/1801/1468
f 692/1813/620 1709/1805/1467 1708/1806/1466
f 2020/2419/1722 2021/2423/1723 2019/2420/1721
f 2022/2422/1724 2023/2424/1725 2019/2420/1721
f 2025/2421/1727 2019/2420/1721 2023/2424/1725
f 80/970/78 422/2427/350 2020/2419/1722
f 422/2427/350 423/3242/351 2021/2423/1723
f 841/2426/739 2020/2419/1722 2025/2421/1727
f 55/1012/53 425/2429/353 2022/2422/1724
f 425/2429/353 426/2464/354 2023/2424/1725
f 424/1049/352 2022/2422/1724 2021/2423/1723
f 839/974/737 2024/2425/1726 427/2431/355
f 840/2428/738 2025/2421/1727 2024/2425/1726
f 2024/2425/1726 2023/2424/1725 426/2432/354
f 2027/2433/1729 2028/2437/1730 2026/2434/1728
f 2029/2436/1731 2030/2438/1732 2026/2434/1728
f 2032/2435/1734 2026/2434/1728 2030/2438/1732
f 77/989/75 431/2441/359 2027/2433/1729
f 431/2441/359 432/1782/360 2028/2437/1730
f 844/2440/742 2027/2433/1729 2032/2435/1734
f 58/1029/56 434/2444/362 2029/2436/1731
f 434/2444/362 435/3243/363 2030/2438/1732
f 433/2443/361 2029/2436/1731 2028/2437/1730
f 842/2446/740 2031/2439/1733 436/2447/364
f 843/2442/741 2032/2435/1734 2031/2439/1733
f 2031/2439/1733 2030/2438/1732 435/2448/363
f 2034/2449/1736 2035/2453/1737 2033/2450/1735
f 2036/2452/1738 2037/2454/1739 2033/2450/1735
f 2039/2451/1741 2033/2450/1735 2037/2454/1739
f 78/1009/76 443/2457/371 2034/2449/1736
f 443/2457/371 444/3244/372 2035/2453/1737
f 847/2456/745 2034/2449/1736 2039/2451/1741
f 57/973/55 427/2431/355 2036/2452/1738
f 427/2431/355 426/3245/354 2037/2454/1739
f 445/2459/373 2036/2452/1738 2035/2453/1737
f 845/2461/743 2038/2455/1740 425/2462/353
f 846/2463/744 2039/2451/1741 2038/2455/1740
f 2038/2455/1740 2037/2454/1739 426/2464/354
f 2041/2465/1743 2042/2469/1744 2040/2466/1742
f 2043/2468/1745 2044/2470/1746 2040/2466/1742
f 2046/2467/1748 2040/2466/1742 2044/2470/1746
f 79/1015/77 449/2472/377 2041/2465/1743
f 449/2472/377 450/1105/378 2042/2469/1744
f 850/1026/748 2041/2465/1743 2046/2467/1748
f 56/992/54 436/2474/364 2043/2468/1745
f 436/2474/364 435/3246/363 2044/2470/1746
f 451/2473/379 2043/2468/1745 2042/2469/1744
f 848/1030/746 2045/2471/1747 434/2444/362
f 849/1032/747 2046/2467/1748 2045/2471/1747
f 2045/2471/1747 2044/2470/1746 435/2476/363
f 2048/2477/1750 2049/2481/1751 2047/2478/1749
f 2050/2480/1752 2051/2482/1753 2047/2478/1749
f 2053/2479/1755 2047/2478/1749 2051/2482/1753
f 82/1045/80 458/2485/386 2048/2477/1750
f 458/2485/386 459/3247/387 2049/2481/1751
f 853/2484/751 2048/2477/1750 2053/2479/1755
f 53/1084/51 461/2487/389 2050/2480/1752
f 461/2487/389 462/2524/390 2051/2482/1753
f 460/2486/388 2050/2480/1752 2049/2481/1751
f 851/1048/749 2052/2483/1754 463/2489/391
f 852/2490/750 2053/2479/1755 2052/2483/1754
f 2052/2483/1754 2051/2482/1753 462/2491/390
f 2055/2492/1757 2056/2496/1758 2054/2493/1756
f 2057/2495/1759 2058/2497/1760 2054/2493/1756
f 2060/2494/1762 2054/2493/1756 2058/2497/1760
f 80/996/78 439/2500/367 2055/2492/1757
f 439/2500/367 438/3248/366 2056/2496/1758
f 856/2499/754 2055/2492/1757 2060/2494/1762
f 56/992/54 464/2503/392 2057/2495/1759
f 464/2503/392 465/2540/393 2058/2497/1760
f 437/2502/365 2057/2495/1759 2056/2496/1758
f 854/2505/752 2059/2498/1761 466/2506/394
f 855/2507/753 2060/2494/1762 2059/2498/1761
f 2059/2498/1761 2058/2497/1760 465/2508/393
f 2062/2509/1764 2063/2513/1765 2061/2510/1763
f 2064/2512/1766 2065/2514/1767 2061/2510/1763
f 2067/2511/1769 2061/2510/1763 2065/2514/1767
f 79/1015/77 448/2517/376 2062/2509/1764
f 448/2517/376 447/2521/375 2063/2513/1765
f 859/2516/757 2062/2509/1764 2067/2511/1769
f 55/1012/53 463/2520/391 2064/2512/1766
f 463/2520/391 462/3249/390 2065/2514/1767
f 446/2519/374 2064/2512/1766 2063/2513/1765
f 857/2522/755 2066/2515/1768 461/2523/389
f 858/2518/756 2067/2511/1769 2066/2515/1768
f 2066/2515/1768 2065/2514/1767 462/2524/390
f 2069/2525/1771 2070/2529/1772 2068/2526/1770
f 2071/2528/1773 2072/2530/1774 2068/2526/1770
f 2074/2527/1776 2068/2526/1770 2072/2530/1774
f 81/1087/79 476/2533/404 2069/2525/1771
f 476/2533/404 477/3250/405 2070/2529/1772
f 862/2532/760 2069/2525/1771 2074/2527/1776
f 54/1065/52 466/2535/394 2071/2528/1773
f 466/2535/394 465/2508/393 2072/2530/1774
f 478/2534/406 2071/2528/1773 2070/2529/1772
f 860/2537/758 2073/2531/1775 464/2538/392
f 861/2539/759 2074/2527/1776 2073/2531/1775
f 2073/2531/1775 2072/2530/1774 465/2540/393
f 2076/2541/1778 2077/2545/1779 2075/2542/1777
f 2078/2544/1780 2079/2546/1781 2075/2542/1777
f 2081/2543/1783 2075/2542/1777 2079/2546/1781
f 84/1115/82 482/2549/410 2076/2541/1778
f 482/2549/410 483/3251/411 2077/2545/1779
f 865/2548/763 2076/2541/1778 2081/2543/1783
f 75/1153/73 485/2551/413 2078/2544/1780
f 485/2551/413 486/2583/414 2079/2546/1781
f 484/2550/412 2078/2544/1780 2077/2545/1779
f 863/2552/761 2080/2547/1782 487/2553/415
f 864/1120/762 2081/2543/1783 2080/2547/1782
f 2080/2547/1782 2079/2546/1781 486/2554/414
f 2083/2555/1785 2084/2559/1786 2082/2556/1784
f 2085/2558/1787 2086/2560/1788 2082/2556/1784
f 2088/2557/1790 2082/2556/1784 2086/2560/1788
f 82/1069/80 469/1070/397 2083/2555/1785
f 469/1070/397 468/3252/396 2084/2559/1786
f 868/1131/766 2083/2555/1785 2088/2557/1790
f 54/1065/52 488/2563/416 2085/2558/1787
f 488/2563/416 489/2567/417 2086/2560/1788
f 467/2562/395 2085/2558/1787 2084/2559/1786
f 866/1136/764 2087/2561/1789 490/2565/418
f 867/2566/765 2088/2557/1790 2087/2561/1789
f 2087/2561/1789 2086/2560/1788 489/2567/417
f 2090/2568/1792 2091/2572/1793 2089/2569/1791
f 2092/2571/1794 2093/2573/1795 2089/2569/1791
f 2095/2570/1797 2089/2569/1791 2093/2573/1795
f 81/1087/79 475/2576/403 2090/2568/1792
f 475/2576/403 474/1090/402 2091/2572/1793
f 871/2575/769 2090/2568/1792 2095/2570/1797
f 53/1084/51 487/2578/415 2092/2571/1794
f 487/2578/415 486/3253/414 2093/2573/1795
f 473/1086/401 2092/2571/1794 2091/2572/1793
f 869/2580/767 2094/2574/1796 485/2581/413
f 870/2582/768 2095/2570/1797 2094/2574/1796
f 2094/2574/1796 2093/2573/1795 486/2583/414
f 2097/2584/1799 2098/2588/1800 2096/2585/1798
f 2099/2587/1801 2100/2589/1802 2096/2585/1798
f 2102/2586/1804 2096/2585/1798 2100/2589/1802
f 83/1158/81 500/2591/428 2097/2584/1799
f 500/2591/428 501/3254/429 2098/2588/1800
f 874/1169/772 2097/2584/1799 2102/2586/1804
f 76/1135/74 490/2565/418 2099/2587/1801
f 490/2565/418 489/2567/417 2100/2589/1802
f 502/1245/430 2099/2587/1801 2098/2588/1800
f 872/2594/770 2101/2590/1803 488/2595/416
f 873/1174/771 2102/2586/1804 2101/2590/1803
f 2101/2590/1803 2100/2589/1802 489/2596/417
f 2104/2597/1806 2105/2601/1807 2103/2598/1805
f 2106/2600/1808 2107/2602/1809 2103/2598/1805
f 2109/2599/1811 2103/2598/1805 2107/2602/1809
f 86/1187/84 506/2605/434 2104/2597/1806
f 506/2605/434 507/3255/435 2105/2601/1807
f 877/2604/775 2104/2597/1806 2109/2599/1811
f 509/2607/437 2106/2600/1808 508/2608/436
f 509/2607/437 510/1227/438 2107/2602/1809
f 2106/2600/1808 2105/2601/1807 507/2609/435
f 875/2610/773 2108/2603/1810 511/2611/439
f 876/1192/774 2109/2599/1811 2108/2603/1810
f 2108/2603/1810 2107/2602/1809 510/2612/438
f 2111/2613/1813 2112/2617/1814 2110/2614/1812
f 2113/2616/1815 2114/2618/1816 2110/2614/1812
f 2116/2615/1818 2110/2614/1812 2114/2618/1816
f 84/1138/82 493/1139/421 2111/2613/1813
f 493/1139/421 492/3256/420 2112/2617/1814
f 880/1203/778 2111/2613/1813 2116/2615/1818
f 76/1135/74 512/2621/440 2113/2616/1815
f 512/2621/440 513/3257/441 2114/2618/1816
f 491/1137/419 2113/2616/1815 2112/2617/1814
f 878/2623/776 2115/2619/1817 514/2624/442
f 879/2625/777 2116/2615/1818 2115/2619/1817
f 2115/2619/1817 2114/2618/1816 513/2626/441
f 2119/2627/1821 2117/2631/1819 2123/2628/1825
f 2120/2630/1822 2121/2633/1823 2117/2631/1819
f 2122/2632/1824 2123/2628/1825 2117/2631/1819
f 518/2634/446 2118/2629/1820 883/2635/781
f 519/1243/447 2119/2627/1821 2118/2629/1820
f 2118/2629/1820 2123/2628/1825 882/2636/780
f 499/2637/427 2120/2630/1822 520/1246/448
f 498/2638/426 2121/2633/1823 2120/2630/1822
f 520/1246/448 2120/2630/1822 2119/2627/1821
f 75/1153/73 881/1226/779 2122/2632/1824
f 881/1226/779 882/1228/780 2123/2628/1825
f 497/2640/425 2122/2632/1824 2121/2633/1823
f 2125/2642/1827 2126/2646/1828 2124/2643/1826
f 2127/2645/1829 2128/2647/1830 2124/2643/1826
f 2130/2644/1832 2124/2643/1826 2128/2647/1830
f 85/1221/83 524/2650/452 2125/2642/1827
f 524/2650/452 525/1314/453 2126/2646/1828
f 886/2649/784 2125/2642/1827 2130/2644/1832
f 74/1207/72 514/2652/442 2127/2645/1829
f 514/2652/442 513/3257/441 2128/2647/1830
f 526/1319/454 2127/2645/1829 2126/2646/1828
f 884/2654/782 2129/2648/1831 512/2621/440
f 885/2655/783 2130/2644/1832 2129/2648/1831
f 2129/2648/1831 2128/2647/1830 513/2626/441
f 2132/2656/1834 2133/2660/1835 2131/2657/1833
f 2134/2659/1836 2135/2661/1837 2131/2657/1833
f 2137/2658/1839 2131/2657/1833 2135/2661/1837
f 88/1258/86 530/1329/458 2132/2656/1834
f 531/2664/459 2133/2660/1835 2132/2656/1834
f 889/2663/787 2132/2656/1834 2137/2658/1839
f 71/1297/69 533/2666/461 2134/2659/1836
f 533/2666/461 534/2693/462 2135/2661/1837
f 532/1337/460 2134/2659/1836 2133/2660/1835
f 887/2667/785 2136/2662/1838 535/2668/463
f 888/1263/786 2137/2658/1839 2136/2662/1838
f 2136/2662/1838 2135/2661/1837 534/2669/462
f 2139/2670/1841 2140/2674/1842 2138/2671/1840
f 2141/2673/1843 2142/2675/1844 2138/2671/1840
f 2144/2672/1846 2138/2671/1840 2142/2675/1844
f 86/1210/84 517/1211/445 2139/2670/1841
f 517/1211/445 516/3258/444 2140/2674/1842
f 892/2677/790 2139/2670/1841 2144/2672/1846
f 536/2678/464 2141/2673/1843 515/2679/443
f 536/2678/464 537/1321/465 2142/2675/1844
f 2141/2673/1843 2140/2674/1842 516/1213/444
f 890/2680/788 2143/2676/1845 538/1315/466
f 891/1276/789 2144/2672/1846 2143/2676/1845
f 2143/2676/1845 2142/2675/1844 537/1321/465
f 2146/2681/1848 2147/2685/1849 2145/2682/1847
f 2148/2684/1850 2149/2686/1851 2145/2682/1847
f 2151/2683/1853 2145/2682/1847 2149/2686/1851
f 85/1221/83 523/2689/451 2146/2681/1848
f 523/2689/451 522/1224/450 2147/2685/1849
f 895/2688/793 2146/2681/1848 2151/2683/1853
f 73/1231/71 535/2691/463 2148/2684/1850
f 535/2691/463 534/3259/462 2149/2686/1851
f 521/1229/449 2148/2684/1850 2147/2685/1849
f 893/1298/791 2150/2687/1852 533/2666/461
f 894/1300/792 2151/2683/1853 2150/2687/1852
f 2150/2687/1852 2149/2686/1851 534/2693/462
f 2154/2694/1856 2152/2698/1854 2158/2695/1860
f 2155/2697/1857 2156/2700/1858 2152/2698/1854
f 2157/2699/1859 2158/2695/1860 2152/2698/1854
f 544/1294/472 2153/2696/1855 898/2701/796
f 543/2702/471 2154/2694/1856 2153/2696/1855
f 2153/2696/1855 2158/2695/1860 897/1318/795
f 548/2703/476 2155/2697/1857 542/2704/470
f 549/2705/477 2156/2700/1858 2155/2697/1857
f 542/2704/470 2155/2697/1857 2154/2694/1856
f 72/1278/70 896/2707/794 2157/2699/1859
f 896/2707/794 897/3260/795 2158/2695/1860
f 550/1389/478 2157/2699/1859 2156/2700/1858
f 2161/2708/1863 2159/2712/1861 2165/2709/1867
f 2162/2711/1864 2163/2714/1865 2159/2712/1861
f 2164/2713/1866 2165/2709/1867 2159/2712/1861
f 551/2715/479 2160/2710/1862 901/1330/799
f 552/2716/480 2161/2708/1863 2160/2710/1862
f 2160/2710/1862 2165/2709/1867 900/2717/798
f 554/1410/482 2162/2711/1864 553/2718/481
f 555/2719/483 2163/2714/1865 2162/2711/1864
f 553/2718/481 2162/2711/1864 2161/2708/1863
f 69/1334/67 899/2722/797 2164/2713/1866
f 899/2722/797 900/1336/798 2165/2709/1867
f 556/2721/484 2164/2713/1866 2163/2714/1865
f 2167/2723/1869 2168/2727/1870 2166/2724/1868
f 2169/2726/1871 2170/2728/1872 2166/2724/1868
f 2172/2725/1874 2166/2724/1868 2170/2728/1872
f 88/1282/86 541/1283/469 2167/2723/1869
f 541/1283/469 540/1285/468 2168/2727/1870
f 904/1348/802 2167/2723/1869 2172/2725/1874
f 72/1278/70 560/2732/488 2169/2726/1871
f 560/2732/488 561/3261/489 2170/2728/1872
f 539/2731/467 2169/2726/1871 2168/2727/1870
f 902/2734/800 2171/2729/1873 562/2735/490
f 903/2736/801 2172/2725/1874 2171/2729/1873
f 2171/2729/1873 2170/2728/1872 561/2737/489
f 2174/2738/1876 2175/2742/1877 2173/2739/1875
f 2176/2741/1878 2177/2743/1879 2173/2739/1875
f 2179/2740/1881 2173/2739/1875 2177/2743/1879
f 87/1303/85 547/2745/475 2174/2738/1876
f 547/2745/475 546/3262/474 2175/2742/1877
f 907/1367/805 2174/2738/1876 2179/2740/1881
f 559/2746/487 2176/2741/1878 545/1299/473
f 559/2746/487 558/2751/486 2177/2743/1879
f 2176/2741/1878 2175/2742/1877 546/2747/474
f 905/2748/803 2178/2744/1880 557/2749/485
f 906/2750/804 2179/2740/1881 2178/2744/1880
f 2178/2744/1880 2177/2743/1879 558/2751/486
f 2181/2752/1883 2182/2756/1884 2180/2753/1882
f 2183/2755/1885 2184/2757/1886 2180/2753/1882
f 2186/2754/1888 2180/2753/1882 2184/2757/1886
f 89/1373/87 572/2760/500 2181/2752/1883
f 572/2760/500 573/1464/501 2182/2756/1884
f 910/2759/808 2181/2752/1883 2186/2754/1888
f 70/1352/68 562/2735/490 2183/2755/1885
f 562/2735/490 561/2737/489 2184/2757/1886
f 574/2762/502 2183/2755/1885 2182/2756/1884
f 908/2764/806 2185/2758/1887 560/2765/488
f 909/2766/807 2186/2754/1888 2185/2758/1887
f 2185/2758/1887 2184/2757/1886 561/2767/489
f 2188/2768/1890 2189/2772/1891 2187/2769/1889
f 2190/2771/1892 2191/2773/1893 2187/2769/1889
f 2193/2770/1895 2187/2769/1889 2191/2773/1893
f 92/1402/90 578/2776/506 2188/2768/1890
f 578/2776/506 579/3263/507 2189/2772/1891
f 913/2775/811 2188/2768/1890 2193/2770/1895
f 67/1442/65 581/2778/509 2190/2771/1892
f 581/2778/509 582/3264/510 2191/2773/1893
f 580/2777/508 2190/2771/1892 2189/2772/1891
f 911/2780/809 2192/2774/1894 583/2781/511
f 912/2782/810 2193/2770/1895 2192/2774/1894
f 2192/2774/1894 2191/2773/1893 582/2783/510
f 2195/2784/1897 2196/2788/1898 2194/2785/1896
f 2197/2787/1899 2198/2789/1900 2194/2785/1896
f 2200/2786/1902 2194/2785/1896 2198/2789/1900
f 90/1358/88 565/2792/493 2195/2784/1897
f 565/2792/493 564/3265/492 2196/2788/1898
f 916/2791/814 2195/2784/1897 2200/2786/1902
f 70/1352/68 584/2794/512 2197/2787/1899
f 584/2794/512 585/2798/513 2198/2789/1900
f 563/2793/491 2197/2787/1899 2196/2788/1898
f 914/2796/812 2199/2790/1901 586/2797/514
f 915/1426/813 2200/2786/1902 2199/2790/1901
f 2199/2790/1901 2198/2789/1900 585/2798/513
f 2202/2799/1904 2203/2803/1905 2201/2800/1903
f 2204/2802/1906 2205/2804/1907 2201/2800/1903
f 2207/2801/1909 2201/2800/1903 2205/2804/1907
f 89/1373/87 571/1374/499 2202/2799/1904
f 571/1374/499 570/1376/498 2203/2803/1905
f 919/2806/817 2202/2799/1904 2207/2801/1909
f 69/1334/67 583/2809/511 2204/2802/1906
f 583/2809/511 582/2783/510 2205/2804/1907
f 569/2808/497 2204/2802/1906 2203/2803/1905
f 917/2811/815 2206/2805/1908 581/2812/509
f 918/2813/816 2207/2801/1909 2206/2805/1908
f 2206/2805/1908 2205/2804/1907 582/2783/510
f 2209/2814/1911 2210/2818/1912 2208/2815/1910
f 2211/2817/1913 2212/2819/1914 2208/2815/1910
f 2214/2816/1916 2208/2815/1910 2212/2819/1914
f 91/1446/89 596/1527/524 2209/2814/1911
f 596/1527/524 597/3266/525 2210/2818/1912
f 922/2821/820 2209/2814/1911 2214/2816/1916
f 68/1423/66 586/2797/514 2211/2817/1913
f 586/2797/514 585/2823/513 2212/2819/1914
f 598/1533/526 2211/2817/1913 2210/2818/1912
f 920/1460/818 2213/2820/1915 584/2794/512
f 921/1459/819 2214/2816/1916 2213/2820/1915
f 2213/2820/1915 2212/2819/1914 585/2823/513
f 2216/2824/1918 2217/2828/1919 2215/2825/1917
f 2218/2827/1920 2219/2829/1921 2215/2825/1917
f 2221/2826/1923 2215/2825/1917 2219/2829/1921
f 94/1474/92 602/2832/530 2216/2824/1918
f 602/2832/530 603/2836/531 2217/2828/1919
f 925/2831/823 2216/2824/1918 2221/2826/1923
f 65/1512/63 605/2835/533 2218/2827/1920
f 605/2835/533 606/2867/534 2219/2829/1921
f 604/2834/532 2218/2827/1920 2217/2828/1919
f 923/2837/821 2220/2830/1922 607/2838/535
f 924/2839/822 2221/2826/1923 2220/2830/1922
f 2220/2830/1922 2219/2829/1921 606/2840/534
f 2224/2841/1926 2222/2845/1924 2228/2842/1930
f 2225/2844/1927 2226/2847/1928 2222/2845/1924
f 2227/2846/1929 2228/2842/1930 2222/2845/1924
f 601/2848/529 2223/2843/1925 928/1491/826
f 600/2849/528 2224/2841/1926 2223/2843/1925
f 2223/2843/1925 2228/2842/1930 927/2850/825
f 589/1428/517 2225/2844/1927 599/2851/527
f 588/2852/516 2226/2847/1928 2225/2844/1927
f 599/2851/527 2225/2844/1927 2224/2841/1926
f 68/1423/66 926/2853/824 2227/2846/1929
f 926/2853/824 927/1496/825 2228/2842/1930
f 587/1425/515 2227/2846/1929 2226/2847/1928
f 2230/2855/1932 2231/2859/1933 2229/2856/1931
f 2232/2858/1934 2233/2860/1935 2229/2856/1931
f 2235/2857/1937 2229/2856/1931 2233/2860/1935
f 91/1446/89 595/2863/523 2230/2855/1932
f 595/2863/523 594/1449/522 2231/2859/1933
f 931/2862/829 2230/2855/1932 2235/2857/1937
f 67/1442/65 607/2864/535 2232/2858/1934
f 607/2864/535 606/2840/534 2233/2860/1935
f 593/1444/521 2232/2858/1934 2231/2859/1933
f 929/1513/827 2234/2861/1936 605/2835/533
f 930/2866/828 2235/2857/1937 2234/2861/1936
f 2234/2861/1936 2233/2860/1935 606/2867/534
f 2238/2868/1940 2236/2872/1938 2242/2869/1944
f 2239/2871/1941 2240/2874/1942 2236/2872/1938
f 2241/2873/1943 2242/2869/1944 2236/2872/1938
f 616/1509/544 2237/2870/1939 934/2875/832
f 615/1511/543 2238/2868/1940 2237/2870/1939
f 2237/2870/1939 2242/2869/1944 933/2876/831
f 93/2877/91 620/2879/548 2239/2871/1941
f 620/2879/548 621/2881/549 2240/2874/1942
f 614/2878/542 2239/2871/1941 2238/2868/1940
f 66/1497/64 932/1531/830 2241/2873/1943
f 932/1531/830 933/3267/831 2242/2869/1944
f 622/1600/550 2241/2873/1943 2240/2874/1942
f 2244/2882/1946 2245/2886/1947 2243/2883/1945
f 2246/2885/1948 2247/2887/1949 2243/2883/1945
f 2249/2884/1951 2243/2883/1945 2247/2887/1949
f 96/1543/94 626/2889/554 2244/2882/1946
f 626/2889/554 627/1622/555 2245/2886/1947
f 937/1541/835 2244/2882/1946 2249/2884/1951
f 629/2890/557 2246/2885/1948 628/1618/556
f 629/2890/557 630/3268/558 2247/2887/1949
f 2246/2885/1948 2245/2886/1947 627/2891/555
f 935/1546/833 2248/2888/1950 631/2892/559
f 936/2893/834 2249/2884/1951 2248/2888/1950
f 2248/2888/1950 2247/2887/1949 630/1587/558
f 2251/2894/1953 2252/2898/1954 2250/2895/1952
f 2253/2897/1955 2254/2899/1956 2250/2895/1952
f 2256/2896/1958 2250/2895/1952 2254/2899/1956
f 94/1489/92 613/2902/541 2251/2894/1953
f 613/2902/541 612/1492/540 2252/2898/1954
f 940/2901/838 2251/2894/1953 2256/2896/1958
f 66/1497/64 632/2905/560 2253/2897/1955
f 632/2905/560 633/2936/561 2254/2899/1956
f 611/2904/539 2253/2897/1955 2252/2898/1954
f 938/2907/836 2255/2900/1957 634/2908/562
f 939/2909/837 2256/2896/1958 2255/2900/1957
f 2255/2900/1957 2254/2899/1956 633/2910/561
f 2259/2911/1961 2257/2915/1959 2263/2912/1965
f 2260/2914/1962 2261/2917/1963 2257/2915/1959
f 2262/2916/1964 2263/2912/1965 2257/2915/1959
f 638/2918/566 2258/2913/1960 943/1578/841
f 639/1598/567 2259/2911/1961 2258/2913/1960
f 2258/2913/1960 2263/2912/1965 942/2919/840
f 93/2920/91 619/2921/547 2260/2914/1962
f 619/2921/547 618/3269/546 2261/2917/1963
f 640/1603/568 2260/2914/1962 2259/2911/1961
f 65/1512/63 941/2923/839 2262/2916/1964
f 941/2923/839 942/2919/840 2263/2912/1965
f 617/2922/545 2262/2916/1964 2261/2917/1963
f 2265/2925/1967 2266/2929/1968 2264/2926/1966
f 2267/2928/1969 2268/2930/1970 2264/2926/1966
f 2270/2927/1972 2264/2926/1966 2268/2930/1970
f 95/1576/93 644/2933/572 2265/2925/1967
f 644/2933/572 645/1676/573 2266/2929/1968
f 946/2932/844 2265/2925/1967 2270/2927/1972
f 64/1562/62 634/2908/562 2267/2928/1969
f 634/2908/562 633/3270/561 2268/2930/1970
f 646/1672/574 2267/2928/1969 2266/2929/1968
f 944/2934/842 2269/2931/1971 632/2935/560
f 945/1597/843 2270/2927/1972 2269/2931/1971
f 2269/2931/1971 2268/2930/1970 633/2936/561
f 2272/2937/1974 2273/2941/1975 2271/2938/1973
f 2274/2940/1976 2275/2942/1977 2271/2938/1973
f 2277/2939/1979 2271/2938/1973 2275/2942/1977
f 98/1614/96 650/2945/578 2272/2937/1974
f 651/2944/579 2273/2941/1975 2272/2937/1974
f 949/1612/847 2272/2937/1974 2277/2939/1979
f 61/1652/59 653/2948/581 2274/2940/1976
f 653/2948/581 654/3271/582 2275/2942/1977
f 652/2947/580 2274/2940/1976 2273/2941/1975
f 947/1617/845 2276/2943/1978 655/2950/583
f 948/1615/846 2277/2939/1979 2276/2943/1978
f 2276/2943/1978 2275/2942/1977 654/2951/582
f 2279/2952/1981 2280/2956/1982 2278/2953/1980
f 2281/2955/1983 2282/2957/1984 2278/2953/1980
f 2284/2954/1986 2278/2953/1980 2282/2957/1984
f 96/1565/94 637/1566/565 2279/2952/1981
f 637/1566/565 636/3194/564 2280/2956/1982
f 952/2959/850 2279/2952/1981 2284/2954/1986
f 64/1562/62 656/2960/584 2281/2955/1983
f 656/2960/584 657/3272/585 2282/2957/1984
f 635/1564/563 2281/2955/1983 2280/2956/1982
f 950/1635/848 2283/2958/1985 658/2962/586
f 951/2963/849 2284/2954/1986 2283/2958/1985
f 2283/2958/1985 2282/2957/1984 657/2964/585
f 2286/2965/1988 2287/2969/1989 2285/2966/1987
f 2288/2968/1990 2289/2970/1991 2285/2966/1987
f 2291/2967/1993 2285/2966/1987 2289/2970/1991
f 95/1576/93 643/1577/571 2286/2965/1988
f 642/2973/570 2287/2969/1989 2286/2965/1988
f 955/2972/853 2286/2965/1988 2291/2967/1993
f 63/1586/61 655/2975/583 2288/2968/1990
f 655/2975/583 654/3273/582 2289/2970/1991
f 641/2974/569 2288/2968/1990 2287/2969/1989
f 953/1653/851 2290/2971/1992 653/2977/581
f 954/2978/852 2291/2967/1993 2290/2971/1992
f 2290/2971/1992 2289/2970/1991 654/2951/582
f 2293/2979/1995 2294/2983/1996 2292/2980/1994
f 2295/2982/1997 2296/2984/1998 2292/2980/1994
f 2298/2981/2000 2292/2980/1994 2296/2984/1998
f 97/1656/95 668/2987/596 2293/2979/1995
f 668/2987/596 669/3274/597 2294/2983/1996
f 958/2986/856 2293/2979/1995 2298/2981/2000
f 62/1634/60 658/2962/586 2295/2982/1997
f 658/2962/586 657/3275/585 2296/2984/1998
f 670/2989/598 2295/2982/1997 2294/2983/1996
f 956/1671/854 2297/2985/1999 656/2991/584
f 957/2992/855 2298/2981/2000 2297/2985/1999
f 2297/2985/1999 2296/2984/1998 657/2993/585
f 2301/2994/2003 2299/2998/2001 2305/2995/2007
f 2302/2997/2004 2303/3000/2005 2299/2998/2001
f 2304/2999/2006 2305/2995/2007 2299/2998/2001
f 671/3001/599 2300/2996/2002 961/3002/859
f 672/3003/600 2301/2994/2003 2300/2996/2002
f 2300/2996/2002 2305/2995/2007 960/3004/858
f 674/3005/602 2302/2997/2004 673/3006/601
f 675/3007/603 2303/3000/2005 2302/2997/2004
f 673/3006/601 2302/2997/2004 2301/2994/2003
f 59/1689/57 959/3009/857 2304/2999/2006
f 959/3009/857 960/3004/858 2305/2995/2007
f 676/3008/604 2304/2999/2006 2303/3000/2005
f 2307/3010/2009 2308/3014/2010 2306/3011/2008
f 2309/3013/2011 2310/3015/2012 2306/3011/2008
f 2312/3012/2014 2306/3011/2008 2310/3015/2012
f 98/1637/96 661/3018/589 2307/3010/2009
f 661/3018/589 660/3199/588 2308/3014/2010
f 964/3017/862 2307/3010/2009 2312/3012/2014
f 62/1634/60 680/3020/608 2309/3013/2011
f 680/3020/608 681/3055/609 2310/3015/2012
f 659/3019/587 2309/3013/2011 2308/3014/2010
f 962/3022/860 2311/3016/2013 682/3023/610
f 963/1708/861 2312/3012/2014 2311/3016/2013
f 2311/3016/2013 2310/3015/2012 681/3024/609
f 2314/3025/2016 2315/3029/2017 2313/3026/2015
f 2316/3028/2018 2317/3030/2019 2313/3026/2015
f 2319/3027/2021 2313/3026/2015 2317/3030/2019
f 97/1656/95 667/3033/595 2314/3025/2016
f 667/3033/595 666/3276/594 2315/3029/2017
f 967/3032/865 2314/3025/2016 2319/3027/2021
f 679/3035/607 2316/3028/2018 665/3036/593
f 679/3035/607 678/3039/606 2317/3030/2019
f 2316/3028/2018 2315/3029/2017 666/3037/594
f 965/3038/863 2318/3031/2020 677/1687/605
f 966/3034/864 2319/3027/2021 2318/3031/2020
f 2318/3031/2020 2317/3030/2019 678/3039/606
f 2321/3040/2023 2322/3044/2024 2320/3041/2022
f 2323/3043/2025 2324/3045/2026 2320/3041/2022
f 2326/3042/2028 2320/3041/2022 2324/3045/2026
f 99/1727/97 692/3048/620 2321/3040/2023
f 692/3048/620 693/3051/621 2322/3044/2024
f 970/3047/868 2321/3040/2023 2326/3042/2028
f 60/1705/58 682/3023/610 2323/3043/2025
f 682/3023/610 681/3277/609 2324/3045/2026
f 694/3050/622 2323/3043/2025 2322/3044/2024
f 968/3052/866 2325/3046/2027 680/3053/608
f 969/3054/867 2326/3042/2028 2325/3046/2027
f 2325/3046/2027 2324/3045/2026 681/3055/609
f 2328/3056/2030 2329/3060/2031 2327/3057/2029
f 2330/3059/2032 2331/3061/2033 2327/3057/2029
f 2333/3058/2035 2327/3057/2029 2331/3061/2033
f 77/976/75 430/3064/358 2328/3056/2030
f 430/3064/358 429/3278/357 2329/3060/2031
f 973/3063/871 2328/3056/2030 2333/3058/2035
f 57/973/55 698/3066/626 2330/3059/2032
f 698/3066/626 699/3279/627 2331/3061/2033
f 428/3065/356 2330/3059/2032 2329/3060/2031
f 971/3067/869 2332/3062/2034 700/3068/628
f 972/3069/870 2333/3058/2035 2332/3062/2034
f 2332/3062/2034 2331/3061/2033 699/3070/627
f 2335/3071/2037 2336/3075/2038 2334/3072/2036
f 2337/3074/2039 2338/3076/2040 2334/3072/2036
f 2340/3073/2042 2334/3072/2036 2338/3076/2040
f 100/1711/98 685/3078/613 2335/3071/2037
f 685/3078/613 684/1712/612 2336/3075/2038
f 976/1774/874 2335/3071/2037 2340/3073/2042
f 60/1705/58 701/3080/629 2337/3074/2039
f 701/3080/629 702/3116/630 2338/3076/2040
f 683/3079/611 2337/3074/2039 2336/3075/2038
f 974/1778/872 2339/3077/2041 703/3082/631
f 975/3083/873 2340/3073/2042 2339/3077/2041
f 2339/3077/2041 2338/3076/2040 702/3084/630
f 2342/3085/2044 2343/3089/2045 2341/3086/2043
f 2344/3088/2046 2345/3090/2047 2341/3086/2043
f 2347/3087/2049 2341/3086/2043 2345/3090/2047
f 99/1727/97 691/3093/619 2342/3085/2044
f 691/3093/619 690/3204/618 2343/3089/2045
f 979/3092/877 2342/3085/2044 2347/3087/2049
f 59/1689/57 700/3095/628 2344/3088/2046
f 700/3095/628 699/3280/627 2345/3090/2047
f 689/3094/617 2344/3088/2046 2343/3089/2045
f 977/3097/875 2346/3091/2048 698/3066/626
f 978/3098/876 2347/3087/2049 2346/3091/2048
f 2346/3091/2048 2345/3090/2047 699/3099/627
f 2349/3100/2051 2350/3104/2052 2348/3101/2050
f 2351/3103/2053 2352/3105/2054 2348/3101/2050
f 2354/3102/2056 2348/3101/2050 2352/3105/2054
f 78/1009/76 454/3108/382 2349/3100/2051
f 454/3108/382 453/1035/381 2350/3104/2052
f 982/3107/880 2349/3100/2051 2354/3102/2056
f 58/1029/56 703/3111/631 2351/3103/2053
f 703/3111/631 702/3116/630 2352/3105/2054
f 452/3110/380 2351/3103/2053 2350/3104/2052
f 980/3113/878 2353/3106/2055 701/3114/629
f 981/3115/879 2354/3102/2056 2353/3106/2055
f 2353/3106/2055 2352/3105/2054 702/3116/630
s 1
g Plato_Material.001
usemtl Material.001
f 985/1/883 989/2/887 984/3/882
f 986/4/884 983/5/881 985/1/883
f 988/6/886 983/5/881 987/7/885
f 709/8/637 131/9/129 12/10/12
f 708/11/636 984/3/882 709/8/637
f 984/3/882 132/12/130 131/9/129
f 175/13/173 707/14/635 23/15/23
f 174/16/172 986/4/884 175/13/173
f 707/14/635 985/1/883 708/17/636
f 11/18/11 988/6/886 173/19/171
f 133/20/131 989/2/887 988/6/886
f 173/19/171 987/7/885 174/21/172
f 991/22/889 990/23/888 996/24/894
f 994/25/892 992/26/890 993/27/891
f 995/28/893 990/23/888 994/25/892
f 712/29/640 182/30/180 18/31/18
f 712/29/640 992/26/890 991/22/889
f 991/22/889 183/32/181 182/30/180
f 115/33/113 710/34/638 5/35/5
f 114/36/112 993/27/891 115/33/113
f 993/27/891 711/37/639 710/34/638
f 6/38/6 995/28/893 113/39/111
f 184/40/182 996/24/894 995/28/893
f 113/39/111 994/25/892 114/41/112
f 998/42/896 997/43/895 1003/44/901
f 1001/45/899 999/46/897 1000/47/898
f 1002/48/900 997/43/895 1001/45/899
f 715/49/643 185/50/183 13/51/13
f 715/49/643 999/46/897 998/42/896
f 998/42/896 186/52/184 185/50/183
f 136/53/134 713/54/641 12/10/12
f 135/55/133 1000/47/898 136/53/134
f 1000/47/898 714/56/642 713/54/641
f 1/57/1 1002/48/900 134/58/132
f 187/59/185 1003/44/901 1002/48/900
f 134/58/132 1001/45/899 135/55/133
f 1006/60/904 1010/61/908 1005/62/903
f 1007/63/905 1004/64/902 1006/60/904
f 1009/65/907 1004/64/902 1008/66/906
f 718/67/646 116/68/114 7/69/7
f 717/70/645 1005/62/903 718/67/646
f 1005/62/903 117/71/115 116/68/114
f 182/72/180 716/73/644 18/31/18
f 183/74/181 1007/63/905 182/72/180
f 716/73/644 1006/60/904 717/70/645
f 6/75/6 1009/65/907 184/76/182
f 118/77/116 1010/61/908 1009/65/907
f 184/76/182 1008/66/906 183/78/181
f 1013/79/911 1017/80/915 1012/81/910
f 1014/82/912 1011/83/909 1013/79/911
f 1016/84/914 1011/83/909 1015/85/913
f 721/86/649 119/87/117 8/88/8
f 720/89/648 1012/81/910 721/86/649
f 1012/81/910 120/90/118 119/87/117
f 188/91/186 719/92/647 19/93/19
f 189/94/187 1014/82/912 188/91/186
f 719/92/647 1013/79/911 720/95/648
f 7/69/7 1016/84/914 190/96/188
f 121/97/119 1017/80/915 1016/84/914
f 190/96/188 1015/85/913 189/98/187
f 1019/99/917 1018/100/916 1024/101/922
f 1022/102/920 1020/103/918 1021/104/919
f 1023/105/921 1018/100/916 1022/102/920
f 724/106/652 194/107/192 14/108/14
f 724/106/652 1020/103/918 1019/99/917
f 1019/99/917 195/109/193 194/107/192
f 103/110/101 722/111/650 1/57/1
f 102/112/100 1021/104/919 103/110/101
f 1021/104/919 723/113/651 722/111/650
f 2/114/2 1023/105/921 101/115/99
f 196/116/194 1024/101/922 1023/105/921
f 101/115/99 1022/102/920 102/112/100
f 1026/117/924 1025/118/923 1031/119/929
f 1029/120/927 1027/121/925 1028/122/926
f 1030/123/928 1025/118/923 1029/120/927
f 727/124/655 197/125/195 21/126/21
f 727/124/655 1027/121/925 1026/117/924
f 1026/117/924 198/127/196 197/125/195
f 124/128/122 725/129/653 8/88/8
f 123/130/121 1028/122/926 124/128/122
f 1028/122/926 726/131/654 725/129/653
f 9/132/9 1030/123/928 122/133/120
f 199/134/197 1031/119/929 1030/123/928
f 122/133/120 1029/120/927 123/130/121
f 1033/135/931 1032/136/930 1038/137/936
f 1036/138/934 1034/139/932 1035/140/933
f 1037/141/935 1032/136/930 1036/138/934
f 730/142/658 200/143/198 15/144/15
f 730/142/658 1034/139/932 1033/135/931
f 1033/135/931 201/145/199 200/143/198
f 106/146/104 728/147/656 2/114/2
f 105/148/103 1035/140/933 106/146/104
f 1035/140/933 729/149/657 728/147/656
f 3/150/3 1037/141/935 104/151/102
f 202/152/200 1038/137/936 1037/141/935
f 104/151/102 1036/138/934 105/148/103
f 1041/153/939 1045/154/943 1040/155/938
f 1042/156/940 1039/157/937 1041/153/939
f 1044/158/942 1039/157/937 1043/159/941
f 733/160/661 125/161/123 10/162/10
f 732/163/660 1040/155/938 733/160/661
f 1040/155/938 126/164/124 125/161/123
f 197/165/195 731/166/659 21/126/21
f 198/167/196 1042/156/940 197/165/195
f 731/166/659 1041/153/939 732/163/660
f 9/132/9 1044/158/942 199/168/197
f 127/169/125 1045/154/943 1044/158/942
f 199/168/197 1043/159/941 198/167/196
f 1047/170/945 1046/171/944 1052/172/950
f 1050/173/948 1048/174/946 1049/175/947
f 1051/176/949 1046/171/944 1050/173/948
f 736/177/664 206/178/204 16/179/16
f 736/177/664 1048/174/946 1047/170/945
f 1047/170/945 207/180/205 206/178/204
f 109/181/107 734/182/662 3/150/3
f 108/183/106 1049/175/947 109/181/107
f 1049/175/947 735/184/663 734/182/662
f 4/185/4 1051/176/949 107/186/105
f 208/187/206 1052/172/950 1051/176/949
f 107/186/105 1050/173/948 108/183/106
f 1054/188/952 1053/189/951 1059/190/957
f 1057/191/955 1055/192/953 1056/193/954
f 1058/194/956 1053/189/951 1057/191/955
f 739/195/667 175/13/173 23/15/23
f 739/195/667 1055/192/953 1054/188/952
f 1054/188/952 174/16/172 175/13/173
f 130/196/128 737/197/665 10/162/10
f 129/198/127 1056/193/954 130/196/128
f 1056/193/954 738/199/666 737/197/665
f 11/200/11 1058/194/956 128/201/126
f 173/202/171 1059/190/957 1058/194/956
f 128/201/126 1057/191/955 129/198/127
f 1061/203/959 1060/204/958 1066/205/964
f 1064/206/962 1062/207/960 1063/208/961
f 1065/209/963 1060/204/958 1064/206/962
f 742/210/670 181/211/179 17/212/17
f 742/210/670 1062/207/960 1061/203/959
f 1061/203/959 180/213/178 181/211/179
f 112/214/110 740/215/668 4/185/4
f 111/216/109 1063/208/961 112/214/110
f 1063/208/961 741/217/669 740/215/668
f 5/35/5 1065/209/963 110/218/108
f 179/219/177 1066/205/964 1065/209/963
f 110/218/108 1064/206/962 111/220/109
f 1068/221/966 1067/222/965 1073/223/971
f 1071/224/969 1069/225/967 1070/226/968
f 1072/227/970 1067/222/965 1071/224/969
f 36/228/36 1068/221/966 248/229/246
f 745/230/673 1069/225/967 1068/221/966
f 248/229/246 1073/223/971 249/231/247
f 169/232/167 743/233/671 23/234/23
f 168/235/166 1070/226/968 169/232/167
f 1070/226/968 744/236/672 743/233/671
f 24/237/24 1072/227/970 167/238/165
f 250/239/248 1073/223/971 1072/227/970
f 167/238/165 1071/224/969 168/235/166
f 1075/240/973 1074/241/972 1080/242/978
f 1078/243/976 1076/244/974 1077/245/975
f 1079/246/977 1074/241/972 1078/243/976
f 30/247/30 1075/240/973 254/248/252
f 748/249/676 1076/244/974 1075/240/973
f 254/248/252 1080/242/978 255/250/253
f 151/251/149 746/252/674 17/253/17
f 150/254/148 1077/245/975 151/251/149
f 1077/245/975 747/255/675 746/252/674
f 18/256/18 1079/246/977 149/257/147
f 256/258/254 1080/242/978 1079/246/977
f 149/257/147 1078/243/976 150/259/148
f 1082/260/980 1081/261/979 1087/262/985
f 1085/263/983 1083/264/981 1084/265/982
f 1086/266/984 1081/261/979 1085/263/983
f 25/267/25 1082/260/980 257/268/255
f 751/269/679 1083/264/981 1082/260/980
f 257/268/255 1087/262/985 258/270/256
f 172/271/170 749/272/677 24/237/24
f 171/273/169 1084/265/982 172/271/170
f 1084/265/982 750/274/678 749/272/677
f 13/275/13 1086/266/984 170/276/168
f 259/277/257 1087/262/985 1086/266/984
f 170/276/168 1085/263/983 171/273/169
f 1089/278/987 1088/279/986 1094/280/992
f 1092/281/990 1090/282/988 1091/283/989
f 1093/284/991 1088/279/986 1092/281/990
f 31/285/31 1089/278/987 260/286/258
f 754/287/681 1090/282/988 1089/278/987
f 260/286/258 1094/280/992 261/288/80
f 154/289/152 752/290/680 18/256/18
f 153/291/151 1091/283/989 154/289/152
f 1091/283/989 753/292/408 752/290/680
f 19/293/19 1093/284/991 152/294/150
f 262/295/259 1094/280/992 1093/284/991
f 152/294/150 1092/281/990 153/291/151
f 1096/296/994 1095/297/993 1101/298/999
f 1099/299/997 1097/300/995 1098/301/996
f 1100/302/998 1095/297/993 1099/299/997
f 32/303/32 1096/296/994 263/304/260
f 757/305/683 1097/300/995 1096/296/994
f 263/304/260 1101/298/999 264/306/78
f 157/307/155 755/308/682 19/293/19
f 156/309/154 1098/301/996 157/307/155
f 1098/301/996 756/310/384 755/308/682
f 20/311/20 1100/302/998 155/312/153
f 265/313/261 1101/298/999 1100/302/998
f 155/312/153 1099/299/997 156/314/154
f 1103/315/1001 1102/316/1000 1108/317/1006
f 1106/318/1004 1104/319/1002 1105/320/1003
f 1107/321/1005 1102/316/1000 1106/318/1004
f 26/322/26 1103/315/1001 266/323/262
f 760/324/685 1104/319/1002 1103/315/1001
f 266/323/262 1108/317/1006 267/325/77
f 139/326/137 758/327/684 13/275/13
f 138/328/136 1105/320/1003 139/326/137
f 1105/320/1003 759/329/399 758/327/684
f 14/330/14 1107/321/1005 137/331/135
f 268/332/263 1108/317/1006 1107/321/1005
f 137/331/135 1106/318/1004 138/333/136
f 1110/334/1008 1109/335/1007 1115/336/1013
f 1113/337/1011 1111/338/1009 1112/339/1010
f 1114/340/1012 1109/335/1007 1113/337/1011
f 33/341/33 1110/334/1008 269/342/264
f 763/343/687 1111/338/1009 1110/334/1008
f 269/342/264 1115/336/1013 270/344/265
f 160/345/158 761/346/686 20/311/20
f 159/347/157 1112/339/1010 160/345/158
f 1112/339/1010 762/348/348 761/346/686
f 21/349/21 1114/340/1012 158/350/156
f 271/351/266 1115/336/1013 1114/340/1012
f 158/350/156 1113/337/1011 159/347/157
f 1117/352/1015 1116/353/1014 1122/354/1020
f 1120/355/1018 1118/356/1016 1119/357/1017
f 1121/358/1019 1116/353/1014 1120/355/1018
f 27/359/27 1117/352/1015 272/360/267
f 766/361/689 1118/356/1016 1117/352/1015
f 272/360/267 1122/354/1020 273/362/76
f 142/363/140 764/364/688 14/330/14
f 141/365/139 1119/357/1017 142/363/140
f 1119/357/1017 765/366/369 764/364/688
f 15/367/15 1121/358/1019 140/368/138
f 274/369/268 1122/354/1020 1121/358/1019
f 140/368/138 1120/355/1018 141/365/139
f 1124/370/1022 1123/371/1021 1129/372/1027
f 1127/373/1025 1125/374/1023 1126/375/1024
f 1128/376/1026 1123/371/1021 1127/373/1025
f 34/377/34 1124/370/1022 275/378/269
f 769/379/692 1125/374/1023 1124/370/1022
f 275/378/269 1129/372/1027 276/380/270
f 163/381/161 767/382/690 21/349/21
f 162/383/160 1126/375/1024 163/381/161
f 1126/375/1024 768/384/691 767/382/690
f 22/385/22 1128/376/1026 161/386/159
f 277/387/271 1129/372/1027 1128/376/1026
f 161/386/159 1127/373/1025 162/388/160
f 1131/389/1029 1130/390/1028 1136/391/1034
f 1134/392/1032 1132/393/1030 1133/394/1031
f 1135/395/1033 1130/390/1028 1134/392/1032
f 28/396/28 1131/389/1029 278/397/272
f 772/398/694 1132/393/1030 1131/389/1029
f 278/397/272 1136/391/1034 279/399/273
f 145/400/143 770/401/693 15/367/15
f 144/402/142 1133/394/1031 145/400/143
f 1133/394/1031 771/403/633 770/401/693
f 16/404/16 1135/395/1033 143/405/141
f 280/406/274 1136/391/1034 1135/395/1033
f 143/405/141 1134/392/1032 144/407/142
f 1138/408/1036 1137/409/1035 1143/410/1041
f 1141/411/1039 1139/412/1037 1140/413/1038
f 1142/414/1040 1137/409/1035 1141/411/1039
f 35/415/35 1138/408/1036 247/416/245
f 775/417/697 1139/412/1037 1138/408/1036
f 247/416/245 1143/410/1041 246/418/244
f 166/419/164 773/420/695 22/385/22
f 165/421/163 1140/413/1038 166/419/164
f 1140/413/1038 774/422/696 773/420/695
f 23/234/23 1142/414/1040 164/423/162
f 245/424/243 1143/410/1041 1142/414/1040
f 164/423/162 1141/411/1039 165/421/163
f 1145/425/1043 1144/426/1042 1150/427/1048
f 1148/428/1046 1146/429/1044 1147/430/1045
f 1149/431/1047 1144/426/1042 1148/428/1046
f 29/432/29 1145/425/1043 253/433/251
f 778/434/700 1146/429/1044 1145/425/1043
f 253/433/251 1150/427/1048 252/435/250
f 148/436/146 776/437/698 16/404/16
f 147/438/145 1147/430/1045 148/436/146
f 1147/430/1045 777/439/699 776/437/698
f 17/253/17 1149/431/1047 146/440/144
f 251/441/249 1150/427/1048 1149/431/1047
f 146/440/144 1148/428/1046 147/438/145
f 1152/442/1050 1151/443/1049 1157/444/1055
f 1155/445/1053 1153/446/1051 1154/447/1052
f 1156/448/1054 1151/443/1049 1155/445/1053
f 781/449/703 320/450/314 37/451/37
f 781/449/703 1153/446/1051 1152/442/1050
f 1152/442/1050 321/452/315 320/450/314
f 244/453/242 779/454/701 36/228/36
f 243/455/241 1154/447/1052 244/453/242
f 1154/447/1052 780/456/702 779/454/701
f 25/267/25 1156/448/1054 242/457/240
f 322/458/316 1157/444/1055 1156/448/1054
f 242/457/240 1155/445/1053 243/455/241
f 1159/459/1057 1158/460/1056 1164/461/1062
f 1162/462/1060 1160/463/1058 1161/464/1059
f 1163/465/1061 1158/460/1056 1162/462/1060
f 43/466/43 1159/459/1057 326/467/320
f 784/468/706 1160/463/1058 1159/459/1057
f 326/467/320 1164/461/1062 327/469/321
f 226/470/224 782/471/704 30/247/30
f 225/472/223 1161/464/1059 226/470/224
f 1161/464/1059 783/473/705 782/471/704
f 31/474/31 1163/465/1061 224/475/222
f 328/476/322 1164/461/1062 1163/465/1061
f 224/475/222 1162/462/1060 225/472/223
f 1167/477/1065 1171/478/1069 1166/479/1064
f 1168/480/1066 1165/481/1063 1167/477/1065
f 1170/482/1068 1165/481/1063 1169/483/1067
f 787/484/709 227/485/225 32/303/32
f 786/486/708 1166/479/1064 787/484/709
f 1166/479/1064 228/487/226 227/485/225
f 43/466/43 1168/480/1066 785/488/707
f 326/489/320 1169/483/1067 1168/480/1066
f 785/488/707 1167/477/1065 786/490/708
f 31/491/31 1170/482/1068 328/476/322
f 229/492/227 1171/478/1069 1170/482/1068
f 328/476/322 1169/483/1067 327/469/321
f 1173/493/1071 1172/494/1070 1178/495/1076
f 1176/496/1074 1174/497/1072 1175/498/1073
f 1177/499/1075 1172/494/1070 1176/496/1074
f 790/500/712 332/501/326 38/502/38
f 790/500/712 1174/497/1072 1173/493/1071
f 1173/493/1071 333/503/327 332/501/326
f 211/504/209 788/505/710 25/267/25
f 210/506/208 1175/498/1073 211/504/209
f 1175/498/1073 789/507/711 788/505/710
f 26/322/26 1177/499/1075 209/508/207
f 334/509/328 1178/495/1076 1177/499/1075
f 209/508/207 1176/496/1074 210/510/208
f 1181/511/1079 1185/512/1083 1180/513/1078
f 1182/514/1080 1179/515/1077 1181/511/1079
f 1184/516/1082 1179/515/1077 1183/517/1081
f 793/518/715 230/519/228 33/341/33
f 792/520/714 1180/513/1078 793/518/715
f 1180/513/1078 231/521/229 230/519/228
f 329/522/323 791/523/713 44/524/44
f 330/525/324 1182/514/1080 329/522/323
f 791/523/713 1181/511/1079 792/526/714
f 32/303/32 1184/516/1082 331/527/325
f 232/528/230 1185/512/1083 1184/516/1082
f 331/527/325 1183/517/1081 330/529/324
f 1187/530/1085 1186/531/1084 1192/532/1090
f 1190/533/1088 1188/534/1086 1189/535/1087
f 1191/536/1089 1186/531/1084 1190/533/1088
f 39/537/39 1187/530/1085 338/538/332
f 796/539/718 1188/534/1086 1187/530/1085
f 338/538/332 1192/532/1090 339/540/333
f 214/541/212 794/542/716 26/322/26
f 213/543/211 1189/535/1087 214/541/212
f 1189/535/1087 795/544/717 794/542/716
f 27/545/27 1191/536/1089 212/546/210
f 340/547/334 1192/532/1090 1191/536/1089
f 212/546/210 1190/533/1088 213/548/211
f 1194/549/1092 1193/550/1091 1199/551/1097
f 1197/552/1095 1195/553/1093 1196/554/1094
f 1198/555/1096 1193/550/1091 1197/552/1095
f 799/556/721 341/557/335 46/558/46
f 799/556/721 1195/553/1093 1194/549/1092
f 1194/549/1092 342/559/336 341/557/335
f 235/560/233 797/561/719 33/341/33
f 234/562/232 1196/554/1094 235/560/233
f 1196/554/1094 798/563/720 797/561/719
f 34/377/34 1198/555/1096 233/564/231
f 343/565/337 1199/551/1097 1198/555/1096
f 233/564/231 1197/552/1095 234/562/232
f 1202/566/1100 1206/567/1104 1201/568/1099
f 1203/569/1101 1200/570/1098 1202/566/1100
f 1205/571/1103 1200/570/1098 1204/572/1102
f 802/573/724 215/574/213 28/396/28
f 801/575/723 1201/568/1099 802/573/724
f 1201/568/1099 216/576/214 215/574/213
f 39/537/39 1203/569/1101 800/577/722
f 338/578/332 1204/572/1102 1203/569/1101
f 800/577/722 1202/566/1100 801/579/723
f 27/545/27 1205/571/1103 340/547/334
f 217/580/215 1206/567/1104 1205/571/1103
f 340/547/334 1204/572/1102 339/581/333
f 1208/582/1106 1207/583/1105 1213/584/1111
f 1211/585/1109 1209/586/1107 1210/587/1108
f 1212/588/1110 1207/583/1105 1211/585/1109
f 805/589/727 347/590/341 47/591/47
f 805/589/727 1209/586/1107 1208/582/1106
f 1208/582/1106 348/592/342 347/590/341
f 238/593/236 803/594/725 34/377/34
f 237/595/235 1210/587/1108 238/593/236
f 1210/587/1108 804/596/726 803/594/725
f 35/415/35 1212/588/1110 236/597/234
f 349/598/343 1213/584/1111 1212/588/1110
f 236/597/234 1211/585/1109 237/595/235
f 1215/599/1113 1214/600/1112 1220/601/1118
f 1218/602/1116 1216/603/1114 1217/604/1115
f 1219/605/1117 1214/600/1112 1218/602/1116
f 41/606/41 1215/599/1113 350/607/344
f 808/608/730 1216/603/1114 1215/599/1113
f 350/607/344 1220/601/1118 351/609/345
f 220/610/218 806/611/728 28/396/28
f 219/612/217 1217/604/1115 220/610/218
f 1217/604/1115 807/613/729 806/611/728
f 29/614/29 1219/605/1117 218/615/216
f 352/616/346 1220/601/1118 1219/605/1117
f 218/615/216 1218/602/1116 219/612/217
f 1222/617/1120 1221/618/1119 1227/619/1125
f 1225/620/1123 1223/621/1121 1224/622/1122
f 1226/623/1124 1221/618/1119 1225/620/1123
f 811/624/733 319/625/313 48/626/48
f 811/624/733 1223/621/1121 1222/617/1120
f 1222/617/1120 318/627/312 319/625/313
f 241/628/239 809/629/731 35/415/35
f 240/630/238 1224/622/1122 241/628/239
f 1224/622/1122 810/631/732 809/629/731
f 36/228/36 1226/623/1124 239/632/237
f 317/633/311 1227/619/1125 1226/623/1124
f 239/632/237 1225/620/1123 240/630/238
f 1230/634/1128 1234/635/1132 1229/636/1127
f 1231/637/1129 1228/638/1126 1230/634/1128
f 1233/639/1131 1228/638/1126 1232/640/1130
f 814/641/736 221/642/219 30/247/30
f 813/643/735 1229/636/1127 814/641/736
f 1229/636/1127 222/644/220 221/642/219
f 41/606/41 1231/637/1129 812/645/734
f 350/646/344 1232/640/1130 1231/637/1129
f 812/645/734 1230/634/1128 813/647/735
f 29/614/29 1233/639/1131 352/616/346
f 223/648/221 1234/635/1132 1233/639/1131
f 352/616/346 1232/640/1130 351/649/345
f 1236/650/49 1235/651/49 1241/652/49
f 1239/653/49 1237/654/49 1238/655/49
f 1240/656/49 1235/651/49 1239/653/49
f 50/657/49 1236/650/49 373/658/49
f 817/659/49 1237/654/49 1236/650/49
f 1236/650/49 372/660/49 373/658/49
f 364/661/49 815/662/49 44/524/44
f 363/663/49 1238/655/49 364/661/49
f 1238/655/49 816/664/49 815/662/49
f 49/665/49 1240/656/49 362/666/49
f 371/667/49 1241/652/49 1240/656/49
f 362/666/49 1239/653/49 363/668/49
f 1243/669/49 1242/670/49 1248/671/49
f 1246/672/49 1244/673/49 1245/674/49
f 1247/675/49 1242/670/49 1246/672/49
f 50/657/49 1243/669/49 376/676/49
f 820/677/49 1244/673/49 1243/669/49
f 1243/669/49 375/678/49 376/676/49
f 370/679/49 818/680/49 38/502/38
f 369/681/49 1245/674/49 370/679/49
f 1245/674/49 819/682/49 818/680/49
f 51/683/49 1247/675/49 368/684/49
f 374/685/49 1248/671/49 1247/675/49
f 368/684/49 1246/672/49 369/686/49
f 1251/687/49 1255/688/49 1250/689/49
f 1252/690/49 1249/691/49 1251/687/49
f 1254/692/49 1249/691/49 1253/693/49
f 823/694/49 355/695/49 48/626/48
f 822/696/49 1250/689/49 823/694/49
f 1250/689/49 354/697/49 355/695/49
f 50/657/49 1252/690/49 821/698/49
f 372/699/49 1252/690/49 373/700/49
f 821/698/49 1251/687/49 822/701/49
f 49/665/49 1254/692/49 371/667/49
f 353/702/49 1255/688/49 1254/692/49
f 371/667/49 1253/693/49 372/699/49
f 1258/703/49 1262/704/49 1257/705/49
f 1259/706/49 1256/707/49 1258/703/49
f 1261/708/49 1256/707/49 1260/709/49
f 826/710/49 361/711/49 42/712/42
f 825/713/49 1257/705/49 826/710/49
f 1257/705/49 360/714/49 361/711/49
f 50/657/49 1259/706/49 824/715/49
f 375/716/49 1259/706/49 376/717/49
f 824/715/49 1258/703/49 825/718/49
f 51/683/49 1261/708/49 374/719/49
f 359/720/49 1262/704/49 1261/708/49
f 374/719/49 1260/709/49 375/721/49
f 1264/722/49 1263/723/49 1269/724/49
f 1267/725/49 1265/726/49 1266/727/49
f 1268/728/49 1263/723/49 1267/725/49
f 51/683/49 1264/722/49 379/729/49
f 829/730/49 1265/726/49 1264/722/49
f 1264/722/49 378/731/49 379/729/49
f 289/732/283 827/733/49 39/734/39
f 288/735/282 1266/727/49 289/732/283
f 1266/727/49 828/736/49 827/733/49
f 40/737/40 1268/728/49 287/738/281
f 377/739/49 1269/724/49 1268/728/49
f 287/738/281 1267/725/49 288/740/282
f 1272/741/49 1276/742/49 1271/743/49
f 1273/744/49 1270/745/49 1272/741/49
f 1275/746/49 1270/745/49 1274/747/49
f 832/748/49 359/749/49 51/683/49
f 831/750/49 1271/743/49 832/748/49
f 1271/743/49 360/714/49 359/749/49
f 41/751/41 1273/744/49 830/752/49
f 295/753/289 1274/747/49 1273/744/49
f 830/752/49 1272/741/49 831/754/49
f 361/755/49 293/756/287 42/712/42
f 361/755/49 1276/742/49 1275/746/49
f 1275/746/49 294/757/288 293/756/287
f 1279/758/49 1283/759/49 1278/760/49
f 1280/761/49 1277/762/49 1279/758/49
f 1282/763/49 1277/762/49 1281/764/49
f 835/765/49 353/702/49 49/665/49
f 834/766/49 1278/760/49 835/765/49
f 1278/760/49 354/697/49 353/702/49
f 47/767/47 1280/761/49 833/768/49
f 313/769/307 1281/764/49 1280/761/49
f 833/768/49 1279/758/49 834/770/49
f 355/695/49 311/771/305 48/626/48
f 355/695/49 1283/759/49 1282/763/49
f 1282/763/49 312/772/306 311/771/305
f 1285/773/49 1284/774/49 1290/775/49
f 1288/776/49 1286/777/49 1287/778/49
f 1289/779/49 1284/774/49 1288/776/49
f 49/665/49 1285/773/49 382/780/49
f 838/781/49 1286/777/49 1285/773/49
f 1285/773/49 381/782/49 382/780/49
f 307/783/301 836/784/49 45/785/45
f 306/786/300 1287/778/49 307/783/301
f 1287/778/49 837/787/49 836/784/49
f 46/788/46 1289/779/49 305/789/299
f 380/790/49 1290/775/49 1289/779/49
f 305/789/299 1288/776/49 306/786/300
f 1292/791/50 1291/792/50 1297/793/50
f 1295/794/50 1293/795/50 1294/796/50
f 1296/797/50 1291/792/50 1295/794/50
f 11/18/11 1292/791/50 133/20/131
f 391/798/50 1293/795/50 1292/791/50
f 133/20/131 1297/793/50 132/799/130
f 388/800/50 389/801/50 52/802/50
f 387/803/50 1294/796/50 388/800/50
f 1294/796/50 390/804/50 389/801/50
f 12/805/12 1296/797/50 386/806/50
f 131/9/129 1297/793/50 1296/797/50
f 386/806/50 1295/794/50 387/807/50
f 1299/808/50 1298/809/50 1304/810/50
f 1302/811/50 1300/812/50 1301/813/50
f 1303/814/50 1298/809/50 1302/811/50
f 5/815/5 1299/808/50 115/33/113
f 397/816/50 1300/812/50 1299/808/50
f 115/33/113 1304/810/50 114/36/112
f 394/817/50 395/818/50 52/802/50
f 393/819/50 1301/813/50 394/817/50
f 1301/813/50 396/820/50 395/818/50
f 6/38/6 1303/814/50 392/821/50
f 113/39/111 1304/810/50 1303/814/50
f 392/821/50 1302/811/50 393/822/50
f 1306/823/50 1305/824/50 1311/825/50
f 1309/826/50 1307/827/50 1308/828/50
f 1310/829/50 1305/824/50 1309/826/50
f 12/830/12 1306/823/50 136/53/134
f 386/831/50 1307/827/50 1306/823/50
f 136/53/134 1311/825/50 135/55/133
f 400/832/50 388/833/50 52/802/50
f 399/834/50 1308/828/50 400/832/50
f 1308/828/50 387/835/50 388/833/50
f 1/57/1 1310/829/50 398/836/50
f 134/58/132 1311/825/50 1310/829/50
f 398/836/50 1309/826/50 399/834/50
f 1313/837/50 1312/838/50 1318/839/50
f 1316/840/50 1314/841/50 1315/842/50
f 1317/843/50 1312/838/50 1316/840/50
f 6/75/6 1313/837/50 118/77/116
f 392/844/50 1314/841/50 1313/837/50
f 118/77/116 1318/839/50 117/845/115
f 403/846/50 394/847/50 52/802/50
f 402/848/50 1315/842/50 403/846/50
f 1315/842/50 393/849/50 394/847/50
f 7/850/7 1317/843/50 401/851/50
f 116/68/114 1318/839/50 1317/843/50
f 401/851/50 1316/840/50 402/852/50
f 1320/853/50 1319/854/50 1325/855/50
f 1323/856/50 1321/857/50 1322/858/50
f 1324/859/50 1319/854/50 1323/856/50
f 7/850/7 1320/853/50 121/97/119
f 401/851/50 1321/857/50 1320/853/50
f 121/97/119 1325/855/50 120/90/118
f 406/860/50 403/861/50 52/802/50
f 405/862/50 1322/858/50 406/860/50
f 1322/858/50 402/863/50 403/861/50
f 8/864/8 1324/859/50 404/865/50
f 119/87/117 1325/855/50 1324/859/50
f 404/865/50 1323/856/50 405/866/50
f 1327/867/50 1326/868/50 1332/869/50
f 1330/870/50 1328/871/50 1329/872/50
f 1331/873/50 1326/868/50 1330/870/50
f 1/57/1 1327/867/50 103/110/101
f 398/874/50 1328/871/50 1327/867/50
f 103/110/101 1332/869/50 102/112/100
f 385/875/50 400/876/50 52/802/50
f 384/877/50 1329/872/50 385/875/50
f 1329/872/50 399/878/50 400/876/50
f 2/879/2 1331/873/50 383/880/50
f 101/115/99 1332/869/50 1331/873/50
f 383/880/50 1330/870/50 384/881/50
f 1334/882/50 1333/883/50 1339/884/50
f 1337/885/50 1335/886/50 1336/887/50
f 1338/888/50 1333/883/50 1337/885/50
f 8/889/8 1334/882/50 124/128/122
f 404/890/50 1335/886/50 1334/882/50
f 124/128/122 1339/884/50 123/130/121
f 409/891/50 406/892/50 52/802/50
f 408/893/50 1336/887/50 409/891/50
f 1336/887/50 405/862/50 406/892/50
f 9/132/9 1338/888/50 407/894/50
f 122/133/120 1339/884/50 1338/888/50
f 407/894/50 1337/885/50 408/895/50
f 1341/896/50 1340/897/50 1346/898/50
f 1344/899/50 1342/900/50 1343/901/50
f 1345/902/50 1340/897/50 1344/899/50
f 2/879/2 1341/896/50 106/146/104
f 383/903/50 1342/900/50 1341/896/50
f 106/146/104 1346/898/50 105/148/103
f 412/904/50 385/905/50 52/802/50
f 411/906/50 1343/901/50 412/904/50
f 1343/901/50 384/877/50 385/905/50
f 3/907/3 1345/902/50 410/908/50
f 104/151/102 1346/898/50 1345/902/50
f 410/908/50 1344/899/50 411/909/50
f 1348/910/50 1347/911/50 1353/912/50
f 1351/913/50 1349/914/50 1350/915/50
f 1352/916/50 1347/911/50 1351/913/50
f 9/132/9 1348/910/50 127/169/125
f 407/917/50 1349/914/50 1348/910/50
f 127/169/125 1353/912/50 126/164/124
f 415/918/50 409/891/50 52/802/50
f 414/919/50 1350/915/50 415/918/50
f 1350/915/50 408/893/50 409/891/50
f 10/920/10 1352/916/50 413/921/50
f 125/161/123 1353/912/50 1352/916/50
f 413/921/50 1351/913/50 414/922/50
f 1355/923/50 1354/924/50 1360/925/50
f 1358/926/50 1356/927/50 1357/928/50
f 1359/929/50 1354/924/50 1358/926/50
f 3/930/3 1355/923/50 109/181/107
f 410/931/50 1356/927/50 1355/923/50
f 109/181/107 1360/925/50 108/183/106
f 418/932/50 412/933/50 52/802/50
f 417/934/50 1357/928/50 418/932/50
f 1357/928/50 411/906/50 412/933/50
f 4/935/4 1359/929/50 416/936/50
f 107/186/105 1360/925/50 1359/929/50
f 416/936/50 1358/926/50 417/934/50
f 1362/937/50 1361/938/50 1367/939/50
f 1365/940/50 1363/941/50 1364/942/50
f 1366/943/50 1361/938/50 1365/940/50
f 10/920/10 1362/937/50 130/196/128
f 413/944/50 1363/941/50 1362/937/50
f 130/196/128 1367/939/50 129/198/127
f 389/801/50 415/945/50 52/802/50
f 390/946/50 1364/942/50 389/801/50
f 1364/942/50 414/922/50 415/945/50
f 11/200/11 1366/943/50 391/947/50
f 128/201/126 1367/939/50 1366/943/50
f 391/947/50 1365/940/50 390/946/50
f 1369/948/50 1368/949/50 1374/950/50
f 1372/951/50 1370/952/50 1371/953/50
f 1373/954/50 1368/949/50 1372/951/50
f 4/955/4 1369/948/50 112/214/110
f 416/956/50 1370/952/50 1369/948/50
f 112/214/110 1374/950/50 111/216/109
f 395/957/50 418/958/50 52/802/50
f 396/820/50 1371/953/50 395/957/50
f 1371/953/50 417/934/50 418/958/50
f 5/959/5 1373/954/50 397/960/50
f 110/218/108 1374/950/50 1373/954/50
f 397/960/50 1372/951/50 396/820/50
f 1712/1816/1470 1711/1817/1469 1717/1818/1475
f 1714/1819/1472 1711/1817/1469 1713/1820/1471
f 1717/1818/1475 1715/1821/1473 1716/1822/1474
f 178/1823/176 709/1824/637 12/10/12
f 178/1823/176 1713/1820/1471 1712/1816/1470
f 709/1824/637 1717/1818/1475 708/1825/636
f 24/1826/24 1714/1819/1472 176/1827/174
f 167/1828/165 1715/1821/1473 1714/1819/1472
f 176/1827/174 1713/1820/1471 177/1829/175
f 707/14/635 169/1830/167 23/15/23
f 708/17/636 1716/1822/1474 707/14/635
f 1716/1822/1474 168/1831/166 169/1830/167
f 1720/1832/1478 1724/1833/1482 1719/1834/1477
f 1721/1835/1479 1718/1836/1476 1720/1832/1478
f 1723/1837/1481 1718/1836/1476 1722/1838/1480
f 149/1839/147 712/1840/640 18/31/18
f 150/1841/148 1719/1834/1477 149/1839/147
f 1719/1834/1477 711/1842/639 712/1840/640
f 17/212/17 1721/1835/1479 151/1843/149
f 181/1844/179 1722/1838/1480 1721/1835/1479
f 151/1843/149 1720/1832/1478 150/1841/148
f 710/1845/638 179/219/177 5/35/5
f 710/1845/638 1724/1833/1482 1723/1837/1481
f 1723/1837/1481 180/213/178 179/219/177
f 1727/1846/1485 1731/1847/1489 1726/1848/1484
f 1728/1849/1486 1725/1850/1483 1727/1846/1485
f 1730/1851/1488 1725/1850/1483 1729/1852/1487
f 170/1853/168 715/1854/643 13/51/13
f 171/1855/169 1726/1848/1484 170/1853/168
f 1726/1848/1484 714/56/642 715/1854/643
f 24/1826/24 1728/1849/1486 172/1856/170
f 176/1857/174 1729/1852/1487 1728/1849/1486
f 172/1856/170 1727/1846/1485 171/1858/169
f 713/1859/641 178/1860/176 12/10/12
f 713/1859/641 1731/1847/1489 1730/1851/1488
f 178/1860/176 1729/1852/1487 177/1861/175
f 1733/1862/1491 1732/1863/1490 1738/1864/1496
f 1735/1865/1493 1732/1863/1490 1734/1866/1492
f 1738/1864/1496 1736/1867/1494 1737/1868/1495
f 190/1869/188 718/1870/646 7/69/7
f 189/1871/187 1733/1862/1491 190/1869/188
f 718/1870/646 1738/1864/1496 717/70/645
f 19/93/19 1735/1865/1493 188/91/186
f 152/1872/150 1736/1867/1494 1735/1865/1493
f 188/91/186 1734/1866/1492 189/1871/187
f 716/1873/644 154/1874/152 18/31/18
f 717/70/645 1737/1868/1495 716/1873/644
f 1737/1868/1495 153/1875/151 154/1874/152
f 1740/1876/1498 1739/1877/1497 1745/1878/1503
f 1742/1879/1500 1739/1877/1497 1741/1880/1499
f 1745/1878/1503 1743/1881/1501 1744/1882/1502
f 193/1883/191 721/1884/649 8/88/8
f 193/1883/191 1741/1880/1499 1740/1876/1498
f 721/1884/649 1745/1878/1503 720/1885/648
f 20/1886/20 1742/1879/1500 191/1887/189
f 155/1888/153 1743/1881/1501 1742/1879/1500
f 191/1887/189 1741/1880/1499 192/1889/190
f 719/1890/647 157/1891/155 19/93/19
f 720/1892/648 1744/1882/1502 719/1890/647
f 1744/1882/1502 156/1893/154 157/1891/155
f 1748/1894/1506 1752/1895/1510 1747/1896/1505
f 1749/1897/1507 1746/1898/1504 1748/1894/1506
f 1751/1899/1509 1746/1898/1504 1750/1900/1508
f 137/1901/135 724/1902/652 14/108/14
f 138/1903/136 1747/1896/1505 137/1901/135
f 1747/1896/1505 723/1904/651 724/1902/652
f 13/51/13 1749/1897/1507 139/1905/137
f 185/1906/183 1750/1900/1508 1749/1897/1507
f 139/1905/137 1748/1894/1506 138/1903/136
f 722/1907/650 187/1908/185 1/57/1
f 722/1907/650 1752/1895/1510 1751/1899/1509
f 1751/1899/1509 186/1909/184 187/1908/185
f 1755/1910/1513 1759/1911/1517 1754/1912/1512
f 1756/1913/1514 1753/1914/1511 1755/1910/1513
f 1758/1915/1516 1753/1914/1511 1757/1916/1515
f 158/1917/156 727/124/655 21/126/21
f 159/1918/157 1754/1912/1512 158/1917/156
f 1754/1912/1512 726/1919/654 727/124/655
f 20/1886/20 1756/1913/1514 160/1920/158
f 191/1921/189 1757/1916/1515 1756/1913/1514
f 160/1920/158 1755/1910/1513 159/1918/157
f 725/1922/653 193/1923/191 8/88/8
f 725/1922/653 1759/1911/1517 1758/1915/1516
f 193/1923/191 1757/1916/1515 192/1924/190
f 1762/1925/1520 1766/1926/1524 1761/1927/1519
f 1763/1928/1521 1760/1929/1518 1762/1925/1520
f 1765/1930/1523 1760/1929/1518 1764/1931/1522
f 140/1932/138 730/1933/658 15/144/15
f 141/1934/139 1761/1927/1519 140/1932/138
f 1761/1927/1519 729/1935/657 730/1933/658
f 14/108/14 1763/1928/1521 142/1936/140
f 194/1937/192 1764/1931/1522 1763/1928/1521
f 142/1936/140 1762/1925/1520 141/1938/139
f 728/1939/656 196/116/194 2/114/2
f 728/1939/656 1766/1926/1524 1765/1930/1523
f 1765/1930/1523 195/109/193 196/116/194
f 1768/1940/1526 1767/1941/1525 1773/1942/1531
f 1770/1943/1528 1767/1941/1525 1769/1944/1527
f 1773/1942/1531 1771/1945/1529 1772/1946/1530
f 205/1947/203 733/1948/661 10/162/10
f 205/1947/203 1769/1944/1527 1768/1940/1526
f 733/1948/661 1773/1942/1531 732/163/660
f 22/1949/22 1770/1943/1528 203/1950/201
f 161/1951/159 1771/1945/1529 1770/1943/1528
f 203/1950/201 1769/1944/1527 204/1952/202
f 731/1953/659 163/1954/161 21/126/21
f 732/1955/660 1772/1946/1530 731/1953/659
f 1772/1946/1530 162/1956/160 163/1954/161
f 1776/1957/1534 1780/1958/1538 1775/1959/1533
f 1777/1960/1535 1774/1961/1532 1776/1957/1534
f 1779/1962/1537 1774/1961/1532 1778/1963/1536
f 143/1964/141 736/177/664 16/179/16
f 144/1965/142 1775/1959/1533 143/1964/141
f 1775/1959/1533 735/1966/663 736/177/664
f 15/144/15 1777/1960/1535 145/1967/143
f 200/1968/198 1778/1963/1536 1777/1960/1535
f 145/1967/143 1776/1957/1534 144/1965/142
f 734/1969/662 202/1970/200 3/150/3
f 734/1969/662 1780/1958/1538 1779/1962/1537
f 1779/1962/1537 201/1971/199 202/1970/200
f 1783/1972/1541 1787/1973/1545 1782/1974/1540
f 1784/1975/1542 1781/1976/1539 1783/1972/1541
f 1786/1977/1544 1781/1976/1539 1785/1978/1543
f 164/1979/162 739/1980/667 23/15/23
f 165/1981/163 1782/1974/1540 164/1979/162
f 1782/1974/1540 738/1982/666 739/1980/667
f 22/1949/22 1784/1975/1542 166/1983/164
f 203/1950/201 1785/1978/1543 1784/1975/1542
f 166/1983/164 1783/1972/1541 165/1981/163
f 737/1984/665 205/1947/203 10/162/10
f 737/1984/665 1787/1973/1545 1786/1977/1544
f 205/1947/203 1785/1978/1543 204/1985/202
f 1790/1986/1548 1794/1987/1552 1789/1988/1547
f 1791/1989/1549 1788/1990/1546 1790/1986/1548
f 1793/1991/1551 1788/1990/1546 1792/1992/1550
f 146/1993/144 742/1994/670 17/212/17
f 147/1995/145 1789/1988/1547 146/1993/144
f 1789/1988/1547 741/1996/669 742/1994/670
f 16/179/16 1791/1989/1549 148/1997/146
f 206/1998/204 1792/1992/1550 1791/1989/1549
f 148/1997/146 1790/1986/1548 147/1999/145
f 740/2000/668 208/2001/206 4/185/4
f 740/2000/668 1794/1987/1552 1793/1991/1551
f 1793/1991/1551 207/2002/205 208/2001/206
f 1797/2003/1555 1801/2004/1559 1796/2005/1554
f 1798/2006/1556 1795/2007/1553 1797/2003/1555
f 1800/2008/1558 1795/2007/1553 1799/2009/1557
f 239/632/237 745/2010/673 36/228/36
f 240/630/238 1796/2005/1554 239/632/237
f 1796/2005/1554 744/2011/672 745/2010/673
f 35/415/35 1798/2006/1556 241/628/239
f 247/2012/245 1799/2009/1557 1798/2006/1556
f 241/628/239 1797/2003/1555 240/630/238
f 23/234/23 1800/2008/1558 245/424/243
f 743/233/671 1801/2004/1559 1800/2008/1558
f 245/424/243 1799/2009/1557 246/2013/244
f 1804/2014/1562 1808/2015/1566 1803/2016/1561
f 1805/2017/1563 1802/2018/1560 1804/2014/1562
f 1807/2019/1565 1802/2018/1560 1806/2020/1564
f 221/642/219 748/2021/676 30/247/30
f 222/644/220 1803/2016/1561 221/642/219
f 1803/2016/1561 747/2022/675 748/2021/676
f 29/432/29 1805/2017/1563 223/648/221
f 253/2023/251 1806/2020/1564 1805/2017/1563
f 223/648/221 1804/2014/1562 222/644/220
f 17/253/17 1807/2019/1565 251/2024/249
f 746/2025/674 1808/2015/1566 1807/2019/1565
f 251/2024/249 1806/2020/1564 252/2026/250
f 1811/2027/1569 1815/2028/1573 1810/2029/1568
f 1812/2030/1570 1809/2031/1567 1811/2027/1569
f 1814/2032/1572 1809/2031/1567 1813/2033/1571
f 242/457/240 751/269/679 25/267/25
f 243/455/241 1810/2029/1568 242/457/240
f 1810/2029/1568 750/2034/678 751/269/679
f 36/228/36 1812/2030/1570 244/453/242
f 248/229/246 1813/2033/1571 1812/2030/1570
f 244/453/242 1811/2027/1569 243/455/241
f 24/237/24 1814/2032/1572 250/2035/248
f 749/2036/677 1815/2028/1573 1814/2032/1572
f 250/2035/248 1813/2033/1571 249/2037/247
f 1818/2038/1576 1822/2039/1580 1817/2040/1575
f 1819/2041/1577 1816/2042/1574 1818/2038/1576
f 1821/2043/1579 1816/2042/1574 1820/2044/1578
f 224/475/222 754/287/681 31/285/31
f 225/472/223 1817/2040/1575 224/475/222
f 1817/2040/1575 753/2045/408 754/287/681
f 30/247/30 1819/2041/1577 226/470/224
f 254/2046/252 1820/2044/1578 1819/2041/1577
f 226/470/224 1818/2038/1576 225/472/223
f 18/256/18 1821/2043/1579 256/2047/254
f 752/2048/680 1822/2039/1580 1821/2043/1579
f 256/2047/254 1820/2044/1578 255/2049/253
f 1825/2050/1583 1829/2051/1587 1824/2052/1582
f 1826/2053/1584 1823/2054/1581 1825/2050/1583
f 1828/2055/1586 1823/2054/1581 1827/2056/1585
f 227/485/225 757/2057/683 32/303/32
f 228/487/226 1824/2052/1582 227/485/225
f 1824/2052/1582 756/2058/384 757/2057/683
f 31/285/31 1826/2053/1584 229/492/227
f 260/2059/258 1827/2056/1585 1826/2053/1584
f 229/492/227 1825/2050/1583 228/487/226
f 19/293/19 1828/2055/1586 262/2060/259
f 755/2061/682 1829/2051/1587 1828/2055/1586
f 262/2060/259 1827/2056/1585 261/2062/80
f 1832/2063/1590 1836/2064/1594 1831/2065/1589
f 1833/2066/1591 1830/2067/1588 1832/2063/1590
f 1835/2068/1593 1830/2067/1588 1834/2069/1592
f 209/508/207 760/2070/685 26/322/26
f 210/510/208 1831/2065/1589 209/508/207
f 1831/2065/1589 759/2071/399 760/2070/685
f 25/267/25 1833/2066/1591 211/504/209
f 257/2072/255 1834/2069/1592 1833/2066/1591
f 211/504/209 1832/2063/1590 210/506/208
f 13/275/13 1835/2068/1593 259/2073/257
f 758/327/684 1836/2064/1594 1835/2068/1593
f 259/2073/257 1834/2069/1592 258/2074/256
f 1839/2075/1597 1843/2076/1601 1838/2077/1596
f 1840/2078/1598 1837/2079/1595 1839/2075/1597
f 1842/2080/1600 1837/2079/1595 1841/2081/1599
f 230/519/228 763/2082/687 33/341/33
f 231/521/229 1838/2077/1596 230/519/228
f 1838/2077/1596 762/348/348 763/2082/687
f 32/303/32 1840/2078/1598 232/528/230
f 263/2083/260 1841/2081/1599 1840/2078/1598
f 232/528/230 1839/2075/1597 231/521/229
f 20/311/20 1842/2080/1600 265/313/261
f 761/2084/686 1843/2076/1601 1842/2080/1600
f 265/313/261 1841/2081/1599 264/2085/78
f 1846/2086/1604 1850/2087/1608 1845/2088/1603
f 1847/2089/1605 1844/2090/1602 1846/2086/1604
f 1849/2091/1607 1844/2090/1602 1848/2092/1606
f 212/546/210 766/2093/689 27/359/27
f 213/548/211 1845/2088/1603 212/546/210
f 1845/2088/1603 765/2094/369 766/2093/689
f 26/322/26 1847/2089/1605 214/541/212
f 266/2095/262 1848/2092/1606 1847/2089/1605
f 214/541/212 1846/2086/1604 213/543/211
f 14/330/14 1849/2091/1607 268/2096/263
f 764/2097/688 1850/2087/1608 1849/2091/1607
f 268/2096/263 1848/2092/1606 267/325/77
f 1853/2098/1611 1857/2099/1615 1852/2100/1610
f 1854/2101/1612 1851/2102/1609 1853/2098/1611
f 1856/2103/1614 1851/2102/1609 1855/2104/1613
f 233/564/231 769/2105/692 34/377/34
f 234/562/232 1852/2100/1610 233/564/231
f 1852/2100/1610 768/2106/691 769/2105/692
f 33/341/33 1854/2101/1612 235/560/233
f 269/342/264 1855/2104/1613 1854/2101/1612
f 235/560/233 1853/2098/1611 234/562/232
f 21/349/21 1856/2103/1614 271/351/266
f 767/382/690 1857/2099/1615 1856/2103/1614
f 271/351/266 1855/2104/1613 270/2107/265
f 1860/2108/1618 1864/2109/1622 1859/2110/1617
f 1861/2111/1619 1858/2112/1616 1860/2108/1618
f 1863/2113/1621 1858/2112/1616 1862/2114/1620
f 215/574/213 772/2115/694 28/396/28
f 216/576/214 1859/2110/1617 215/574/213
f 1859/2110/1617 771/2116/633 772/2115/694
f 27/359/27 1861/2111/1619 217/580/215
f 272/2117/267 1862/2114/1620 1861/2111/1619
f 217/580/215 1860/2108/1618 216/576/214
f 15/367/15 1863/2113/1621 274/2118/268
f 770/2119/693 1864/2109/1622 1863/2113/1621
f 274/2118/268 1862/2114/1620 273/2120/76
f 1867/2121/1625 1871/2122/1629 1866/2123/1624
f 1868/2124/1626 1865/2125/1623 1867/2121/1625
f 1870/2126/1628 1865/2125/1623 1869/2127/1627
f 236/597/234 775/2128/697 35/415/35
f 237/595/235 1866/2123/1624 236/597/234
f 1866/2123/1624 774/2129/696 775/2128/697
f 34/377/34 1868/2124/1626 238/593/236
f 275/2130/269 1869/2127/1627 1868/2124/1626
f 238/593/236 1867/2121/1625 237/595/235
f 22/385/22 1870/2126/1628 277/2131/271
f 773/2132/695 1871/2122/1629 1870/2126/1628
f 277/2131/271 1869/2127/1627 276/2133/270
f 1874/2134/1632 1878/2135/1636 1873/2136/1631
f 1875/2137/1633 1872/2138/1630 1874/2134/1632
f 1877/2139/1635 1872/2138/1630 1876/2140/1634
f 218/615/216 778/434/700 29/432/29
f 219/612/217 1873/2136/1631 218/615/216
f 1873/2136/1631 777/2141/699 778/434/700
f 28/396/28 1875/2137/1633 220/610/218
f 278/2142/272 1876/2140/1634 1875/2137/1633
f 220/610/218 1874/2134/1632 219/612/217
f 16/404/16 1877/2139/1635 280/406/274
f 776/2143/698 1878/2135/1636 1877/2139/1635
f 280/406/274 1876/2140/1634 279/399/273
f 1881/2144/1639 1885/2145/1643 1880/2146/1638
f 1882/2147/1640 1879/2148/1637 1881/2144/1639
f 1884/2149/1642 1879/2148/1637 1883/2150/1641
f 314/2151/308 781/449/703 37/451/37
f 315/2152/309 1880/2146/1638 314/2151/308
f 1880/2146/1638 780/2153/702 781/449/703
f 48/626/48 1882/2147/1640 316/2154/310
f 319/2155/313 1883/2150/1641 1882/2147/1640
f 316/2154/310 1881/2144/1639 315/2152/309
f 36/228/36 1884/2149/1642 317/633/311
f 779/2156/701 1885/2145/1643 1884/2149/1642
f 1884/2149/1642 318/2157/312 317/633/311
f 1888/2158/1646 1892/2159/1650 1887/2160/1645
f 1889/2161/1647 1886/2162/1644 1888/2158/1646
f 1891/2163/1649 1886/2162/1644 1890/2164/1648
f 296/2165/290 784/2166/706 43/466/43
f 297/2167/291 1887/2160/1645 296/2165/290
f 1887/2160/1645 783/473/705 784/2166/706
f 42/2168/42 1889/2161/1647 298/2169/292
f 325/2170/319 1890/2164/1648 1889/2161/1647
f 298/2169/292 1888/2158/1646 297/2167/291
f 30/247/30 1891/2163/1649 323/2171/317
f 782/2172/704 1892/2159/1650 1891/2163/1649
f 1891/2163/1649 324/2173/318 323/2171/317
f 1894/2174/1652 1893/2175/1651 1899/2176/1657
f 1896/2177/1654 1893/2175/1651 1895/2178/1653
f 1899/2176/1657 1897/2179/1655 1898/2180/1656
f 32/303/32 1894/2174/1652 787/484/709
f 330/2181/324 1894/2174/1652 331/2182/325
f 787/484/709 1899/2176/1657 786/486/708
f 44/524/44 1896/2177/1654 329/2183/323
f 299/2184/293 1897/2179/1655 1896/2177/1654
f 329/2183/323 1895/2178/1653 330/525/324
f 785/2185/707 301/2186/295 43/466/43
f 786/486/708 1898/2180/1656 785/2185/707
f 1898/2180/1656 300/2187/294 301/2186/295
f 1902/2188/1660 1906/2189/1664 1901/2190/1659
f 1903/2191/1661 1900/2192/1658 1902/2188/1660
f 1905/2193/1663 1900/2192/1658 1904/2194/1662
f 281/2195/275 790/2196/712 38/502/38
f 282/2197/276 1901/2190/1659 281/2195/275
f 1901/2190/1659 789/2198/711 790/2196/712
f 37/451/37 1903/2191/1661 283/2199/277
f 320/2200/314 1904/2194/1662 1903/2191/1661
f 283/2199/277 1902/2188/1660 282/2197/276
f 25/267/25 1905/2193/1663 322/458/316
f 788/505/710 1906/2189/1664 1905/2193/1663
f 1905/2193/1663 321/2201/315 322/458/316
f 1908/2202/1666 1907/2203/1665 1913/2204/1671
f 1910/2205/1668 1907/2203/1665 1909/2206/1667
f 1913/2204/1671 1911/2207/1669 1912/2208/1670
f 33/341/33 1908/2202/1666 793/518/715
f 336/2209/330 1908/2202/1666 337/2210/331
f 793/518/715 1913/2204/1671 792/520/714
f 45/785/45 1910/2205/1668 335/2211/329
f 302/2212/296 1911/2207/1669 1910/2205/1668
f 335/2211/329 1909/2206/1667 336/2209/330
f 791/2213/713 304/2214/298 44/524/44
f 792/2215/714 1912/2208/1670 791/2213/713
f 1912/2208/1670 303/2216/297 304/2214/298
f 1916/2217/1674 1920/2218/1678 1915/2219/1673
f 1917/2220/1675 1914/2221/1672 1916/2217/1674
f 1919/2222/1677 1914/2221/1672 1918/2223/1676
f 284/2224/278 796/2225/718 39/537/39
f 285/2226/279 1915/2219/1673 284/2224/278
f 1915/2219/1673 795/544/717 796/2225/718
f 38/502/38 1917/2220/1675 286/2227/280
f 332/501/326 1918/2223/1676 1917/2220/1675
f 286/2227/280 1916/2217/1674 285/2226/279
f 26/322/26 1919/2222/1677 334/2228/328
f 794/2229/716 1920/2218/1678 1919/2222/1677
f 1919/2222/1677 333/2230/327 334/2228/328
f 1923/2231/1681 1927/2232/1685 1922/2233/1680
f 1924/2234/1682 1921/2235/1679 1923/2231/1681
f 1926/2236/1684 1921/2235/1679 1925/2237/1683
f 305/789/299 799/2238/721 46/558/46
f 306/786/300 1922/2233/1680 305/789/299
f 1922/2233/1680 798/2239/720 799/2238/721
f 45/785/45 1924/2234/1682 307/783/301
f 335/2240/329 1925/2237/1683 1924/2234/1682
f 307/783/301 1923/2231/1681 306/786/300
f 33/341/33 1926/2236/1684 337/2210/331
f 797/2241/719 1927/2232/1685 1926/2236/1684
f 1926/2236/1684 336/2242/330 337/2210/331
f 1929/2243/1687 1928/2244/1686 1934/2245/1692
f 1931/2246/1689 1928/2244/1686 1930/2247/1688
f 1934/2245/1692 1932/2248/1690 1933/2249/1691
f 28/396/28 1929/2243/1687 802/2250/724
f 345/2251/339 1929/2243/1687 346/2252/340
f 802/2250/724 1934/2245/1692 801/2253/723
f 40/737/40 1931/2246/1689 344/2254/338
f 287/738/281 1932/2248/1690 1931/2246/1689
f 344/2254/338 1930/2247/1688 345/2255/339
f 800/2256/722 289/732/283 39/537/39
f 801/2257/723 1933/2249/1691 800/2256/722
f 1933/2249/1691 288/735/282 289/732/283
f 1937/2258/1695 1941/2259/1699 1936/2260/1694
f 1938/2261/1696 1935/2262/1693 1937/2258/1695
f 1940/2263/1698 1935/2262/1693 1939/2264/1697
f 308/2265/302 805/2266/727 47/591/47
f 309/2267/303 1936/2260/1694 308/2265/302
f 1936/2260/1694 804/2268/726 805/2266/727
f 46/558/46 1938/2261/1696 310/2269/304
f 341/2270/335 1939/2264/1697 1938/2261/1696
f 310/2269/304 1937/2258/1695 309/2267/303
f 34/377/34 1940/2263/1698 343/2271/337
f 803/594/725 1941/2259/1699 1940/2263/1698
f 1940/2263/1698 342/2272/336 343/2271/337
f 1944/2273/1702 1948/2274/1706 1943/2275/1701
f 1945/2276/1703 1942/2277/1700 1944/2273/1702
f 1947/2278/1705 1942/2277/1700 1946/2279/1704
f 290/2280/284 808/2281/730 41/606/41
f 291/2282/285 1943/2275/1701 290/2280/284
f 1943/2275/1701 807/2283/729 808/2281/730
f 40/2284/40 1945/2276/1703 292/2285/286
f 344/2286/338 1946/2279/1704 1945/2276/1703
f 292/2285/286 1944/2273/1702 291/2282/285
f 28/396/28 1947/2278/1705 346/2252/340
f 806/2287/728 1948/2274/1706 1947/2278/1705
f 1947/2278/1705 345/2288/339 346/2252/340
f 1951/2289/1709 1955/2290/1713 1950/2291/1708
f 1952/2292/1710 1949/2293/1707 1951/2289/1709
f 1954/2294/1712 1949/2293/1707 1953/2295/1711
f 311/771/305 811/2296/733 48/626/48
f 312/772/306 1950/2291/1708 311/771/305
f 1950/2291/1708 810/2297/732 811/2296/733
f 47/591/47 1952/2292/1710 313/769/307
f 347/2298/341 1953/2295/1711 1952/2292/1710
f 313/769/307 1951/2289/1709 312/772/306
f 35/415/35 1954/2294/1712 349/2299/343
f 809/2300/731 1955/2290/1713 1954/2294/1712
f 1954/2294/1712 348/592/342 349/2299/343
f 1957/2301/1715 1956/2302/1714 1962/2303/1720
f 1959/2304/1717 1956/2302/1714 1958/2305/1716
f 1962/2303/1720 1960/2306/1718 1961/2307/1719
f 30/247/30 1957/2301/1715 814/2308/736
f 324/2309/318 1957/2301/1715 323/2310/317
f 814/2308/736 1962/2303/1720 813/2311/735
f 42/2168/42 1959/2304/1717 325/2170/319
f 293/756/287 1960/2306/1718 1959/2304/1717
f 325/2170/319 1958/2305/1716 324/2312/318
f 812/2313/734 295/753/289 41/606/41
f 813/647/735 1961/2307/1719 812/2313/734
f 1961/2307/1719 294/757/288 295/753/289
f 1965/2314/49 1969/2315/49 1964/2316/49
f 1966/2317/49 1963/2318/49 1965/2314/49
f 1968/2319/49 1963/2318/49 1967/2320/49
f 365/2321/49 817/2322/49 50/657/49
f 366/2323/49 1964/2316/49 365/2321/49
f 1964/2316/49 816/2324/49 817/2322/49
f 43/2325/43 1966/2317/49 367/2326/49
f 301/2186/295 1967/2320/49 1966/2317/49
f 367/2326/49 1965/2314/49 366/2323/49
f 44/524/44 1968/2319/49 299/2184/293
f 815/2327/49 1969/2315/49 1968/2319/49
f 299/2184/293 1967/2320/49 300/2187/294
f 1972/2328/49 1976/2329/49 1971/2330/49
f 1973/2331/49 1970/2332/49 1972/2328/49
f 1975/2333/49 1970/2332/49 1974/2334/49
f 356/2335/49 820/2336/49 50/657/49
f 357/2337/49 1971/2330/49 356/2335/49
f 1971/2330/49 819/682/49 820/2336/49
f 37/2338/37 1973/2331/49 358/2339/49
f 283/2199/277 1974/2334/49 1973/2331/49
f 358/2339/49 1972/2328/49 357/2340/49
f 38/502/38 1975/2333/49 281/2195/275
f 818/2341/49 1976/2329/49 1975/2333/49
f 281/2195/275 1974/2334/49 282/2197/276
f 1978/2342/49 1977/2343/49 1983/2344/49
f 1980/2345/49 1977/2343/49 1979/2346/49
f 1983/2344/49 1981/2347/49 1982/2348/49
f 48/626/48 1978/2342/49 823/2349/49
f 316/2154/310 1979/2346/49 1978/2342/49
f 823/2349/49 1983/2344/49 822/2350/49
f 37/2351/37 1980/2345/49 314/2151/308
f 358/2352/49 1981/2347/49 1980/2345/49
f 314/2151/308 1979/2346/49 315/2152/309
f 821/698/49 356/2335/49 50/657/49
f 822/2350/49 1982/2348/49 821/698/49
f 1982/2348/49 357/2353/49 356/2335/49
f 1985/2354/49 1984/2355/49 1990/2356/49
f 1987/2357/49 1984/2355/49 1986/2358/49
f 1990/2356/49 1988/2359/49 1989/2360/49
f 42/712/42 1985/2354/49 826/2361/49
f 298/2169/292 1986/2358/49 1985/2354/49
f 826/2361/49 1990/2356/49 825/2362/49
f 43/2363/43 1987/2357/49 296/2165/290
f 367/2364/49 1988/2359/49 1987/2357/49
f 296/2165/290 1986/2358/49 297/2167/291
f 824/2365/49 365/2366/49 50/657/49
f 825/2362/49 1989/2360/49 824/2365/49
f 1989/2360/49 366/2367/49 365/2366/49
f 1993/2368/49 1997/2369/49 1992/2370/49
f 1994/2371/49 1991/2372/49 1993/2368/49
f 1996/2373/49 1991/2372/49 1995/2374/49
f 368/2375/49 829/2376/49 51/683/49
f 369/2377/49 1992/2370/49 368/2375/49
f 1992/2370/49 828/2378/49 829/2376/49
f 286/2227/280 370/2379/49 38/502/38
f 285/2226/279 1994/2371/49 286/2227/280
f 370/2379/49 1993/2368/49 369/681/49
f 39/734/39 1996/2373/49 284/2224/278
f 827/733/49 1997/2369/49 1996/2373/49
f 284/2224/278 1995/2374/49 285/2226/279
f 1999/2380/49 1998/2381/49 2004/2382/49
f 2001/2383/49 1998/2381/49 2000/2384/49
f 2004/2382/49 2002/2385/49 2003/2386/49
f 51/683/49 1999/2380/49 832/2387/49
f 378/731/49 1999/2380/49 379/2388/49
f 832/2387/49 2004/2382/49 831/2389/49
f 40/2284/40 2001/2383/49 377/2390/49
f 292/2285/286 2002/2385/49 2001/2383/49
f 377/2390/49 2000/2384/49 378/2391/49
f 830/2392/49 290/2280/284 41/751/41
f 831/2393/49 2003/2386/49 830/2392/49
f 2003/2386/49 291/2282/285 290/2280/284
f 2006/2394/49 2005/2395/49 2011/2396/49
f 2008/2397/49 2005/2395/49 2007/2398/49
f 2011/2396/49 2009/2399/49 2010/2400/49
f 49/665/49 2006/2394/49 835/765/49
f 381/2401/49 2006/2394/49 382/2402/49
f 835/765/49 2011/2396/49 834/770/49
f 46/2403/46 2008/2397/49 380/2404/49
f 310/2269/304 2009/2399/49 2008/2397/49
f 380/2404/49 2007/2398/49 381/2405/49
f 833/2406/49 308/2265/302 47/767/47
f 834/2407/49 2010/2400/49 833/2406/49
f 2010/2400/49 309/2267/303 308/2265/302
f 2014/2408/49 2018/2409/49 2013/2410/49
f 2015/2411/49 2012/2412/49 2014/2408/49
f 2017/2413/49 2012/2412/49 2016/2414/49
f 362/2415/49 838/2416/49 49/665/49
f 363/668/49 2013/2410/49 362/2415/49
f 2013/2410/49 837/787/49 838/2416/49
f 304/2214/298 364/2417/49 44/524/44
f 303/2216/297 2015/2411/49 304/2214/298
f 364/2417/49 2014/2408/49 363/663/49
f 45/785/45 2017/2413/49 302/2212/296
f 836/2418/49 2018/2409/49 2017/2413/49
f 302/2212/296 2016/2414/49 303/2216/297
f 985/1/883 983/5/881 989/2/887
f 986/4/884 987/7/885 983/5/881
f 988/6/886 989/2/887 983/5/881
f 709/8/637 984/3/882 131/9/129
f 708/11/636 985/1/883 984/3/882
f 984/3/882 989/2/887 132/12/130
f 175/13/173 986/4/884 707/14/635
f 174/16/172 987/7/885 986/4/884
f 707/14/635 986/4/884 985/1/883
f 11/18/11 133/20/131 988/6/886
f 133/20/131 132/799/130 989/2/887
f 173/19/171 988/6/886 987/7/885
f 991/22/889 992/26/890 990/23/888
f 994/25/892 990/23/888 992/26/890
f 995/28/893 996/24/894 990/23/888
f 712/29/640 991/22/889 182/30/180
f 712/29/640 711/3117/639 992/26/890
f 991/22/889 996/24/894 183/32/181
f 115/33/113 993/27/891 710/34/638
f 114/36/112 994/25/892 993/27/891
f 993/27/891 992/26/890 711/37/639
f 6/38/6 184/40/182 995/28/893
f 184/40/182 183/3118/181 996/24/894
f 113/39/111 995/28/893 994/25/892
f 998/42/896 999/46/897 997/43/895
f 1001/45/899 997/43/895 999/46/897
f 1002/48/900 1003/44/901 997/43/895
f 715/49/643 998/42/896 185/50/183
f 715/49/643 714/56/642 999/46/897
f 998/42/896 1003/44/901 186/52/184
f 136/53/134 1000/47/898 713/54/641
f 135/55/133 1001/45/899 1000/47/898
f 1000/47/898 999/46/897 714/56/642
f 1/57/1 187/59/185 1002/48/900
f 187/59/185 186/52/184 1003/44/901
f 134/58/132 1002/48/900 1001/45/899
f 1006/60/904 1004/64/902 1010/61/908
f 1007/63/905 1008/66/906 1004/64/902
f 1009/65/907 1010/61/908 1004/64/902
f 718/67/646 1005/62/903 116/68/114
f 717/70/645 1006/60/904 1005/62/903
f 1005/62/903 1010/61/908 117/71/115
f 182/72/180 1007/63/905 716/73/644
f 183/74/181 1008/66/906 1007/63/905
f 716/73/644 1007/63/905 1006/60/904
f 6/75/6 118/77/116 1009/65/907
f 118/77/116 117/845/115 1010/61/908
f 184/76/182 1009/65/907 1008/66/906
f 1013/79/911 1011/83/909 1017/80/915
f 1014/82/912 1015/85/913 1011/83/909
f 1016/84/914 1017/80/915 1011/83/909
f 721/86/649 1012/81/910 119/87/117
f 720/89/648 1013/79/911 1012/81/910
f 1012/81/910 1017/80/915 120/90/118
f 188/91/186 1014/82/912 719/92/647
f 189/94/187 1015/85/913 1014/82/912
f 719/92/647 1014/82/912 1013/79/911
f 7/69/7 121/97/119 1016/84/914
f 121/97/119 120/90/118 1017/80/915
f 190/96/188 1016/84/914 1015/85/913
f 1019/99/917 1020/103/918 1018/100/916
f 1022/102/920 1018/100/916 1020/103/918
f 1023/105/921 1024/101/922 1018/100/916
f 724/106/652 1019/99/917 194/107/192
f 724/106/652 723/3119/651 1020/103/918
f 1019/99/917 1024/101/922 195/109/193
f 103/110/101 1021/104/919 722/111/650
f 102/112/100 1022/102/920 1021/104/919
f 1021/104/919 1020/103/918 723/113/651
f 2/114/2 196/116/194 1023/105/921
f 196/116/194 195/3120/193 1024/101/922
f 101/115/99 1023/105/921 1022/102/920
f 1026/117/924 1027/121/925 1025/118/923
f 1029/120/927 1025/118/923 1027/121/925
f 1030/123/928 1031/119/929 1025/118/923
f 727/124/655 1026/117/924 197/125/195
f 727/124/655 726/3121/654 1027/121/925
f 1026/117/924 1031/119/929 198/127/196
f 124/128/122 1028/122/926 725/129/653
f 123/130/121 1029/120/927 1028/122/926
f 1028/122/926 1027/121/925 726/131/654
f 9/132/9 199/134/197 1030/123/928
f 199/134/197 198/3122/196 1031/119/929
f 122/133/120 1030/123/928 1029/120/927
f 1033/135/931 1034/139/932 1032/136/930
f 1036/138/934 1032/136/930 1034/139/932
f 1037/141/935 1038/137/936 1032/136/930
f 730/142/658 1033/135/931 200/143/198
f 730/142/658 729/3123/657 1034/139/932
f 1033/135/931 1038/137/936 201/145/199
f 106/146/104 1035/140/933 728/147/656
f 105/148/103 1036/138/934 1035/140/933
f 1035/140/933 1034/139/932 729/149/657
f 3/150/3 202/152/200 1037/141/935
f 202/152/200 201/3124/199 1038/137/936
f 104/151/102 1037/141/935 1036/138/934
f 1041/153/939 1039/157/937 1045/154/943
f 1042/156/940 1043/159/941 1039/157/937
f 1044/158/942 1045/154/943 1039/157/937
f 733/160/661 1040/155/938 125/161/123
f 732/163/660 1041/153/939 1040/155/938
f 1040/155/938 1045/154/943 126/164/124
f 197/165/195 1042/156/940 731/166/659
f 198/167/196 1043/159/941 1042/156/940
f 731/166/659 1042/156/940 1041/153/939
f 9/132/9 127/169/125 1044/158/942
f 127/169/125 126/164/124 1045/154/943
f 199/168/197 1044/158/942 1043/159/941
f 1047/170/945 1048/174/946 1046/171/944
f 1050/173/948 1046/171/944 1048/174/946
f 1051/176/949 1052/172/950 1046/171/944
f 736/177/664 1047/170/945 206/178/204
f 736/177/664 735/184/663 1048/174/946
f 1047/170/945 1052/172/950 207/180/205
f 109/181/107 1049/175/947 734/182/662
f 108/183/106 1050/173/948 1049/175/947
f 1049/175/947 1048/174/946 735/184/663
f 4/185/4 208/187/206 1051/176/949
f 208/187/206 207/3125/205 1052/172/950
f 107/186/105 1051/176/949 1050/173/948
f 1054/188/952 1055/192/953 1053/189/951
f 1057/191/955 1053/189/951 1055/192/953
f 1058/194/956 1059/190/957 1053/189/951
f 739/195/667 1054/188/952 175/13/173
f 739/195/667 738/199/666 1055/192/953
f 1054/188/952 1059/190/957 174/16/172
f 130/196/128 1056/193/954 737/197/665
f 129/198/127 1057/191/955 1056/193/954
f 1056/193/954 1055/192/953 738/199/666
f 11/200/11 173/202/171 1058/194/956
f 173/202/171 174/21/172 1059/190/957
f 128/201/126 1058/194/956 1057/191/955
f 1061/203/959 1062/207/960 1060/204/958
f 1064/206/962 1060/204/958 1062/207/960
f 1065/209/963 1066/205/964 1060/204/958
f 742/210/670 1061/203/959 181/211/179
f 742/210/670 741/3126/669 1062/207/960
f 1061/203/959 1066/205/964 180/213/178
f 112/214/110 1063/208/961 740/215/668
f 111/216/109 1064/206/962 1063/208/961
f 1063/208/961 1062/207/960 741/217/669
f 5/35/5 179/219/177 1065/209/963
f 179/219/177 180/213/178 1066/205/964
f 110/218/108 1065/209/963 1064/206/962
f 1068/221/966 1069/225/967 1067/222/965
f 1071/224/969 1067/222/965 1069/225/967
f 1072/227/970 1073/223/971 1067/222/965
f 36/228/36 745/230/673 1068/221/966
f 745/230/673 744/2011/672 1069/225/967
f 248/229/246 1068/221/966 1073/223/971
f 169/232/167 1070/226/968 743/233/671
f 168/235/166 1071/224/969 1070/226/968
f 1070/226/968 1069/225/967 744/236/672
f 24/237/24 250/239/248 1072/227/970
f 250/239/248 249/3127/247 1073/223/971
f 167/238/165 1072/227/970 1071/224/969
f 1075/240/973 1076/244/974 1074/241/972
f 1078/243/976 1074/241/972 1076/244/974
f 1079/246/977 1080/242/978 1074/241/972
f 30/247/30 748/249/676 1075/240/973
f 748/249/676 747/3128/675 1076/244/974
f 254/248/252 1075/240/973 1080/242/978
f 151/251/149 1077/245/975 746/252/674
f 150/254/148 1078/243/976 1077/245/975
f 1077/245/975 1076/244/974 747/255/675
f 18/256/18 256/258/254 1079/246/977
f 256/258/254 255/250/253 1080/242/978
f 149/257/147 1079/246/977 1078/243/976
f 1082/260/980 1083/264/981 1081/261/979
f 1085/263/983 1081/261/979 1083/264/981
f 1086/266/984 1087/262/985 1081/261/979
f 25/267/25 751/269/679 1082/260/980
f 751/269/679 750/2034/678 1083/264/981
f 257/268/255 1082/260/980 1087/262/985
f 172/271/170 1084/265/982 749/272/677
f 171/273/169 1085/263/983 1084/265/982
f 1084/265/982 1083/264/981 750/274/678
f 13/275/13 259/277/257 1086/266/984
f 259/277/257 258/270/256 1087/262/985
f 170/276/168 1086/266/984 1085/263/983
f 1089/278/987 1090/282/988 1088/279/986
f 1092/281/990 1088/279/986 1090/282/988
f 1093/284/991 1094/280/992 1088/279/986
f 31/285/31 754/287/681 1089/278/987
f 754/287/681 753/2045/408 1090/282/988
f 260/286/258 1089/278/987 1094/280/992
f 154/289/152 1091/283/989 752/290/680
f 153/291/151 1092/281/990 1091/283/989
f 1091/283/989 1090/282/988 753/292/408
f 19/293/19 262/295/259 1093/284/991
f 262/295/259 261/3129/80 1094/280/992
f 152/294/150 1093/284/991 1092/281/990
f 1096/296/994 1097/300/995 1095/297/993
f 1099/299/997 1095/297/993 1097/300/995
f 1100/302/998 1101/298/999 1095/297/993
f 32/303/32 757/305/683 1096/296/994
f 757/305/683 756/3130/384 1097/300/995
f 263/304/260 1096/296/994 1101/298/999
f 157/307/155 1098/301/996 755/308/682
f 156/309/154 1099/299/997 1098/301/996
f 1098/301/996 1097/300/995 756/310/384
f 20/311/20 265/313/261 1100/302/998
f 265/313/261 264/2085/78 1101/298/999
f 155/312/153 1100/302/998 1099/299/997
f 1103/315/1001 1104/319/1002 1102/316/1000
f 1106/318/1004 1102/316/1000 1104/319/1002
f 1107/321/1005 1108/317/1006 1102/316/1000
f 26/322/26 760/324/685 1103/315/1001
f 760/324/685 759/329/399 1104/319/1002
f 266/323/262 1103/315/1001 1108/317/1006
f 139/326/137 1105/320/1003 758/327/684
f 138/328/136 1106/318/1004 1105/320/1003
f 1105/320/1003 1104/319/1002 759/329/399
f 14/330/14 268/332/263 1107/321/1005
f 268/332/263 267/325/77 1108/317/1006
f 137/331/135 1107/321/1005 1106/318/1004
f 1110/334/1008 1111/338/1009 1109/335/1007
f 1113/337/1011 1109/335/1007 1111/338/1009
f 1114/340/1012 1115/336/1013 1109/335/1007
f 33/341/33 763/343/687 1110/334/1008
f 763/343/687 762/3131/348 1111/338/1009
f 269/342/264 1110/334/1008 1115/336/1013
f 160/345/158 1112/339/1010 761/346/686
f 159/347/157 1113/337/1011 1112/339/1010
f 1112/339/1010 1111/338/1009 762/348/348
f 21/349/21 271/351/266 1114/340/1012
f 271/351/266 270/344/265 1115/336/1013
f 158/350/156 1114/340/1012 1113/337/1011
f 1117/352/1015 1118/356/1016 1116/353/1014
f 1120/355/1018 1116/353/1014 1118/356/1016
f 1121/358/1019 1122/354/1020 1116/353/1014
f 27/359/27 766/361/689 1117/352/1015
f 766/361/689 765/3132/369 1118/356/1016
f 272/360/267 1117/352/1015 1122/354/1020
f 142/363/140 1119/357/1017 764/364/688
f 141/365/139 1120/355/1018 1119/357/1017
f 1119/357/1017 1118/356/1016 765/366/369
f 15/367/15 274/369/268 1121/358/1019
f 274/369/268 273/2120/76 1122/354/1020
f 140/368/138 1121/358/1019 1120/355/1018
f 1124/370/1022 1125/374/1023 1123/371/1021
f 1127/373/1025 1123/371/1021 1125/374/1023
f 1128/376/1026 1129/372/1027 1123/371/1021
f 34/377/34 769/379/692 1124/370/1022
f 769/379/692 768/2106/691 1125/374/1023
f 275/378/269 1124/370/1022 1129/372/1027
f 163/381/161 1126/375/1024 767/382/690
f 162/383/160 1127/373/1025 1126/375/1024
f 1126/375/1024 1125/374/1023 768/384/691
f 22/385/22 277/387/271 1128/376/1026
f 277/387/271 276/380/270 1129/372/1027
f 161/386/159 1128/376/1026 1127/373/1025
f 1131/389/1029 1132/393/1030 1130/390/1028
f 1134/392/1032 1130/390/1028 1132/393/1030
f 1135/395/1033 1136/391/1034 1130/390/1028
f 28/396/28 772/398/694 1131/389/1029
f 772/398/694 771/3133/633 1132/393/1030
f 278/397/272 1131/389/1029 1136/391/1034
f 145/400/143 1133/394/1031 770/401/693
f 144/402/142 1134/392/1032 1133/394/1031
f 1133/394/1031 1132/393/1030 771/403/633
f 16/404/16 280/406/274 1135/395/1033
f 280/406/274 279/3134/273 1136/391/1034
f 143/405/141 1135/395/1033 1134/392/1032
f 1138/408/1036 1139/412/1037 1137/409/1035
f 1141/411/1039 1137/409/1035 1139/412/1037
f 1142/414/1040 1143/410/1041 1137/409/1035
f 35/415/35 775/417/697 1138/408/1036
f 775/417/697 774/3135/696 1139/412/1037
f 247/416/245 1138/408/1036 1143/410/1041
f 166/419/164 1140/413/1038 773/420/695
f 165/421/163 1141/411/1039 1140/413/1038
f 1140/413/1038 1139/412/1037 774/422/696
f 23/234/23 245/424/243 1142/414/1040
f 245/424/243 246/3136/244 1143/410/1041
f 164/423/162 1142/414/1040 1141/411/1039
f 1145/425/1043 1146/429/1044 1144/426/1042
f 1148/428/1046 1144/426/1042 1146/429/1044
f 1149/431/1047 1150/427/1048 1144/426/1042
f 29/432/29 778/434/700 1145/425/1043
f 778/434/700 777/439/699 1146/429/1044
f 253/433/251 1145/425/1043 1150/427/1048
f 148/436/146 1147/430/1045 776/437/698
f 147/438/145 1148/428/1046 1147/430/1045
f 1147/430/1045 1146/429/1044 777/439/699
f 17/253/17 251/441/249 1149/431/1047
f 251/441/249 252/3137/250 1150/427/1048
f 146/440/144 1149/431/1047 1148/428/1046
f 1152/442/1050 1153/446/1051 1151/443/1049
f 1155/445/1053 1151/443/1049 1153/446/1051
f 1156/448/1054 1157/444/1055 1151/443/1049
f 781/449/703 1152/442/1050 320/450/314
f 781/449/703 780/456/702 1153/446/1051
f 1152/442/1050 1157/444/1055 321/452/315
f 244/453/242 1154/447/1052 779/454/701
f 243/455/241 1155/445/1053 1154/447/1052
f 1154/447/1052 1153/446/1051 780/456/702
f 25/267/25 322/458/316 1156/448/1054
f 322/458/316 321/2201/315 1157/444/1055
f 242/457/240 1156/448/1054 1155/445/1053
f 1159/459/1057 1160/463/1058 1158/460/1056
f 1162/462/1060 1158/460/1056 1160/463/1058
f 1163/465/1061 1164/461/1062 1158/460/1056
f 43/466/43 784/468/706 1159/459/1057
f 784/468/706 783/3138/705 1160/463/1058
f 326/467/320 1159/459/1057 1164/461/1062
f 226/470/224 1161/464/1059 782/471/704
f 225/472/223 1162/462/1060 1161/464/1059
f 1161/464/1059 1160/463/1058 783/473/705
f 31/474/31 328/476/322 1163/465/1061
f 328/476/322 327/469/321 1164/461/1062
f 224/475/222 1163/465/1061 1162/462/1060
f 1167/477/1065 1165/481/1063 1171/478/1069
f 1168/480/1066 1169/483/1067 1165/481/1063
f 1170/482/1068 1171/478/1069 1165/481/1063
f 787/484/709 1166/479/1064 227/485/225
f 786/486/708 1167/477/1065 1166/479/1064
f 1166/479/1064 1171/478/1069 228/487/226
f 43/466/43 326/489/320 1168/480/1066
f 326/489/320 327/3139/321 1169/483/1067
f 785/488/707 1168/480/1066 1167/477/1065
f 31/491/31 229/492/227 1170/482/1068
f 229/492/227 228/487/226 1171/478/1069
f 328/476/322 1170/482/1068 1169/483/1067
f 1173/493/1071 1174/497/1072 1172/494/1070
f 1176/496/1074 1172/494/1070 1174/497/1072
f 1177/499/1075 1178/495/1076 1172/494/1070
f 790/500/712 1173/493/1071 332/501/326
f 790/500/712 789/3140/711 1174/497/1072
f 1173/493/1071 1178/495/1076 333/503/327
f 211/504/209 1175/498/1073 788/505/710
f 210/506/208 1176/496/1074 1175/498/1073
f 1175/498/1073 1174/497/1072 789/507/711
f 26/322/26 334/509/328 1177/499/1075
f 334/509/328 333/3141/327 1178/495/1076
f 209/508/207 1177/499/1075 1176/496/1074
f 1181/511/1079 1179/515/1077 1185/512/1083
f 1182/514/1080 1183/517/1081 1179/515/1077
f 1184/516/1082 1185/512/1083 1179/515/1077
f 793/518/715 1180/513/1078 230/519/228
f 792/520/714 1181/511/1079 1180/513/1078
f 1180/513/1078 1185/512/1083 231/521/229
f 329/522/323 1182/514/1080 791/523/713
f 330/525/324 1183/517/1081 1182/514/1080
f 791/523/713 1182/514/1080 1181/511/1079
f 32/303/32 232/528/230 1184/516/1082
f 232/528/230 231/521/229 1185/512/1083
f 331/527/325 1184/516/1082 1183/517/1081
f 1187/530/1085 1188/534/1086 1186/531/1084
f 1190/533/1088 1186/531/1084 1188/534/1086
f 1191/536/1089 1192/532/1090 1186/531/1084
f 39/537/39 796/539/718 1187/530/1085
f 796/539/718 795/544/717 1188/534/1086
f 338/538/332 1187/530/1085 1192/532/1090
f 214/541/212 1189/535/1087 794/542/716
f 213/543/211 1190/533/1088 1189/535/1087
f 1189/535/1087 1188/534/1086 795/544/717
f 27/545/27 340/547/334 1191/536/1089
f 340/547/334 339/3142/333 1192/532/1090
f 212/546/210 1191/536/1089 1190/533/1088
f 1194/549/1092 1195/553/1093 1193/550/1091
f 1197/552/1095 1193/550/1091 1195/553/1093
f 1198/555/1096 1199/551/1097 1193/550/1091
f 799/556/721 1194/549/1092 341/557/335
f 799/556/721 798/563/720 1195/553/1093
f 1194/549/1092 1199/551/1097 342/559/336
f 235/560/233 1196/554/1094 797/561/719
f 234/562/232 1197/552/1095 1196/554/1094
f 1196/554/1094 1195/553/1093 798/563/720
f 34/377/34 343/565/337 1198/555/1096
f 343/565/337 342/3143/336 1199/551/1097
f 233/564/231 1198/555/1096 1197/552/1095
f 1202/566/1100 1200/570/1098 1206/567/1104
f 1203/569/1101 1204/572/1102 1200/570/1098
f 1205/571/1103 1206/567/1104 1200/570/1098
f 802/573/724 1201/568/1099 215/574/213
f 801/575/723 1202/566/1100 1201/568/1099
f 1201/568/1099 1206/567/1104 216/576/214
f 39/537/39 338/578/332 1203/569/1101
f 338/578/332 339/581/333 1204/572/1102
f 800/577/722 1203/569/1101 1202/566/1100
f 27/545/27 217/580/215 1205/571/1103
f 217/580/215 216/576/214 1206/567/1104
f 340/547/334 1205/571/1103 1204/572/1102
f 1208/582/1106 1209/586/1107 1207/583/1105
f 1211/585/1109 1207/583/1105 1209/586/1107
f 1212/588/1110 1213/584/1111 1207/583/1105
f 805/589/727 1208/582/1106 347/590/341
f 805/589/727 804/3144/726 1209/586/1107
f 1208/582/1106 1213/584/1111 348/592/342
f 238/593/236 1210/587/1108 803/594/725
f 237/595/235 1211/585/1109 1210/587/1108
f 1210/587/1108 1209/586/1107 804/596/726
f 35/415/35 349/598/343 1212/588/1110
f 349/598/343 348/3145/342 1213/584/1111
f 236/597/234 1212/588/1110 1211/585/1109
f 1215/599/1113 1216/603/1114 1214/600/1112
f 1218/602/1116 1214/600/1112 1216/603/1114
f 1219/605/1117 1220/601/1118 1214/600/1112
f 41/606/41 808/608/730 1215/599/1113
f 808/608/730 807/613/729 1216/603/1114
f 350/607/344 1215/599/1113 1220/601/1118
f 220/610/218 1217/604/1115 806/611/728
f 219/612/217 1218/602/1116 1217/604/1115
f 1217/604/1115 1216/603/1114 807/613/729
f 29/614/29 352/616/346 1219/605/1117
f 352/616/346 351/3146/345 1220/601/1118
f 218/615/216 1219/605/1117 1218/602/1116
f 1222/617/1120 1223/621/1121 1221/618/1119
f 1225/620/1123 1221/618/1119 1223/621/1121
f 1226/623/1124 1227/619/1125 1221/618/1119
f 811/624/733 1222/617/1120 319/625/313
f 811/624/733 810/631/732 1223/621/1121
f 1222/617/1120 1227/619/1125 318/627/312
f 241/628/239 1224/622/1122 809/629/731
f 240/630/238 1225/620/1123 1224/622/1122
f 1224/622/1122 1223/621/1121 810/631/732
f 36/228/36 317/633/311 1226/623/1124
f 317/633/311 318/627/312 1227/619/1125
f 239/632/237 1226/623/1124 1225/620/1123
f 1230/634/1128 1228/638/1126 1234/635/1132
f 1231/637/1129 1232/640/1130 1228/638/1126
f 1233/639/1131 1234/635/1132 1228/638/1126
f 814/641/736 1229/636/1127 221/642/219
f 813/643/735 1230/634/1128 1229/636/1127
f 1229/636/1127 1234/635/1132 222/644/220
f 41/606/41 350/646/344 1231/637/1129
f 350/646/344 351/649/345 1232/640/1130
f 812/645/734 1231/637/1129 1230/634/1128
f 29/614/29 223/648/221 1233/639/1131
f 223/648/221 222/644/220 1234/635/1132
f 352/616/346 1233/639/1131 1232/640/1130
f 1236/650/49 1237/654/49 1235/651/49
f 1239/653/49 1235/651/49 1237/654/49
f 1240/656/49 1241/652/49 1235/651/49
f 50/657/49 817/659/49 1236/650/49
f 817/659/49 816/3147/49 1237/654/49
f 1236/650/49 1241/652/49 372/660/49
f 364/661/49 1238/655/49 815/662/49
f 363/663/49 1239/653/49 1238/655/49
f 1238/655/49 1237/654/49 816/664/49
f 49/665/49 371/667/49 1240/656/49
f 371/667/49 372/660/49 1241/652/49
f 362/666/49 1240/656/49 1239/653/49
f 1243/669/49 1244/673/49 1242/670/49
f 1246/672/49 1242/670/49 1244/673/49
f 1247/675/49 1248/671/49 1242/670/49
f 50/657/49 820/677/49 1243/669/49
f 820/677/49 819/3148/49 1244/673/49
f 1243/669/49 1248/671/49 375/678/49
f 370/679/49 1245/674/49 818/680/49
f 369/681/49 1246/672/49 1245/674/49
f 1245/674/49 1244/673/49 819/682/49
f 51/683/49 374/685/49 1247/675/49
f 374/685/49 375/3149/49 1248/671/49
f 368/684/49 1247/675/49 1246/672/49
f 1251/687/49 1249/691/49 1255/688/49
f 1252/690/49 1253/693/49 1249/691/49
f 1254/692/49 1255/688/49 1249/691/49
f 823/694/49 1250/689/49 355/695/49
f 822/696/49 1251/687/49 1250/689/49
f 1250/689/49 1255/688/49 354/697/49
f 50/657/49 373/700/49 1252/690/49
f 372/699/49 1253/693/49 1252/690/49
f 821/698/49 1252/690/49 1251/687/49
f 49/665/49 353/702/49 1254/692/49
f 353/702/49 354/3150/49 1255/688/49
f 371/667/49 1254/692/49 1253/693/49
f 1258/703/49 1256/707/49 1262/704/49
f 1259/706/49 1260/709/49 1256/707/49
f 1261/708/49 1262/704/49 1256/707/49
f 826/710/49 1257/705/49 361/711/49
f 825/713/49 1258/703/49 1257/705/49
f 1257/705/49 1262/704/49 360/714/49
f 50/657/49 376/717/49 1259/706/49
f 375/716/49 1260/709/49 1259/706/49
f 824/715/49 1259/706/49 1258/703/49
f 51/683/49 359/720/49 1261/708/49
f 359/720/49 360/3151/49 1262/704/49
f 374/719/49 1261/708/49 1260/709/49
f 1264/722/49 1265/726/49 1263/723/49
f 1267/725/49 1263/723/49 1265/726/49
f 1268/728/49 1269/724/49 1263/723/49
f 51/683/49 829/730/49 1264/722/49
f 829/730/49 828/736/49 1265/726/49
f 1264/722/49 1269/724/49 378/731/49
f 289/732/283 1266/727/49 827/733/49
f 288/735/282 1267/725/49 1266/727/49
f 1266/727/49 1265/726/49 828/736/49
f 40/737/40 377/739/49 1268/728/49
f 377/739/49 378/731/49 1269/724/49
f 287/738/281 1268/728/49 1267/725/49
f 1272/741/49 1270/745/49 1276/742/49
f 1273/744/49 1274/747/49 1270/745/49
f 1275/746/49 1276/742/49 1270/745/49
f 832/748/49 1271/743/49 359/749/49
f 831/750/49 1272/741/49 1271/743/49
f 1271/743/49 1276/742/49 360/714/49
f 41/751/41 295/753/289 1273/744/49
f 295/753/289 294/757/288 1274/747/49
f 830/752/49 1273/744/49 1272/741/49
f 361/755/49 1275/746/49 293/756/287
f 361/755/49 360/3152/49 1276/742/49
f 1275/746/49 1274/747/49 294/757/288
f 1279/758/49 1277/762/49 1283/759/49
f 1280/761/49 1281/764/49 1277/762/49
f 1282/763/49 1283/759/49 1277/762/49
f 835/765/49 1278/760/49 353/702/49
f 834/766/49 1279/758/49 1278/760/49
f 1278/760/49 1283/759/49 354/697/49
f 47/767/47 313/769/307 1280/761/49
f 313/769/307 312/772/306 1281/764/49
f 833/768/49 1280/761/49 1279/758/49
f 355/695/49 1282/763/49 311/771/305
f 355/695/49 354/3153/49 1283/759/49
f 1282/763/49 1281/764/49 312/772/306
f 1285/773/49 1286/777/49 1284/774/49
f 1288/776/49 1284/774/49 1286/777/49
f 1289/779/49 1290/775/49 1284/774/49
f 49/665/49 838/781/49 1285/773/49
f 838/781/49 837/3154/49 1286/777/49
f 1285/773/49 1290/775/49 381/782/49
f 307/783/301 1287/778/49 836/784/49
f 306/786/300 1288/776/49 1287/778/49
f 1287/778/49 1286/777/49 837/787/49
f 46/788/46 380/790/49 1289/779/49
f 380/790/49 381/2401/49 1290/775/49
f 305/789/299 1289/779/49 1288/776/49
f 1292/791/50 1293/795/50 1291/792/50
f 1295/794/50 1291/792/50 1293/795/50
f 1296/797/50 1297/793/50 1291/792/50
f 11/18/11 391/798/50 1292/791/50
f 391/798/50 390/946/50 1293/795/50
f 133/20/131 1292/791/50 1297/793/50
f 388/800/50 1294/796/50 389/801/50
f 387/803/50 1295/794/50 1294/796/50
f 1294/796/50 1293/795/50 390/804/50
f 12/805/12 131/9/129 1296/797/50
f 131/9/129 132/12/130 1297/793/50
f 386/806/50 1296/797/50 1295/794/50
f 1299/808/50 1300/812/50 1298/809/50
f 1302/811/50 1298/809/50 1300/812/50
f 1303/814/50 1304/810/50 1298/809/50
f 5/815/5 397/816/50 1299/808/50
f 397/816/50 396/3155/50 1300/812/50
f 115/33/113 1299/808/50 1304/810/50
f 394/817/50 1301/813/50 395/818/50
f 393/819/50 1302/811/50 1301/813/50
f 1301/813/50 1300/812/50 396/820/50
f 6/38/6 113/39/111 1303/814/50
f 113/39/111 114/41/112 1304/810/50
f 392/821/50 1303/814/50 1302/811/50
f 1306/823/50 1307/827/50 1305/824/50
f 1309/826/50 1305/824/50 1307/827/50
f 1310/829/50 1311/825/50 1305/824/50
f 12/830/12 386/831/50 1306/823/50
f 386/831/50 387/3156/50 1307/827/50
f 136/53/134 1306/823/50 1311/825/50
f 400/832/50 1308/828/50 388/833/50
f 399/834/50 1309/826/50 1308/828/50
f 1308/828/50 1307/827/50 387/835/50
f 1/57/1 134/58/132 1310/829/50
f 134/58/132 135/55/133 1311/825/50
f 398/836/50 1310/829/50 1309/826/50
f 1313/837/50 1314/841/50 1312/838/50
f 1316/840/50 1312/838/50 1314/841/50
f 1317/843/50 1318/839/50 1312/838/50
f 6/75/6 392/844/50 1313/837/50
f 392/844/50 393/3157/50 1314/841/50
f 118/77/116 1313/837/50 1318/839/50
f 403/846/50 1315/842/50 394/847/50
f 402/848/50 1316/840/50 1315/842/50
f 1315/842/50 1314/841/50 393/849/50
f 7/850/7 116/68/114 1317/843/50
f 116/68/114 117/71/115 1318/839/50
f 401/851/50 1317/843/50 1316/840/50
f 1320/853/50 1321/857/50 1319/854/50
f 1323/856/50 1319/854/50 1321/857/50
f 1324/859/50 1325/855/50 1319/854/50
f 7/850/7 401/851/50 1320/853/50
f 401/851/50 402/848/50 1321/857/50
f 121/97/119 1320/853/50 1325/855/50
f 406/860/50 1322/858/50 403/861/50
f 405/862/50 1323/856/50 1322/858/50
f 1322/858/50 1321/857/50 402/863/50
f 8/864/8 119/87/117 1324/859/50
f 119/87/117 120/90/118 1325/855/50
f 404/865/50 1324/859/50 1323/856/50
f 1327/867/50 1328/871/50 1326/868/50
f 1330/870/50 1326/868/50 1328/871/50
f 1331/873/50 1332/869/50 1326/868/50
f 1/57/1 398/874/50 1327/867/50
f 398/874/50 399/834/50 1328/871/50
f 103/110/101 1327/867/50 1332/869/50
f 385/875/50 1329/872/50 400/876/50
f 384/877/50 1330/870/50 1329/872/50
f 1329/872/50 1328/871/50 399/878/50
f 2/879/2 101/115/99 1331/873/50
f 101/115/99 102/112/100 1332/869/50
f 383/880/50 1331/873/50 1330/870/50
f 1334/882/50 1335/886/50 1333/883/50
f 1337/885/50 1333/883/50 1335/886/50
f 1338/888/50 1339/884/50 1333/883/50
f 8/889/8 404/890/50 1334/882/50
f 404/890/50 405/862/50 1335/886/50
f 124/128/122 1334/882/50 1339/884/50
f 409/891/50 1336/887/50 406/892/50
f 408/893/50 1337/885/50 1336/887/50
f 1336/887/50 1335/886/50 405/862/50
f 9/132/9 122/133/120 1338/888/50
f 122/133/120 123/130/121 1339/884/50
f 407/894/50 1338/888/50 1337/885/50
f 1341/896/50 1342/900/50 1340/897/50
f 1344/899/50 1340/897/50 1342/900/50
f 1345/902/50 1346/898/50 1340/897/50
f 2/879/2 383/903/50 1341/896/50
f 383/903/50 384/881/50 1342/900/50
f 106/146/104 1341/896/50 1346/898/50
f 412/904/50 1343/901/50 385/905/50
f 411/906/50 1344/899/50 1343/901/50
f 1343/901/50 1342/900/50 384/877/50
f 3/907/3 104/151/102 1345/902/50
f 104/151/102 105/148/103 1346/898/50
f 410/908/50 1345/902/50 1344/899/50
f 1348/910/50 1349/914/50 1347/911/50
f 1351/913/50 1347/911/50 1349/914/50
f 1352/916/50 1353/912/50 1347/911/50
f 9/132/9 407/917/50 1348/910/50
f 407/917/50 408/3158/50 1349/914/50
f 127/169/125 1348/910/50 1353/912/50
f 415/918/50 1350/915/50 409/891/50
f 414/919/50 1351/913/50 1350/915/50
f 1350/915/50 1349/914/50 408/893/50
f 10/920/10 125/161/123 1352/916/50
f 125/161/123 126/164/124 1353/912/50
f 413/921/50 1352/916/50 1351/913/50
f 1355/923/50 1356/927/50 1354/924/50
f 1358/926/50 1354/924/50 1356/927/50
f 1359/929/50 1360/925/50 1354/924/50
f 3/930/3 410/931/50 1355/923/50
f 410/931/50 411/3159/50 1356/927/50
f 109/181/107 1355/923/50 1360/925/50
f 418/932/50 1357/928/50 412/933/50
f 417/934/50 1358/926/50 1357/928/50
f 1357/928/50 1356/927/50 411/906/50
f 4/935/4 107/186/105 1359/929/50
f 107/186/105 108/183/106 1360/925/50
f 416/936/50 1359/929/50 1358/926/50
f 1362/937/50 1363/941/50 1361/938/50
f 1365/940/50 1361/938/50 1363/941/50
f 1366/943/50 1367/939/50 1361/938/50
f 10/920/10 413/944/50 1362/937/50
f 413/944/50 414/3160/50 1363/941/50
f 130/196/128 1362/937/50 1367/939/50
f 389/801/50 1364/942/50 415/945/50
f 390/946/50 1365/940/50 1364/942/50
f 1364/942/50 1363/941/50 414/922/50
f 11/200/11 128/201/126 1366/943/50
f 128/201/126 129/198/127 1367/939/50
f 391/947/50 1366/943/50 1365/940/50
f 1369/948/50 1370/952/50 1368/949/50
f 1372/951/50 1368/949/50 1370/952/50
f 1373/954/50 1374/950/50 1368/949/50
f 4/955/4 416/956/50 1369/948/50
f 416/956/50 417/934/50 1370/952/50
f 112/214/110 1369/948/50 1374/950/50
f 395/957/50 1371/953/50 418/958/50
f 396/820/50 1372/951/50 1371/953/50
f 1371/953/50 1370/952/50 417/934/50
f 5/959/5 110/218/108 1373/954/50
f 110/218/108 111/220/109 1374/950/50
f 397/960/50 1373/954/50 1372/951/50
f 1712/1816/1470 1713/1820/1471 1711/1817/1469
f 1714/1819/1472 1715/1821/1473 1711/1817/1469
f 1717/1818/1475 1711/1817/1469 1715/1821/1473
f 178/1823/176 1712/1816/1470 709/1824/637
f 178/1823/176 177/3207/175 1713/1820/1471
f 709/1824/637 1712/1816/1470 1717/1818/1475
f 24/1826/24 167/1828/165 1714/1819/1472
f 167/1828/165 168/1831/166 1715/1821/1473
f 176/1827/174 1714/1819/1472 1713/1820/1471
f 707/14/635 1716/1822/1474 169/1830/167
f 708/17/636 1717/1818/1475 1716/1822/1474
f 1716/1822/1474 1715/1821/1473 168/1831/166
f 1720/1832/1478 1718/1836/1476 1724/1833/1482
f 1721/1835/1479 1722/1838/1480 1718/1836/1476
f 1723/1837/1481 1724/1833/1482 1718/1836/1476
f 149/1839/147 1719/1834/1477 712/1840/640
f 150/1841/148 1720/1832/1478 1719/1834/1477
f 1719/1834/1477 1724/1833/1482 711/1842/639
f 17/212/17 181/1844/179 1721/1835/1479
f 181/1844/179 180/3208/178 1722/1838/1480
f 151/1843/149 1721/1835/1479 1720/1832/1478
f 710/1845/638 1723/1837/1481 179/219/177
f 710/1845/638 711/1842/639 1724/1833/1482
f 1723/1837/1481 1722/1838/1480 180/213/178
f 1727/1846/1485 1725/1850/1483 1731/1847/1489
f 1728/1849/1486 1729/1852/1487 1725/1850/1483
f 1730/1851/1488 1731/1847/1489 1725/1850/1483
f 170/1853/168 1726/1848/1484 715/1854/643
f 171/1855/169 1727/1846/1485 1726/1848/1484
f 1726/1848/1484 1731/1847/1489 714/56/642
f 24/1826/24 176/1857/174 1728/1849/1486
f 176/1857/174 177/3209/175 1729/1852/1487
f 172/1856/170 1728/1849/1486 1727/1846/1485
f 713/1859/641 1730/1851/1488 178/1860/176
f 713/1859/641 714/56/642 1731/1847/1489
f 178/1860/176 1730/1851/1488 1729/1852/1487
f 1733/1862/1491 1734/1866/1492 1732/1863/1490
f 1735/1865/1493 1736/1867/1494 1732/1863/1490
f 1738/1864/1496 1732/1863/1490 1736/1867/1494
f 190/1869/188 1733/1862/1491 718/1870/646
f 189/1871/187 1734/1866/1492 1733/1862/1491
f 718/1870/646 1733/1862/1491 1738/1864/1496
f 19/93/19 152/1872/150 1735/1865/1493
f 152/1872/150 153/1875/151 1736/1867/1494
f 188/91/186 1735/1865/1493 1734/1866/1492
f 716/1873/644 1737/1868/1495 154/1874/152
f 717/70/645 1738/1864/1496 1737/1868/1495
f 1737/1868/1495 1736/1867/1494 153/1875/151
f 1740/1876/1498 1741/1880/1499 1739/1877/1497
f 1742/1879/1500 1743/1881/1501 1739/1877/1497
f 1745/1878/1503 1739/1877/1497 1743/1881/1501
f 193/1883/191 1740/1876/1498 721/1884/649
f 193/1883/191 192/3210/190 1741/1880/1499
f 721/1884/649 1740/1876/1498 1745/1878/1503
f 20/1886/20 155/1888/153 1742/1879/1500
f 155/1888/153 156/1893/154 1743/1881/1501
f 191/1887/189 1742/1879/1500 1741/1880/1499
f 719/1890/647 1744/1882/1502 157/1891/155
f 720/1892/648 1745/1878/1503 1744/1882/1502
f 1744/1882/1502 1743/1881/1501 156/1893/154
f 1748/1894/1506 1746/1898/1504 1752/1895/1510
f 1749/1897/1507 1750/1900/1508 1746/1898/1504
f 1751/1899/1509 1752/1895/1510 1746/1898/1504
f 137/1901/135 1747/1896/1505 724/1902/652
f 138/1903/136 1748/1894/1506 1747/1896/1505
f 1747/1896/1505 1752/1895/1510 723/1904/651
f 13/51/13 185/1906/183 1749/1897/1507
f 185/1906/183 186/52/184 1750/1900/1508
f 139/1905/137 1749/1897/1507 1748/1894/1506
f 722/1907/650 1751/1899/1509 187/1908/185
f 722/1907/650 723/1904/651 1752/1895/1510
f 1751/1899/1509 1750/1900/1508 186/1909/184
f 1755/1910/1513 1753/1914/1511 1759/1911/1517
f 1756/1913/1514 1757/1916/1515 1753/1914/1511
f 1758/1915/1516 1759/1911/1517 1753/1914/1511
f 158/1917/156 1754/1912/1512 727/124/655
f 159/1918/157 1755/1910/1513 1754/1912/1512
f 1754/1912/1512 1759/1911/1517 726/1919/654
f 20/1886/20 191/1921/189 1756/1913/1514
f 191/1921/189 192/3210/190 1757/1916/1515
f 160/1920/158 1756/1913/1514 1755/1910/1513
f 725/1922/653 1758/1915/1516 193/1923/191
f 725/1922/653 726/131/654 1759/1911/1517
f 193/1923/191 1758/1915/1516 1757/1916/1515
f 1762/1925/1520 1760/1929/1518 1766/1926/1524
f 1763/1928/1521 1764/1931/1522 1760/1929/1518
f 1765/1930/1523 1766/1926/1524 1760/1929/1518
f 140/1932/138 1761/1927/1519 730/1933/658
f 141/1934/139 1762/1925/1520 1761/1927/1519
f 1761/1927/1519 1766/1926/1524 729/1935/657
f 14/108/14 194/1937/192 1763/1928/1521
f 194/1937/192 195/109/193 1764/1931/1522
f 142/1936/140 1763/1928/1521 1762/1925/1520
f 728/1939/656 1765/1930/1523 196/116/194
f 728/1939/656 729/149/657 1766/1926/1524
f 1765/1930/1523 1764/1931/1522 195/109/193
f 1768/1940/1526 1769/1944/1527 1767/1941/1525
f 1770/1943/1528 1771/1945/1529 1767/1941/1525
f 1773/1942/1531 1767/1941/1525 1771/1945/1529
f 205/1947/203 1768/1940/1526 733/1948/661
f 205/1947/203 204/1952/202 1769/1944/1527
f 733/1948/661 1768/1940/1526 1773/1942/1531
f 22/1949/22 161/1951/159 1770/1943/1528
f 161/1951/159 162/1956/160 1771/1945/1529
f 203/1950/201 1770/1943/1528 1769/1944/1527
f 731/1953/659 1772/1946/1530 163/1954/161
f 732/1955/660 1773/1942/1531 1772/1946/1530
f 1772/1946/1530 1771/1945/1529 162/1956/160
f 1776/1957/1534 1774/1961/1532 1780/1958/1538
f 1777/1960/1535 1778/1963/1536 1774/1961/1532
f 1779/1962/1537 1780/1958/1538 1774/1961/1532
f 143/1964/141 1775/1959/1533 736/177/664
f 144/1965/142 1776/1957/1534 1775/1959/1533
f 1775/1959/1533 1780/1958/1538 735/1966/663
f 15/144/15 200/1968/198 1777/1960/1535
f 200/1968/198 201/1971/199 1778/1963/1536
f 145/1967/143 1777/1960/1535 1776/1957/1534
f 734/1969/662 1779/1962/1537 202/1970/200
f 734/1969/662 735/3211/663 1780/1958/1538
f 1779/1962/1537 1778/1963/1536 201/1971/199
f 1783/1972/1541 1781/1976/1539 1787/1973/1545
f 1784/1975/1542 1785/1978/1543 1781/1976/1539
f 1786/1977/1544 1787/1973/1545 1781/1976/1539
f 164/1979/162 1782/1974/1540 739/1980/667
f 165/1981/163 1783/1972/1541 1782/1974/1540
f 1782/1974/1540 1787/1973/1545 738/1982/666
f 22/1949/22 203/1950/201 1784/1975/1542
f 203/1950/201 204/3212/202 1785/1978/1543
f 166/1983/164 1784/1975/1542 1783/1972/1541
f 737/1984/665 1786/1977/1544 205/1947/203
f 737/1984/665 738/3213/666 1787/1973/1545
f 205/1947/203 1786/1977/1544 1785/1978/1543
f 1790/1986/1548 1788/1990/1546 1794/1987/1552
f 1791/1989/1549 1792/1992/1550 1788/1990/1546
f 1793/1991/1551 1794/1987/1552 1788/1990/1546
f 146/1993/144 1789/1988/1547 742/1994/670
f 147/1995/145 1790/1986/1548 1789/1988/1547
f 1789/1988/1547 1794/1987/1552 741/1996/669
f 16/179/16 206/1998/204 1791/1989/1549
f 206/1998/204 207/3214/205 1792/1992/1550
f 148/1997/146 1791/1989/1549 1790/1986/1548
f 740/2000/668 1793/1991/1551 208/2001/206
f 740/2000/668 741/217/669 1794/1987/1552
f 1793/1991/1551 1792/1992/1550 207/2002/205
f 1797/2003/1555 1795/2007/1553 1801/2004/1559
f 1798/2006/1556 1799/2009/1557 1795/2007/1553
f 1800/2008/1558 1801/2004/1559 1795/2007/1553
f 239/632/237 1796/2005/1554 745/2010/673
f 240/630/238 1797/2003/1555 1796/2005/1554
f 1796/2005/1554 1801/2004/1559 744/2011/672
f 35/415/35 247/2012/245 1798/2006/1556
f 247/2012/245 246/3215/244 1799/2009/1557
f 241/628/239 1798/2006/1556 1797/2003/1555
f 23/234/23 743/233/671 1800/2008/1558
f 743/233/671 744/3216/672 1801/2004/1559
f 245/424/243 1800/2008/1558 1799/2009/1557
f 1804/2014/1562 1802/2018/1560 1808/2015/1566
f 1805/2017/1563 1806/2020/1564 1802/2018/1560
f 1807/2019/1565 1808/2015/1566 1802/2018/1560
f 221/642/219 1803/2016/1561 748/2021/676
f 222/644/220 1804/2014/1562 1803/2016/1561
f 1803/2016/1561 1808/2015/1566 747/2022/675
f 29/432/29 253/2023/251 1805/2017/1563
f 253/2023/251 252/3217/250 1806/2020/1564
f 223/648/221 1805/2017/1563 1804/2014/1562
f 17/253/17 746/2025/674 1807/2019/1565
f 746/2025/674 747/3218/675 1808/2015/1566
f 251/2024/249 1807/2019/1565 1806/2020/1564
f 1811/2027/1569 1809/2031/1567 1815/2028/1573
f 1812/2030/1570 1813/2033/1571 1809/2031/1567
f 1814/2032/1572 1815/2028/1573 1809/2031/1567
f 242/457/240 1810/2029/1568 751/269/679
f 243/455/241 1811/2027/1569 1810/2029/1568
f 1810/2029/1568 1815/2028/1573 750/2034/678
f 36/228/36 248/229/246 1812/2030/1570
f 248/229/246 249/3219/247 1813/2033/1571
f 244/453/242 1812/2030/1570 1811/2027/1569
f 24/237/24 749/2036/677 1814/2032/1572
f 749/2036/677 750/3220/678 1815/2028/1573
f 250/2035/248 1814/2032/1572 1813/2033/1571
f 1818/2038/1576 1816/2042/1574 1822/2039/1580
f 1819/2041/1577 1820/2044/1578 1816/2042/1574
f 1821/2043/1579 1822/2039/1580 1816/2042/1574
f 224/475/222 1817/2040/1575 754/287/681
f 225/472/223 1818/2038/1576 1817/2040/1575
f 1817/2040/1575 1822/2039/1580 753/2045/408
f 30/247/30 254/2046/252 1819/2041/1577
f 254/2046/252 255/250/253 1820/2044/1578
f 226/470/224 1819/2041/1577 1818/2038/1576
f 18/256/18 752/2048/680 1821/2043/1579
f 752/2048/680 753/3221/408 1822/2039/1580
f 256/2047/254 1821/2043/1579 1820/2044/1578
f 1825/2050/1583 1823/2054/1581 1829/2051/1587
f 1826/2053/1584 1827/2056/1585 1823/2054/1581
f 1828/2055/1586 1829/2051/1587 1823/2054/1581
f 227/485/225 1824/2052/1582 757/2057/683
f 228/487/226 1825/2050/1583 1824/2052/1582
f 1824/2052/1582 1829/2051/1587 756/2058/384
f 31/285/31 260/2059/258 1826/2053/1584
f 260/2059/258 261/2062/80 1827/2056/1585
f 229/492/227 1826/2053/1584 1825/2050/1583
f 19/293/19 755/2061/682 1828/2055/1586
f 755/2061/682 756/3222/384 1829/2051/1587
f 262/2060/259 1828/2055/1586 1827/2056/1585
f 1832/2063/1590 1830/2067/1588 1836/2064/1594
f 1833/2066/1591 1834/2069/1592 1830/2067/1588
f 1835/2068/1593 1836/2064/1594 1830/2067/1588
f 209/508/207 1831/2065/1589 760/2070/685
f 210/510/208 1832/2063/1590 1831/2065/1589
f 1831/2065/1589 1836/2064/1594 759/2071/399
f 25/267/25 257/2072/255 1833/2066/1591
f 257/2072/255 258/3223/256 1834/2069/1592
f 211/504/209 1833/2066/1591 1832/2063/1590
f 13/275/13 758/327/684 1835/2068/1593
f 758/327/684 759/2071/399 1836/2064/1594
f 259/2073/257 1835/2068/1593 1834/2069/1592
f 1839/2075/1597 1837/2079/1595 1843/2076/1601
f 1840/2078/1598 1841/2081/1599 1837/2079/1595
f 1842/2080/1600 1843/2076/1601 1837/2079/1595
f 230/519/228 1838/2077/1596 763/2082/687
f 231/521/229 1839/2075/1597 1838/2077/1596
f 1838/2077/1596 1843/2076/1601 762/348/348
f 32/303/32 263/2083/260 1840/2078/1598
f 263/2083/260 264/3224/78 1841/2081/1599
f 232/528/230 1840/2078/1598 1839/2075/1597
f 20/311/20 761/2084/686 1842/2080/1600
f 761/2084/686 762/3225/348 1843/2076/1601
f 265/313/261 1842/2080/1600 1841/2081/1599
f 1846/2086/1604 1844/2090/1602 1850/2087/1608
f 1847/2089/1605 1848/2092/1606 1844/2090/1602
f 1849/2091/1607 1850/2087/1608 1844/2090/1602
f 212/546/210 1845/2088/1603 766/2093/689
f 213/548/211 1846/2086/1604 1845/2088/1603
f 1845/2088/1603 1850/2087/1608 765/2094/369
f 26/322/26 266/2095/262 1847/2089/1605
f 266/2095/262 267/3226/77 1848/2092/1606
f 214/541/212 1847/2089/1605 1846/2086/1604
f 14/330/14 764/2097/688 1849/2091/1607
f 764/2097/688 765/2094/369 1850/2087/1608
f 268/2096/263 1849/2091/1607 1848/2092/1606
f 1853/2098/1611 1851/2102/1609 1857/2099/1615
f 1854/2101/1612 1855/2104/1613 1851/2102/1609
f 1856/2103/1614 1857/2099/1615 1851/2102/1609
f 233/564/231 1852/2100/1610 769/2105/692
f 234/562/232 1853/2098/1611 1852/2100/1610
f 1852/2100/1610 1857/2099/1615 768/2106/691
f 33/341/33 269/342/264 1854/2101/1612
f 269/342/264 270/3227/265 1855/2104/1613
f 235/560/233 1854/2101/1612 1853/2098/1611
f 21/349/21 767/382/690 1856/2103/1614
f 767/382/690 768/3228/691 1857/2099/1615
f 271/351/266 1856/2103/1614 1855/2104/1613
f 1860/2108/1618 1858/2112/1616 1864/2109/1622
f 1861/2111/1619 1862/2114/1620 1858/2112/1616
f 1863/2113/1621 1864/2109/1622 1858/2112/1616
f 215/574/213 1859/2110/1617 772/2115/694
f 216/576/214 1860/2108/1618 1859/2110/1617
f 1859/2110/1617 1864/2109/1622 771/2116/633
f 27/359/27 272/2117/267 1861/2111/1619
f 272/2117/267 273/2120/76 1862/2114/1620
f 217/580/215 1861/2111/1619 1860/2108/1618
f 15/367/15 770/2119/693 1863/2113/1621
f 770/2119/693 771/3229/633 1864/2109/1622
f 274/2118/268 1863/2113/1621 1862/2114/1620
f 1867/2121/1625 1865/2125/1623 1871/2122/1629
f 1868/2124/1626 1869/2127/1627 1865/2125/1623
f 1870/2126/1628 1871/2122/1629 1865/2125/1623
f 236/597/234 1866/2123/1624 775/2128/697
f 237/595/235 1867/2121/1625 1866/2123/1624
f 1866/2123/1624 1871/2122/1629 774/2129/696
f 34/377/34 275/2130/269 1868/2124/1626
f 275/2130/269 276/3230/270 1869/2127/1627
f 238/593/236 1868/2124/1626 1867/2121/1625
f 22/385/22 773/2132/695 1870/2126/1628
f 773/2132/695 774/3231/696 1871/2122/1629
f 277/2131/271 1870/2126/1628 1869/2127/1627
f 1874/2134/1632 1872/2138/1630 1878/2135/1636
f 1875/2137/1633 1876/2140/1634 1872/2138/1630
f 1877/2139/1635 1878/2135/1636 1872/2138/1630
f 218/615/216 1873/2136/1631 778/434/700
f 219/612/217 1874/2134/1632 1873/2136/1631
f 1873/2136/1631 1878/2135/1636 777/2141/699
f 28/396/28 278/2142/272 1875/2137/1633
f 278/2142/272 279/3232/273 1876/2140/1634
f 220/610/218 1875/2137/1633 1874/2134/1632
f 16/404/16 776/2143/698 1877/2139/1635
f 776/2143/698 777/439/699 1878/2135/1636
f 280/406/274 1877/2139/1635 1876/2140/1634
f 1881/2144/1639 1879/2148/1637 1885/2145/1643
f 1882/2147/1640 1883/2150/1641 1879/2148/1637
f 1884/2149/1642 1885/2145/1643 1879/2148/1637
f 314/2151/308 1880/2146/1638 781/449/703
f 315/2152/309 1881/2144/1639 1880/2146/1638
f 1880/2146/1638 1885/2145/1643 780/2153/702
f 48/626/48 319/2155/313 1882/2147/1640
f 319/2155/313 318/2157/312 1883/2150/1641
f 316/2154/310 1882/2147/1640 1881/2144/1639
f 36/228/36 779/2156/701 1884/2149/1642
f 779/2156/701 780/2153/702 1885/2145/1643
f 1884/2149/1642 1883/2150/1641 318/2157/312
f 1888/2158/1646 1886/2162/1644 1892/2159/1650
f 1889/2161/1647 1890/2164/1648 1886/2162/1644
f 1891/2163/1649 1892/2159/1650 1886/2162/1644
f 296/2165/290 1887/2160/1645 784/2166/706
f 297/2167/291 1888/2158/1646 1887/2160/1645
f 1887/2160/1645 1892/2159/1650 783/473/705
f 42/2168/42 325/2170/319 1889/2161/1647
f 325/2170/319 324/2312/318 1890/2164/1648
f 298/2169/292 1889/2161/1647 1888/2158/1646
f 30/247/30 782/2172/704 1891/2163/1649
f 782/2172/704 783/3233/705 1892/2159/1650
f 1891/2163/1649 1890/2164/1648 324/2173/318
f 1894/2174/1652 1895/2178/1653 1893/2175/1651
f 1896/2177/1654 1897/2179/1655 1893/2175/1651
f 1899/2176/1657 1893/2175/1651 1897/2179/1655
f 32/303/32 331/2182/325 1894/2174/1652
f 330/2181/324 1895/2178/1653 1894/2174/1652
f 787/484/709 1894/2174/1652 1899/2176/1657
f 44/524/44 299/2184/293 1896/2177/1654
f 299/2184/293 300/2187/294 1897/2179/1655
f 329/2183/323 1896/2177/1654 1895/2178/1653
f 785/2185/707 1898/2180/1656 301/2186/295
f 786/486/708 1899/2176/1657 1898/2180/1656
f 1898/2180/1656 1897/2179/1655 300/2187/294
f 1902/2188/1660 1900/2192/1658 1906/2189/1664
f 1903/2191/1661 1904/2194/1662 1900/2192/1658
f 1905/2193/1663 1906/2189/1664 1900/2192/1658
f 281/2195/275 1901/2190/1659 790/2196/712
f 282/2197/276 1902/2188/1660 1901/2190/1659
f 1901/2190/1659 1906/2189/1664 789/2198/711
f 37/451/37 320/2200/314 1903/2191/1661
f 320/2200/314 321/452/315 1904/2194/1662
f 283/2199/277 1903/2191/1661 1902/2188/1660
f 25/267/25 788/505/710 1905/2193/1663
f 788/505/710 789/2198/711 1906/2189/1664
f 1905/2193/1663 1904/2194/1662 321/2201/315
f 1908/2202/1666 1909/2206/1667 1907/2203/1665
f 1910/2205/1668 1911/2207/1669 1907/2203/1665
f 1913/2204/1671 1907/2203/1665 1911/2207/1669
f 33/341/33 337/2210/331 1908/2202/1666
f 336/2209/330 1909/2206/1667 1908/2202/1666
f 793/518/715 1908/2202/1666 1913/2204/1671
f 45/785/45 302/2212/296 1910/2205/1668
f 302/2212/296 303/2216/297 1911/2207/1669
f 335/2211/329 1910/2205/1668 1909/2206/1667
f 791/2213/713 1912/2208/1670 304/2214/298
f 792/2215/714 1913/2204/1671 1912/2208/1670
f 1912/2208/1670 1911/2207/1669 303/2216/297
f 1916/2217/1674 1914/2221/1672 1920/2218/1678
f 1917/2220/1675 1918/2223/1676 1914/2221/1672
f 1919/2222/1677 1920/2218/1678 1914/2221/1672
f 284/2224/278 1915/2219/1673 796/2225/718
f 285/2226/279 1916/2217/1674 1915/2219/1673
f 1915/2219/1673 1920/2218/1678 795/544/717
f 38/502/38 332/501/326 1917/2220/1675
f 332/501/326 333/503/327 1918/2223/1676
f 286/2227/280 1917/2220/1675 1916/2217/1674
f 26/322/26 794/2229/716 1919/2222/1677
f 794/2229/716 795/544/717 1920/2218/1678
f 1919/2222/1677 1918/2223/1676 333/2230/327
f 1923/2231/1681 1921/2235/1679 1927/2232/1685
f 1924/2234/1682 1925/2237/1683 1921/2235/1679
f 1926/2236/1684 1927/2232/1685 1921/2235/1679
f 305/789/299 1922/2233/1680 799/2238/721
f 306/786/300 1923/2231/1681 1922/2233/1680
f 1922/2233/1680 1927/2232/1685 798/2239/720
f 45/785/45 335/2240/329 1924/2234/1682
f 335/2240/329 336/3234/330 1925/2237/1683
f 307/783/301 1924/2234/1682 1923/2231/1681
f 33/341/33 797/2241/719 1926/2236/1684
f 797/2241/719 798/2239/720 1927/2232/1685
f 1926/2236/1684 1925/2237/1683 336/2242/330
f 1929/2243/1687 1930/2247/1688 1928/2244/1686
f 1931/2246/1689 1932/2248/1690 1928/2244/1686
f 1934/2245/1692 1928/2244/1686 1932/2248/1690
f 28/396/28 346/2252/340 1929/2243/1687
f 345/2251/339 1930/2247/1688 1929/2243/1687
f 802/2250/724 1929/2243/1687 1934/2245/1692
f 40/737/40 287/738/281 1931/2246/1689
f 287/738/281 288/740/282 1932/2248/1690
f 344/2254/338 1931/2246/1689 1930/2247/1688
f 800/2256/722 1933/2249/1691 289/732/283
f 801/2257/723 1934/2245/1692 1933/2249/1691
f 1933/2249/1691 1932/2248/1690 288/735/282
f 1937/2258/1695 1935/2262/1693 1941/2259/1699
f 1938/2261/1696 1939/2264/1697 1935/2262/1693
f 1940/2263/1698 1941/2259/1699 1935/2262/1693
f 308/2265/302 1936/2260/1694 805/2266/727
f 309/2267/303 1937/2258/1695 1936/2260/1694
f 1936/2260/1694 1941/2259/1699 804/2268/726
f 46/558/46 341/2270/335 1938/2261/1696
f 341/2270/335 342/3235/336 1939/2264/1697
f 310/2269/304 1938/2261/1696 1937/2258/1695
f 34/377/34 803/594/725 1940/2263/1698
f 803/594/725 804/2268/726 1941/2259/1699
f 1940/2263/1698 1939/2264/1697 342/2272/336
f 1944/2273/1702 1942/2277/1700 1948/2274/1706
f 1945/2276/1703 1946/2279/1704 1942/2277/1700
f 1947/2278/1705 1948/2274/1706 1942/2277/1700
f 290/2280/284 1943/2275/1701 808/2281/730
f 291/2282/285 1944/2273/1702 1943/2275/1701
f 1943/2275/1701 1948/2274/1706 807/2283/729
f 40/2284/40 344/2286/338 1945/2276/1703
f 344/2286/338 345/3236/339 1946/2279/1704
f 292/2285/286 1945/2276/1703 1944/2273/1702
f 28/396/28 806/2287/728 1947/2278/1705
f 806/2287/728 807/3237/729 1948/2274/1706
f 1947/2278/1705 1946/2279/1704 345/2288/339
f 1951/2289/1709 1949/2293/1707 1955/2290/1713
f 1952/2292/1710 1953/2295/1711 1949/2293/1707
f 1954/2294/1712 1955/2290/1713 1949/2293/1707
f 311/771/305 1950/2291/1708 811/2296/733
f 312/772/306 1951/2289/1709 1950/2291/1708
f 1950/2291/1708 1955/2290/1713 810/2297/732
f 47/591/47 347/2298/341 1952/2292/1710
f 347/2298/341 348/3238/342 1953/2295/1711
f 313/769/307 1952/2292/1710 1951/2289/1709
f 35/415/35 809/2300/731 1954/2294/1712
f 809/2300/731 810/631/732 1955/2290/1713
f 1954/2294/1712 1953/2295/1711 348/592/342
f 1957/2301/1715 1958/2305/1716 1956/2302/1714
f 1959/2304/1717 1960/2306/1718 1956/2302/1714
f 1962/2303/1720 1956/2302/1714 1960/2306/1718
f 30/247/30 323/2310/317 1957/2301/1715
f 324/2309/318 1958/2305/1716 1957/2301/1715
f 814/2308/736 1957/2301/1715 1962/2303/1720
f 42/2168/42 293/756/287 1959/2304/1717
f 293/756/287 294/757/288 1960/2306/1718
f 325/2170/319 1959/2304/1717 1958/2305/1716
f 812/2313/734 1961/2307/1719 295/753/289
f 813/647/735 1962/2303/1720 1961/2307/1719
f 1961/2307/1719 1960/2306/1718 294/757/288
f 1965/2314/49 1963/2318/49 1969/2315/49
f 1966/2317/49 1967/2320/49 1963/2318/49
f 1968/2319/49 1969/2315/49 1963/2318/49
f 365/2321/49 1964/2316/49 817/2322/49
f 366/2323/49 1965/2314/49 1964/2316/49
f 1964/2316/49 1969/2315/49 816/2324/49
f 43/2325/43 301/2186/295 1966/2317/49
f 301/2186/295 300/2187/294 1967/2320/49
f 367/2326/49 1966/2317/49 1965/2314/49
f 44/524/44 815/2327/49 1968/2319/49
f 815/2327/49 816/3239/49 1969/2315/49
f 299/2184/293 1968/2319/49 1967/2320/49
f 1972/2328/49 1970/2332/49 1976/2329/49
f 1973/2331/49 1974/2334/49 1970/2332/49
f 1975/2333/49 1976/2329/49 1970/2332/49
f 356/2335/49 1971/2330/49 820/2336/49
f 357/2337/49 1972/2328/49 1971/2330/49
f 1971/2330/49 1976/2329/49 819/682/49
f 37/2338/37 283/2199/277 1973/2331/49
f 283/2199/277 282/2197/276 1974/2334/49
f 358/2339/49 1973/2331/49 1972/2328/49
f 38/502/38 818/2341/49 1975/2333/49
f 818/2341/49 819/682/49 1976/2329/49
f 281/2195/275 1975/2333/49 1974/2334/49
f 1978/2342/49 1979/2346/49 1977/2343/49
f 1980/2345/49 1981/2347/49 1977/2343/49
f 1983/2344/49 1977/2343/49 1981/2347/49
f 48/626/48 316/2154/310 1978/2342/49
f 316/2154/310 315/2152/309 1979/2346/49
f 823/2349/49 1978/2342/49 1983/2344/49
f 37/2351/37 358/2352/49 1980/2345/49
f 358/2352/49 357/2353/49 1981/2347/49
f 314/2151/308 1980/2345/49 1979/2346/49
f 821/698/49 1982/2348/49 356/2335/49
f 822/2350/49 1983/2344/49 1982/2348/49
f 1982/2348/49 1981/2347/49 357/2353/49
f 1985/2354/49 1986/2358/49 1984/2355/49
f 1987/2357/49 1988/2359/49 1984/2355/49
f 1990/2356/49 1984/2355/49 1988/2359/49
f 42/712/42 298/2169/292 1985/2354/49
f 298/2169/292 297/2167/291 1986/2358/49
f 826/2361/49 1985/2354/49 1990/2356/49
f 43/2363/43 367/2364/49 1987/2357/49
f 367/2364/49 366/3240/49 1988/2359/49
f 296/2165/290 1987/2357/49 1986/2358/49
f 824/2365/49 1989/2360/49 365/2366/49
f 825/2362/49 1990/2356/49 1989/2360/49
f 1989/2360/49 1988/2359/49 366/2367/49
f 1993/2368/49 1991/2372/49 1997/2369/49
f 1994/2371/49 1995/2374/49 1991/2372/49
f 1996/2373/49 1997/2369/49 1991/2372/49
f 368/2375/49 1992/2370/49 829/2376/49
f 369/2377/49 1993/2368/49 1992/2370/49
f 1992/2370/49 1997/2369/49 828/2378/49
f 286/2227/280 1994/2371/49 370/2379/49
f 285/2226/279 1995/2374/49 1994/2371/49
f 370/2379/49 1994/2371/49 1993/2368/49
f 39/734/39 827/733/49 1996/2373/49
f 827/733/49 828/2378/49 1997/2369/49
f 284/2224/278 1996/2373/49 1995/2374/49
f 1999/2380/49 2000/2384/49 1998/2381/49
f 2001/2383/49 2002/2385/49 1998/2381/49
f 2004/2382/49 1998/2381/49 2002/2385/49
f 51/683/49 379/2388/49 1999/2380/49
f 378/731/49 2000/2384/49 1999/2380/49
f 832/2387/49 1999/2380/49 2004/2382/49
f 40/2284/40 292/2285/286 2001/2383/49
f 292/2285/286 291/2282/285 2002/2385/49
f 377/2390/49 2001/2383/49 2000/2384/49
f 830/2392/49 2003/2386/49 290/2280/284
f 831/2393/49 2004/2382/49 2003/2386/49
f 2003/2386/49 2002/2385/49 291/2282/285
f 2006/2394/49 2007/2398/49 2005/2395/49
f 2008/2397/49 2009/2399/49 2005/2395/49
f 2011/2396/49 2005/2395/49 2009/2399/49
f 49/665/49 382/2402/49 2006/2394/49
f 381/2401/49 2007/2398/49 2006/2394/49
f 835/765/49 2006/2394/49 2011/2396/49
f 46/2403/46 310/2269/304 2008/2397/49
f 310/2269/304 309/2267/303 2009/2399/49
f 380/2404/49 2008/2397/49 2007/2398/49
f 833/2406/49 2010/2400/49 308/2265/302
f 834/2407/49 2011/2396/49 2010/2400/49
f 2010/2400/49 2009/2399/49 309/2267/303
f 2014/2408/49 2012/2412/49 2018/2409/49
f 2015/2411/49 2016/2414/49 2012/2412/49
f 2017/2413/49 2018/2409/49 2012/2412/49
f 362/2415/49 2013/2410/49 838/2416/49
f 363/668/49 2014/2408/49 2013/2410/49
f 2013/2410/49 2018/2409/49 837/787/49
f 304/2214/298 2015/2411/49 364/2417/49
f 303/2216/297 2016/2414/49 2015/2411/49
f 364/2417/49 2015/2411/49 2014/2408/49
f 45/785/45 836/2418/49 2017/2413/49
f 836/2418/49 837/3241/49 2018/2409/49
f 302/2212/296 2017/2413/49 2016/2414/49
