# Blender 5.0.1
# www.blender.org
mtllib puerta.mtl
o Puerta
v -0.019146 -1.396287 0.072786
v 3.686485 1.161057 0.072786
v -0.019146 1.161057 0.072786
v 3.686485 0.321077 0.072786
v 3.686733 1.097261 0.072786
v 2.608120 1.013115 0.072786
v 1.352605 0.842351 0.072786
v 0.490002 0.543480 0.072786
v 0.136465 0.106448 0.072786
v 0.472109 -0.816377 0.072786
v 1.183283 -1.162520 0.072786
v 2.127065 -1.301815 0.072786
v 2.937760 -1.288834 0.072786
v 3.347529 -1.114427 0.072786
v 3.530394 -0.796236 0.072786
v 3.614157 -0.336012 0.072786
v 0.155207 -0.409530 0.072786
v 2.598080 0.965099 0.068504
v 1.448129 0.720658 0.083301
v 0.710026 0.429527 0.090347
v 0.408794 0.080354 0.091250
v 0.699894 -0.707431 0.091250
v 1.307180 -1.015454 0.091250
v 2.126543 -1.193767 0.091250
v 2.873158 -1.197852 0.093754
v 3.016010 -1.066090 0.072273
v 3.089638 -0.704220 0.072970
v 3.206129 -0.312063 0.070968
v 3.390175 -0.009975 0.080742
v 0.421599 -0.355408 0.091250
v 3.230374 -0.740727 0.194423
v 3.125000 -1.077362 0.195642
v 0.301283 0.097540 0.180659
v 0.628947 0.470496 0.177047
v 3.361111 -0.314837 0.160803
v 0.606157 -0.740900 0.180659
v 0.306285 -0.364924 0.180659
v 3.541140 0.147807 0.080708
v 1.264552 -1.067891 0.180659
v 2.138166 -1.236166 0.180659
v 2.842718 -1.238056 0.183656
v 1.414757 0.757636 0.148860
v 2.367165 0.948687 0.096464
v 3.176012 -0.720718 0.177047
v 3.263005 -0.709584 0.124916
v 3.287906 -0.324770 0.149427
v 3.331309 -0.326633 0.112104
v 3.083028 -1.062488 0.168673
v 3.143368 -1.058519 0.119731
v 3.718988 -1.447858 0.021763
v -0.109619 -1.447858 0.021763
v 3.718988 1.217585 0.021763
v -0.109619 1.217585 0.021763
v 3.718988 0.338632 0.021763
v 3.709886 1.070733 0.021763
v 2.640517 0.991778 0.021763
v 1.429221 0.743749 0.021763
v 0.676642 0.439967 0.021763
v 0.371689 0.082330 0.021763
v 0.669893 -0.721110 0.021763
v 1.285305 -1.034728 0.021763
v 2.119570 -1.219812 0.021763
v 2.802553 -1.240224 0.021763
v 2.998632 -1.099558 0.021763
v 3.062505 -0.721932 0.021763
v 3.200842 -0.309022 0.021763
v 3.443811 0.065960 0.021763
v 0.387761 -0.362820 0.021763
v 3.617054 0.242876 0.021763
v 3.718988 -1.447858 -0.167334
v -0.109619 -1.447858 -0.167334
v -0.109619 1.217585 -0.167334
v 3.718988 0.338632 -0.167334
v 3.709886 1.110514 -0.167334
v 0.676642 0.439967 -0.167334
v 0.371689 0.082330 -0.167334
v 0.669893 -0.721110 -0.167334
v 1.285305 -1.034728 -0.167334
v 2.119570 -1.219812 -0.167334
v 3.062505 -0.721933 -0.167334
v 3.200842 -0.309023 -0.167334
v 0.387761 -0.362820 -0.167334
v 3.617054 0.242876 -0.167334
v 3.686485 -1.396287 0.072786
v 3.718988 0.338631 0.021762
v 3.709886 1.070732 0.021762
v 2.640516 0.991777 0.021762
v 1.429222 0.743749 0.021762
v 0.676642 0.439966 0.021762
v 0.371689 0.082330 0.021762
v 0.669893 -0.721110 0.021762
v 1.285306 -1.034729 0.021762
v 2.119570 -1.219812 0.021762
v 2.802553 -1.240224 0.021762
v 2.998632 -1.099559 0.021762
v 3.062505 -0.721933 0.021762
v 3.200843 -0.309023 0.021762
v 3.443811 0.065959 0.021762
v 0.387761 -0.362820 0.021762
v 3.617054 0.242876 0.021762
v 3.718988 0.338631 -0.015534
v 3.709886 1.070732 -0.015534
v 2.640516 0.991777 -0.015534
v 1.429222 0.743749 -0.015534
v 0.676642 0.439966 -0.015534
v 0.371689 0.082330 -0.015534
v 0.669893 -0.721110 -0.015534
v 1.285306 -1.034729 -0.015534
v 2.119570 -1.219812 -0.015534
v 2.802553 -1.240224 -0.015534
v 2.998632 -1.099559 -0.015534
v 3.062505 -0.721933 -0.015534
v 3.200843 -0.309023 -0.015534
v 3.443811 0.065959 -0.015534
v 0.387761 -0.362820 -0.015534
v 3.617054 0.242876 -0.015534
v 3.718988 1.217585 -0.167334
v 2.640517 0.998408 -0.167334
v 1.429221 0.743749 -0.167334
v 2.802553 -1.240224 -0.167334
v 2.998632 -1.099559 -0.167334
v 3.443811 0.065959 -0.167334
v 3.718988 0.338632 -0.031341
v 3.465147 0.114491 -0.031341
v 3.629546 0.251034 -0.031341
v 3.718988 0.338632 -0.156170
v 3.629546 0.251034 -0.156170
v 3.465147 0.114491 -0.156170
v 3.718988 1.091254 -0.031341
v 3.465147 1.091254 -0.031341
v 3.629546 1.091254 -0.031341
v 3.718988 1.091254 -0.156170
v 3.629546 1.091254 -0.156170
v 3.465147 1.091254 -0.156170
v 2.760077 1.161057 0.072786
v 1.833670 1.161057 0.072786
v 0.907262 1.161057 0.072786
v 3.686672 1.113210 0.072786
v 3.686610 1.129159 0.072786
v 3.686547 1.145108 0.072786
v -0.019146 0.521721 0.072786
v -0.019146 -0.117615 0.072786
v -0.019146 -0.756951 0.072786
v 3.432888 1.080002 0.072786
v 3.172719 1.061232 0.072786
v 2.899904 1.039440 0.072786
v 2.294603 0.980904 0.072786
v 1.970824 0.942083 0.072786
v 1.651815 0.896087 0.072786
v 1.085659 0.780383 0.072786
v 0.853162 0.709993 0.072786
v 0.654737 0.631064 0.072786
v 0.358204 0.447160 0.072786
v 0.257095 0.342156 0.072786
v 0.184056 0.228556 0.072786
v 0.203166 -0.521196 0.072786
v 0.269625 -0.623740 0.072786
v 0.358100 -0.720891 0.072786
v 0.614065 -0.912463 0.072786
v 0.781977 -1.005556 0.072786
v 0.972748 -1.090594 0.072786
v 1.409953 -1.217585 0.072786
v 1.647001 -1.257284 0.072786
v 1.888135 -1.284425 0.072786
v 2.357543 -1.311618 0.072786
v 2.573500 -1.313424 0.072786
v 2.768914 -1.306180 0.072786
v 3.075898 -1.260599 0.072786
v 3.186720 -1.221754 0.072786
v 3.275505 -1.172848 0.072786
v 3.407395 -1.047033 0.072786
v 3.457007 -0.971190 0.072786
v 3.497597 -0.887418 0.072786
v 3.556721 -0.697667 0.072786
v 3.578269 -0.589748 0.072786
v 3.596820 -0.470016 0.072786
v 0.123144 -0.286518 0.072786
v 0.108025 -0.155972 0.072786
v 0.111812 -0.023211 0.072786
v 2.312936 0.914792 0.071722
v 2.014395 0.855436 0.075623
v 1.720208 0.789801 0.079664
v 1.212379 0.650231 0.086104
v 1.013062 0.578566 0.088112
v 0.846753 0.505164 0.089475
v 0.599743 0.350931 0.090869
v 0.513912 0.267762 0.091137
v 0.450831 0.178182 0.091236
v 0.464182 -0.452106 0.091250
v 0.523258 -0.541084 0.091250
v 0.601078 -0.625230 0.091250
v 0.821286 -0.789652 0.091250
v 0.964149 -0.870164 0.091250
v 1.126705 -0.946315 0.091250
v 1.503075 -1.075317 0.091250
v 1.709005 -1.125201 0.091250
v 1.918863 -1.164789 0.091250
v 2.326533 -1.211914 0.091268
v 2.515693 -1.219393 0.091387
v 2.692511 -1.216176 0.091809
v 2.932585 -1.181254 0.077673
v 2.967208 -1.157362 0.072722
v 2.993888 -1.120294 0.071673
v 3.035166 -0.992597 0.072845
v 3.052847 -0.903967 0.073109
v 3.070516 -0.805932 0.073129
v 3.111615 -0.603575 0.072685
v 3.137618 -0.504794 0.072269
v 3.168753 -0.407686 0.071702
v 3.321584 -0.225632 0.135237
v 3.353793 -0.134477 0.118596
v 3.379897 -0.059728 0.100552
v 0.393847 -0.249445 0.091250
v 0.381613 -0.138049 0.091250
v 0.386170 -0.026391 0.091250
v 3.235719 -0.706891 0.111887
v 3.188307 -0.704738 0.098874
v 3.134902 -0.703668 0.085896
v 3.168903 -1.084758 0.177710
v 3.222859 -1.093756 0.148822
v 3.283518 -1.103824 0.112630
v 0.338155 0.093061 0.171677
v 0.370183 0.088131 0.149257
v 0.394639 0.083610 0.120185
v 0.596770 0.487066 0.168087
v 0.562399 0.505072 0.144465
v 0.526566 0.524037 0.111069
v 3.308564 -0.325998 0.102271
v 3.272716 -0.324960 0.092417
v 3.235556 -0.319189 0.082023
v 0.637516 -0.727598 0.171677
v 0.665330 -0.717479 0.149257
v 0.686992 -0.710703 0.120185
v 0.268383 -0.373375 0.171389
v 0.230594 -0.384141 0.146949
v 0.192881 -0.396450 0.112396
v 3.503362 0.113789 0.082017
v 3.467455 0.084049 0.081843
v 3.431090 0.046875 0.081091
v 1.280607 -1.048836 0.171677
v 1.293602 -1.033130 0.149257
v 1.302729 -1.021695 0.120185
v 2.136705 -1.221115 0.171677
v 2.133710 -1.208090 0.149257
v 2.130038 -1.198503 0.120185
v 2.827937 -1.226888 0.177242
v 2.822358 -1.216819 0.157062
v 2.831629 -1.207939 0.128357
v 1.427292 0.742521 0.142487
v 1.437522 0.731062 0.126401
v 1.444713 0.723646 0.105155
v 2.434100 0.965046 0.091915
v 2.505452 0.983388 0.085578
v 2.561625 0.999122 0.079135
v 3.288975 -0.751692 0.175418
v 3.361636 -0.765153 0.146637
v 3.443672 -0.780279 0.111341
v 3.123953 -1.058006 0.108018
v 3.090527 -1.058262 0.096444
v 3.050695 -1.061005 0.084524
v 0.261929 0.100911 0.171389
v 0.220989 0.103301 0.146949
v 0.178991 0.105038 0.112396
v 0.658026 0.455864 0.168361
v 0.682411 0.443755 0.146660
v 0.700334 0.434773 0.118478
v 3.412453 -0.317929 0.147051
v 3.474011 -0.322908 0.126225
v 3.542382 -0.329145 0.100684
v 0.573465 -0.757125 0.171389
v 0.540071 -0.775616 0.146949
v 0.506207 -0.795619 0.112396
v 0.343744 -0.359335 0.171677
v 0.377811 -0.356265 0.149257
v 0.404944 -0.355145 0.120185
v 1.246205 -1.089426 0.171389
v 1.226169 -1.112779 0.146949
v 1.205008 -1.137347 0.112396
v 2.137480 -1.252041 0.171389
v 2.135004 -1.268377 0.146949
v 2.131333 -1.285019 0.112396
v 2.862569 -1.250046 0.172653
v 2.885771 -1.262639 0.147323
v 2.911207 -1.275636 0.112442
v 1.400593 0.775952 0.142323
v 1.385252 0.796722 0.125087
v 1.369125 0.819127 0.100719
v 2.438092 0.954771 0.091848
v 2.511684 0.959894 0.085042
v 2.564234 0.962623 0.077329
v 3.206867 -0.835431 0.196813
v 3.183409 -0.924975 0.197737
v 3.157090 -1.006553 0.197308
v 0.347615 0.202512 0.180603
v 0.416098 0.298836 0.180208
v 0.509089 0.387752 0.179135
v 3.321017 -0.431944 0.174313
v 3.286429 -0.540609 0.183899
v 3.256497 -0.642860 0.190342
v 0.498783 -0.652580 0.180659
v 0.414512 -0.562513 0.180659
v 0.351095 -0.467645 0.180659
v 3.501223 0.054279 0.101041
v 3.454794 -0.062840 0.122484
v 3.406759 -0.189216 0.143039
v 1.069511 -0.996424 0.180659
v 0.893320 -0.915773 0.180659
v 0.738147 -0.829432 0.180659
v 1.919290 -1.210858 0.180659
v 1.696053 -1.174807 0.180659
v 1.475469 -1.127367 0.180659
v 0.278351 -0.252672 0.180659
v 0.267634 -0.134713 0.180659
v 0.274992 -0.016243 0.180659
v 2.703942 -1.252053 0.181924
v 2.536392 -1.256533 0.181034
v 2.345867 -1.251302 0.180706
v 1.689282 0.820678 0.134434
v 1.964217 0.876611 0.119105
v 2.205224 0.921087 0.105576
v 3.083635 -1.135241 0.192926
v 3.027114 -1.180608 0.189649
v 2.948966 -1.214526 0.186371
v 0.777882 0.548199 0.173558
v 0.957514 0.621562 0.168104
v 1.169315 0.691177 0.160075
v 3.360280 1.064549 0.067139
v 3.104944 1.036433 0.065873
v 2.858047 1.004705 0.066462
v 3.162896 -0.723640 0.189536
v 3.167315 -0.727394 0.198768
v 3.189673 -0.732812 0.201483
v 3.260529 -0.712367 0.137949
v 3.236639 -0.715151 0.150981
v 3.204184 -0.717934 0.164014
v 3.286361 -0.319315 0.157772
v 3.297936 -0.315688 0.164097
v 3.322797 -0.314119 0.165930
v 3.332373 -0.330916 0.122276
v 3.318784 -0.334062 0.132112
v 3.301039 -0.331050 0.140975
v 3.072817 -1.065072 0.182579
v 3.076521 -1.068018 0.194518
v 3.093973 -1.071917 0.200277
v 3.144104 -1.058272 0.131966
v 3.129304 -1.058336 0.144202
v 3.105255 -1.059961 0.156063
v 3.154520 -0.817767 0.178948
v 3.133477 -0.910017 0.178709
v 3.110456 -0.993061 0.175546
v 3.240047 -0.808767 0.125851
v 3.213071 -0.903544 0.125623
v 3.181152 -0.988575 0.123745
v 3.256018 -0.424642 0.160314
v 3.226663 -0.523866 0.168175
v 3.199957 -0.622530 0.173567
v 3.316241 -0.418346 0.116971
v 3.300337 -0.513242 0.120605
v 3.282842 -0.610571 0.123192
v 3.250155 -0.218856 0.070261
v 3.298442 -0.133488 0.070633
v 3.347164 -0.062117 0.073339
v 3.048999 -1.115121 0.157474
v 3.007092 -1.152703 0.142007
v 2.954516 -1.178460 0.122245
v 3.368296 -0.087456 0.091110
v 3.358041 -0.159223 0.098866
v 3.345804 -0.239286 0.105936
v 3.668048 0.146347 0.072786
v 3.649752 -0.024201 0.072786
v 3.631741 -0.186381 0.072786
v 2.152613 1.044008 0.072786
v 1.647420 1.074040 0.072786
v 1.026554 1.104309 0.072786
v 1.088578 0.903708 0.072786
v 0.825282 0.965076 0.072786
v 0.543844 1.030412 0.072786
v 0.393938 0.662695 0.072786
v 0.300693 0.780593 0.072786
v 0.204510 0.904395 0.072786
v 0.105125 0.246034 0.072786
v 0.076242 0.416089 0.072786
v 0.049223 0.657881 0.072786
v 0.119571 -0.533347 0.072786
v 0.085963 -0.687426 0.072786
v 0.053474 -0.912834 0.072786
v 0.379033 -0.929138 0.072786
v 0.287721 -1.040988 0.072786
v 0.192225 -1.158283 0.072786
v 0.890562 -1.358881 0.072786
v 1.392284 -1.340537 0.072786
v 1.783258 -1.321647 0.072786
v 0.950796 -1.206472 0.072786
v 0.718810 -1.249485 0.072786
v 0.471719 -1.294490 0.072786
v 2.761836 -1.447858 0.021763
v 1.804684 -1.447858 0.021763
v 0.847533 -1.447858 0.021763
v 2.761836 1.217585 0.021763
v 1.804684 1.217585 0.021763
v 0.847533 1.217585 0.021763
v 3.712162 1.107446 0.021763
v 3.714437 1.144159 0.021763
v 3.716712 1.180872 0.021763
v -0.109619 0.551224 0.021763
v -0.109619 -0.115136 0.021763
v -0.109619 -0.781497 0.021763
v 3.718987 -0.107991 0.021763
v 3.718988 -0.554613 0.021763
v 3.718987 -1.001235 0.021763
v 2.332115 0.943942 0.021763
v 2.016383 0.884172 0.021763
v 1.709895 0.816197 0.021763
v 1.187506 0.669872 0.021763
v 0.984174 0.594870 0.021763
v 0.815221 0.518362 0.021763
v 0.564835 0.359029 0.021763
v 0.477803 0.273795 0.021763
v 0.413952 0.182238 0.021763
v 0.431251 -0.461416 0.021763
v 0.491176 -0.552016 0.021763
v 0.569926 -0.637590 0.021763
v 0.792774 -0.804618 0.021763
v 0.937488 -0.886451 0.021763
v 1.102257 -0.964018 0.021763
v 1.484150 -1.096344 0.021763
v 1.693485 -1.148042 0.021763
v 1.907296 -1.189355 0.021763
v 2.323818 -1.239203 0.021763
v 2.511645 -1.248349 0.021763
v 2.674181 -1.248330 0.021763
v 2.891043 -1.224345 0.021763
v 2.946531 -1.197949 0.021763
v 2.979050 -1.157524 0.021763
v 3.013971 -1.022103 0.021763
v 3.028401 -0.929446 0.021763
v 3.043914 -0.827439 0.021763
v 3.086063 -0.617637 0.021763
v 3.116060 -0.514709 0.021763
v 3.153864 -0.412165 0.021763
v 0.358960 -0.254642 0.021763
v 0.345689 -0.140833 0.021763
v 0.349436 -0.026730 0.021763
v 3.582843 0.212698 0.021763
v 3.543118 0.175676 0.021763
v 3.497051 0.128025 0.021763
v 3.457483 1.060784 0.021763
v 3.199104 1.046920 0.021763
v 2.928774 1.025223 0.021763
v 3.257362 -0.205286 0.021763
v 3.319786 -0.104914 0.021763
v 3.383482 -0.012850 0.021763
v -0.041764 -1.409180 0.060030
v -0.064382 -1.422073 0.047274
v -0.087000 -1.434965 0.034519
v 2.996187 -1.072940 0.059814
v 2.989631 -1.081090 0.047210
v 2.991921 -1.090107 0.034510
v 2.798141 -1.229422 0.034746
v 2.800568 -1.219112 0.049095
v 2.817825 -1.209529 0.066521
v 0.410918 0.078990 0.067820
v 0.403271 0.079219 0.049582
v 0.389108 0.080509 0.034807
v 0.691238 0.434644 0.034793
v 0.703334 0.430406 0.049469
v 0.710430 0.428339 0.067439
v 3.694611 1.175189 0.060030
v 3.702736 1.189321 0.047274
v 3.710862 1.203453 0.034519
v -0.087000 1.203453 0.034519
v -0.064382 1.189321 0.047274
v -0.041764 1.175189 0.060030
v 3.063364 -0.706755 0.060108
v 3.053796 -0.710913 0.047297
v 3.055366 -0.716152 0.034521
v 0.702340 -0.707644 0.067820
v 0.696260 -0.710606 0.049582
v 0.684497 -0.715400 0.034807
v 0.404984 -0.360457 0.034807
v 0.418701 -0.358298 0.049582
v 0.425408 -0.356547 0.067820
v 3.694611 0.325466 0.060030
v 3.702736 0.329854 0.047274
v 3.710862 0.334243 0.034519
v 3.569180 0.200252 0.063341
v 3.589120 0.226488 0.048259
v 3.604275 0.238231 0.034642
v 3.431989 0.063304 0.034610
v 3.419762 0.055218 0.048010
v 3.406591 0.035580 0.062617
v 2.619252 0.969545 0.058224
v 2.631370 0.975897 0.046739
v 2.637452 0.983520 0.034452
v 3.704098 1.077365 0.034519
v 3.698310 1.083997 0.047274
v 3.692522 1.090629 0.060030
v 3.190729 -0.307842 0.059263
v 3.187396 -0.306588 0.047047
v 3.192108 -0.307311 0.034490
v 1.306510 -1.014921 0.067820
v 1.301727 -1.018975 0.049582
v 1.294202 -1.026087 0.034807
v 2.123896 -1.194798 0.067820
v 2.122024 -1.200526 0.049582
v 2.120668 -1.209386 0.034807
v 1.447347 0.722219 0.064466
v 1.443184 0.727390 0.048589
v 1.436766 0.734968 0.034683
v 2.980161 -1.171189 0.099403
v 3.045381 -1.145446 0.106185
v 3.098653 -1.109744 0.113449
v 3.587280 0.216572 0.076607
v 3.626076 0.266358 0.073968
v 3.658094 0.298448 0.072934
v 3.646636 0.269492 0.021763
v 3.672705 0.293813 0.021763
v 3.696432 0.316605 0.021763
v 2.761836 -1.447858 -0.167334
v 1.804685 -1.447858 -0.167334
v 0.847533 -1.447858 -0.167334
v -0.109619 0.551224 -0.167334
v -0.109619 -0.115136 -0.167334
v -0.109619 -0.781497 -0.167334
v 3.718987 -0.107991 -0.167334
v 3.718988 -0.554613 -0.167334
v 3.718988 -1.001235 -0.167334
v 0.564835 0.359029 -0.167334
v 0.477803 0.273795 -0.167334
v 0.413952 0.182238 -0.167334
v 0.431252 -0.461416 -0.167334
v 0.491176 -0.552016 -0.167334
v 0.569926 -0.637590 -0.167334
v 0.792774 -0.804618 -0.167334
v 0.937488 -0.886451 -0.167334
v 1.102257 -0.964018 -0.167334
v 1.484150 -1.096344 -0.167334
v 1.693485 -1.148042 -0.167334
v 1.907296 -1.189355 -0.167334
v 3.086063 -0.617637 -0.167334
v 3.116060 -0.514709 -0.167334
v 3.153864 -0.412165 -0.167334
v 0.358960 -0.254642 -0.167334
v 0.345689 -0.140833 -0.167334
v 0.349436 -0.026730 -0.167334
v 3.646636 0.269492 -0.167334
v 3.672705 0.293813 -0.167334
v 3.696432 0.316605 -0.167334
v 3.200842 -0.309022 -0.025511
v 3.200842 -0.309023 -0.072786
v 3.200842 -0.309023 -0.120060
v 3.062505 -0.721933 -0.120060
v 3.062505 -0.721932 -0.072786
v 3.062505 -0.721932 -0.025511
v 1.285305 -1.034728 -0.025511
v 1.285305 -1.034729 -0.072786
v 1.285305 -1.034728 -0.120060
v 0.669893 -0.721110 -0.120060
v 0.669893 -0.721109 -0.072786
v 0.669893 -0.721109 -0.025511
v 3.718987 -1.447858 -0.025511
v 3.718988 -1.447858 -0.072786
v 3.718988 -1.447858 -0.120060
v 3.718987 0.338632 -0.120060
v 3.718988 0.338632 -0.072786
v 3.718987 0.338632 -0.025511
v 0.387761 -0.362820 -0.025511
v 0.387761 -0.362820 -0.072786
v 0.387761 -0.362820 -0.120060
v 0.371689 0.082330 -0.120060
v 0.371689 0.082330 -0.072786
v 0.371689 0.082330 -0.025511
v 2.119570 -1.219812 -0.025511
v 2.119570 -1.219812 -0.072786
v 2.119570 -1.219812 -0.120060
v 3.617054 0.242876 -0.120060
v 3.617054 0.242876 -0.072786
v 3.617054 0.242876 -0.025511
v -0.109619 -1.447858 -0.025511
v -0.109619 -1.447858 -0.072786
v -0.109619 -1.447858 -0.120060
v 0.676642 0.439967 -0.025511
v 0.676642 0.439967 -0.072786
v 0.676642 0.439967 -0.120060
v -0.109619 1.217585 -0.120060
v -0.109619 1.217585 -0.072786
v -0.109619 1.217585 -0.025511
v 3.709886 1.100569 -0.120060
v 3.709886 1.090623 -0.072786
v 3.709886 1.080678 -0.025511
v 2.332115 0.943942 0.021762
v 2.016384 0.884172 0.021762
v 1.709895 0.816197 0.021762
v 1.187506 0.669872 0.021762
v 0.984174 0.594869 0.021762
v 0.815221 0.518361 0.021762
v 0.564835 0.359029 0.021762
v 0.477803 0.273795 0.021762
v 0.413952 0.182238 0.021762
v 0.431252 -0.461416 0.021762
v 0.491176 -0.552016 0.021762
v 0.569926 -0.637590 0.021762
v 0.792774 -0.804618 0.021762
v 0.937488 -0.886451 0.021762
v 1.102257 -0.964019 0.021762
v 1.484151 -1.096344 0.021762
v 1.693485 -1.148043 0.021762
v 1.907296 -1.189355 0.021762
v 2.323818 -1.239203 0.021762
v 2.511646 -1.248349 0.021762
v 2.674181 -1.248330 0.021762
v 2.891042 -1.224346 0.021762
v 2.946531 -1.197949 0.021762
v 2.979050 -1.157524 0.021762
v 3.013971 -1.022103 0.021762
v 3.028401 -0.929446 0.021762
v 3.043914 -0.827440 0.021762
v 3.086063 -0.617637 0.021762
v 3.116060 -0.514709 0.021762
v 3.153865 -0.412165 0.021762
v 0.358960 -0.254642 0.021762
v 0.345690 -0.140833 0.021762
v 0.349436 -0.026730 0.021762
v 3.582843 0.212698 0.021762
v 3.543118 0.175676 0.021762
v 3.497051 0.128025 0.021762
v 3.457483 1.060784 0.021762
v 3.199104 1.046920 0.021762
v 2.928773 1.025223 0.021762
v 3.257361 -0.205287 0.021762
v 3.319786 -0.104914 0.021762
v 3.383482 -0.012850 0.021762
v 0.674955 0.149697 0.021762
v 0.673268 -0.140572 0.021762
v 0.671580 -0.430841 0.021762
v 1.393243 0.299129 0.021762
v 1.357264 -0.145490 0.021762
v 1.321284 -0.590109 0.021762
v 2.460395 -0.942611 0.021762
v 2.691054 -0.827072 0.021762
v 2.884990 -0.763006 0.021762
v 3.646636 0.269492 0.021762
v 3.672706 0.293813 0.021762
v 3.696432 0.316604 0.021762
v 3.070448 -0.095989 0.021762
v 2.941254 0.141096 0.021762
v 2.810994 0.436643 0.021762
v 3.298125 0.252434 0.021762
v 3.144687 0.436992 0.021762
v 2.967138 0.629963 0.021762
v 2.246105 -0.669799 0.021762
v 2.354380 -0.173749 0.021762
v 2.476142 0.340408 0.021762
v 3.712162 0.887707 0.021762
v 3.714437 0.704682 0.021762
v 3.716712 0.521657 0.021762
v 3.043050 0.761034 0.021762
v 3.268437 0.590237 0.021762
v 3.451317 0.417985 0.021762
v 2.332115 0.943942 -0.015534
v 2.016384 0.884172 -0.015534
v 1.709895 0.816197 -0.015534
v 1.187506 0.669872 -0.015534
v 0.984174 0.594869 -0.015534
v 0.815221 0.518361 -0.015534
v 0.564835 0.359029 -0.015534
v 0.477803 0.273795 -0.015534
v 0.413952 0.182238 -0.015534
v 0.431252 -0.461416 -0.015534
v 0.491176 -0.552016 -0.015534
v 0.569926 -0.637590 -0.015534
v 0.792774 -0.804618 -0.015534
v 0.937488 -0.886451 -0.015534
v 1.102257 -0.964019 -0.015534
v 1.484151 -1.096344 -0.015534
v 1.693485 -1.148043 -0.015534
v 1.907296 -1.189355 -0.015534
v 2.323818 -1.239203 -0.015534
v 2.511646 -1.248349 -0.015534
v 2.674181 -1.248330 -0.015534
v 2.891042 -1.224346 -0.015534
v 2.946531 -1.197949 -0.015534
v 2.979050 -1.157524 -0.015534
v 3.013971 -1.022103 -0.015534
v 3.028401 -0.929446 -0.015534
v 3.043914 -0.827440 -0.015534
v 3.086063 -0.617637 -0.015534
v 3.116060 -0.514709 -0.015534
v 3.153865 -0.412165 -0.015534
v 0.358960 -0.254642 -0.015534
v 0.345690 -0.140833 -0.015534
v 0.349436 -0.026730 -0.015534
v 3.582843 0.212698 -0.015534
v 3.543118 0.175676 -0.015534
v 3.497051 0.128025 -0.015534
v 3.457483 1.060784 -0.015534
v 3.199104 1.046920 -0.015534
v 2.928773 1.025223 -0.015534
v 3.257361 -0.205287 -0.015534
v 3.319787 -0.104914 -0.015534
v 3.383482 -0.012850 -0.015534
v 0.674955 0.149697 -0.015534
v 0.673268 -0.140572 -0.015534
v 0.671580 -0.430841 -0.015534
v 1.393242 0.299129 -0.015534
v 1.357264 -0.145490 -0.015534
v 1.321284 -0.590109 -0.015534
v 2.460396 -0.942611 -0.015534
v 2.691054 -0.827072 -0.015534
v 2.884991 -0.763006 -0.015534
v 3.646636 0.269492 -0.015534
v 3.672706 0.293813 -0.015534
v 3.696432 0.316604 -0.015534
v 3.070448 -0.095989 -0.015534
v 2.941254 0.141096 -0.015534
v 2.810994 0.436643 -0.015534
v 3.298125 0.252434 -0.015534
v 3.144687 0.436992 -0.015534
v 2.967138 0.629963 -0.015534
v 2.246105 -0.669799 -0.015534
v 2.354380 -0.173749 -0.015534
v 2.476142 0.340408 -0.015534
v 3.712162 0.887707 -0.015534
v 3.714437 0.704682 -0.015534
v 3.716712 0.521657 -0.015534
v 3.043050 0.761034 -0.015534
v 3.268437 0.590237 -0.015534
v 3.451317 0.417985 -0.015534
v 3.709886 1.070732 0.012438
v 3.709886 1.070732 0.003114
v 3.709886 1.070732 -0.006210
v 3.718988 0.338631 -0.006210
v 3.718988 0.338631 0.003114
v 3.718988 0.338631 0.012438
v 3.200843 -0.309023 0.012438
v 3.200842 -0.309023 0.003114
v 3.200843 -0.309023 -0.006210
v 3.062505 -0.721933 -0.006210
v 3.062505 -0.721933 0.003114
v 3.062505 -0.721933 0.012438
v 0.669893 -0.721110 0.012438
v 0.669893 -0.721110 0.003114
v 0.669893 -0.721110 -0.006210
v 0.387761 -0.362820 -0.006210
v 0.387761 -0.362820 0.003114
v 0.387761 -0.362820 0.012438
v 0.371689 0.082330 -0.006210
v 0.371689 0.082330 0.003114
v 0.371689 0.082330 0.012438
v 1.285305 -1.034729 0.012438
v 1.285306 -1.034729 0.003114
v 1.285306 -1.034729 -0.006210
v 3.617053 0.242876 -0.006210
v 3.617054 0.242876 0.003114
v 3.617054 0.242876 0.012438
v 3.443811 0.065959 -0.006210
v 3.443811 0.065959 0.003114
v 3.443811 0.065959 0.012438
v 2.119570 -1.219812 0.012438
v 2.119570 -1.219812 0.003114
v 2.119570 -1.219812 -0.006210
v 2.640516 0.991777 0.012438
v 2.640516 0.991777 0.003114
v 2.640516 0.991778 -0.006210
v 2.802554 -1.240224 0.012438
v 2.802554 -1.240224 0.003114
v 2.802554 -1.240224 -0.006210
v 1.429222 0.743749 0.012438
v 1.429222 0.743749 0.003114
v 1.429222 0.743749 -0.006210
v 2.998632 -1.099559 0.012438
v 2.998632 -1.099559 0.003114
v 2.998632 -1.099559 -0.006210
v 0.676642 0.439966 0.012438
v 0.676642 0.439966 0.003114
v 0.676642 0.439966 -0.006210
v 2.332115 0.946739 -0.167334
v 2.016384 0.885000 -0.167334
v 1.709895 0.816301 -0.167334
v 2.891043 -1.224345 -0.167334
v 2.946531 -1.197949 -0.167334
v 2.979050 -1.157524 -0.167334
v 2.760077 -1.396287 0.072786
v 1.833670 -1.396287 0.072786
v 0.907262 -1.396287 0.072786
v 3.686485 -0.108264 0.072786
v 3.686485 -0.537605 0.072786
v 3.686485 -0.966946 0.072786
v 3.657743 -0.986514 0.072786
v 3.642531 -0.752425 0.072786
v 3.628283 -0.541757 0.072786
v 3.620210 -1.155290 0.072786
v 3.589633 -1.029544 0.072786
v 3.560198 -0.912524 0.072786
v 3.527280 -1.279397 0.072786
v 3.471184 -1.222329 0.072786
v 3.411779 -1.168521 0.072786
v 3.194720 -1.352487 0.072786
v 3.031400 -1.331833 0.072786
v 2.963944 -1.310860 0.072786
v 3.710862 -1.434965 0.034519
v 3.702736 -1.422073 0.047274
v 3.694611 -1.409180 0.060030
v 2.761836 1.217585 -0.167334
v 1.804685 1.217585 -0.167334
v 0.847533 1.217585 -0.167334
v 3.712162 1.137282 -0.167334
v 3.714437 1.164049 -0.167334
v 3.716712 1.190817 -0.167334
v 1.187506 0.669872 -0.167334
v 0.984174 0.594870 -0.167334
v 0.815221 0.518362 -0.167334
v 2.323818 -1.239203 -0.167334
v 2.511645 -1.248349 -0.167334
v 2.674181 -1.248330 -0.167334
v 3.013971 -1.022103 -0.167334
v 3.028401 -0.929446 -0.167334
v 3.043914 -0.827439 -0.167334
v 3.582843 0.212698 -0.167334
v 3.543118 0.175676 -0.167334
v 3.497051 0.128025 -0.167334
v 3.457483 1.090724 -0.167334
v 3.199104 1.067639 -0.167334
v 2.928774 1.037965 -0.167334
v 3.257362 -0.205286 -0.167334
v 3.319786 -0.104914 -0.167334
v 3.383482 -0.012850 -0.167334
v 1.429221 0.743749 -0.025511
v 1.429221 0.743749 -0.072786
v 1.429221 0.743749 -0.120060
v 2.640517 0.996750 -0.120060
v 2.640517 0.995093 -0.072786
v 2.640517 0.993435 -0.025511
v 3.443811 0.065959 -0.120060
v 3.443811 0.065960 -0.072786
v 3.443811 0.065960 -0.025511
v 2.802553 -1.240224 -0.025511
v 2.802553 -1.240224 -0.072786
v 2.802553 -1.240224 -0.120060
v 3.718987 1.217585 -0.025512
v 3.718988 1.217585 -0.072786
v 3.718988 1.217585 -0.120060
v 2.998633 -1.099559 -0.025511
v 2.998632 -1.099558 -0.072786
v 2.998632 -1.099559 -0.120060
v 3.675679 -0.806229 -0.167334
v 3.655597 -0.428099 -0.167334
v 3.636476 -0.087731 -0.167334
v 3.496788 -0.230906 -0.167334
v 3.550142 -0.534753 -0.167334
v 3.607792 -0.866988 -0.167334
v 3.302823 -0.531075 -0.167334
v 3.407496 -0.757507 -0.167334
v 3.522032 -1.004513 -0.167334
v 3.191024 -0.863610 -0.167334
v 3.322504 -1.007398 -0.167334
v 3.465798 -1.162956 -0.167334
v 3.138024 -1.165607 -0.167334
v 3.274642 -1.230955 -0.167334
v 3.415328 -1.300468 -0.167334
v 2.858048 -1.285318 -0.167334
v 2.955198 -1.329618 -0.167334
v 3.152063 -1.374239 -0.167334
v 0.986841 1.133165 -0.167334
v 1.634510 1.088177 -0.167334
v 2.162923 1.043892 -0.167334
v 1.133268 0.836041 -0.167334
v 0.838072 0.929607 -0.167334
v 0.522326 1.030616 -0.167334
v 0.525888 0.590984 -0.167334
v 0.376193 0.741891 -0.167334
v 0.217648 0.902160 -0.167334
v 0.267498 0.234213 -0.167334
v 0.164797 0.417472 -0.167334
v 0.060607 0.675775 -0.167334
v 0.064668 -0.922053 -0.167334
v 0.173343 -0.675402 -0.167334
v 0.279955 -0.503449 -0.167334
v 0.520061 -0.862440 -0.167334
v 0.370170 -1.003476 -0.167334
v 0.209851 -1.152752 -0.167334
v 1.015263 -1.114432 -0.167334
v 0.745047 -1.194575 -0.167334
v 0.456402 -1.280632 -0.167334
v 1.763800 -1.268536 -0.167334
v 1.360023 -1.316351 -0.167334
v 0.842129 -1.364864 -0.167334
v 3.588446 0.216898 -0.031341
v 3.547347 0.182763 -0.031341
v 3.506247 0.148627 -0.031341
v 3.651906 0.272933 -0.031341
v 3.674267 0.294833 -0.031341
v 3.696627 0.316732 -0.031341
v 3.651906 0.272933 -0.156170
v 3.674267 0.294833 -0.156170
v 3.696627 0.316732 -0.156170
v 3.718987 0.338632 -0.124963
v 3.718988 0.338632 -0.093755
v 3.718987 0.338632 -0.062548
v 3.588446 0.216898 -0.156170
v 3.547347 0.182762 -0.156170
v 3.506247 0.148626 -0.156170
v 3.465147 0.114491 -0.124963
v 3.465147 0.114491 -0.093756
v 3.465147 0.114491 -0.062548
v 3.588447 1.091254 -0.031341
v 3.547347 1.091254 -0.031341
v 3.506247 1.091254 -0.031341
v 3.651906 1.091254 -0.031341
v 3.674267 1.091254 -0.031341
v 3.696627 1.091254 -0.031341
v 3.651906 1.091254 -0.156170
v 3.674267 1.091254 -0.156170
v 3.696627 1.091254 -0.156170
v 3.718987 1.091254 -0.124963
v 3.718988 1.091254 -0.093755
v 3.718987 1.091254 -0.062548
v 3.588447 1.091254 -0.156170
v 3.547347 1.091254 -0.156170
v 3.506247 1.091254 -0.156170
v 3.465147 1.091254 -0.124963
v 3.465147 1.091254 -0.093756
v 3.465147 1.091254 -0.062548
v 3.465147 0.358681 -0.156170
v 3.465147 0.602872 -0.156170
v 3.465147 0.847063 -0.156170
v 3.629546 0.881199 -0.156170
v 3.629546 0.671144 -0.156170
v 3.629546 0.461089 -0.156170
v 3.718987 0.526787 -0.031341
v 3.718988 0.714943 -0.031341
v 3.718987 0.903098 -0.031341
v 3.629546 0.881199 -0.031341
v 3.629546 0.671144 -0.031341
v 3.629546 0.461089 -0.031341
v 3.465147 0.847063 -0.031341
v 3.465147 0.602873 -0.031341
v 3.465147 0.358682 -0.031341
v 3.718987 0.526787 -0.156170
v 3.718988 0.714943 -0.156170
v 3.718987 0.903098 -0.156170
v 3.314711 -0.186897 0.087147
v 3.343428 -0.108510 0.083656
v 3.306511 -0.159856 0.080395
v 3.269809 -0.232697 0.080507
v 3.296479 -0.243263 0.089523
v 3.325769 -0.241373 0.097581
v 3.338580 -0.167984 0.091618
v 3.158333 -0.987712 0.111019
v 3.187891 -0.902071 0.112423
v 3.213422 -0.806618 0.112591
v 3.118978 -0.987516 0.098378
v 3.144237 -0.901205 0.099276
v 3.167086 -0.805042 0.099365
v 3.073797 -0.989050 0.085643
v 3.094820 -0.901673 0.086159
v 3.114832 -0.804627 0.086200
v 0.541183 0.375098 0.170278
v 0.450390 0.288680 0.171263
v 0.383448 0.195153 0.171626
v 0.568351 0.364278 0.148161
v 0.479639 0.279597 0.148932
v 0.414256 0.188089 0.149216
v 0.588551 0.355990 0.119465
v 0.501571 0.272366 0.119972
v 0.437548 0.182155 0.120159
v 3.255580 -0.607646 0.110589
v 3.273805 -0.510514 0.108645
v 3.291199 -0.416348 0.105918
v 3.208683 -0.605203 0.097979
v 3.229011 -0.508133 0.096656
v 3.250089 -0.414421 0.094827
v 3.156070 -0.603666 0.085348
v 3.179286 -0.505953 0.084544
v 3.205473 -0.410978 0.083449
v 0.387803 -0.460019 0.171677
v 0.450017 -0.552981 0.171677
v 0.532537 -0.641186 0.171677
v 0.421203 -0.455161 0.149257
v 0.482157 -0.546387 0.149257
v 0.562818 -0.632855 0.149257
v 0.447820 -0.452661 0.120185
v 0.507661 -0.542499 0.120185
v 0.586655 -0.627550 0.120185
v 3.350206 -0.192257 0.116165
v 3.326856 -0.240984 0.129673
v 3.350181 -0.164544 0.116831
v 3.367419 -0.110436 0.103270
v 3.359132 -0.171197 0.108169
v 3.347298 -0.245486 0.115084
v 3.337376 -0.250447 0.123492
v 0.766410 -0.814155 0.171677
v 0.917900 -0.898681 0.171677
v 1.089971 -0.977975 0.171677
v 0.791161 -0.802192 0.149257
v 0.939085 -0.885013 0.149257
v 1.107199 -0.962979 0.149257
v 0.810190 -0.793905 0.120185
v 0.955095 -0.875323 0.120185
v 1.119882 -0.952179 0.120185
v 1.486985 -1.108643 0.171677
v 1.703042 -1.157100 0.171677
v 1.921906 -1.194495 0.171677
v 1.495604 -1.092999 0.149257
v 1.707372 -1.142105 0.149257
v 1.922281 -1.180464 0.149257
v 1.501058 -1.081527 0.120185
v 1.709280 -1.131060 0.120185
v 1.921053 -1.170112 0.120185
v 0.312533 -0.017948 0.171677
v 0.305498 -0.133801 0.171677
v 0.316189 -0.249323 0.171677
v 0.345575 -0.020769 0.149257
v 0.339288 -0.134577 0.149257
v 0.350357 -0.248131 0.149257
v 0.371119 -0.023864 0.120185
v 0.365746 -0.136255 0.120185
v 0.377396 -0.248403 0.120185
v 2.340735 -1.237265 0.171761
v 2.527972 -1.243330 0.172349
v 2.692471 -1.239722 0.173968
v 2.335284 -1.225071 0.149355
v 2.521615 -1.231789 0.150040
v 2.686859 -1.228770 0.152093
v 2.330392 -1.216132 0.120249
v 2.518275 -1.223230 0.120694
v 2.689308 -1.220170 0.122315
v 2.229635 0.916045 0.102069
v 1.976550 0.866542 0.114982
v 1.699398 0.807486 0.129220
v 2.267381 0.914654 0.093827
v 1.993307 0.859923 0.104567
v 1.708910 0.797725 0.115976
v 2.295407 0.913873 0.083353
v 2.006271 0.856010 0.090670
v 1.716115 0.791678 0.098284
v 1.185758 0.675010 0.152782
v 0.978339 0.605138 0.160152
v 0.803080 0.532293 0.165159
v 1.198987 0.662540 0.134462
v 0.995281 0.592209 0.140233
v 0.823918 0.519477 0.144153
v 1.208145 0.654152 0.110456
v 1.007226 0.583207 0.114251
v 0.838957 0.510263 0.116829
v 3.335230 -1.035317 0.112636
v 3.378003 -0.957800 0.112504
v 3.413572 -0.872410 0.112112
v 3.266900 -1.024239 0.148998
v 3.303241 -0.945145 0.148830
v 3.334084 -0.858206 0.148111
v 3.206242 -1.014438 0.178385
v 3.236962 -0.933958 0.178371
v 3.263670 -0.845611 0.177454
v 0.397728 0.431598 0.111836
v 0.298578 0.331141 0.112230
v 0.226528 0.222381 0.112375
v 0.436531 0.416320 0.145901
v 0.339368 0.320199 0.146638
v 0.268368 0.216072 0.146910
v 0.473892 0.401610 0.169996
v 0.378772 0.309407 0.170976
v 0.308941 0.209494 0.171337
v 3.470010 -0.681949 0.110047
v 3.494189 -0.575596 0.108005
v 3.517787 -0.458800 0.104966
v 3.387960 -0.667038 0.144159
v 3.414557 -0.562191 0.140247
v 3.442787 -0.448264 0.134427
v 3.315235 -0.653739 0.171974
v 3.343821 -0.550280 0.166537
v 3.375853 -0.439086 0.158449
v 0.240045 -0.505821 0.112396
v 0.305905 -0.606452 0.112396
v 0.393585 -0.701873 0.112396
v 0.276965 -0.491241 0.146949
v 0.342162 -0.589956 0.146949
v 0.428944 -0.683632 0.146949
v 0.313968 -0.478250 0.171389
v 0.378372 -0.575045 0.171389
v 0.464052 -0.666943 0.171389
v 0.645900 -0.889858 0.112396
v 0.810822 -0.981316 0.112396
v 0.998136 -1.065358 0.112396
v 0.677409 -0.867991 0.146949
v 0.839263 -0.957794 0.146949
v 1.023046 -1.040799 0.146949
v 0.708266 -0.847603 0.171389
v 0.866897 -0.935707 0.171389
v 1.046997 -1.017595 0.171389
v 1.427974 -1.193787 0.112396
v 1.661076 -1.235742 0.112396
v 1.897724 -1.265419 0.112396
v 1.445338 -1.170486 0.146949
v 1.674425 -1.214570 0.146949
v 1.906593 -1.246658 0.146949
v 1.461389 -1.148180 0.171389
v 1.686326 -1.194135 0.171389
v 1.914021 -1.228389 0.171389
v 0.153546 -0.020246 0.112396
v 0.148437 -0.149112 0.112396
v 0.162078 -0.276274 0.112396
v 0.194904 -0.017770 0.146949
v 0.188645 -0.142869 0.146949
v 0.200959 -0.266744 0.146949
v 0.235511 -0.016273 0.171389
v 0.228445 -0.137864 0.171389
v 0.239735 -0.258639 0.171389
v 2.355433 -1.296263 0.112396
v 2.564031 -1.298923 0.112402
v 2.751248 -1.292285 0.112415
v 2.353001 -1.281018 0.146955
v 2.554638 -1.284533 0.146996
v 2.734151 -1.278535 0.147107
v 2.349919 -1.265994 0.171409
v 2.545400 -1.270365 0.171547
v 2.718192 -1.265076 0.171922
v 2.276060 0.965942 0.083802
v 1.970062 0.924568 0.089473
v 1.661595 0.875452 0.095382
v 2.251896 0.950264 0.093960
v 1.967502 0.907266 0.104212
v 1.671030 0.855499 0.115117
v 2.221164 0.933985 0.102085
v 1.963149 0.890697 0.114938
v 1.679998 0.836949 0.129113
v 3.039948 -1.248406 0.112485
v 3.141170 -1.210597 0.112536
v 3.220487 -1.162355 0.112587
v 3.005685 -1.236483 0.147663
v 3.097878 -1.199788 0.148073
v 3.168291 -1.152298 0.148482
v 2.974795 -1.225100 0.173799
v 3.059107 -1.189675 0.175181
v 3.121733 -1.143114 0.176564
v 1.108048 0.756012 0.104837
v 0.880981 0.685972 0.107786
v 0.687346 0.608737 0.109788
v 1.129847 0.732468 0.132797
v 0.908108 0.662716 0.138317
v 0.719227 0.587055 0.142067
v 1.150466 0.710581 0.152574
v 0.933849 0.640991 0.159913
v 0.749648 0.566661 0.164898
v 2.799669 1.000688 0.073383
v 3.012968 1.030664 0.071519
v 3.220696 1.056118 0.071504
v 2.713357 0.994666 0.079091
v 2.882011 1.021217 0.075574
v 3.031814 1.042517 0.073751
v 2.593860 0.983863 0.084816
v 2.714537 1.006318 0.079774
v 2.812882 1.024094 0.075966
v 3.122628 -1.001006 0.203482
v 3.146078 -0.918683 0.204677
v 3.167399 -0.828201 0.203972
v 3.103424 -0.997350 0.199430
v 3.125472 -0.914587 0.201510
v 3.145743 -0.823384 0.201157
v 3.099394 -0.994923 0.188877
v 3.121352 -0.911946 0.191701
v 3.141562 -0.820174 0.191703
v 3.134542 -0.991292 0.162438
v 3.159609 -0.908207 0.165391
v 3.182232 -0.815493 0.165668
v 3.161661 -0.989903 0.149645
v 3.189529 -0.906510 0.152166
v 3.214118 -0.813233 0.152400
v 3.180348 -0.989173 0.136695
v 3.211172 -0.905007 0.138894
v 3.237568 -0.810997 0.139125
v 3.215553 -0.634939 0.197165
v 3.246006 -0.533685 0.190350
v 3.281573 -0.427321 0.180213
v 3.192793 -0.629444 0.194543
v 3.222893 -0.529051 0.187886
v 3.257860 -0.424903 0.178002
v 3.187749 -0.625574 0.185626
v 3.216607 -0.526010 0.179497
v 3.249475 -0.424180 0.170447
v 3.226932 -0.619631 0.160987
v 3.250707 -0.521937 0.156392
v 3.275435 -0.425521 0.149849
v 3.258125 -0.616681 0.148400
v 3.278889 -0.519599 0.144558
v 3.299064 -0.425021 0.139211
v 3.280962 -0.613635 0.135799
v 3.299430 -0.516492 0.132603
v 3.316408 -0.421924 0.128162
v 3.033395 -1.135545 0.091141
v 3.025346 -1.113106 0.083097
v 3.001642 -1.146551 0.083518
v 2.984784 -1.165102 0.088561
v 3.038124 -1.142728 0.096843
v 3.084106 -1.108901 0.103216
v 3.059351 -1.108517 0.093547
v 1.379861 1.008608 0.072786
v 0.962118 1.053182 0.072786
v 1.105749 0.997707 0.072786
v 1.354232 0.946361 0.072786
v 1.631475 0.980492 0.072786
v 1.879485 1.013975 0.072786
v 1.444027 1.040781 0.072786
v 0.591671 0.846553 0.072786
v 0.419517 0.938941 0.072786
v 0.446705 0.832619 0.072786
v 0.537153 0.731407 0.072786
v 0.701732 0.788591 0.072786
v 0.875197 0.848583 0.072786
v 0.658043 0.906188 0.072786
v 0.176051 0.573620 0.072786
v 0.128050 0.732776 0.072786
v 0.124289 0.540081 0.072786
v 0.148404 0.377377 0.072786
v 0.209290 0.476029 0.072786
v 0.286607 0.574223 0.072786
v 0.212167 0.679072 0.072786
v 2.483944 1.067464 0.072786
v 2.861972 1.085507 0.072786
v 3.267687 1.100181 0.072786
v 2.030662 1.096263 0.072786
v 2.538126 1.110153 0.072786
v 3.100849 1.120406 0.072786
v 1.505993 1.126994 0.072786
v 2.192447 1.135419 0.072786
v 2.931282 1.140708 0.072786
v 0.183855 -0.840961 0.072786
v 0.163404 -0.657993 0.072786
v 0.134272 -0.808952 0.072786
v 0.130546 -0.990760 0.072786
v 0.212824 -0.940838 0.072786
v 0.286661 -0.841431 0.072786
v 0.219432 -0.749326 0.072786
v 0.540576 -1.123753 0.072786
v 0.502839 -1.005085 0.072786
v 0.414505 -1.100178 0.072786
v 0.379165 -1.203298 0.072786
v 0.589682 -1.186437 0.072786
v 0.783698 -1.144037 0.072786
v 0.642631 -1.073619 0.072786
v 1.159007 -1.298430 0.072786
v 0.815869 -1.323576 0.072786
v 1.208926 -1.320245 0.072786
v 1.558267 -1.304845 0.072786
v 1.366390 -1.281459 0.072786
v 1.154590 -1.251186 0.072786
v 0.940215 -1.285629 0.072786
v 0.018606 0.325299 0.072786
v 0.014339 -0.127345 0.072786
v 0.021540 -0.579791 0.072786
v 0.051521 0.173592 0.072786
v 0.046901 -0.136998 0.072786
v 0.057403 -0.446857 0.072786
v 0.082074 0.064201 0.072786
v 0.077925 -0.146524 0.072786
v 0.090740 -0.355807 0.072786
v 2.930217 -1.204965 0.182508
v 3.004079 -1.172809 0.188864
v 3.056452 -1.128953 0.195133
v 2.921901 -1.196358 0.165929
v 2.991862 -1.166000 0.176630
v 3.041189 -1.123880 0.186629
v 2.928057 -1.188254 0.142604
v 2.992253 -1.159650 0.158674
v 3.038488 -1.119474 0.172370
v 3.326569 -0.212234 0.141146
v 3.342618 -0.201889 0.145832
v 3.369411 -0.194334 0.147163
v 3.366574 -0.110095 0.121736
v 3.388406 -0.091157 0.124696
v 3.417924 -0.076147 0.125518
v 3.402310 -0.021377 0.101115
v 3.431197 0.007155 0.102666
v 3.464025 0.030155 0.103094
v 2.899920 -1.192997 0.063045
v 2.946434 -1.167364 0.060396
v 2.975818 -1.128618 0.059610
v 2.886508 -1.203229 0.048241
v 2.938823 -1.177283 0.047432
v 2.970031 -1.137759 0.047156
v 2.885669 -1.213658 0.034639
v 2.940359 -1.187510 0.034538
v 2.972477 -1.147490 0.034504
v 0.600685 0.349519 0.067659
v 0.515265 0.266291 0.067772
v 0.452549 0.176750 0.067814
v 0.593339 0.351052 0.049535
v 0.507720 0.267374 0.049568
v 0.444892 0.177414 0.049581
v 0.580468 0.354550 0.034801
v 0.494244 0.270159 0.034805
v 0.430985 0.179477 0.034807
v 0.892330 1.175189 0.060030
v 1.826423 1.175189 0.060030
v 2.760517 1.175189 0.060030
v 0.877397 1.189321 0.047274
v 1.819177 1.189321 0.047274
v 2.760957 1.189321 0.047274
v 0.862465 1.203453 0.034519
v 1.811931 1.203453 0.034519
v 2.761396 1.203453 0.034519
v 3.012942 -0.998139 0.060055
v 3.028560 -0.908358 0.060166
v 3.044785 -0.809321 0.060175
v 3.005225 -1.005253 0.047282
v 3.019851 -0.914444 0.047315
v 3.035409 -0.814414 0.047317
v 3.007180 -1.013416 0.034519
v 3.021529 -0.921663 0.034524
v 3.036936 -0.820643 0.034524
v 0.467963 -0.453091 0.067820
v 0.526769 -0.541856 0.067820
v 0.604127 -0.625741 0.067820
v 0.461447 -0.455226 0.049582
v 0.520396 -0.544309 0.049582
v 0.597887 -0.628463 0.049582
v 0.448066 -0.458129 0.034807
v 0.507433 -0.547882 0.034807
v 0.585455 -0.632658 0.034807
v 3.453376 0.090963 0.063508
v 3.494793 0.133378 0.063867
v 3.532780 0.167137 0.063919
v 3.470535 0.114491 0.048298
v 3.514831 0.160025 0.048413
v 3.553956 0.195717 0.048426
v 3.484546 0.124570 0.034646
v 3.530144 0.171611 0.034661
v 3.569739 0.208198 0.034662
v 3.420861 1.066168 0.058244
v 3.156970 1.039999 0.057324
v 2.894146 1.009027 0.057389
v 3.441646 1.064761 0.046801
v 3.181639 1.042474 0.046499
v 2.914091 1.014006 0.046495
v 3.451408 1.062819 0.034459
v 3.193216 1.044715 0.034422
v 2.923910 1.019485 0.034421
v 3.694088 1.154049 0.060030
v 3.693566 1.132909 0.060030
v 3.693044 1.111769 0.060030
v 3.701630 1.162990 0.047274
v 3.700523 1.136659 0.047274
v 3.699416 1.110328 0.047274
v 3.709171 1.171931 0.034519
v 3.707480 1.140409 0.034519
v 3.705789 1.108887 0.034519
v 3.085957 -0.605324 0.059988
v 3.113888 -0.505452 0.059812
v 3.148398 -0.406503 0.059573
v 3.076815 -0.608587 0.047262
v 3.105878 -0.507670 0.047210
v 3.142300 -0.407294 0.047139
v 3.078686 -0.612859 0.034517
v 3.108349 -0.510930 0.034510
v 3.145706 -0.409401 0.034502
v 0.823032 -0.789549 0.067820
v 0.965128 -0.869786 0.067820
v 1.126871 -0.945771 0.067820
v 0.817172 -0.792742 0.049582
v 0.959554 -0.873222 0.049582
v 1.121656 -0.949487 0.049582
v 0.806241 -0.798131 0.034807
v 0.949613 -0.879201 0.034807
v 1.112854 -0.956043 0.034807
v 3.241251 -0.209839 0.058988
v 3.296858 -0.116882 0.059308
v 3.353446 -0.034010 0.060712
v 3.241530 -0.205662 0.046968
v 3.301256 -0.108542 0.047083
v 3.362160 -0.020114 0.047515
v 3.247919 -0.204679 0.034480
v 3.309554 -0.105441 0.034495
v 3.372438 -0.014500 0.034549
v -0.041764 -0.763088 0.060030
v -0.041764 -0.116996 0.060030
v -0.041764 0.529097 0.060030
v -0.064382 -0.769224 0.047274
v -0.064382 -0.116376 0.047274
v -0.064382 0.536473 0.047274
v -0.087000 -0.775361 0.034519
v -0.087000 -0.115756 0.034519
v -0.087000 0.543848 0.034519
v 1.501586 -1.075015 0.067820
v 1.706826 -1.125291 0.067820
v 1.916255 -1.165352 0.067820
v 1.497318 -1.079477 0.049582
v 1.703189 -1.130199 0.049582
v 1.913404 -1.170696 0.049582
v 1.491197 -1.087116 0.034807
v 1.698580 -1.138318 0.034807
v 1.910390 -1.179228 0.034807
v 2.323498 0.918885 0.059581
v 2.018472 0.858840 0.061227
v 1.720860 0.792315 0.062932
v 2.329116 0.925716 0.047141
v 2.019481 0.865483 0.047629
v 1.718744 0.798331 0.048134
v 2.331439 0.934373 0.034502
v 2.018444 0.874288 0.034563
v 1.714781 0.806681 0.034626
v 0.388792 -0.027708 0.067820
v 0.384750 -0.139331 0.067820
v 0.397416 -0.250677 0.067820
v 0.381295 -0.027969 0.049582
v 0.377501 -0.140111 0.049582
v 0.390449 -0.251967 0.049582
v 0.367052 -0.027526 0.034807
v 0.363326 -0.140556 0.034807
v 0.376461 -0.253295 0.034807
v 2.324016 -1.213386 0.067818
v 2.511852 -1.221486 0.067807
v 2.681529 -1.219717 0.067680
v 2.322886 -1.219467 0.049581
v 2.508925 -1.228177 0.049570
v 2.672001 -1.227621 0.049492
v 2.323011 -1.228580 0.034807
v 2.509252 -1.237605 0.034805
v 2.670676 -1.237519 0.034796
v 1.211217 0.650895 0.065649
v 1.012161 0.578447 0.066496
v 0.846468 0.504415 0.067071
v 1.205721 0.655199 0.048939
v 1.005842 0.581924 0.049190
v 0.839671 0.507135 0.049360
v 1.197336 0.661929 0.034727
v 0.995911 0.587798 0.034758
v 0.828531 0.512170 0.034779
v 3.569169 -0.185282 0.095018
v 3.597825 -0.030141 0.088251
v 3.627668 0.132335 0.080769
v 3.509102 -0.184981 0.115389
v 3.546976 -0.038175 0.102559
v 3.586222 0.113097 0.088546
v 3.454078 -0.186184 0.132032
v 3.498528 -0.049637 0.114479
v 3.543248 0.085218 0.095726
v 3.061703 -1.133953 0.128498
v 3.002851 -1.163511 0.115796
v 3.035334 -1.143917 0.132291
v 3.070997 -1.110511 0.145832
v 3.092779 -1.107341 0.135940
v 3.101883 -1.108458 0.124812
v 3.054545 -1.141811 0.118129
v 3.605351 0.239692 0.061923
v 3.638617 0.275888 0.060646
v 3.667789 0.303321 0.060107
v 3.621309 0.256264 0.047865
v 3.650677 0.283964 0.047471
v 3.677424 0.308011 0.047299
v 3.634694 0.265049 0.034592
v 3.661932 0.289616 0.034543
v 3.686958 0.312399 0.034522
v 3.086063 -0.617637 -0.025511
v 3.116060 -0.514709 -0.025511
v 3.153864 -0.412165 -0.025511
v 3.086063 -0.617637 -0.072786
v 3.116060 -0.514709 -0.072786
v 3.153864 -0.412165 -0.072786
v 3.086063 -0.617637 -0.120060
v 3.116060 -0.514709 -0.120060
v 3.153864 -0.412165 -0.120060
v 0.792774 -0.804618 -0.025511
v 0.937488 -0.886451 -0.025511
v 1.102257 -0.964018 -0.025511
v 0.792774 -0.804618 -0.072786
v 0.937488 -0.886451 -0.072786
v 1.102257 -0.964018 -0.072786
v 0.792774 -0.804618 -0.120060
v 0.937488 -0.886451 -0.120060
v 1.102257 -0.964018 -0.120060
v 3.718988 -0.107991 -0.025511
v 3.718988 -0.554613 -0.025511
v 3.718987 -1.001235 -0.025511
v 3.718988 -0.107991 -0.072786
v 3.718987 -0.554613 -0.072786
v 3.718987 -1.001235 -0.072786
v 3.718987 -0.107991 -0.120060
v 3.718987 -0.554613 -0.120060
v 3.718987 -1.001235 -0.120060
v 0.349436 -0.026730 -0.025511
v 0.345689 -0.140833 -0.025511
v 0.358960 -0.254642 -0.025511
v 0.349436 -0.026730 -0.072786
v 0.345689 -0.140833 -0.072786
v 0.358960 -0.254642 -0.072786
v 0.349436 -0.026730 -0.120060
v 0.345689 -0.140833 -0.120060
v 0.358960 -0.254642 -0.120060
v 1.484150 -1.096344 -0.025511
v 1.693485 -1.148042 -0.025511
v 1.907296 -1.189355 -0.025511
v 1.484150 -1.096344 -0.072786
v 1.693485 -1.148042 -0.072786
v 1.907296 -1.189355 -0.072786
v 1.484150 -1.096344 -0.120060
v 1.693485 -1.148042 -0.120060
v 1.907296 -1.189355 -0.120060
v 3.646636 0.269492 -0.025511
v 3.672706 0.293813 -0.025511
v 3.696432 0.316605 -0.025511
v 3.646636 0.269492 -0.072786
v 3.672705 0.293813 -0.072786
v 3.696432 0.316605 -0.072786
v 3.646636 0.269492 -0.120060
v 3.672706 0.293813 -0.120060
v 3.696432 0.316605 -0.120060
v 2.761836 -1.447858 -0.025511
v 1.804684 -1.447858 -0.025511
v 0.847533 -1.447858 -0.025511
v 2.761836 -1.447858 -0.072786
v 1.804684 -1.447858 -0.072786
v 0.847533 -1.447858 -0.072786
v 2.761836 -1.447858 -0.120060
v 1.804684 -1.447858 -0.120060
v 0.847533 -1.447858 -0.120060
v 0.564835 0.359029 -0.025511
v 0.477803 0.273795 -0.025511
v 0.413952 0.182238 -0.025511
v 0.564835 0.359029 -0.072786
v 0.477803 0.273795 -0.072786
v 0.413952 0.182238 -0.072786
v 0.564835 0.359029 -0.120060
v 0.477803 0.273795 -0.120060
v 0.413952 0.182238 -0.120060
v 0.431251 -0.461416 -0.025511
v 0.491176 -0.552016 -0.025511
v 0.569926 -0.637590 -0.025511
v 0.431252 -0.461416 -0.072786
v 0.491176 -0.552016 -0.072786
v 0.569926 -0.637590 -0.072786
v 0.431251 -0.461416 -0.120060
v 0.491176 -0.552016 -0.120060
v 0.569926 -0.637590 -0.120060
v -0.109619 -0.781497 -0.025511
v -0.109619 -0.115136 -0.025511
v -0.109619 0.551224 -0.025511
v -0.109619 -0.781497 -0.072786
v -0.109619 -0.115136 -0.072786
v -0.109619 0.551224 -0.072786
v -0.109619 -0.781497 -0.120060
v -0.109619 -0.115136 -0.120060
v -0.109619 0.551224 -0.120060
v 0.568328 -0.388441 0.021762
v 0.566908 -0.139289 0.021762
v 0.565783 0.109868 0.021762
v 0.485233 -0.345608 0.021762
v 0.480708 -0.139176 0.021762
v 0.478546 0.067297 0.021762
v 0.417703 -0.300960 0.021762
v 0.409366 -0.139818 0.021762
v 0.408888 0.021460 0.021762
v 1.123569 -0.555546 0.021762
v 1.144881 -0.147074 0.021762
v 1.166194 0.261399 0.021762
v 0.949160 -0.516121 0.021762
v 0.960831 -0.145791 0.021762
v 0.972503 0.224539 0.021762
v 0.798386 -0.473873 0.021762
v 0.803998 -0.143128 0.021762
v 0.809609 0.187616 0.021762
v 2.489836 -0.627017 0.021762
v 2.711197 -0.596598 0.021762
v 2.905845 -0.598031 0.021762
v 2.573581 -0.237272 0.021762
v 2.769208 -0.323338 0.021762
v 2.947202 -0.417558 0.021762
v 2.679779 0.153933 0.021762
v 2.848147 -0.056878 0.021762
v 3.003500 -0.242677 0.021762
v 2.888194 -0.896486 0.021762
v 2.721135 -0.981208 0.021762
v 2.532832 -1.095494 0.021762
v 2.909706 -1.001320 0.021762
v 2.785287 -1.077477 0.021762
v 2.651328 -1.160772 0.021762
v 2.941901 -1.085277 0.021762
v 2.863211 -1.144310 0.021762
v 2.773120 -1.198001 0.021762
v 1.540344 -0.618711 0.021762
v 1.772274 -0.644003 0.021762
v 2.007993 -0.666924 0.021762
v 1.596671 -0.140803 0.021762
v 1.852118 -0.137774 0.021762
v 2.109810 -0.144039 0.021762
v 1.653217 0.337560 0.021762
v 1.933723 0.372104 0.021762
v 2.217468 0.390754 0.021762
v 3.121200 0.227377 0.021762
v 2.970414 0.453036 0.021762
v 3.041381 0.224224 0.021762
v 3.142603 0.007132 0.021762
v 3.207376 0.086943 0.021762
v 3.253601 0.176202 0.021762
v 3.119121 0.340779 0.021762
v 3.287607 0.440441 0.021762
v 3.095973 0.619653 0.021762
v 3.213337 0.460620 0.021762
v 3.350671 0.297127 0.021762
v 3.397846 0.327992 0.021762
v 3.423470 0.372329 0.021762
v 3.262001 0.514608 0.021762
v 3.518384 0.874573 0.021762
v 3.326815 0.857309 0.021762
v 3.147979 0.828716 0.021762
v 3.578650 0.688452 0.021762
v 3.449447 0.668426 0.021762
v 3.337325 0.639363 0.021762
v 3.637858 0.502483 0.021762
v 3.563616 0.480756 0.021762
v 3.499083 0.453742 0.021762
v 0.568328 -0.388441 -0.015534
v 0.485233 -0.345608 -0.015534
v 0.417703 -0.300960 -0.015534
v 0.566908 -0.139289 -0.015534
v 0.480708 -0.139176 -0.015534
v 0.409366 -0.139818 -0.015534
v 0.565782 0.109868 -0.015534
v 0.478546 0.067297 -0.015534
v 0.408888 0.021460 -0.015534
v 1.123569 -0.555546 -0.015534
v 0.949160 -0.516121 -0.015534
v 0.798386 -0.473873 -0.015534
v 1.144882 -0.147074 -0.015534
v 0.960831 -0.145791 -0.015534
v 0.803998 -0.143128 -0.015534
v 1.166194 0.261399 -0.015534
v 0.972503 0.224539 -0.015534
v 0.809609 0.187616 -0.015534
v 2.489836 -0.627017 -0.015534
v 2.573581 -0.237272 -0.015534
v 2.679779 0.153933 -0.015534
v 2.711197 -0.596598 -0.015534
v 2.769208 -0.323338 -0.015534
v 2.848147 -0.056878 -0.015534
v 2.905845 -0.598031 -0.015534
v 2.947202 -0.417558 -0.015534
v 3.003500 -0.242677 -0.015534
v 2.888195 -0.896486 -0.015534
v 2.909705 -1.001320 -0.015534
v 2.941900 -1.085277 -0.015534
v 2.721135 -0.981208 -0.015534
v 2.785287 -1.077477 -0.015534
v 2.863211 -1.144311 -0.015534
v 2.532832 -1.095494 -0.015534
v 2.651328 -1.160772 -0.015534
v 2.773120 -1.198001 -0.015534
v 1.540345 -0.618711 -0.015534
v 1.596671 -0.140803 -0.015534
v 1.653217 0.337560 -0.015534
v 1.772274 -0.644003 -0.015534
v 1.852118 -0.137774 -0.015534
v 1.933723 0.372104 -0.015534
v 2.007993 -0.666924 -0.015534
v 2.109810 -0.144039 -0.015534
v 2.217468 0.390754 -0.015534
v 3.121200 0.227377 -0.015534
v 2.970414 0.453036 -0.015534
v 3.119121 0.340779 -0.015534
v 3.253601 0.176202 -0.015534
v 3.207376 0.086943 -0.015534
v 3.142603 0.007132 -0.015534
v 3.041381 0.224224 -0.015534
v 3.287607 0.440442 -0.015534
v 3.095973 0.619653 -0.015534
v 3.262002 0.514608 -0.015534
v 3.423470 0.372329 -0.015534
v 3.397846 0.327992 -0.015534
v 3.350671 0.297127 -0.015534
v 3.213337 0.460620 -0.015534
v 3.518384 0.874573 -0.015534
v 3.578650 0.688452 -0.015534
v 3.637858 0.502483 -0.015534
v 3.326814 0.857309 -0.015534
v 3.449447 0.668426 -0.015534
v 3.563615 0.480756 -0.015534
v 3.147979 0.828716 -0.015534
v 3.337325 0.639363 -0.015534
v 3.499083 0.453742 -0.015534
v 3.716712 0.521657 0.012438
v 3.716712 0.521657 0.003114
v 3.716712 0.521657 -0.006210
v 3.714437 0.704682 0.012438
v 3.714437 0.704682 0.003114
v 3.714437 0.704682 -0.006210
v 3.712161 0.887707 0.012438
v 3.712161 0.887707 0.003114
v 3.712162 0.887707 -0.006210
v 3.086063 -0.617637 0.012438
v 3.086063 -0.617637 0.003114
v 3.086063 -0.617637 -0.006210
v 3.116060 -0.514709 0.012438
v 3.116060 -0.514709 0.003114
v 3.116061 -0.514709 -0.006210
v 3.153864 -0.412165 0.012438
v 3.153865 -0.412165 0.003114
v 3.153864 -0.412165 -0.006210
v 0.431252 -0.461416 0.012438
v 0.431252 -0.461416 0.003114
v 0.431252 -0.461416 -0.006210
v 0.491176 -0.552016 0.012438
v 0.491176 -0.552016 0.003114
v 0.491176 -0.552016 -0.006210
v 0.569926 -0.637590 0.012438
v 0.569926 -0.637590 0.003114
v 0.569926 -0.637590 -0.006210
v 0.349436 -0.026730 0.012438
v 0.349436 -0.026730 0.003114
v 0.349436 -0.026730 -0.006210
v 0.345690 -0.140833 0.012438
v 0.345690 -0.140833 0.003114
v 0.345690 -0.140833 -0.006210
v 0.358960 -0.254642 0.012438
v 0.358960 -0.254642 0.003114
v 0.358960 -0.254642 -0.006210
v 0.792774 -0.804618 0.012438
v 0.792774 -0.804618 0.003114
v 0.792774 -0.804618 -0.006210
v 0.937488 -0.886451 0.012438
v 0.937488 -0.886451 0.003114
v 0.937488 -0.886452 -0.006210
v 1.102257 -0.964019 0.012438
v 1.102257 -0.964019 0.003114
v 1.102257 -0.964019 -0.006210
v 3.646636 0.269492 0.012438
v 3.646636 0.269492 0.003114
v 3.646636 0.269492 -0.006210
v 3.672706 0.293813 0.012438
v 3.672705 0.293813 0.003114
v 3.672705 0.293813 -0.006210
v 3.696432 0.316604 0.012438
v 3.696432 0.316604 0.003114
v 3.696432 0.316604 -0.006210
v 3.497050 0.128025 0.012438
v 3.497051 0.128025 0.003114
v 3.497050 0.128025 -0.006210
v 3.543118 0.175676 0.012438
v 3.543118 0.175676 0.003114
v 3.543118 0.175676 -0.006210
v 3.582843 0.212698 0.012438
v 3.582843 0.212698 0.003114
v 3.582843 0.212698 -0.006210
v 1.484150 -1.096344 0.012438
v 1.484151 -1.096344 0.003114
v 1.484151 -1.096344 -0.006210
v 1.693485 -1.148043 0.012438
v 1.693485 -1.148043 0.003114
v 1.693485 -1.148043 -0.006210
v 1.907296 -1.189355 0.012438
v 1.907296 -1.189355 0.003114
v 1.907296 -1.189355 -0.006210
v 3.457482 1.060784 0.012438
v 3.457482 1.060784 0.003114
v 3.457482 1.060784 -0.006210
v 3.199104 1.046920 0.012438
v 3.199104 1.046920 0.003114
v 3.199103 1.046920 -0.006210
v 2.928773 1.025223 0.012438
v 2.928773 1.025223 0.003114
v 2.928773 1.025223 -0.006210
v 2.323818 -1.239203 0.012438
v 2.323818 -1.239203 0.003114
v 2.323818 -1.239203 -0.006210
v 2.511645 -1.248349 0.012438
v 2.511645 -1.248349 0.003114
v 2.511645 -1.248349 -0.006210
v 2.674181 -1.248330 0.012438
v 2.674181 -1.248330 0.003114
v 2.674181 -1.248330 -0.006210
v 2.332115 0.943942 0.012438
v 2.332115 0.943942 0.003114
v 2.332115 0.943942 -0.006210
v 2.016383 0.884172 0.012438
v 2.016383 0.884172 0.003114
v 2.016384 0.884172 -0.006210
v 1.709895 0.816197 0.012438
v 1.709895 0.816197 0.003114
v 1.709895 0.816197 -0.006210
v 3.257361 -0.205287 0.012438
v 3.257362 -0.205287 0.003114
v 3.257361 -0.205287 -0.006210
v 3.319787 -0.104914 0.012438
v 3.319787 -0.104914 0.003114
v 3.319787 -0.104914 -0.006210
v 3.383481 -0.012850 0.012438
v 3.383482 -0.012850 0.003114
v 3.383482 -0.012850 -0.006210
v 2.891043 -1.224346 0.012438
v 2.891043 -1.224346 0.003114
v 2.891043 -1.224346 -0.006210
v 2.946531 -1.197949 0.012438
v 2.946531 -1.197949 0.003114
v 2.946531 -1.197949 -0.006210
v 2.979049 -1.157524 0.012438
v 2.979049 -1.157524 0.003114
v 2.979049 -1.157524 -0.006210
v 1.187506 0.669872 0.012438
v 1.187506 0.669872 0.003114
v 1.187506 0.669872 -0.006210
v 0.984174 0.594869 0.012438
v 0.984174 0.594869 0.003114
v 0.984174 0.594869 -0.006210
v 0.815221 0.518361 0.012438
v 0.815221 0.518361 0.003114
v 0.815221 0.518361 -0.006210
v 3.013971 -1.022103 0.012438
v 3.013971 -1.022103 0.003114
v 3.013971 -1.022103 -0.006210
v 3.028401 -0.929446 0.012438
v 3.028401 -0.929446 0.003114
v 3.028401 -0.929446 -0.006210
v 3.043914 -0.827439 0.012438
v 3.043914 -0.827439 0.003114
v 3.043914 -0.827439 -0.006210
v 0.564835 0.359029 0.012438
v 0.564835 0.359029 0.003114
v 0.564835 0.359029 -0.006210
v 0.477803 0.273795 0.012438
v 0.477803 0.273795 0.003114
v 0.477803 0.273795 -0.006210
v 0.413952 0.182238 0.012438
v 0.413952 0.182238 0.003114
v 0.413952 0.182238 -0.006210
v 3.661018 -0.466062 0.072786
v 3.668966 -0.786645 0.072786
v 3.672053 -0.498459 0.072786
v 3.670928 -0.183342 0.072786
v 3.656184 -0.276199 0.072786
v 3.642472 -0.408273 0.072786
v 3.654279 -0.611226 0.072786
v 3.610891 -0.834440 0.072786
v 3.632747 -1.003678 0.072786
v 3.626216 -0.821077 0.072786
v 3.612916 -0.644967 0.072786
v 3.597094 -0.730399 0.072786
v 3.581176 -0.823836 0.072786
v 3.606021 -0.932747 0.072786
v 3.525789 -1.099906 0.072786
v 3.569540 -1.187611 0.072786
v 3.558419 -1.082572 0.072786
v 3.531124 -0.984103 0.072786
v 3.496842 -1.045267 0.072786
v 3.460084 -1.109209 0.072786
v 3.513089 -1.160655 0.072786
v 3.305195 -1.274127 0.072786
v 3.377319 -1.307888 0.072786
v 3.390961 -1.259376 0.072786
v 3.345000 -1.215423 0.072786
v 3.257375 -1.252223 0.072786
v 3.142443 -1.284952 0.072786
v 3.233898 -1.303334 0.072786
v 2.760517 -1.409180 0.060030
v 1.826423 -1.409180 0.060030
v 0.892330 -1.409180 0.060030
v 2.760957 -1.422073 0.047274
v 1.819177 -1.422073 0.047274
v 0.877397 -1.422073 0.047274
v 2.761396 -1.434965 0.034519
v 1.811931 -1.434965 0.034519
v 0.862465 -1.434965 0.034519
v 3.694610 -0.108196 0.060030
v 3.694610 -0.541857 0.060030
v 3.694610 -0.975519 0.060030
v 3.702736 -0.108127 0.047274
v 3.702736 -0.546109 0.047274
v 3.702736 -0.984091 0.047274
v 3.710862 -0.108059 0.034519
v 3.710862 -0.550361 0.034519
v 3.710862 -0.992663 0.034519
v 2.332114 0.944641 -0.025512
v 2.016383 0.884379 -0.025512
v 1.709895 0.816223 -0.025511
v 2.332115 0.945340 -0.072786
v 2.016383 0.884586 -0.072786
v 1.709895 0.816249 -0.072786
v 2.332115 0.946040 -0.120060
v 2.016384 0.884793 -0.120060
v 1.709895 0.816275 -0.120060
v 3.497050 0.128025 -0.025511
v 3.543118 0.175676 -0.025511
v 3.582843 0.212698 -0.025511
v 3.497051 0.128025 -0.072786
v 3.543119 0.175676 -0.072786
v 3.582843 0.212698 -0.072786
v 3.497051 0.128025 -0.120060
v 3.543118 0.175676 -0.120060
v 3.582843 0.212698 -0.120060
v 2.323818 -1.239203 -0.025511
v 2.511645 -1.248349 -0.025511
v 2.674181 -1.248330 -0.025511
v 2.323818 -1.239203 -0.072786
v 2.511645 -1.248349 -0.072786
v 2.674181 -1.248330 -0.072786
v 2.323818 -1.239203 -0.120060
v 2.511645 -1.248349 -0.120060
v 2.674181 -1.248330 -0.120060
v 1.187506 0.669872 -0.025511
v 0.984174 0.594870 -0.025511
v 0.815221 0.518362 -0.025511
v 1.187506 0.669872 -0.072786
v 0.984174 0.594870 -0.072786
v 0.815221 0.518362 -0.072786
v 1.187506 0.669872 -0.120060
v 0.984174 0.594870 -0.120060
v 0.815221 0.518362 -0.120060
v 0.847533 1.217585 -0.025511
v 1.804684 1.217585 -0.025511
v 2.761836 1.217585 -0.025511
v 0.847533 1.217585 -0.072786
v 1.804684 1.217585 -0.072786
v 2.761837 1.217585 -0.072786
v 0.847533 1.217585 -0.120060
v 1.804685 1.217585 -0.120060
v 2.761836 1.217585 -0.120060
v 3.457482 1.068269 -0.025511
v 3.199103 1.052100 -0.025511
v 2.928773 1.028409 -0.025511
v 3.457483 1.075754 -0.072786
v 3.199104 1.057279 -0.072786
v 2.928773 1.031594 -0.072786
v 3.457483 1.083239 -0.120060
v 3.199104 1.062459 -0.120060
v 2.928773 1.034780 -0.120060
v 2.891042 -1.224345 -0.025512
v 2.946531 -1.197949 -0.025512
v 2.979049 -1.157524 -0.025511
v 2.891043 -1.224346 -0.072786
v 2.946531 -1.197949 -0.072786
v 2.979050 -1.157524 -0.072786
v 2.891042 -1.224346 -0.120060
v 2.946531 -1.197949 -0.120060
v 2.979049 -1.157524 -0.120060
v 3.716712 1.183358 -0.025511
v 3.714437 1.149131 -0.025511
v 3.712161 1.114905 -0.025511
v 3.716712 1.185844 -0.072786
v 3.714437 1.154104 -0.072786
v 3.712161 1.122364 -0.072786
v 3.716712 1.188331 -0.120060
v 3.714437 1.159077 -0.120060
v 3.712161 1.129822 -0.120060
v 3.257361 -0.205286 -0.025511
v 3.319786 -0.104914 -0.025511
v 3.383481 -0.012850 -0.025511
v 3.257361 -0.205286 -0.072786
v 3.319786 -0.104914 -0.072786
v 3.383482 -0.012850 -0.072786
v 3.257361 -0.205286 -0.120060
v 3.319787 -0.104914 -0.120060
v 3.383482 -0.012850 -0.120060
v 3.013971 -1.022103 -0.025511
v 3.028401 -0.929446 -0.025511
v 3.043914 -0.827439 -0.025511
v 3.013972 -1.022103 -0.072786
v 3.028401 -0.929446 -0.072786
v 3.043914 -0.827439 -0.072786
v 3.013971 -1.022103 -0.120060
v 3.028401 -0.929446 -0.120060
v 3.043914 -0.827439 -0.120060
v 2.685128 -1.370708 0.072786
v 2.667134 -1.347972 0.072786
v 2.703769 -1.326782 0.072786
v 2.022378 -1.374622 0.072786
v 2.209040 -1.353474 0.072786
v 2.392293 -1.333190 0.072786
v 1.363825 -1.372674 0.072786
v 1.750602 -1.351355 0.072786
v 2.071253 -1.331258 0.072786
v 3.686500 -0.263403 -0.167334
v 3.660643 -0.051812 -0.167334
v 3.680722 -0.023631 -0.167334
v 3.699892 -0.051495 -0.167334
v 3.700819 -0.390340 -0.167334
v 3.695406 -0.668914 -0.167334
v 3.676039 -0.362815 -0.167334
v 3.595916 -0.321978 -0.167334
v 3.606698 -0.097213 -0.167334
v 3.625154 -0.396335 -0.167334
v 3.631089 -0.676602 -0.167334
v 3.582944 -0.438350 -0.167334
v 3.539286 -0.164159 -0.167334
v 3.573665 -0.108568 -0.167334
v 3.441952 -0.516489 -0.167334
v 3.528308 -0.808773 -0.167334
v 3.434726 -0.641472 -0.167334
v 3.345429 -0.433159 -0.167334
v 3.389634 -0.340018 -0.167334
v 3.443599 -0.283022 -0.167334
v 3.495166 -0.548591 -0.167334
v 3.301445 -0.799895 -0.167334
v 3.434293 -1.000603 -0.167334
v 3.321084 -0.903252 -0.167334
v 3.204829 -0.768887 -0.167334
v 3.221744 -0.677896 -0.167334
v 3.258219 -0.607604 -0.167334
v 3.354656 -0.802503 -0.167334
v 3.239574 -1.086465 -0.167334
v 3.386756 -1.193840 -0.167334
v 3.270552 -1.159959 -0.167334
v 3.145175 -1.097498 -0.167334
v 3.149195 -1.019794 -0.167334
v 3.169089 -0.945757 -0.167334
v 3.286685 -1.066234 -0.167334
v 3.147542 -1.273575 -0.167334
v 3.277331 -1.322933 -0.167334
v 3.117125 -1.302632 -0.167334
v 2.994864 -1.266806 -0.167334
v 3.064504 -1.241889 -0.167334
v 3.111611 -1.211850 -0.167334
v 3.222172 -1.266160 -0.167334
v 2.938876 1.185739 -0.167334
v 3.114210 1.153965 -0.167334
v 3.286699 1.122308 -0.167334
v 2.178316 1.179055 -0.167334
v 2.538296 1.141094 -0.167334
v 2.875525 1.104082 -0.167334
v 1.472985 1.167119 -0.167334
v 2.020740 1.121692 -0.167334
v 2.494143 1.079227 -0.167334
v 1.384990 0.986603 -0.167334
v 0.940117 1.056139 -0.167334
v 1.438101 1.036454 -0.167334
v 1.894294 0.996220 -0.167334
v 1.653637 0.943455 -0.167334
v 1.384734 0.892925 -0.167334
v 1.109484 0.971420 -0.167334
v 0.655053 0.784921 -0.167334
v 0.435331 0.917120 -0.167334
v 0.695126 0.856889 -0.167334
v 0.942493 0.769336 -0.167334
v 0.794024 0.703712 -0.167334
v 0.649850 0.650399 -0.167334
v 0.511421 0.782172 -0.167334
v 0.298664 0.542908 -0.167334
v 0.178966 0.729072 -0.167334
v 0.310965 0.646584 -0.167334
v 0.437880 0.513749 -0.167334
v 0.374241 0.429142 -0.167334
v 0.314694 0.348108 -0.167334
v 0.230050 0.525779 -0.167334
v 0.014864 0.342463 -0.167334
v 0.130758 0.181724 -0.167334
v 0.241247 0.065887 -0.167334
v 0.007901 -0.121710 -0.167334
v 0.123407 -0.128203 -0.167334
v 0.235555 -0.134559 -0.167334
v 0.017389 -0.586249 -0.167334
v 0.135754 -0.438410 -0.167334
v 0.248557 -0.335021 -0.167334
v 0.307306 -0.806311 -0.167334
v 0.182739 -0.982202 -0.167334
v 0.239602 -0.786292 -0.167334
v 0.328390 -0.617587 -0.167334
v 0.385134 -0.698834 -0.167334
v 0.442105 -0.783423 -0.167334
v 0.314575 -0.907757 -0.167334
v 0.620510 -1.057360 -0.167334
v 0.404965 -1.175204 -0.167334
v 0.491494 -1.048803 -0.167334
v 0.630591 -0.926512 -0.167334
v 0.755037 -0.984483 -0.167334
v 0.873084 -1.051167 -0.167334
v 0.643017 -1.126579 -0.167334
v 1.164761 -1.239457 -0.167334
v 0.793466 -1.301058 -0.167334
v 0.951249 -1.230073 -0.167334
v 1.197478 -1.162871 -0.167334
v 1.389485 -1.200827 -0.167334
v 1.559602 -1.237732 -0.167334
v 1.195216 -1.278248 -0.167334
v 2.628258 -1.295425 -0.167334
v 2.612707 -1.343476 -0.167334
v 2.655878 -1.393810 -0.167334
v 2.338225 -1.296528 -0.167334
v 2.162994 -1.345634 -0.167334
v 1.984744 -1.396283 -0.167334
v 2.034372 -1.288021 -0.167334
v 1.709233 -1.337985 -0.167334
v 1.315148 -1.390689 -0.167334
v 3.588447 0.435487 -0.156170
v 3.547347 0.409885 -0.156170
v 3.506247 0.384283 -0.156170
v 3.588446 0.654076 -0.156170
v 3.547347 0.637008 -0.156170
v 3.506247 0.619940 -0.156170
v 3.588446 0.872665 -0.156170
v 3.547347 0.864131 -0.156170
v 3.506247 0.855597 -0.156170
v 3.651906 0.477514 -0.031341
v 3.674267 0.493938 -0.031341
v 3.696627 0.510363 -0.031341
v 3.651907 0.682094 -0.031341
v 3.674267 0.693043 -0.031341
v 3.696627 0.703993 -0.031341
v 3.651906 0.886674 -0.031341
v 3.674267 0.892149 -0.031341
v 3.696627 0.897624 -0.031341
v 3.506247 0.384284 -0.031341
v 3.547347 0.409885 -0.031341
v 3.588446 0.435487 -0.031341
v 3.506247 0.619940 -0.031341
v 3.547347 0.637008 -0.031341
v 3.588447 0.654076 -0.031341
v 3.506247 0.855597 -0.031341
v 3.547347 0.864131 -0.031341
v 3.588446 0.872665 -0.031341
v 3.718987 0.526787 -0.062548
v 3.718987 0.526787 -0.093755
v 3.718987 0.526787 -0.124963
v 3.718988 0.714943 -0.062548
v 3.718987 0.714943 -0.093755
v 3.718987 0.714943 -0.124963
v 3.718987 0.903098 -0.062548
v 3.718987 0.903098 -0.093755
v 3.718987 0.903098 -0.124963
v 3.465147 0.358682 -0.124963
v 3.465147 0.358682 -0.093756
v 3.465147 0.358682 -0.062548
v 3.465147 0.602872 -0.124963
v 3.465147 0.602872 -0.093756
v 3.465147 0.602872 -0.062548
v 3.465147 0.847063 -0.124963
v 3.465147 0.847063 -0.093756
v 3.465147 0.847063 -0.062548
v 3.696627 0.510363 -0.156170
v 3.674267 0.493938 -0.156170
v 3.651906 0.477514 -0.156170
v 3.696627 0.703993 -0.156170
v 3.674267 0.693043 -0.156170
v 3.651906 0.682094 -0.156170
v 3.696627 0.897624 -0.156170
v 3.674267 0.892149 -0.156170
v 3.651906 0.886674 -0.156170
v 3.686485 1.161057 0.072786
v 3.686485 1.161057 0.072786
v 2.760077 1.161057 0.072786
v 1.833670 1.161057 0.072786
v 0.907262 1.161057 0.072786
v -0.019146 1.161057 0.072786
v -0.019146 1.161057 0.072786
v 3.686733 1.097261 0.072786
v 3.686733 1.097261 0.072786
v 3.686733 1.097261 0.072786
v 3.686672 1.113210 0.072786
v 3.686610 1.129159 0.072786
v 3.686547 1.145108 0.072786
v -0.019146 0.521721 0.072786
v -0.019146 -0.117615 0.072786
v -0.019146 -0.756951 0.072786
v -0.019146 -1.396287 0.072786
v -0.019146 -1.396287 0.072786
v 3.432888 1.080002 0.072786
v 3.172719 1.061232 0.072786
v 2.899904 1.039440 0.072786
v 2.608120 1.013115 0.072786
v 2.294603 0.980904 0.072786
v 1.970824 0.942083 0.072786
v 1.651815 0.896087 0.072786
v 1.352605 0.842351 0.072786
v 1.085659 0.780383 0.072786
v 0.853162 0.709993 0.072786
v 0.654737 0.631064 0.072786
v 0.490002 0.543480 0.072786
v 0.358204 0.447160 0.072786
v 0.257095 0.342156 0.072786
v 0.184056 0.228556 0.072786
v 0.136465 0.106448 0.072786
v 0.155207 -0.409530 0.072786
v 0.203166 -0.521196 0.072786
v 0.269625 -0.623740 0.072786
v 0.358100 -0.720891 0.072786
v 0.472109 -0.816377 0.072786
v 0.614065 -0.912463 0.072786
v 0.781977 -1.005556 0.072786
v 0.972748 -1.090594 0.072786
v 1.183283 -1.162520 0.072786
v 1.409953 -1.217585 0.072786
v 1.647001 -1.257284 0.072786
v 1.888135 -1.284425 0.072786
v 2.127065 -1.301815 0.072786
v 2.357543 -1.311618 0.072786
v 2.573500 -1.313424 0.072786
v 2.768914 -1.306180 0.072786
v 2.937760 -1.288834 0.072786
v 3.075898 -1.260599 0.072786
v 3.186720 -1.221754 0.072786
v 3.275505 -1.172848 0.072786
v 3.347529 -1.114427 0.072786
v 3.407395 -1.047033 0.072786
v 3.457007 -0.971190 0.072786
v 3.497597 -0.887418 0.072786
v 3.530394 -0.796236 0.072786
v 3.556721 -0.697667 0.072786
v 3.578269 -0.589748 0.072786
v 3.596820 -0.470016 0.072786
v 0.123144 -0.286518 0.072786
v 0.108025 -0.155972 0.072786
v 0.111812 -0.023211 0.072786
v 2.598080 0.965099 0.068504
v 2.312936 0.914792 0.071722
v 2.014395 0.855436 0.075623
v 1.720208 0.789801 0.079664
v 1.448129 0.720658 0.083301
v 1.212379 0.650231 0.086104
v 1.013062 0.578566 0.088112
v 0.846753 0.505164 0.089475
v 0.710026 0.429527 0.090347
v 0.599743 0.350931 0.090869
v 0.513912 0.267762 0.091137
v 0.450831 0.178182 0.091236
v 0.408794 0.080354 0.091250
v 0.421599 -0.355408 0.091250
v 0.464182 -0.452106 0.091250
v 0.523258 -0.541084 0.091250
v 0.601078 -0.625230 0.091250
v 0.699894 -0.707431 0.091250
v 0.821286 -0.789652 0.091250
v 0.964149 -0.870164 0.091250
v 1.126705 -0.946315 0.091250
v 1.307180 -1.015454 0.091250
v 1.503075 -1.075317 0.091250
v 1.709005 -1.125201 0.091250
v 1.918863 -1.164789 0.091250
v 2.126543 -1.193767 0.091250
v 2.326533 -1.211914 0.091268
v 2.515693 -1.219393 0.091387
v 2.692511 -1.216176 0.091809
v 2.873158 -1.197852 0.093754
v 2.873158 -1.197852 0.093754
v 2.873158 -1.197852 0.093754
v 2.932585 -1.181254 0.077673
v 2.967208 -1.157362 0.072722
v 2.993888 -1.120294 0.071673
v 3.016010 -1.066090 0.072273
v 3.035166 -0.992597 0.072845
v 3.052847 -0.903967 0.073109
v 3.070516 -0.805932 0.073129
v 3.089638 -0.704220 0.072970
v 3.111615 -0.603575 0.072685
v 3.137618 -0.504794 0.072269
v 3.168753 -0.407686 0.071702
v 3.206129 -0.312063 0.070968
v 3.287906 -0.324770 0.149427
v 3.321584 -0.225632 0.135237
v 3.353793 -0.134477 0.118596
v 3.379897 -0.059728 0.100552
v 3.390175 -0.009975 0.080742
v 3.390175 -0.009975 0.080742
v 3.390175 -0.009975 0.080742
v 0.393847 -0.249445 0.091250
v 0.381613 -0.138049 0.091250
v 0.386170 -0.026391 0.091250
v 3.541140 0.147807 0.080708
v 3.541140 0.147807 0.080708
v 3.541140 0.147807 0.080708
v 3.503362 0.113789 0.082017
v 3.467455 0.084049 0.081843
v 3.431090 0.046875 0.081091
v 3.230374 -0.740727 0.194423
v 3.206867 -0.835431 0.196813
v 3.183409 -0.924975 0.197737
v 3.157090 -1.006553 0.197308
v 3.125000 -1.077362 0.195642
v 0.301283 0.097540 0.180659
v 0.347615 0.202512 0.180603
v 0.416098 0.298836 0.180208
v 0.509089 0.387752 0.179135
v 0.628947 0.470496 0.177047
v 3.361111 -0.314837 0.160803
v 3.321017 -0.431944 0.174313
v 3.286429 -0.540609 0.183899
v 3.256497 -0.642860 0.190342
v 0.606157 -0.740900 0.180659
v 0.498783 -0.652580 0.180659
v 0.414512 -0.562513 0.180659
v 0.351095 -0.467645 0.180659
v 0.306285 -0.364924 0.180659
v 3.501223 0.054279 0.101041
v 3.454794 -0.062840 0.122484
v 3.406759 -0.189216 0.143039
v 1.264552 -1.067891 0.180659
v 1.069511 -0.996424 0.180659
v 0.893320 -0.915773 0.180659
v 0.738147 -0.829432 0.180659
v 2.138166 -1.236166 0.180659
v 1.919290 -1.210858 0.180659
v 1.696053 -1.174807 0.180659
v 1.475469 -1.127367 0.180659
v 0.278351 -0.252672 0.180659
v 0.267634 -0.134713 0.180659
v 0.274992 -0.016243 0.180659
v 2.842718 -1.238056 0.183656
v 2.703942 -1.252053 0.181924
v 2.536392 -1.256533 0.181034
v 2.345867 -1.251302 0.180706
v 1.414757 0.757636 0.148860
v 1.689282 0.820678 0.134434
v 1.964217 0.876611 0.119105
v 2.205224 0.921087 0.105576
v 3.083635 -1.135241 0.192926
v 3.027114 -1.180608 0.189649
v 2.948966 -1.214526 0.186371
v 0.777882 0.548199 0.173558
v 0.957514 0.621562 0.168104
v 1.169315 0.691177 0.160075
v 3.360280 1.064549 0.067139
v 3.104944 1.036433 0.065873
v 2.858047 1.004705 0.066462
v 3.176012 -0.720718 0.177047
v 3.154520 -0.817767 0.178948
v 3.133477 -0.910017 0.178709
v 3.110456 -0.993061 0.175546
v 3.083028 -1.062488 0.168673
v 3.263005 -0.709584 0.124916
v 3.240047 -0.808767 0.125851
v 3.213071 -0.903544 0.125623
v 3.181152 -0.988575 0.123745
v 3.143368 -1.058519 0.119731
v 3.256018 -0.424642 0.160314
v 3.226663 -0.523866 0.168175
v 3.199957 -0.622530 0.173567
v 3.331309 -0.326633 0.112104
v 3.316241 -0.418346 0.116971
v 3.300337 -0.513242 0.120605
v 3.282842 -0.610571 0.123192
v 3.250155 -0.218856 0.070261
v 3.298442 -0.133488 0.070633
v 3.347164 -0.062117 0.073339
v 3.048999 -1.115121 0.157474
v 3.007092 -1.152703 0.142007
v 2.954516 -1.178460 0.122245
v 3.368296 -0.087456 0.091110
v 3.358041 -0.159223 0.098866
v 3.345804 -0.239286 0.105936
v 3.718988 -1.447858 0.021763
v 3.718988 -1.447858 0.021763
v 3.718988 -1.447858 0.021763
v 2.761836 -1.447858 0.021763
v 1.804684 -1.447858 0.021763
v 0.847533 -1.447858 0.021763
v -0.109619 -1.447858 0.021763
v -0.109619 -1.447858 0.021763
v -0.109619 -1.447858 0.021763
v 3.718988 1.217585 0.021763
v 3.718988 1.217585 0.021763
v 3.718988 1.217585 0.021763
v 2.761836 1.217585 0.021763
v 1.804684 1.217585 0.021763
v 0.847533 1.217585 0.021763
v -0.109619 1.217585 0.021763
v -0.109619 1.217585 0.021763
v -0.109619 1.217585 0.021763
v 3.709886 1.070733 0.021763
v 3.709886 1.070733 0.021763
v 3.712162 1.107446 0.021763
v 3.714437 1.144159 0.021763
v 3.716712 1.180872 0.021763
v -0.109619 0.551224 0.021763
v -0.109619 -0.115136 0.021763
v -0.109619 -0.781497 0.021763
v 3.718988 0.338632 0.021763
v 3.718988 0.338632 0.021763
v 3.718987 -0.107991 0.021763
v 3.718988 -0.554613 0.021763
v 3.718987 -1.001235 0.021763
v 2.640517 0.991778 0.021763
v 2.332115 0.943942 0.021763
v 2.016383 0.884172 0.021763
v 1.709895 0.816197 0.021763
v 1.429221 0.743749 0.021763
v 1.187506 0.669872 0.021763
v 0.984174 0.594870 0.021763
v 0.815221 0.518362 0.021763
v 0.676642 0.439967 0.021763
v 0.564835 0.359029 0.021763
v 0.477803 0.273795 0.021763
v 0.413952 0.182238 0.021763
v 0.371689 0.082330 0.021763
v 0.387761 -0.362820 0.021763
v 0.431251 -0.461416 0.021763
v 0.491176 -0.552016 0.021763
v 0.569926 -0.637590 0.021763
v 0.669893 -0.721110 0.021763
v 0.792774 -0.804618 0.021763
v 0.937488 -0.886451 0.021763
v 1.102257 -0.964018 0.021763
v 1.285305 -1.034728 0.021763
v 1.484150 -1.096344 0.021763
v 1.693485 -1.148042 0.021763
v 1.907296 -1.189355 0.021763
v 2.119570 -1.219812 0.021763
v 2.323818 -1.239203 0.021763
v 2.511645 -1.248349 0.021763
v 2.674181 -1.248330 0.021763
v 2.802553 -1.240224 0.021763
v 2.891043 -1.224345 0.021763
v 2.946531 -1.197949 0.021763
v 2.979050 -1.157524 0.021763
v 2.998632 -1.099558 0.021763
v 3.013971 -1.022103 0.021763
v 3.028401 -0.929446 0.021763
v 3.043914 -0.827439 0.021763
v 3.062505 -0.721932 0.021763
v 3.086063 -0.617637 0.021763
v 3.116060 -0.514709 0.021763
v 3.153864 -0.412165 0.021763
v 3.200842 -0.309022 0.021763
v 0.358960 -0.254642 0.021763
v 0.345689 -0.140833 0.021763
v 0.349436 -0.026730 0.021763
v 3.617054 0.242876 0.021763
v 3.617054 0.242876 0.021763
v 3.582843 0.212698 0.021763
v 3.543118 0.175676 0.021763
v 3.497051 0.128025 0.021763
v 3.443811 0.065960 0.021763
v 3.457483 1.060784 0.021763
v 3.199104 1.046920 0.021763
v 2.928774 1.025223 0.021763
v 3.257362 -0.205286 0.021763
v 3.319786 -0.104914 0.021763
v 3.383482 -0.012850 0.021763
v -0.041764 -1.409180 0.060030
v -0.064382 -1.422073 0.047274
v -0.087000 -1.434965 0.034519
v 3.694611 1.175189 0.060030
v 3.702736 1.189321 0.047274
v 3.710862 1.203453 0.034519
v -0.087000 1.203453 0.034519
v -0.064382 1.189321 0.047274
v -0.041764 1.175189 0.060030
v 3.686485 0.321077 0.072786
v 3.686485 0.321077 0.072786
v 3.694611 0.325466 0.060030
v 3.702736 0.329854 0.047274
v 3.710862 0.334243 0.034519
v 3.569180 0.200252 0.063341
v 3.589120 0.226488 0.048259
v 3.604275 0.238231 0.034642
v 3.704098 1.077365 0.034519
v 3.698310 1.083997 0.047274
v 3.692522 1.090629 0.060030
v 2.980161 -1.171189 0.099403
v 3.045381 -1.145446 0.106185
v 3.098653 -1.109744 0.113449
v 3.587280 0.216572 0.076607
v 3.626076 0.266358 0.073968
v 3.658094 0.298448 0.072934
v 3.646636 0.269492 0.021763
v 3.672705 0.293813 0.021763
v 3.696432 0.316605 0.021763
v 3.718988 -1.447858 -0.167334
v 3.718988 -1.447858 -0.167334
v 2.761836 -1.447858 -0.167334
v 1.804685 -1.447858 -0.167334
v 0.847533 -1.447858 -0.167334
v -0.109619 -1.447858 -0.167334
v -0.109619 -1.447858 -0.167334
v -0.109619 1.217585 -0.167334
v -0.109619 1.217585 -0.167334
v -0.109619 0.551224 -0.167334
v -0.109619 -0.115136 -0.167334
v -0.109619 -0.781497 -0.167334
v 3.718988 0.338632 -0.167334
v 3.718987 -0.107991 -0.167334
v 3.718988 -0.554613 -0.167334
v 3.718988 -1.001235 -0.167334
v 0.676642 0.439967 -0.167334
v 0.564835 0.359029 -0.167334
v 0.477803 0.273795 -0.167334
v 0.413952 0.182238 -0.167334
v 0.371689 0.082330 -0.167334
v 0.387761 -0.362820 -0.167334
v 0.431252 -0.461416 -0.167334
v 0.491176 -0.552016 -0.167334
v 0.569926 -0.637590 -0.167334
v 0.669893 -0.721110 -0.167334
v 0.792774 -0.804618 -0.167334
v 0.937488 -0.886451 -0.167334
v 1.102257 -0.964018 -0.167334
v 1.285305 -1.034728 -0.167334
v 1.484150 -1.096344 -0.167334
v 1.693485 -1.148042 -0.167334
v 1.907296 -1.189355 -0.167334
v 2.119570 -1.219812 -0.167334
v 3.062505 -0.721933 -0.167334
v 3.086063 -0.617637 -0.167334
v 3.116060 -0.514709 -0.167334
v 3.153864 -0.412165 -0.167334
v 3.200842 -0.309023 -0.167334
v 0.358960 -0.254642 -0.167334
v 0.345689 -0.140833 -0.167334
v 0.349436 -0.026730 -0.167334
v 3.617054 0.242876 -0.167334
v 3.646636 0.269492 -0.167334
v 3.672705 0.293813 -0.167334
v 3.696432 0.316605 -0.167334
v 3.718987 -1.447858 -0.025511
v 3.718988 -1.447858 -0.072786
v 3.718988 -1.447858 -0.120060
v -0.109619 -1.447858 -0.025511
v -0.109619 -1.447858 -0.072786
v -0.109619 -1.447858 -0.120060
v -0.109619 1.217585 -0.120060
v -0.109619 1.217585 -0.072786
v -0.109619 1.217585 -0.025511
v 2.640516 0.991777 0.021762
v 2.640516 0.991777 0.021762
v 2.332115 0.943942 0.021762
v 2.016384 0.884172 0.021762
v 1.709895 0.816197 0.021762
v 1.429222 0.743749 0.021762
v 1.429222 0.743749 0.021762
v 1.187506 0.669872 0.021762
v 0.984174 0.594869 0.021762
v 0.815221 0.518361 0.021762
v 0.676642 0.439966 0.021762
v 0.676642 0.439966 0.021762
v 0.564835 0.359029 0.021762
v 0.477803 0.273795 0.021762
v 0.413952 0.182238 0.021762
v 0.371689 0.082330 0.021762
v 0.371689 0.082330 0.021762
v 0.387761 -0.362820 0.021762
v 0.387761 -0.362820 0.021762
v 0.431252 -0.461416 0.021762
v 0.491176 -0.552016 0.021762
v 0.569926 -0.637590 0.021762
v 0.669893 -0.721110 0.021762
v 0.669893 -0.721110 0.021762
v 0.792774 -0.804618 0.021762
v 0.937488 -0.886451 0.021762
v 1.102257 -0.964019 0.021762
v 1.285306 -1.034729 0.021762
v 1.285306 -1.034729 0.021762
v 1.484151 -1.096344 0.021762
v 1.693485 -1.148043 0.021762
v 1.907296 -1.189355 0.021762
v 2.119570 -1.219812 0.021762
v 2.119570 -1.219812 0.021762
v 2.323818 -1.239203 0.021762
v 2.511646 -1.248349 0.021762
v 2.674181 -1.248330 0.021762
v 2.802553 -1.240224 0.021762
v 2.802553 -1.240224 0.021762
v 2.891042 -1.224346 0.021762
v 2.946531 -1.197949 0.021762
v 2.979050 -1.157524 0.021762
v 2.998632 -1.099559 0.021762
v 2.998632 -1.099559 0.021762
v 3.013971 -1.022103 0.021762
v 3.028401 -0.929446 0.021762
v 3.043914 -0.827440 0.021762
v 3.062505 -0.721933 0.021762
v 3.062505 -0.721933 0.021762
v 3.086063 -0.617637 0.021762
v 3.116060 -0.514709 0.021762
v 3.153865 -0.412165 0.021762
v 3.200843 -0.309023 0.021762
v 3.200843 -0.309023 0.021762
v 0.358960 -0.254642 0.021762
v 0.345690 -0.140833 0.021762
v 0.349436 -0.026730 0.021762
v 3.617054 0.242876 0.021762
v 3.617054 0.242876 0.021762
v 3.582843 0.212698 0.021762
v 3.543118 0.175676 0.021762
v 3.497051 0.128025 0.021762
v 3.443811 0.065959 0.021762
v 3.443811 0.065959 0.021762
v 3.709886 1.070732 0.021762
v 3.709886 1.070732 0.021762
v 3.457483 1.060784 0.021762
v 3.199104 1.046920 0.021762
v 2.928773 1.025223 0.021762
v 3.257361 -0.205287 0.021762
v 3.319786 -0.104914 0.021762
v 3.383482 -0.012850 0.021762
v 3.646636 0.269492 0.021762
v 3.672706 0.293813 0.021762
v 3.696432 0.316604 0.021762
v 3.718988 0.338631 0.021762
v 3.718988 0.338631 0.021762
v 3.712162 0.887707 0.021762
v 3.714437 0.704682 0.021762
v 3.716712 0.521657 0.021762
v 2.640516 0.991777 -0.015534
v 2.640516 0.991777 -0.015534
v 2.332115 0.943942 -0.015534
v 2.016384 0.884172 -0.015534
v 1.709895 0.816197 -0.015534
v 1.429222 0.743749 -0.015534
v 1.429222 0.743749 -0.015534
v 1.187506 0.669872 -0.015534
v 0.984174 0.594869 -0.015534
v 0.815221 0.518361 -0.015534
v 0.676642 0.439966 -0.015534
v 0.676642 0.439966 -0.015534
v 0.564835 0.359029 -0.015534
v 0.477803 0.273795 -0.015534
v 0.413952 0.182238 -0.015534
v 0.371689 0.082330 -0.015534
v 0.371689 0.082330 -0.015534
v 0.387761 -0.362820 -0.015534
v 0.387761 -0.362820 -0.015534
v 0.431252 -0.461416 -0.015534
v 0.491176 -0.552016 -0.015534
v 0.569926 -0.637590 -0.015534
v 0.669893 -0.721110 -0.015534
v 0.669893 -0.721110 -0.015534
v 0.792774 -0.804618 -0.015534
v 0.937488 -0.886451 -0.015534
v 1.102257 -0.964019 -0.015534
v 1.285306 -1.034729 -0.015534
v 1.285306 -1.034729 -0.015534
v 1.484151 -1.096344 -0.015534
v 1.693485 -1.148043 -0.015534
v 1.907296 -1.189355 -0.015534
v 2.119570 -1.219812 -0.015534
v 2.119570 -1.219812 -0.015534
v 2.323818 -1.239203 -0.015534
v 2.511646 -1.248349 -0.015534
v 2.674181 -1.248330 -0.015534
v 2.802553 -1.240224 -0.015534
v 2.802553 -1.240224 -0.015534
v 2.891042 -1.224346 -0.015534
v 2.946531 -1.197949 -0.015534
v 2.979050 -1.157524 -0.015534
v 2.998632 -1.099559 -0.015534
v 2.998632 -1.099559 -0.015534
v 3.013971 -1.022103 -0.015534
v 3.028401 -0.929446 -0.015534
v 3.043914 -0.827440 -0.015534
v 3.062505 -0.721933 -0.015534
v 3.062505 -0.721933 -0.015534
v 3.086063 -0.617637 -0.015534
v 3.116060 -0.514709 -0.015534
v 3.153865 -0.412165 -0.015534
v 3.200843 -0.309023 -0.015534
v 3.200843 -0.309023 -0.015534
v 0.358960 -0.254642 -0.015534
v 0.345690 -0.140833 -0.015534
v 0.349436 -0.026730 -0.015534
v 3.617054 0.242876 -0.015534
v 3.617054 0.242876 -0.015534
v 3.582843 0.212698 -0.015534
v 3.543118 0.175676 -0.015534
v 3.497051 0.128025 -0.015534
v 3.443811 0.065959 -0.015534
v 3.443811 0.065959 -0.015534
v 3.709886 1.070732 -0.015534
v 3.709886 1.070732 -0.015534
v 3.457483 1.060784 -0.015534
v 3.199104 1.046920 -0.015534
v 2.928773 1.025223 -0.015534
v 3.257361 -0.205287 -0.015534
v 3.319787 -0.104914 -0.015534
v 3.383482 -0.012850 -0.015534
v 3.646636 0.269492 -0.015534
v 3.672706 0.293813 -0.015534
v 3.696432 0.316604 -0.015534
v 3.718988 0.338631 -0.015534
v 3.718988 0.338631 -0.015534
v 3.712162 0.887707 -0.015534
v 3.714437 0.704682 -0.015534
v 3.716712 0.521657 -0.015534
v 3.709886 1.070732 0.012438
v 3.709886 1.070732 0.003114
v 3.709886 1.070732 -0.006210
v 3.718988 0.338631 -0.006210
v 3.718988 0.338631 0.003114
v 3.718988 0.338631 0.012438
v 3.200843 -0.309023 0.012438
v 3.200842 -0.309023 0.003114
v 3.200843 -0.309023 -0.006210
v 3.062505 -0.721933 -0.006210
v 3.062505 -0.721933 0.003114
v 3.062505 -0.721933 0.012438
v 0.669893 -0.721110 0.012438
v 0.669893 -0.721110 0.003114
v 0.669893 -0.721110 -0.006210
v 0.387761 -0.362820 -0.006210
v 0.387761 -0.362820 0.003114
v 0.387761 -0.362820 0.012438
v 0.371689 0.082330 -0.006210
v 0.371689 0.082330 0.003114
v 0.371689 0.082330 0.012438
v 1.285305 -1.034729 0.012438
v 1.285306 -1.034729 0.003114
v 1.285306 -1.034729 -0.006210
v 3.617053 0.242876 -0.006210
v 3.617054 0.242876 0.003114
v 3.617054 0.242876 0.012438
v 3.443811 0.065959 -0.006210
v 3.443811 0.065959 0.003114
v 3.443811 0.065959 0.012438
v 2.119570 -1.219812 0.012438
v 2.119570 -1.219812 0.003114
v 2.119570 -1.219812 -0.006210
v 2.640516 0.991777 0.012438
v 2.640516 0.991777 0.003114
v 2.640516 0.991778 -0.006210
v 2.802554 -1.240224 0.012438
v 2.802554 -1.240224 0.003114
v 2.802554 -1.240224 -0.006210
v 1.429222 0.743749 0.012438
v 1.429222 0.743749 0.003114
v 1.429222 0.743749 -0.006210
v 2.998632 -1.099559 0.012438
v 2.998632 -1.099559 0.003114
v 2.998632 -1.099559 -0.006210
v 0.676642 0.439966 0.012438
v 0.676642 0.439966 0.003114
v 0.676642 0.439966 -0.006210
v 2.640517 0.998408 -0.167334
v 2.332115 0.946739 -0.167334
v 2.016384 0.885000 -0.167334
v 1.709895 0.816301 -0.167334
v 1.429221 0.743749 -0.167334
v 2.802553 -1.240224 -0.167334
v 2.891043 -1.224345 -0.167334
v 2.946531 -1.197949 -0.167334
v 2.979050 -1.157524 -0.167334
v 2.998632 -1.099559 -0.167334
v 3.686485 -1.396287 0.072786
v 3.686485 -1.396287 0.072786
v 2.760077 -1.396287 0.072786
v 1.833670 -1.396287 0.072786
v 0.907262 -1.396287 0.072786
v 3.686485 -0.108264 0.072786
v 3.686485 -0.537605 0.072786
v 3.686485 -0.966946 0.072786
v 3.710862 -1.434965 0.034519
v 3.702736 -1.422073 0.047274
v 3.694611 -1.409180 0.060030
v 3.718988 1.217585 -0.167334
v 3.718988 1.217585 -0.167334
v 2.761836 1.217585 -0.167334
v 1.804685 1.217585 -0.167334
v 0.847533 1.217585 -0.167334
v 3.709886 1.110514 -0.167334
v 3.712162 1.137282 -0.167334
v 3.714437 1.164049 -0.167334
v 3.716712 1.190817 -0.167334
v 1.187506 0.669872 -0.167334
v 0.984174 0.594870 -0.167334
v 0.815221 0.518362 -0.167334
v 2.323818 -1.239203 -0.167334
v 2.511645 -1.248349 -0.167334
v 2.674181 -1.248330 -0.167334
v 3.013971 -1.022103 -0.167334
v 3.028401 -0.929446 -0.167334
v 3.043914 -0.827439 -0.167334
v 3.582843 0.212698 -0.167334
v 3.543118 0.175676 -0.167334
v 3.497051 0.128025 -0.167334
v 3.443811 0.065959 -0.167334
v 3.457483 1.090724 -0.167334
v 3.199104 1.067639 -0.167334
v 2.928774 1.037965 -0.167334
v 3.257362 -0.205286 -0.167334
v 3.319786 -0.104914 -0.167334
v 3.383482 -0.012850 -0.167334
v 3.718987 1.217585 -0.025512
v 3.718988 1.217585 -0.072786
v 3.718988 1.217585 -0.120060
vn -0.3395 0.1820 0.9228
vn -0.3478 0.1448 0.9263
vn -0.3931 0.1944 0.8987
vn -0.3132 0.1494 0.9379
vn -0.2841 0.1375 0.9489
vn -0.3336 0.1274 0.9340
vn -0.2718 0.1184 0.9550
vn -0.4329 0.2351 0.8702
vn -0.4363 0.2141 0.8739
vn -0.4399 0.2400 0.8654
vn -0.3829 0.2180 0.8977
vn -0.4030 0.1496 0.9029
vn -0.3202 0.1332 0.9379
vn -0.3570 0.1803 0.9165
vn -0.2579 0.1011 0.9609
vn -0.2865 0.1175 0.9509
vn -0.3912 0.1219 0.9122
vn -0.3274 0.1106 0.9384
vn -0.3940 0.1368 0.9089
vn -0.3943 0.1398 0.9083
vn -0.2719 0.0673 0.9600
vn -0.2892 0.0835 0.9536
vn -0.3736 0.1071 0.9214
vn -0.2582 0.0605 0.9642
vn -0.2780 0.0593 0.9587
vn -0.2958 0.0727 0.9525
vn -0.2642 0.0552 0.9629
vn -0.4926 0.2451 0.8350
vn -0.4166 0.2110 0.8842
vn -0.4723 0.1714 0.8646
vn -0.4520 0.1331 0.8820
vn -0.3565 0.0907 0.9299
vn -0.4342 0.1121 0.8938
vn -0.3433 0.0829 0.9356
vn -0.2487 0.0592 0.9668
vn -0.2555 0.0574 0.9651
vn -0.2761 0.0594 0.9593
vn -0.2861 0.0561 0.9565
vn -0.3022 0.0602 0.9513
vn -0.3234 0.0761 0.9432
vn -0.3167 0.1063 0.9425
vn -0.3498 0.1206 0.9290
vn -0.3098 0.1212 0.9431
vn 0.3036 -0.3544 0.8844
vn 0.5424 -0.4677 0.6978
vn 0.4755 -0.5743 0.6664
vn 0.3376 -0.2840 0.8974
vn 0.5994 -0.3410 0.7242
vn 0.6558 -0.5662 0.4994
vn 0.5642 -0.6836 0.4631
vn 0.7374 -0.4177 0.5308
vn 0.1673 -0.2362 0.9572
vn 0.2695 -0.4122 0.8703
vn 0.1858 -0.2028 0.9614
vn 0.2041 -0.1625 0.9654
vn 0.3657 -0.2052 0.9078
vn 0.2187 -0.1176 0.9687
vn 0.3839 -0.1267 0.9147
vn 0.6357 -0.2098 0.7429
vn 0.7914 -0.2570 0.5546
vn 0.8518 -0.2745 0.4461
vn 0.7878 -0.4484 0.4223
vn 0.6933 -0.6045 0.3923
vn 0.5908 -0.7231 0.3579
vn 0.4796 -0.7681 0.4243
vn 0.4988 -0.8053 0.3204
vn 0.4110 -0.6560 0.6330
vn -0.3345 0.0812 0.9389
vn -0.2445 0.0701 0.9671
vn -0.2443 0.0623 0.9677
vn -0.3292 0.0852 0.9404
vn -0.2489 0.0830 0.9650
vn -0.2575 0.0770 0.9632
vn -0.2532 0.0646 0.9652
vn -0.2686 0.0958 0.9585
vn -0.4195 0.1008 0.9022
vn -0.4083 0.0964 0.9077
vn -0.4001 0.0984 0.9112
vn -0.3266 0.0951 0.9404
vn -0.3941 0.1071 0.9128
vn -0.2921 0.1052 0.9506
vn -0.2785 0.0833 0.9568
vn -0.2734 0.0685 0.9595
vn 0.3400 0.2666 0.9018
vn 0.5901 0.3237 0.7396
vn 0.3594 0.1946 0.9127
vn 0.3172 0.3342 0.8875
vn 0.5508 0.4367 0.7113
vn 0.7295 0.4011 0.5540
vn 0.5040 0.5359 0.6773
vn 0.6709 0.5316 0.5170
vn 0.2140 0.1130 0.9703
vn 0.3744 0.1266 0.9186
vn 0.2223 0.0736 0.9722
vn 0.2030 0.1549 0.9668
vn 0.1901 0.1952 0.9622
vn 0.1766 0.2299 0.9571
vn 0.2931 0.3900 0.8729
vn 0.4568 0.6122 0.6454
vn 0.6031 0.6404 0.4756
vn 0.5377 0.7197 0.4393
vn 0.6312 0.6824 0.3687
vn 0.7088 0.5745 0.4094
vn 0.7785 0.4394 0.4481
vn 0.8286 0.2971 0.4745
vn 0.7711 0.2682 0.5774
vn 0.6183 0.2128 0.7566
vn -0.5509 0.0468 -0.8333
vn -0.6388 0.0346 -0.7686
vn -0.5763 0.0351 -0.8165
vn -0.9651 0.1165 -0.2347
vn -0.6981 0.0762 -0.7119
vn -0.9743 0.1866 -0.1258
vn -0.9501 0.1346 -0.2812
vn -0.5224 0.0535 -0.8510
vn -0.4840 0.0359 -0.8743
vn -0.6258 0.0719 -0.7767
vn -0.5188 0.0335 -0.8543
vn -0.9047 0.2386 0.3529
vn -0.9287 0.2860 0.2362
vn -0.9186 0.2946 0.2634
vn -0.9387 0.1570 0.3068
vn -0.8267 0.1372 -0.5457
vn -0.9675 0.1781 0.1797
vn -0.9449 0.1760 0.2761
vn -0.9185 0.1316 -0.3728
vn 0.2415 0.4720 0.8479
vn 0.4112 0.6693 0.6189
vn 0.2682 0.4340 0.8601
vn 0.2124 0.5086 0.8344
vn 0.3650 0.7159 0.5951
vn 0.4778 0.7765 0.4108
vn 0.3166 0.7575 0.5709
vn 0.4199 0.8209 0.3869
vn 0.1629 0.2584 0.9522
vn 0.1482 0.2843 0.9472
vn 0.1322 0.3111 0.9411
vn 0.1149 0.3420 0.9326
vn 0.1813 0.5474 0.8170
vn 0.2663 0.7967 0.5426
vn 0.3613 0.8585 0.3640
vn 0.3020 0.8911 0.3386
vn 0.3732 0.8884 0.2672
vn 0.4340 0.8538 0.2875
vn 0.4951 0.8121 0.3088
vn 0.5593 0.7584 0.3347
vn 0.1267 0.6343 0.7626
vn 0.2188 0.8333 0.5077
vn 0.1517 0.5900 0.7930
vn 0.1372 0.8921 0.4306
vn 0.1794 0.8648 0.4690
vn 0.2475 0.9186 0.3082
vn 0.1525 0.9566 0.2482
vn 0.1990 0.9401 0.2768
vn 0.0981 0.3798 0.9199
vn 0.0829 0.4234 0.9021
vn 0.0693 0.4714 0.8792
vn 0.0718 0.7125 0.6980
vn 0.1007 0.6771 0.7290
vn 0.0973 0.9120 0.3985
vn 0.1078 0.9684 0.2248
vn 0.1133 0.9824 0.1483
vn 0.1591 0.9728 0.1682
vn 0.2054 0.9593 0.1936
vn 0.2573 0.9410 0.2199
vn 0.3122 0.9179 0.2449
vn 0.3913 -0.0561 0.9186
vn 0.6487 0.0130 0.7610
vn 0.6501 -0.0919 0.7543
vn 0.3850 0.0652 0.9206
vn 0.3908 0.0056 0.9205
vn 0.8130 -0.1105 0.5716
vn 0.6371 0.1114 0.7627
vn 0.8125 0.0227 0.5825
vn 0.2277 -0.0728 0.9710
vn 0.2311 -0.0324 0.9724
vn 0.2278 0.0378 0.9730
vn 0.2307 0.0034 0.9730
vn 0.7977 0.1440 0.5856
vn 0.8598 0.1626 0.4841
vn 0.8764 0.0308 0.4805
vn 0.8772 -0.1142 0.4664
vn 0.0396 0.7353 0.6765
vn 0.0059 0.9286 0.3710
vn 0.0544 0.9239 0.3786
vn 0.0004 0.7417 0.6708
vn -0.0555 0.9283 0.3677
vn 0.0082 0.9787 0.2051
vn 0.0609 0.9756 0.2108
vn -0.0559 0.9785 0.1987
vn 0.0490 0.5162 0.8551
vn 0.0245 0.5440 0.8387
vn -0.0085 0.5454 0.8381
vn -0.0507 0.7274 0.6844
vn -0.0527 0.5041 0.8620
vn -0.1246 0.6705 0.7314
vn -0.1468 0.9196 0.3644
vn -0.1465 0.9714 0.1867
vn -0.0575 0.9902 0.1273
vn 0.0108 0.9915 0.1293
vn 0.0652 0.9886 0.1361
vn 0.1243 -0.4202 0.8989
vn 0.1895 -0.7909 0.5819
vn 0.1661 -0.7212 0.6725
vn 0.1437 -0.4861 0.8620
vn 0.2112 -0.8147 0.5400
vn 0.2057 -0.9331 0.2951
vn 0.1848 -0.9080 0.3760
vn 0.2285 -0.9340 0.2746
vn 0.0488 0.0218 0.9986
vn 0.0854 -0.2207 0.9716
vn 0.0934 -0.2245 0.9700
vn 0.1048 -0.2648 0.9586
vn 0.1599 -0.5192 0.8395
vn 0.1140 -0.2887 0.9506
vn 0.1758 -0.5272 0.8314
vn 0.2365 -0.8134 0.5315
vn 0.2583 -0.9231 0.2850
vn 0.2623 -0.9498 0.1705
vn 0.2299 -0.9620 0.1477
vn 0.2044 -0.9676 0.1482
vn 0.1817 -0.9628 0.2001
vn 0.1552 -0.8175 0.5546
vn 0.1563 -0.9260 0.3438
vn 0.1277 -0.5390 0.8326
vn 0.1935 -0.5168 0.8340
vn 0.3082 -0.7636 0.5674
vn 0.2687 -0.7953 0.5434
vn 0.2146 -0.4932 0.8430
vn 0.3554 -0.7178 0.5988
vn 0.3477 -0.8723 0.3439
vn 0.2980 -0.9028 0.3101
vn 0.4080 -0.8286 0.3833
vn 0.1217 -0.2983 0.9467
vn 0.1296 -0.2952 0.9466
vn 0.1393 -0.2828 0.9490
vn 0.2398 -0.4581 0.8559
vn 0.1516 -0.2629 0.9528
vn 0.4220 -0.8624 0.2795
vn 0.3578 -0.9027 0.2390
vn 0.3048 -0.9307 0.2021
vn 0.4240 -0.2791 0.8616
vn 0.3967 -0.1591 0.9041
vn 0.4137 -0.2294 0.8810
vn 0.4091 -0.1976 0.8908
vn 0.3804 -0.1144 0.9177
vn 0.3563 -0.1192 0.9267
vn 0.3712 -0.1770 0.9115
vn 0.3410 -0.0840 0.9363
vn 0.4224 -0.3979 0.8144
vn 0.4299 -0.3955 0.8116
vn 0.4147 -0.2903 0.8624
vn 0.4019 -0.2118 0.8908
vn 0.3944 -0.1424 0.9078
vn 0.3906 -0.1556 0.9073
vn 0.3833 -0.1053 0.9176
vn 0.3679 -0.0860 0.9259
vn 0.3286 -0.0626 0.9424
vn 0.3024 -0.0495 0.9519
vn 0.3143 -0.0680 0.9469
vn 0.3274 -0.0993 0.9397
vn 0.3371 -0.1521 0.9291
vn 0.3772 -0.2698 0.8860
vn 0.3339 -0.2383 0.9120
vn 0.4227 -0.3372 0.8412
vn -0.4534 0.5362 0.7120
vn -0.4684 0.3954 0.7901
vn -0.3983 0.4862 0.7778
vn -0.5338 0.4362 0.7244
vn -0.5253 0.2877 0.8008
vn -0.3124 0.2758 0.9090
vn -0.2662 0.3418 0.9013
vn -0.3490 0.1992 0.9157
vn -0.3938 0.6147 0.6835
vn -0.3706 0.6093 0.7010
vn -0.4796 0.5370 0.6940
vn -0.5608 0.4332 0.7056
vn -0.5993 0.3169 0.7351
vn -0.6255 0.3120 0.7152
vn -0.6429 0.1940 0.7410
vn -0.5628 0.1777 0.8072
vn -0.3720 0.1229 0.9201
vn -0.2218 0.0769 0.9720
vn -0.2088 0.1262 0.9698
vn -0.1876 0.1781 0.9660
vn -0.1602 0.2248 0.9611
vn -0.2179 0.3916 0.8939
vn -0.1308 0.2618 0.9562
vn -0.3262 0.5531 0.7666
vn 0.3766 -0.0789 0.9230
vn 0.3545 -0.0476 0.9338
vn 0.3601 -0.0654 0.9306
vn 0.3718 -0.0589 0.9264
vn 0.3474 -0.0311 0.9372
vn 0.3144 -0.0292 0.9488
vn 0.3205 -0.0462 0.9461
vn 0.3062 -0.0102 0.9519
vn 0.3828 -0.1153 0.9166
vn 0.3784 -0.0859 0.9217
vn 0.3747 -0.0645 0.9249
vn 0.3654 -0.0436 0.9298
vn 0.3684 -0.0497 0.9283
vn 0.3528 -0.0315 0.9352
vn 0.3334 -0.0148 0.9427
vn 0.2896 0.0115 0.9571
vn 0.2631 0.0246 0.9645
vn 0.2800 0.0013 0.9600
vn 0.2882 -0.0184 0.9574
vn 0.2942 -0.0350 0.9551
vn -0.5437 -0.4233 0.7247
vn -0.5285 -0.2856 0.7994
vn -0.6021 -0.3232 0.7300
vn -0.4818 -0.5066 0.7150
vn -0.4790 -0.3762 0.7931
vn -0.3499 -0.1913 0.9170
vn -0.4269 -0.4520 0.7832
vn -0.3197 -0.2546 0.9126
vn -0.6236 -0.3306 0.7084
vn -0.6450 -0.2204 0.7318
vn -0.6666 -0.2286 0.7095
vn -0.5650 -0.4305 0.7039
vn -0.5015 -0.5151 0.6951
vn -0.4432 -0.5793 0.6841
vn -0.4262 -0.5685 0.7037
vn -0.3799 -0.5091 0.7723
vn -0.2877 -0.3084 0.9067
vn -0.2586 -0.3498 0.9004
vn -0.1767 -0.1951 0.9647
vn -0.1932 -0.1588 0.9682
vn -0.2087 -0.1174 0.9709
vn -0.2207 -0.0764 0.9723
vn -0.3721 -0.1263 0.9195
vn -0.5650 -0.1919 0.8025
vn -0.3285 -0.6577 0.6779
vn -0.3381 -0.5533 0.7613
vn -0.3769 -0.6158 0.6919
vn -0.2771 -0.6998 0.6583
vn -0.2970 -0.5930 0.7484
vn -0.2325 -0.3829 0.8940
vn -0.2537 -0.6337 0.7308
vn -0.2066 -0.4137 0.8866
vn -0.3916 -0.6280 0.6726
vn -0.3409 -0.6707 0.6587
vn -0.2874 -0.7132 0.6394
vn -0.2298 -0.7584 0.6099
vn -0.2222 -0.7452 0.6287
vn -0.2078 -0.6788 0.7043
vn -0.1794 -0.4464 0.8766
vn -0.1506 -0.4847 0.8616
vn -0.1159 -0.2930 0.9490
vn -0.1319 -0.2692 0.9540
vn -0.1469 -0.2472 0.9578
vn -0.1615 -0.2238 0.9612
vn -0.1274 -0.8378 0.5308
vn -0.1646 -0.7285 0.6650
vn -0.1705 -0.7926 0.5854
vn -0.0919 -0.8772 0.4712
vn -0.1280 -0.7791 0.6137
vn -0.1239 -0.5299 0.8390
vn -0.0961 -0.8262 0.5552
vn -0.1009 -0.5812 0.8075
vn -0.1741 -0.8055 0.5664
vn -0.1276 -0.8498 0.5115
vn -0.0897 -0.8876 0.4518
vn -0.0581 -0.9155 0.3980
vn -0.0629 -0.9070 0.4164
vn -0.0694 -0.8631 0.5002
vn -0.0799 -0.6350 0.7684
vn -0.0603 -0.6825 0.7284
vn -0.0596 -0.4539 0.8891
vn -0.0715 -0.4032 0.9123
vn -0.0842 -0.3586 0.9297
vn -0.0992 -0.3220 0.9415
vn -0.6665 0.0803 0.7412
vn -0.5900 -0.0147 0.8073
vn -0.5830 0.0769 0.8088
vn -0.6745 -0.0230 0.7379
vn -0.5845 -0.1028 0.8049
vn -0.3869 -0.0067 0.9221
vn -0.3834 0.0545 0.9220
vn -0.3836 -0.0659 0.9211
vn -0.6681 0.1883 0.7199
vn -0.6911 0.0737 0.7190
vn -0.6983 -0.0309 0.7151
vn -0.6681 -0.1213 0.7341
vn -0.6908 -0.1299 0.7113
vn -0.2274 -0.0389 0.9730
vn -0.2297 -0.0029 0.9733
vn -0.2281 0.0345 0.9730
vn -0.0300 -0.9244 0.3801
vn 0.0076 -0.8957 0.4446
vn -0.0326 -0.8863 0.4619
vn 0.0112 -0.9303 0.3667
vn 0.0612 -0.8908 0.4503
vn 0.0018 -0.7353 0.6777
vn -0.0309 -0.7159 0.6975
vn 0.0451 -0.7424 0.6684
vn -0.0280 -0.9322 0.3609
vn 0.0156 -0.9379 0.3465
vn 0.0649 -0.9244 0.3758
vn 0.0728 -0.9304 0.3591
vn 0.1417 -0.8981 0.4164
vn 0.1373 -0.8632 0.4858
vn 0.1080 -0.7312 0.6736
vn 0.0721 -0.6045 0.7933
vn 0.0256 -0.5898 0.8071
vn -0.0052 -0.5669 0.8238
vn -0.0276 -0.5389 0.8419
vn -0.0477 -0.5022 0.8635
vn -0.0840 0.6711 0.7366
vn -0.0492 0.5548 0.8305
vn -0.0647 0.6256 0.7775
vn -0.1076 0.6919 0.7139
vn -0.0697 0.6048 0.7933
vn -0.0173 0.3858 0.9224
vn -0.0904 0.6272 0.7736
vn -0.0315 0.4248 0.9048
vn -0.0655 0.6421 0.7638
vn -0.0418 0.5115 0.8583
vn -0.0425 0.5249 0.8501
vn -0.0874 0.6893 0.7192
vn -0.1145 0.7092 0.6956
vn -0.1400 0.7006 0.6997
vn -0.1208 0.6372 0.7612
vn -0.0705 0.4576 0.8863
vn -0.0471 0.4464 0.8936
vn -0.0305 0.3145 0.9488
vn -0.0138 0.3033 0.9528
vn -0.0016 0.2836 0.9589
vn 0.0065 0.2542 0.9671
vn 0.0160 0.2168 0.9761
vn -0.0199 0.4117 0.9111
vn 0.2422 -0.8322 0.4988
vn 0.3393 -0.6593 0.6710
vn 0.2384 -0.7920 0.5620
vn 0.3421 -0.7097 0.6158
vn 0.4039 -0.4896 0.7727
vn 0.2922 -0.5615 0.7741
vn 0.1973 -0.6784 0.7077
vn 0.3562 -0.4065 0.8413
vn 0.1558 -0.9003 0.4064
vn 0.2603 -0.8272 0.4979
vn 0.3558 -0.6978 0.6217
vn 0.4079 -0.5484 0.7299
vn 0.4098 -0.5390 0.7359
vn 0.3014 -0.3643 0.8812
vn 0.2318 -0.5000 0.8344
vn 0.1443 -0.5864 0.7971
vn -0.1817 0.6984 0.6923
vn -0.2054 0.6235 0.7544
vn -0.1590 0.6361 0.7551
vn -0.2333 0.6848 0.6904
vn -0.2610 0.5972 0.7584
vn -0.1342 0.4475 0.8841
vn -0.0999 0.4579 0.8834
vn -0.1735 0.4260 0.8879
vn -0.1487 0.7163 0.6817
vn -0.1931 0.7125 0.6745
vn -0.2480 0.6971 0.6728
vn -0.2960 0.6570 0.6934
vn -0.3148 0.6664 0.6759
vn -0.1025 0.2889 0.9519
vn -0.0762 0.3066 0.9488
vn -0.0519 0.3153 0.9476
vn 0.1102 -0.6404 0.7601
vn 0.0307 -0.1387 0.9899
vn 0.0696 -0.2768 0.9584
vn 0.0686 -0.4753 0.8771
vn 0.0104 -0.0502 0.9987
vn 0.0109 0.1273 0.9918
vn 0.0387 -0.0192 0.9991
vn -0.0122 0.2709 0.9625
vn 0.1212 -0.8271 0.5488
vn 0.0868 -0.7090 0.6998
vn 0.0374 -0.3788 0.9247
vn 0.0594 -0.5768 0.8147
vn 0.0330 -0.4733 0.8803
vn 0.0169 -0.0830 0.9964
vn -0.0140 0.2763 0.9610
vn -0.0127 -0.0266 0.9996
vn -0.5780 0.1350 0.8048
vn -0.6019 0.1632 0.7818
vn 0.0176 -0.0089 0.9998
vn -0.5594 0.1371 0.8175
vn -0.9424 0.3196 -0.0989
vn -0.9618 0.2419 -0.1282
vn 0.1324 -0.1113 0.9849
vn -0.0752 -0.0300 0.9967
vn 0.1648 -0.0764 0.9834
vn 0.1743 -0.0466 0.9836
vn 0.0282 0.0098 0.9996
vn 0.1730 -0.0249 0.9846
vn 0.0310 0.0258 0.9992
vn -0.5353 0.1547 0.8304
vn -0.9662 0.2167 -0.1396
vn -0.9653 0.2296 -0.1245
vn -0.7071 0.1499 -0.6910
vn -0.7302 0.1889 -0.6566
vn -0.7558 0.2771 -0.5933
vn -0.7602 0.4328 -0.4845
vn -0.8808 0.4711 -0.0473
vn -0.6242 0.2524 0.7393
vn -0.4321 0.1351 -0.8916
vn -0.4944 0.2475 -0.8333
vn -0.4515 0.2188 -0.8650
vn -0.4128 0.0912 -0.9062
vn -0.4679 0.1559 -0.8699
vn -0.8105 0.3698 -0.4542
vn -0.4448 0.1057 -0.8894
vn -0.8138 0.2683 -0.5155
vn -0.4805 0.2343 -0.8451
vn -0.4588 0.3662 -0.8095
vn -0.4875 0.4024 -0.7748
vn -0.4597 0.1429 -0.8765
vn -0.4386 0.0965 -0.8935
vn -0.4260 0.0767 -0.9015
vn -0.4017 0.0711 -0.9130
vn -0.4325 0.0798 -0.8981
vn -0.8088 0.2048 -0.5512
vn -0.8102 0.1689 -0.5613
vn -0.9599 0.2440 -0.1380
vn -0.9461 0.3072 -0.1026
vn -0.9133 0.4057 -0.0367
vn -0.7680 0.5295 -0.3602
vn -0.8230 0.5663 0.0440
vn -0.5085 0.4042 -0.7603
vn 0.0350 0.0448 0.9984
vn -0.4364 0.2049 0.8761
vn -0.4933 0.1805 0.8509
vn 0.0386 0.0680 0.9969
vn -0.3723 0.2238 0.9007
vn -0.9624 0.2612 -0.0751
vn -0.9556 0.2946 0.0078
vn 0.1683 -0.0090 0.9857
vn 0.1648 0.0071 0.9863
vn 0.1609 0.0282 0.9866
vn 0.0377 0.0965 0.9946
vn 0.1519 0.0552 0.9869
vn 0.0251 0.1305 0.9911
vn -0.3150 0.2477 0.9162
vn -0.8893 0.3549 0.2884
vn -0.9396 0.3180 0.1266
vn -0.8986 0.2662 -0.3489
vn -0.8187 0.2014 -0.5378
vn -0.7548 0.1803 -0.6307
vn -0.7155 0.1594 -0.6802
vn -0.6999 0.1461 -0.6992
vn -0.4173 0.0531 -0.9072
vn -0.4350 0.0651 -0.8981
vn -0.4037 0.0614 -0.9128
vn -0.4420 0.0450 -0.8959
vn -0.4505 0.0534 -0.8912
vn -0.8251 0.1487 -0.5450
vn -0.4780 0.0432 -0.8773
vn -0.8516 0.1364 -0.5062
vn -0.4274 0.0694 -0.9014
vn -0.4418 0.0637 -0.8949
vn -0.4692 0.0584 -0.8811
vn -0.8845 0.1307 -0.4479
vn -0.9822 0.1729 0.0737
vn -0.9842 0.1755 -0.0232
vn -0.9775 0.1870 -0.0972
vn -0.9684 0.2078 -0.1378
vn -0.3365 0.1856 0.9232
vn -0.3604 0.3245 0.8745
vn -0.3329 0.2090 0.9195
vn -0.4187 0.5897 0.6906
vn -0.3606 0.4055 0.8399
vn -0.3917 0.7486 0.5350
vn -0.4313 0.3615 0.8266
vn -0.3749 0.2428 0.8947
vn -0.3548 0.8809 0.3134
vn -0.2742 0.9409 0.1987
vn -0.2453 0.9653 0.0899
vn -0.3652 0.5547 0.7476
vn -0.5080 0.3944 0.7658
vn -0.4735 0.6663 0.5761
vn -0.0000 -0.0000 1.0000
vn -0.2169 0.5080 0.8336
vn -0.4980 0.6990 0.5131
vn -0.3004 0.8672 0.3973
vn -0.2469 0.2318 0.9409
vn -0.6097 0.4424 0.6577
vn -0.3149 0.9382 0.1437
vn -0.7434 0.6683 0.0270
vn -0.5376 0.8383 0.0902
vn -0.1050 0.3787 0.9195
vn -0.1165 0.1413 0.9831
vn -0.0389 -0.0647 0.9971
vn -0.1701 0.0306 0.9850
vn 0.0627 -0.1284 0.9897
vn -0.7021 0.6382 -0.3160
vn -0.5501 0.8224 -0.1452
vn -0.3613 0.9324 -0.0061
vn -0.1888 0.9787 0.0803
vn -0.2841 0.2722 0.9194
vn -0.6493 0.3815 0.6579
vn -0.7855 0.3729 0.4938
vn -0.0084 0.1705 0.9853
vn -0.2902 0.3071 0.9064
vn -0.5481 0.3995 0.7349
vn -0.0719 0.2210 0.9726
vn -0.3402 0.3637 0.8672
vn -0.9380 0.3464 -0.0091
vn 0.1303 0.0892 0.9875
vn 0.0860 0.1314 0.9876
vn 0.0046 0.1899 0.9818
vn -0.1771 0.2934 0.9394
vn -0.1454 0.2875 0.9467
vn -0.2399 0.3137 0.9187
vn -0.3228 0.3751 0.8690
vn -0.4744 0.4291 0.7686
vn -0.6502 0.4288 0.6272
vn -0.7304 0.4138 0.5435
vn -0.8498 0.3961 0.3477
vn -0.3421 0.9266 -0.1562
vn -0.5668 0.7089 -0.4198
vn -0.2664 0.8338 -0.4835
vn -0.6467 0.7536 0.1179
vn -0.8514 0.4704 -0.2323
vn -0.4761 0.6088 -0.6345
vn -0.2302 0.7409 -0.6309
vn -0.7226 0.3969 -0.5660
vn -0.2029 0.9768 -0.0678
vn -0.1308 0.9519 -0.2770
vn -0.4378 0.8721 0.2188
vn -0.6093 0.5559 0.5655
vn -0.7979 0.4259 0.4267
vn -0.6145 0.2858 0.7353
vn -0.7728 0.2197 0.5954
vn -0.9627 0.2698 -0.0215
vn -0.8540 0.2324 -0.4654
vn -0.7836 0.2244 -0.5793
vn -0.6578 0.3889 -0.6450
vn -0.4447 0.5763 -0.6857
vn -0.2317 0.6982 -0.6774
vn -0.0959 0.7486 -0.6560
vn -0.0909 0.7844 -0.6135
vn -0.1030 0.8661 -0.4892
vn 0.7516 -0.6471 -0.1278
vn 0.5691 -0.6812 -0.4606
vn 0.6334 -0.7644 -0.1204
vn 0.8635 -0.4852 -0.1375
vn 0.6612 -0.5648 -0.4938
vn 0.4824 -0.5742 -0.6615
vn 0.7435 -0.4140 -0.5252
vn 0.5463 -0.4644 -0.6971
vn 0.6395 -0.7655 0.0714
vn 0.5287 -0.8399 -0.1226
vn 0.5340 -0.8439 0.0518
vn 0.7579 -0.6469 0.0838
vn 0.8691 -0.4858 0.0927
vn 0.9480 -0.3012 0.1024
vn 0.9438 -0.2987 -0.1411
vn 0.8007 -0.2504 -0.5442
vn 0.6000 -0.3328 -0.7275
vn 0.6359 -0.1979 -0.7459
vn 0.5511 -0.2924 -0.7815
vn 0.5085 -0.4124 -0.7559
vn 0.4553 -0.5183 -0.7239
vn 0.3995 -0.6006 -0.6926
vn 0.4183 -0.6544 -0.6299
vn 0.4823 -0.7596 -0.4364
vn -0.0000 0.6700 0.7423
vn -0.7255 0.1413 0.6736
vn -0.9749 0.1566 0.1584
vn -0.9785 0.1825 0.0961
vn -0.6884 0.1161 0.7160
vn -0.9684 0.1633 0.1887
vn -0.9149 0.1427 -0.3776
vn -0.8994 0.1624 -0.4058
vn -0.9174 0.1512 -0.3680
vn -0.5591 0.1559 0.8143
vn -0.5121 0.1036 0.8526
vn -0.4783 0.0848 0.8741
vn -0.6640 0.1163 0.7386
vn -0.4557 0.0830 0.8863
vn -0.6537 0.1353 0.7446
vn -0.9618 0.1951 0.1918
vn -0.9098 0.1822 -0.3728
vn -0.8278 0.1628 -0.5369
vn -0.8371 0.1353 -0.5300
vn -0.8377 0.1297 -0.5305
vn -0.8259 0.1515 -0.5431
vn 0.8690 0.4805 -0.1184
vn 0.6795 0.5363 -0.5007
vn 0.7492 0.4123 -0.5184
vn 0.7772 0.6168 -0.1248
vn 0.6029 0.6373 -0.4799
vn 0.5564 0.4371 -0.7067
vn 0.6017 0.3297 -0.7275
vn 0.5041 0.5304 -0.6816
vn 0.8737 0.4711 0.1211
vn 0.9366 0.3313 -0.1141
vn 0.9367 0.3226 0.1358
vn 0.7863 0.6100 0.0981
vn 0.6901 0.7199 0.0746
vn 0.6026 0.7961 0.0560
vn 0.6796 0.7220 -0.1297
vn 0.5327 0.7101 -0.4605
vn 0.4532 0.6019 -0.6576
vn 0.4262 0.5502 -0.7180
vn 0.4706 0.4788 -0.7412
vn 0.5141 0.3896 -0.7641
vn 0.5501 0.2917 -0.7825
vn 0.6333 0.2230 -0.7411
vn 0.5746 0.1970 -0.7944
vn 0.7994 0.2822 -0.5304
vn -0.5897 0.6144 0.5242
vn -0.7367 0.6760 -0.0136
vn -0.6792 0.6125 0.4043
vn -0.5327 0.5970 0.5998
vn -0.6896 0.7178 0.0957
vn -0.6875 0.6321 -0.3575
vn -0.6622 0.7325 0.1579
vn -0.6645 0.6872 -0.2937
vn -0.6409 0.5246 0.5604
vn -0.7432 0.5666 0.3559
vn -0.6418 0.4660 0.6091
vn -0.5398 0.5340 0.6507
vn -0.4285 0.5025 0.7509
vn -0.4173 0.4863 0.7677
vn -0.5860 0.6649 0.4632
vn -0.6568 0.7541 -0.0027
vn -0.6486 0.7220 -0.2409
vn -0.6283 0.7158 -0.3049
vn -0.6141 0.6920 -0.3795
vn -0.6260 0.6563 -0.4212
vn -0.6466 0.6048 -0.4649
vn -0.6672 0.5524 -0.4997
vn -0.7081 0.5774 -0.4064
vn -0.7747 0.6265 -0.0859
vn 0.0837 -0.9374 0.3380
vn 0.0953 -0.9943 -0.0486
vn 0.0769 -0.9678 0.2395
vn 0.1059 -0.9863 0.1263
vn 0.1146 -0.9528 -0.2811
vn 0.0814 -0.9896 -0.1183
vn 0.0627 -0.9785 0.1966
vn 0.1018 -0.9278 -0.3588
vn 0.0754 -0.8713 0.4850
vn 0.0691 -0.8737 0.4816
vn 0.0876 -0.8993 0.4284
vn 0.1121 -0.9534 0.2800
vn 0.1293 -0.9880 -0.0851
vn 0.1409 -0.9862 0.0874
vn 0.1507 -0.9602 -0.2353
vn 0.1342 -0.8973 -0.4206
vn 0.1228 -0.8578 -0.4991
vn 0.1164 -0.8464 -0.5197
vn 0.0939 -0.9213 -0.3772
vn 0.0727 -0.9884 -0.1331
vn 0.0547 -0.9804 0.1891
vn 0.0411 -0.8812 0.4710
vn 0.0347 -0.8802 0.4734
vn 0.0563 -0.8774 0.4764
vn 0.8661 -0.0210 0.4994
vn 0.8815 -0.0365 0.4709
vn 0.8706 -0.0361 0.4906
vn 0.8797 -0.0210 0.4751
vn 0.8927 -0.0327 0.4495
vn 0.8825 -0.0470 0.4680
vn 0.8735 -0.0465 0.4846
vn 0.8917 -0.0443 0.4504
vn 0.8567 -0.0092 0.5157
vn 0.8607 -0.0281 0.5084
vn 0.8677 -0.0064 0.4970
vn 0.8825 -0.0057 0.4704
vn 0.8940 -0.0152 0.4479
vn 0.9018 -0.0124 0.4320
vn 0.8947 0.0035 0.4466
vn 0.9020 -0.0291 0.4308
vn 0.8996 -0.0427 0.4346
vn 0.8978 -0.0519 0.4373
vn 0.8913 -0.0498 0.4507
vn 0.8819 -0.0515 0.4687
vn 0.8734 -0.0505 0.4843
vn 0.8684 -0.0507 0.4932
vn 0.8681 -0.0538 0.4934
vn 0.8653 -0.0416 0.4995
vn -0.6585 0.1696 0.7332
vn -0.9444 0.3053 0.1221
vn -0.9547 0.2449 0.1689
vn -0.6777 0.2174 0.7025
vn -0.9274 0.3701 0.0544
vn -0.8673 0.2834 -0.4091
vn -0.8927 0.2290 -0.3882
vn -0.8355 0.3394 -0.4322
vn -0.4452 0.0939 0.8905
vn -0.4483 0.1155 0.8864
vn -0.4656 0.1479 0.8726
vn -0.7083 0.2790 0.6485
vn -0.4977 0.1932 0.8456
vn -0.7474 0.3452 0.5677
vn -0.9003 0.4342 -0.0314
vn -0.7987 0.3964 -0.4527
vn -0.7665 0.3155 -0.5594
vn -0.7906 0.2589 -0.5548
vn -0.8115 0.2065 -0.5467
vn 0.5198 0.8439 -0.1326
vn 0.4133 0.8027 -0.4300
vn 0.4710 0.7622 -0.4441
vn 0.4525 0.8819 -0.1325
vn 0.3559 0.8356 -0.4184
vn 0.3604 0.6979 -0.6189
vn 0.4062 0.6552 -0.6369
vn 0.3134 0.7335 -0.6031
vn 0.5275 0.8484 0.0433
vn 0.5933 0.7941 -0.1321
vn 0.4586 0.8880 0.0337
vn 0.3922 0.9196 0.0240
vn 0.3225 0.9365 -0.1374
vn 0.3874 0.9122 -0.1334
vn 0.2982 0.8618 -0.4103
vn 0.2647 0.7628 -0.5900
vn 0.2547 0.7171 -0.6487
vn 0.3000 0.6858 -0.6630
vn 0.3431 0.6486 -0.6794
vn 0.3845 0.6046 -0.6976
vn -0.7807 0.4935 0.3833
vn -0.8618 0.4935 -0.1170
vn -0.7754 0.4293 0.4631
vn -0.7633 0.5317 0.3669
vn -0.8263 0.5400 -0.1600
vn -0.7649 0.4446 -0.4660
vn -0.8003 0.5836 -0.1378
vn -0.7397 0.4865 -0.4649
vn -0.5968 0.3190 0.7362
vn -0.5441 0.2422 0.8033
vn -0.6385 0.3868 0.6654
vn -0.6400 0.4273 0.6387
vn -0.7234 0.5293 -0.4433
vn -0.6840 0.5060 -0.5254
vn -0.6994 0.4650 -0.5428
vn -0.7177 0.4228 -0.5533
vn -0.7408 0.3728 -0.5588
vn -0.4912 -0.0000 0.8710
vn 0.2624 0.9537 -0.1467
vn 0.1953 0.8918 -0.4081
vn 0.2437 0.8803 -0.4070
vn 0.2097 0.9647 -0.1594
vn 0.1506 0.8987 -0.4119
vn 0.1755 0.7988 -0.5754
vn 0.2179 0.7845 -0.5806
vn 0.1359 0.8078 -0.5735
vn 0.3255 0.9455 0.0115
vn 0.2640 0.9645 -0.0051
vn 0.2102 0.9774 -0.0241
vn 0.1614 0.9717 -0.1726
vn 0.1612 0.9860 -0.0423
vn 0.1146 0.9762 -0.1842
vn 0.1071 0.9027 -0.4166
vn 0.0968 0.8130 -0.5742
vn 0.0921 0.7740 -0.6264
vn 0.1302 0.7680 -0.6271
vn 0.1688 0.7575 -0.6306
vn 0.2098 0.7412 -0.6376
vn 0.1714 -0.9391 -0.2978
vn 0.1769 -0.8524 -0.4920
vn 0.1547 -0.8632 -0.4806
vn 0.1946 -0.9344 -0.2984
vn 0.2034 -0.8548 -0.4774
vn 0.1638 -0.7906 -0.5900
vn 0.1432 -0.8123 -0.5654
vn 0.1653 -0.9825 -0.0860
vn 0.1843 -0.9687 -0.1664
vn 0.2045 -0.9641 -0.1695
vn 0.2224 -0.9374 -0.2679
vn 0.2305 -0.9637 -0.1348
vn 0.2589 -0.9388 -0.2272
vn 0.2392 -0.8582 -0.4542
vn 0.1874 -0.7831 -0.5930
vn 0.2184 -0.7785 -0.5885
vn 0.1825 -0.7560 -0.6286
vn 0.1592 -0.7691 -0.6190
vn 0.1381 -0.7962 -0.5891
vn 0.9914 0.0387 -0.1252
vn 0.8300 -0.0987 -0.5489
vn 0.9835 -0.1199 -0.1353
vn 0.9757 0.1856 -0.1167
vn 0.8374 0.0346 -0.5454
vn 0.6537 -0.0770 -0.7528
vn 0.6510 0.1241 -0.7489
vn 0.6576 0.0276 -0.7529
vn 0.9855 -0.1239 0.1158
vn 0.9910 0.0333 0.1294
vn 0.9743 0.1782 0.1378
vn 0.8275 0.1582 -0.5388
vn 0.5886 0.1097 -0.8010
vn 0.5942 0.0242 -0.8039
vn 0.5918 -0.0679 -0.8032
vn 0.5786 -0.1736 -0.7969
vn 0.0673 0.9781 -0.1967
vn 0.0206 0.8951 -0.4454
vn 0.0640 0.9031 -0.4246
vn 0.0168 0.9750 -0.2218
vn -0.0291 0.8802 -0.4738
vn 0.0582 0.8141 -0.5778
vn -0.0240 0.7995 -0.6002
vn 0.0202 0.8093 -0.5870
vn 0.1136 0.9919 -0.0572
vn 0.0649 0.9954 -0.0706
vn 0.0116 0.9956 -0.0927
vn -0.0417 0.9657 -0.2562
vn -0.0558 0.9902 -0.1282
vn -0.0272 0.7657 -0.6427
vn 0.0167 0.7732 -0.6340
vn 0.0545 0.7759 -0.6285
vn 0.3675 -0.9161 -0.1605
vn 0.2842 -0.8539 -0.4359
vn 0.3075 -0.9323 -0.1905
vn 0.4409 -0.8870 -0.1371
vn 0.3397 -0.8386 -0.4259
vn 0.2573 -0.7674 -0.5873
vn 0.4059 -0.8089 -0.4254
vn 0.3043 -0.7455 -0.5931
vn 0.3125 -0.9486 -0.0496
vn 0.2641 -0.9602 -0.0905
vn 0.3723 -0.9281 -0.0117
vn 0.4457 -0.8949 0.0229
vn 0.3585 -0.7092 -0.6071
vn 0.3458 -0.6597 -0.6672
vn 0.2956 -0.7015 -0.6484
vn 0.2508 -0.7292 -0.6367
vn 0.2130 -0.7459 -0.6311
vn 0.3271 -0.0202 0.9448
vn 0.2483 0.0257 0.9683
vn 0.3045 0.0027 0.9525
vn 0.2781 -0.0064 0.9605
vn 0.1356 0.0626 0.9888
vn 0.1877 0.0733 0.9795
vn 0.2552 0.0373 0.9662
vn 0.0383 0.1416 0.9892
vn 0.1800 -0.0200 0.9835
vn 0.1667 -0.0155 0.9859
vn 0.1416 -0.0099 0.9899
vn 0.1812 0.0154 0.9833
vn 0.0925 -0.0006 0.9957
vn 0.0162 0.0106 0.9998
vn -0.0108 0.0595 0.9982
vn -0.0778 0.1247 0.9891
vn -0.2140 0.2211 0.9515
vn 0.0305 0.1451 0.9890
vn 0.1608 0.0888 0.9830
vn 0.2279 0.0526 0.9723
vn -0.3874 0.7951 -0.4666
vn -0.4814 0.8709 -0.0990
vn -0.3559 0.9264 -0.1230
vn -0.4360 0.5661 -0.6996
vn -0.4416 0.7597 -0.4773
vn -0.6710 0.7095 -0.2154
vn -0.4930 0.5875 -0.6417
vn -0.2673 0.9631 -0.0306
vn -0.2982 0.9545 0.0032
vn -0.2434 0.9693 0.0353
vn -0.3718 0.8508 -0.3714
vn -0.4336 0.8986 0.0668
vn -0.4568 0.6353 -0.6226
vn -0.6512 0.7512 0.1077
vn -0.6943 0.6989 -0.1716
vn -0.6920 0.7144 -0.1042
vn -0.7382 0.6731 0.0457
vn -0.6406 0.7420 -0.1977
vn -0.6627 0.7172 -0.2156
vn -0.6474 0.7101 -0.2768
vn -0.6423 0.7352 -0.2168
vn -0.6462 0.7083 -0.2843
vn -0.7448 0.6416 0.1837
vn -0.7514 0.5744 0.3248
vn -0.7574 0.5308 0.3803
vn -0.7286 0.6621 -0.1755
vn -0.6583 0.7232 -0.2090
vn -0.6273 0.7649 -0.1462
vn -0.6380 0.7542 -0.1556
vn -0.6545 0.7355 -0.1752
vn -0.6530 0.7168 -0.2444
vn -0.6738 0.7120 -0.1976
vn -0.6631 0.7070 -0.2456
vn -0.6469 0.6992 -0.3044
vn -0.6317 0.6968 -0.3397
vn -0.6195 0.6993 -0.3568
vn -0.6607 0.7264 -0.1895
vn -0.7079 0.6946 0.1283
vn -0.9682 0.2502 -0.0000
vn -0.9497 0.3130 -0.0000
vn -0.9248 0.3805 -0.0000
vn -0.9804 0.1970 -0.0000
vn -0.8947 0.4468 -0.0000
vn -0.8947 0.4467 -0.0000
vn 0.4594 0.8882 -0.0000
vn 0.5276 0.8495 -0.0000
vn 0.3934 0.9194 -0.0000
vn 0.6024 0.7982 -0.0000
vn 0.3284 0.9446 -0.0000
vn 1.0000 -0.0000 -0.0000
vn 0.3881 0.9216 -0.0000
vn 0.3882 0.9216 -0.0000
vn 0.9991 0.0416 -0.0000
vn 0.9932 -0.1168 -0.0000
vn 0.9824 0.1870 -0.0000
vn 0.9551 -0.2962 -0.0000
vn 0.9435 0.3314 -0.0000
vn 0.2148 0.9767 -0.0000
vn 0.2680 0.9634 -0.0000
vn 0.1659 0.9861 -0.0000
vn 0.1183 0.9930 -0.0000
vn -0.6875 0.7262 -0.0000
vn -0.6755 0.7373 -0.0000
vn -0.6957 0.7183 -0.0000
vn -0.6652 0.7467 -0.0000
vn -0.0000 -1.0000 -0.0000
vn 0.7633 -0.6461 -0.0000
vn 0.6448 -0.7643 -0.0000
vn 0.8754 -0.4834 -0.0000
vn 0.5402 -0.8415 -0.0000
vn 0.8776 0.4793 -0.0000
vn 0.7875 0.6164 -0.0000
vn 0.6900 0.7238 -0.0000
vn -1.0000 -0.0000 -0.0000
vn -0.0000 -0.0000 -1.0000
vn 0.9999 0.0124 -0.0000
vn 0.9999 0.0124 -0.0001
vn 0.9682 -0.2502 -0.0000
vn 0.9497 -0.3130 -0.0000
vn 0.9248 -0.3805 -0.0000
vn 0.9754 -0.2203 -0.0000
vn 0.9100 -0.4145 -0.0000
vn 0.9101 -0.4145 -0.0000
vn 0.9248 -0.3805 -0.0001
vn -0.8776 -0.4793 -0.0000
vn -0.7875 -0.6164 -0.0000
vn -0.6900 -0.7238 -0.0000
vn -0.9149 -0.4036 -0.0000
vn -0.6412 -0.7674 -0.0000
vn -0.9932 0.1168 -0.0000
vn -0.9991 -0.0416 -0.0000
vn -0.9824 -0.1870 -0.0000
vn -0.9798 0.1999 -0.0000
vn -0.9663 -0.2573 -0.0000
vn -0.5276 -0.8495 -0.0000
vn -0.4594 -0.8882 -0.0000
vn -0.3934 -0.9194 -0.0000
vn -0.5621 -0.8271 -0.0000
vn -0.3603 -0.9328 -0.0000
vn 0.6755 -0.7373 -0.0000
vn 0.6875 -0.7262 -0.0000
vn 0.6957 -0.7183 -0.0000
vn 0.6688 -0.7434 -0.0000
vn 0.6688 -0.7434 0.0001
vn 0.6987 -0.7154 -0.0000
vn 0.7393 -0.6734 -0.0000
vn 0.7006 -0.7135 -0.0000
vn 0.6717 -0.7408 -0.0000
vn 0.7590 -0.6511 -0.0000
vn 0.6615 -0.7499 -0.0000
vn -0.2680 -0.9634 -0.0000
vn -0.2148 -0.9767 -0.0000
vn -0.1659 -0.9861 -0.0000
vn -0.2960 -0.9552 -0.0000
vn -0.1420 -0.9899 -0.0000
vn -0.0465 0.9989 -0.0000
vn -0.0668 0.9978 -0.0000
vn -0.0976 0.9952 -0.0000
vn -0.0394 0.9992 -0.0000
vn -0.1153 0.9933 -0.0000
vn -0.0716 -0.9974 -0.0000
vn -0.0243 -0.9997 -0.0000
vn 0.0316 -0.9995 -0.0000
vn -0.0945 -0.9955 -0.0000
vn 0.0630 -0.9980 -0.0000
vn -0.1697 0.9855 -0.0000
vn -0.2013 0.9795 -0.0000
vn -0.2333 0.9724 -0.0000
vn -0.1533 0.9882 -0.0000
vn -0.2499 0.9683 -0.0000
vn 0.8640 -0.5035 -0.0000
vn 0.8360 -0.5487 -0.0000
vn 0.8084 -0.5886 -0.0000
vn 0.8781 -0.4784 -0.0000
vn 0.7940 -0.6079 -0.0001
vn 0.7940 -0.6079 -0.0000
vn 0.3058 -0.9521 -0.0000
vn 0.6200 -0.7846 -0.0000
vn 0.8768 -0.4808 -0.0000
vn 0.1766 -0.9843 -0.0000
vn 0.8768 -0.4808 0.0001
vn 0.9474 -0.3201 -0.0000
vn 0.8768 -0.4808 -0.0001
vn 0.9474 -0.3201 -0.0001
vn -0.3193 0.9477 -0.0000
vn -0.3795 0.9252 -0.0000
vn -0.4529 0.8916 -0.0000
vn -0.2923 0.9563 -0.0000
vn -0.4924 0.8704 -0.0000
vn 0.9847 -0.1741 -0.0000
vn 0.9884 -0.1521 -0.0000
vn 0.9868 -0.1620 -0.0000
vn 0.9809 -0.1943 -0.0000
vn 0.9848 -0.1735 -0.0000
vn -0.6448 0.7643 -0.0000
vn -0.7633 0.6461 -0.0000
vn -0.8754 0.4834 -0.0000
vn -0.5864 0.8100 -0.0000
vn -0.9210 0.3896 -0.0000
vn 0.0050 -0.0005 1.0000
vn -0.0000 -0.7033 0.7109
vn 0.8434 -0.0000 0.5373
vn 0.8434 -0.0000 0.5372
vn 0.1715 -0.9851 -0.0148
vn 0.2031 -0.9791 -0.0044
vn 0.1738 -0.9847 -0.0148
vn 0.2021 -0.9794 -0.0044
vn 0.2338 -0.9723 -0.0006
vn 0.2041 -0.9789 -0.0044
vn 0.1760 -0.9843 -0.0148
vn 0.2341 -0.9722 -0.0006
vn 0.1356 -0.9902 -0.0338
vn 0.1378 -0.9898 -0.0351
vn 0.1703 -0.9853 -0.0141
vn 0.2015 -0.9795 -0.0041
vn 0.2335 -0.9724 -0.0006
vn 0.2333 -0.9724 -0.0005
vn 0.2712 -0.9625 -0.0000
vn 0.2713 -0.9625 -0.0000
vn 0.2343 -0.9722 -0.0007
vn 0.2047 -0.9788 -0.0048
vn 0.1772 -0.9841 -0.0155
vn 0.1460 -0.9887 -0.0350
vn 0.1481 -0.9883 -0.0363
vn 0.1419 -0.9893 -0.0350
vn -0.7006 0.7135 -0.0000
vn -0.7393 0.6734 -0.0000
vn -0.6717 0.7408 -0.0000
vn -0.7768 0.6297 -0.0000
vn 0.0716 0.9974 -0.0000
vn 0.0243 0.9997 -0.0000
vn -0.0316 0.9995 -0.0000
vn -0.1200 0.9928 -0.0000
vn 0.3795 -0.9252 -0.0000
vn 0.3193 -0.9477 -0.0000
vn 0.4529 -0.8916 -0.0000
vn -0.0000 1.0000 -0.0000
vn 0.0549 -0.9862 -0.1563
vn 0.0821 -0.9907 -0.1088
vn 0.0641 -0.9856 -0.1562
vn 0.0741 -0.9913 -0.1089
vn 0.1094 -0.9917 -0.0672
vn 0.0901 -0.9900 -0.1087
vn 0.0733 -0.9850 -0.1561
vn 0.1156 -0.9910 -0.0671
vn 0.6533 -0.7418 -0.1517
vn 0.7021 -0.6974 -0.1439
vn 0.0499 -0.9869 -0.1535
vn 0.0697 -0.9919 -0.1064
vn 0.1032 -0.9924 -0.0672
vn 0.0998 -0.9929 -0.0653
vn 0.1190 -0.9905 -0.0691
vn 0.0945 -0.9893 -0.1112
vn 0.0782 -0.9842 -0.1589
vn 0.7048 -0.6948 -0.1432
vn 0.7438 -0.6545 -0.1356
vn 0.7036 -0.6959 -0.1435
vn -0.6200 0.7846 -0.0000
vn -0.3058 0.9521 -0.0000
vn -0.8768 0.4808 -0.0000
vn -0.9662 0.2577 -0.0000
vn 0.9978 -0.0663 -0.0035
vn 0.9974 -0.0715 -0.0076
vn 0.9974 -0.0715 -0.0038
vn 0.9978 -0.0663 -0.0070
vn 0.9974 -0.0715 -0.0113
vn 0.9970 -0.0776 -0.0082
vn 0.9970 -0.0776 -0.0041
vn 0.9969 -0.0776 -0.0123
vn 0.9980 -0.0636 -0.0020
vn 0.9977 -0.0673 -0.0011
vn 0.9980 -0.0628 -0.0043
vn 0.9980 -0.0628 -0.0077
vn 0.9977 -0.0663 -0.0105
vn 0.9980 -0.0628 -0.0110
vn 0.9965 -0.0834 -0.0115
vn 0.9965 -0.0834 -0.0072
vn 0.9965 -0.0834 -0.0029
vn 0.9969 -0.0787 -0.0014
vn 0.9964 -0.0847 -0.0000
vn 0.9974 -0.0726 -0.0012
vn -0.8360 0.5487 -0.0000
vn -0.8640 0.5035 -0.0000
vn -0.8084 0.5886 -0.0000
vn -0.9884 0.1521 -0.0000
vn -0.9847 0.1741 -0.0000
vn -0.9868 0.1620 -0.0000
vn -0.7071 -0.0000 -0.7071
vn 0.5564 -0.0000 0.8309
vn 0.7071 -0.0000 0.7071
vn -0.7071 -0.0000 0.7071
vn -0.8730 -0.0000 0.4878
vn 0.5564 -0.0000 -0.8309
vn 0.7071 -0.0000 -0.7071
vn -0.8730 -0.0000 -0.4878
vn 0.0321 -0.4728 0.8806
vn -0.2412 0.3034 0.9218
vn -0.6172 0.6996 -0.3600
vn 0.8980 -0.0557 0.4364
vn -0.6852 0.7017 -0.1951
vn 0.7941 -0.6079 -0.0001
vn 0.9474 -0.3201 0.0001
vt 0.215878 0.393840
vt 0.216828 0.392665
vt 0.214983 0.391610
vt 0.217458 0.396200
vt 0.216912 0.393938
vt 0.218830 0.394182
vt 0.218283 0.395416
vt 0.213304 0.390914
vt 0.215020 0.389887
vt 0.212505 0.388107
vt 0.214726 0.393804
vt 0.217170 0.391346
vt 0.218648 0.399450
vt 0.216571 0.396706
vt 0.220236 0.397369
vt 0.219427 0.398552
vt 0.214726 0.393804
vt 0.221738 0.394541
vt 0.220975 0.395945
vt 0.219418 0.392904
vt 0.236582 0.408371
vt 0.233752 0.408225
vt 0.235894 0.409940
vt 0.234529 0.406525
vt 0.231416 0.406493
vt 0.233112 0.409922
vt 0.235344 0.411564
vt 0.230702 0.408224
vt 0.239031 0.409106
vt 0.238290 0.410268
vt 0.237418 0.407013
vt 0.235449 0.405017
vt 0.232268 0.404722
vt 0.233249 0.403112
vt 0.229931 0.402951
vt 0.229030 0.404744
vt 0.228262 0.406472
vt 0.227647 0.407939
vt 0.230130 0.409710
vt 0.232596 0.411404
vt 0.234898 0.413016
vt 0.237252 0.413144
vt 0.236886 0.414543
vt 0.237698 0.411638
vt 0.131426 0.560577
vt 0.140699 0.565422
vt 0.133731 0.556741
vt 0.138699 0.569473
vt 0.147874 0.571903
vt 0.142604 0.561936
vt 0.135900 0.553463
vt 0.149471 0.568273
vt 0.121540 0.553006
vt 0.124222 0.549080
vt 0.129038 0.564829
vt 0.136668 0.573948
vt 0.146224 0.576090
vt 0.144594 0.580695
vt 0.154180 0.580751
vt 0.155451 0.576497
vt 0.156709 0.572780
vt 0.157875 0.569744
vt 0.150945 0.565340
vt 0.144351 0.559155
vt 0.137879 0.550884
vt 0.129154 0.542553
vt 0.131314 0.540223
vt 0.126775 0.545550
vt 0.227630 0.401203
vt 0.224479 0.401168
vt 0.226712 0.402974
vt 0.225378 0.399464
vt 0.222323 0.399306
vt 0.223668 0.402766
vt 0.225913 0.404663
vt 0.221511 0.400742
vt 0.230946 0.401290
vt 0.228641 0.399541
vt 0.226347 0.397848
vt 0.223163 0.397716
vt 0.224050 0.396188
vt 0.220975 0.395945
vt 0.220236 0.397369
vt 0.219427 0.398552
vt 0.220792 0.401905
vt 0.222989 0.404095
vt 0.225265 0.406085
vt 0.202597 0.577535
vt 0.195105 0.577584
vt 0.195721 0.581394
vt 0.209065 0.572265
vt 0.201672 0.573945
vt 0.194596 0.574190
vt 0.207854 0.568936
vt 0.200866 0.570758
vt 0.196518 0.585443
vt 0.188239 0.583938
vt 0.188694 0.588180
vt 0.203702 0.581361
vt 0.210451 0.575831
vt 0.216970 0.568749
vt 0.215322 0.565489
vt 0.213845 0.562465
vt 0.206775 0.566000
vt 0.212514 0.559818
vt 0.205785 0.563615
vt 0.200120 0.568144
vt 0.194121 0.571384
vt 0.187598 0.573440
vt 0.187775 0.576393
vt 0.187960 0.579950
vt 0.221029 0.390300
vt 0.219101 0.390321
vt 0.220911 0.391169
vt 0.218095 0.390578
vt 0.218451 0.389440
vt 0.216340 0.389231
vt 0.220230 0.391944
vt 0.224038 0.390684
vt 0.223820 0.391531
vt 0.220840 0.389376
vt 0.223359 0.392431
vt 0.215020 0.389887
vt 0.214842 0.387797
vt 0.217170 0.391346
vt 0.217686 0.388341
vt 0.221738 0.394541
vt 0.219418 0.392904
vt 0.222598 0.393394
vt 0.227429 0.547346
vt 0.219769 0.554472
vt 0.221496 0.557149
vt 0.232893 0.536219
vt 0.225478 0.545049
vt 0.218206 0.552148
vt 0.230757 0.534323
vt 0.223711 0.543073
vt 0.223392 0.560055
vt 0.229548 0.549861
vt 0.235196 0.538322
vt 0.240093 0.525593
vt 0.237659 0.523909
vt 0.235387 0.522420
vt 0.228821 0.532708
vt 0.233328 0.521170
vt 0.227119 0.531449
vt 0.222142 0.541516
vt 0.216802 0.550299
vt 0.211304 0.557689
vt 0.244584 0.496694
vt 0.239199 0.509517
vt 0.241549 0.510605
vt 0.244451 0.482266
vt 0.242202 0.495991
vt 0.237067 0.508627
vt 0.242281 0.482026
vt 0.240037 0.495441
vt 0.244051 0.511876
vt 0.247105 0.497567
vt 0.249345 0.483106
vt 0.248371 0.468801
vt 0.246834 0.482613
vt 0.246000 0.468770
vt 0.243840 0.468796
vt 0.241984 0.468829
vt 0.240410 0.481853
vt 0.238165 0.495027
vt 0.235216 0.507947
vt 0.231532 0.520207
vt 0.162661 0.583740
vt 0.171879 0.580980
vt 0.163537 0.579477
vt 0.180045 0.585229
vt 0.171401 0.585198
vt 0.164435 0.575726
vt 0.180134 0.581104
vt 0.172407 0.577244
vt 0.152977 0.585402
vt 0.161892 0.588366
vt 0.180118 0.589639
vt 0.171061 0.589740
vt 0.180297 0.577433
vt 0.180446 0.574383
vt 0.172898 0.574148
vt 0.165269 0.572635
vt 0.249274 0.455679
vt 0.247320 0.443997
vt 0.246917 0.455906
vt 0.249661 0.443609
vt 0.247353 0.433384
vt 0.245164 0.444252
vt 0.244768 0.456127
vt 0.245162 0.433425
vt 0.250861 0.468938
vt 0.248371 0.468801
vt 0.251744 0.455489
vt 0.252099 0.443125
vt 0.249659 0.432944
vt 0.252032 0.432200
vt 0.249403 0.424056
vt 0.247212 0.424566
vt 0.245056 0.424322
vt 0.243240 0.433524
vt 0.243319 0.444521
vt 0.242927 0.456321
vt 0.241984 0.468829
vt 0.067780 0.387681
vt 0.076893 0.411913
vt 0.068320 0.383353
vt 0.075373 0.414162
vt 0.086220 0.441419
vt 0.078423 0.409986
vt 0.069169 0.379971
vt 0.088253 0.439958
vt 0.062683 0.373444
vt 0.061737 0.365811
vt 0.066938 0.390527
vt 0.073631 0.415865
vt 0.084046 0.443043
vt 0.081691 0.444644
vt 0.092974 0.471226
vt 0.095531 0.469403
vt 0.097888 0.467816
vt 0.100041 0.466552
vt 0.090161 0.438755
vt 0.079988 0.408496
vt 0.070312 0.377615
vt 0.061244 0.351929
vt 0.061925 0.347953
vt 0.061127 0.357799
vt 0.101424 0.496010
vt 0.112162 0.514386
vt 0.104179 0.493780
vt 0.109359 0.517069
vt 0.119640 0.531537
vt 0.114742 0.512122
vt 0.106711 0.491885
vt 0.122163 0.528890
vt 0.090220 0.473199
vt 0.092974 0.471226
vt 0.098467 0.498482
vt 0.106365 0.520064
vt 0.116914 0.534669
vt 0.114021 0.538164
vt 0.124443 0.526852
vt 0.117070 0.510385
vt 0.109001 0.490419
vt 0.097888 0.467816
vt 0.100041 0.466552
vt 0.095531 0.469403
vt 0.249739 0.390990
vt 0.245506 0.391668
vt 0.248131 0.394405
vt 0.246989 0.388169
vt 0.242633 0.389360
vt 0.244151 0.394778
vt 0.246645 0.397453
vt 0.241407 0.392462
vt 0.254005 0.390997
vt 0.252204 0.394397
vt 0.251408 0.387391
vt 0.248536 0.384476
vt 0.243988 0.385858
vt 0.245406 0.382155
vt 0.240771 0.383979
vt 0.239567 0.387422
vt 0.238483 0.390465
vt 0.237581 0.392906
vt 0.240374 0.394963
vt 0.242990 0.397304
vt 0.245342 0.399949
vt 0.248819 0.400527
vt 0.247343 0.402921
vt 0.250457 0.397630
vt 0.121712 0.579004
vt 0.132669 0.583701
vt 0.124171 0.574118
vt 0.130697 0.588825
vt 0.141552 0.590692
vt 0.134657 0.578718
vt 0.126615 0.569370
vt 0.143039 0.585589
vt 0.110180 0.570714
vt 0.113072 0.566124
vt 0.119247 0.583959
vt 0.128733 0.594021
vt 0.140110 0.595933
vt 0.138692 0.601245
vt 0.150038 0.600674
vt 0.150932 0.595434
vt 0.151900 0.590322
vt 0.152977 0.585402
vt 0.144594 0.580695
vt 0.129038 0.564829
vt 0.118772 0.557204
vt 0.115943 0.561599
vt 0.237348 0.382455
vt 0.232831 0.384387
vt 0.236330 0.385791
vt 0.233629 0.381208
vt 0.228951 0.383127
vt 0.232120 0.387201
vt 0.235417 0.388737
vt 0.228472 0.385768
vt 0.242036 0.380335
vt 0.238420 0.378924
vt 0.234470 0.377845
vt 0.229497 0.380158
vt 0.230076 0.377024
vt 0.224837 0.379225
vt 0.224569 0.381926
vt 0.224351 0.384352
vt 0.224209 0.386366
vt 0.228092 0.387916
vt 0.231539 0.389464
vt 0.234663 0.391098
vt 0.208156 0.593255
vt 0.198769 0.593774
vt 0.200118 0.597997
vt 0.215651 0.586999
vt 0.206532 0.589251
vt 0.197548 0.589584
vt 0.213790 0.583229
vt 0.205027 0.585281
vt 0.201531 0.602237
vt 0.191285 0.601385
vt 0.192366 0.605853
vt 0.209841 0.597277
vt 0.217566 0.590788
vt 0.224978 0.582586
vt 0.222854 0.579067
vt 0.220779 0.575572
vt 0.212038 0.579500
vt 0.218801 0.572125
vt 0.210451 0.575831
vt 0.203702 0.581361
vt 0.196518 0.585443
vt 0.188694 0.588180
vt 0.189384 0.592528
vt 0.190270 0.596936
vt 0.236666 0.558040
vt 0.227647 0.566198
vt 0.229926 0.569363
vt 0.242778 0.545311
vt 0.234203 0.555244
vt 0.225454 0.563086
vt 0.240172 0.542904
vt 0.231818 0.552508
vt 0.232249 0.572556
vt 0.239166 0.560865
vt 0.245417 0.547750
vt 0.250688 0.533448
vt 0.247969 0.531391
vt 0.245278 0.529372
vt 0.237634 0.540564
vt 0.242643 0.527426
vt 0.235196 0.538322
vt 0.229548 0.549861
vt 0.223392 0.560055
vt 0.216970 0.568749
vt 0.255115 0.500990
vt 0.249317 0.514873
vt 0.252034 0.516514
vt 0.257414 0.485178
vt 0.252376 0.499773
vt 0.246650 0.513312
vt 0.254596 0.484485
vt 0.249705 0.498611
vt 0.254775 0.518195
vt 0.257894 0.502230
vt 0.260367 0.485789
vt 0.262518 0.469111
vt 0.258943 0.469633
vt 0.256063 0.469486
vt 0.251923 0.483760
vt 0.253407 0.469200
vt 0.249345 0.483106
vt 0.247105 0.497566
vt 0.244051 0.511876
vt 0.240093 0.525593
vt 0.160480 0.603368
vt 0.170961 0.599315
vt 0.160839 0.598242
vt 0.171110 0.604246
vt 0.180903 0.598823
vt 0.170926 0.594466
vt 0.161293 0.593224
vt 0.180416 0.594187
vt 0.149180 0.605977
vt 0.160170 0.608548
vt 0.171316 0.609219
vt 0.181516 0.603516
vt 0.182191 0.608239
vt 0.180118 0.589639
vt 0.171061 0.589740
vt 0.161892 0.588367
vt 0.259591 0.454973
vt 0.257115 0.441940
vt 0.256857 0.455218
vt 0.259732 0.441084
vt 0.256958 0.429944
vt 0.254578 0.442596
vt 0.254260 0.455360
vt 0.254453 0.431256
vt 0.262457 0.454610
vt 0.262396 0.440109
vt 0.259588 0.428052
vt 0.262335 0.425608
vt 0.259039 0.416928
vt 0.256398 0.419827
vt 0.253963 0.421728
vt 0.251649 0.423064
vt 0.066685 0.416059
vt 0.062694 0.385975
vt 0.060536 0.383554
vt 0.073607 0.448697
vt 0.069086 0.416107
vt 0.065024 0.389055
vt 0.076409 0.447381
vt 0.071476 0.416302
vt 0.058528 0.381708
vt 0.055427 0.353144
vt 0.053568 0.348265
vt 0.064302 0.416180
vt 0.070765 0.450025
vt 0.081019 0.479456
vt 0.084199 0.477334
vt 0.087282 0.475244
vt 0.079127 0.446065
vt 0.090220 0.473199
vt 0.060236 0.366475
vt 0.057593 0.359025
vt 0.257845 0.409120
vt 0.254098 0.406121
vt 0.255431 0.412040
vt 0.256238 0.403302
vt 0.252443 0.401444
vt 0.252059 0.408541
vt 0.253167 0.414263
vt 0.250619 0.404105
vt 0.262273 0.411107
vt 0.260388 0.405589
vt 0.258430 0.400267
vt 0.254362 0.398470
vt 0.256327 0.395338
vt 0.248932 0.406313
vt 0.250142 0.410502
vt 0.251028 0.415936
vt 0.088689 0.506667
vt 0.099936 0.526635
vt 0.092056 0.503853
vt 0.096579 0.530099
vt 0.107883 0.545832
vt 0.103211 0.523272
vt 0.095330 0.501112
vt 0.111000 0.541909
vt 0.077792 0.481592
vt 0.085277 0.509519
vt 0.093182 0.533615
vt 0.104702 0.549876
vt 0.101490 0.553979
vt 0.114021 0.538164
vt 0.098467 0.498482
vt 0.055166 0.327235
vt 0.051747 0.318827
vt 0.055718 0.336620
vt 0.050530 0.304734
vt 0.048699 0.302950
vt 0.054010 0.336742
vt 0.057295 0.349450
vt 0.051538 0.326344
vt 0.061925 0.347953
vt 0.055373 0.320735
vt 0.050218 0.294721
vt 0.046715 0.282718
vt 0.045727 0.267689
vt 0.043195 0.260177
vt 0.046106 0.287976
vt 0.049485 0.317115
vt 0.055427 0.353144
vt 0.060236 0.366475
vt 0.061737 0.365811
vt 0.244256 0.401765
vt 0.241268 0.400334
vt 0.243320 0.403000
vt 0.242056 0.399114
vt 0.238898 0.397912
vt 0.242443 0.403806
vt 0.240515 0.401150
vt 0.246065 0.404689
vt 0.239567 0.396732
vt 0.236891 0.394616
vt 0.236323 0.395750
vt 0.238245 0.398715
vt 0.235757 0.396534
vt 0.237490 0.399354
vt 0.239685 0.401750
vt 0.241531 0.404337
vt 0.242901 0.407071
vt 0.243907 0.406654
vt 0.244941 0.405897
vt 0.238700 0.402312
vt 0.239450 0.405241
vt 0.240519 0.404752
vt 0.236548 0.400019
vt 0.237610 0.402971
vt 0.238393 0.405973
vt 0.235469 0.400814
vt 0.236499 0.403844
vt 0.241878 0.407291
vt 0.235075 0.397192
vt 0.234191 0.397923
vt 0.233153 0.398812
vt 0.234341 0.401820
vt 0.232044 0.399915
vt 0.239901 0.408191
vt 0.240863 0.407584
vt 0.234094 0.392750
vt 0.230751 0.392141
vt 0.233624 0.393847
vt 0.231107 0.391061
vt 0.227619 0.390551
vt 0.233144 0.394619
vt 0.230374 0.392918
vt 0.227828 0.389466
vt 0.224154 0.387879
vt 0.224144 0.389000
vt 0.224124 0.389883
vt 0.227388 0.391362
vt 0.224038 0.390684
vt 0.227057 0.392092
vt 0.229880 0.393608
vt 0.232541 0.395290
vt 0.229193 0.394396
vt 0.230767 0.396993
vt 0.231735 0.396057
vt 0.226558 0.392901
vt 0.228336 0.395342
vt 0.229710 0.398140
vt 0.225865 0.393830
vt 0.227359 0.396476
vt 0.223820 0.391531
vt 0.223359 0.392431
vt 0.224989 0.394902
vt 0.222598 0.393394
vt 0.238732 0.414639
vt 0.239822 0.414535
vt 0.239039 0.413278
vt 0.240387 0.414359
vt 0.239872 0.415928
vt 0.240858 0.416811
vt 0.239552 0.412234
vt 0.236886 0.414543
vt 0.237252 0.413144
vt 0.238466 0.416009
vt 0.237698 0.411638
vt 0.241784 0.416810
vt 0.240946 0.419440
vt 0.242636 0.422470
vt 0.239753 0.417560
vt 0.238290 0.410268
vt 0.240209 0.411327
vt 0.239031 0.409106
vt 0.241070 0.413798
vt 0.065191 0.507526
vt 0.058851 0.471586
vt 0.061061 0.522547
vt 0.068200 0.481381
vt 0.062270 0.478518
vt 0.063114 0.451983
vt 0.058321 0.425563
vt 0.066038 0.566701
vt 0.055832 0.515519
vt 0.057994 0.626202
vt 0.070134 0.537109
vt 0.054369 0.449838
vt 0.073972 0.509402
vt 0.070765 0.450025
vt 0.070134 0.537109
vt 0.053744 0.396417
vt 0.053568 0.348265
vt 0.075167 0.579575
vt 0.082490 0.561352
vt 0.076645 0.554579
vt 0.093182 0.566609
vt 0.084614 0.576401
vt 0.087042 0.549684
vt 0.080466 0.531722
vt 0.090013 0.591369
vt 0.079382 0.601874
vt 0.070134 0.537109
vt 0.100069 0.581192
vt 0.101490 0.553979
vt 0.090013 0.591370
vt 0.073972 0.509402
vt 0.093182 0.533615
vt 0.094607 0.609172
vt 0.108581 0.603457
vt 0.099300 0.600138
vt 0.117099 0.599568
vt 0.111376 0.608784
vt 0.125612 0.605591
vt 0.108329 0.591940
vt 0.079382 0.601874
vt 0.100573 0.617259
vt 0.138692 0.601245
vt 0.136643 0.609822
vt 0.149180 0.605977
vt 0.121580 0.613515
vt 0.119247 0.583959
vt 0.128733 0.594021
vt 0.049470 0.361094
vt 0.044874 0.355061
vt 0.049661 0.409029
vt 0.045458 0.320824
vt 0.040061 0.295237
vt 0.044394 0.391611
vt 0.050203 0.464529
vt 0.038511 0.313143
vt 0.053744 0.396417
vt 0.049485 0.317115
vt 0.046106 0.287976
vt 0.041624 0.277620
vt 0.043195 0.260177
vt 0.037879 0.233010
vt 0.035240 0.232972
vt 0.032600 0.232934
vt 0.029960 0.232896
vt 0.036969 0.331223
vt 0.043977 0.429549
vt 0.050986 0.527875
vt 0.055832 0.515519
vt 0.054369 0.449838
vt 0.222860 0.607258
vt 0.219102 0.600909
vt 0.211588 0.605161
vt 0.236759 0.607409
vt 0.225824 0.603498
vt 0.226412 0.595948
vt 0.233574 0.601321
vt 0.201220 0.608631
vt 0.201531 0.602237
vt 0.192366 0.605853
vt 0.212534 0.611175
vt 0.209841 0.597277
vt 0.267393 0.617922
vt 0.229625 0.613438
vt 0.241315 0.595921
vt 0.249762 0.602923
vt 0.224978 0.582586
vt 0.233203 0.589301
vt 0.217566 0.590788
vt 0.238973 0.580545
vt 0.247692 0.578088
vt 0.244081 0.570796
vt 0.253397 0.589825
vt 0.245879 0.586945
vt 0.252280 0.574905
vt 0.249255 0.561133
vt 0.232249 0.572556
vt 0.233203 0.589301
vt 0.239166 0.560865
vt 0.249762 0.602923
vt 0.260177 0.585426
vt 0.241315 0.595921
vt 0.245417 0.547750
vt 0.253832 0.549871
vt 0.250688 0.533448
vt 0.256921 0.566706
vt 0.262646 0.541380
vt 0.259672 0.552934
vt 0.262628 0.566757
vt 0.259569 0.523514
vt 0.261701 0.514123
vt 0.257163 0.536437
vt 0.260769 0.539576
vt 0.266175 0.580719
vt 0.260177 0.585426
vt 0.260367 0.485789
vt 0.263737 0.506314
vt 0.262518 0.469111
vt 0.264956 0.543517
vt 0.254775 0.518195
vt 0.253832 0.549871
vt 0.164892 0.618692
vt 0.141519 0.615544
vt 0.127780 0.619511
vt 0.192589 0.613922
vt 0.167066 0.615409
vt 0.151755 0.611966
vt 0.186512 0.611076
vt 0.169203 0.612271
vt 0.110344 0.624132
vt 0.100573 0.617259
vt 0.162694 0.622062
vt 0.202040 0.616841
vt 0.215043 0.619992
vt 0.212534 0.611175
vt 0.201220 0.608631
vt 0.136643 0.609822
vt 0.121580 0.613515
vt 0.248990 0.417178
vt 0.246712 0.412926
vt 0.247040 0.417889
vt 0.248359 0.411974
vt 0.246050 0.409085
vt 0.245194 0.417898
vt 0.244816 0.409729
vt 0.245210 0.413327
vt 0.247414 0.407965
vt 0.243694 0.409953
vt 0.243916 0.413151
vt 0.243603 0.416947
vt 0.220313 0.387445
vt 0.217002 0.387194
vt 0.220581 0.388450
vt 0.220061 0.386253
vt 0.216399 0.385988
vt 0.213683 0.386262
vt 0.215850 0.384681
vt 0.212749 0.384759
vt 0.224124 0.389883
vt 0.220840 0.389376
vt 0.224038 0.390684
vt 0.224144 0.389000
vt 0.224209 0.386366
vt 0.219853 0.384761
vt 0.215311 0.383187
vt 0.211903 0.383297
vt 0.210960 0.381763
vt 0.208621 0.382230
vt 0.209705 0.383837
vt 0.210905 0.385665
vt 0.214842 0.387797
vt 0.240486 0.421528
vt 0.238941 0.419798
vt 0.239835 0.422853
vt 0.239414 0.418865
vt 0.237744 0.417861
vt 0.238428 0.420426
vt 0.239198 0.423594
vt 0.237320 0.418444
vt 0.241351 0.426312
vt 0.240946 0.419440
vt 0.239753 0.417560
vt 0.238134 0.417080
vt 0.238466 0.416009
vt 0.236530 0.415615
vt 0.236171 0.416393
vt 0.235810 0.416976
vt 0.235448 0.417462
vt 0.236880 0.418925
vt 0.237903 0.420893
vt 0.238585 0.424036
vt 0.238995 0.429026
vt 0.239691 0.428644
vt 0.240451 0.427889
vt 0.145899 0.557162
vt 0.141205 0.547915
vt 0.139634 0.549085
vt 0.152244 0.563185
vt 0.147281 0.555803
vt 0.142655 0.547164
vt 0.153396 0.561658
vt 0.148553 0.554867
vt 0.133227 0.538640
vt 0.158891 0.567470
vt 0.159778 0.565812
vt 0.154450 0.560548
vt 0.160579 0.564564
vt 0.155456 0.559648
vt 0.149770 0.554143
vt 0.144043 0.546624
vt 0.138040 0.536704
vt 0.136524 0.537081
vt 0.134942 0.537660
vt 0.049230 0.529616
vt 0.040351 0.431399
vt 0.047475 0.531357
vt 0.042164 0.430474
vt 0.033226 0.331441
vt 0.038538 0.432324
vt 0.045720 0.533098
vt 0.031355 0.331550
vt 0.057994 0.626202
vt 0.056297 0.628759
vt 0.035097 0.331332
vt 0.028031 0.232190
vt 0.026102 0.231483
vt 0.024172 0.230776
vt 0.029484 0.331660
vt 0.036725 0.433250
vt 0.043965 0.534839
vt 0.052903 0.633872
vt 0.051206 0.636429
vt 0.054600 0.631315
vt 0.234515 0.414112
vt 0.231865 0.413279
vt 0.234176 0.414896
vt 0.232189 0.412504
vt 0.229382 0.411550
vt 0.231596 0.413835
vt 0.233867 0.415473
vt 0.229137 0.412076
vt 0.229700 0.410799
vt 0.227193 0.409002
vt 0.226869 0.409721
vt 0.226631 0.410211
vt 0.226436 0.410588
vt 0.228930 0.412490
vt 0.231354 0.414283
vt 0.233572 0.415946
vt 0.193618 0.569281
vt 0.198645 0.564834
vt 0.193084 0.567751
vt 0.199383 0.566211
vt 0.203939 0.560674
vt 0.197906 0.563826
vt 0.192530 0.566603
vt 0.203056 0.559822
vt 0.187363 0.571205
vt 0.204845 0.561880
vt 0.209153 0.555144
vt 0.208163 0.554447
vt 0.207197 0.553916
vt 0.202184 0.559146
vt 0.197168 0.563004
vt 0.191966 0.565646
vt 0.186743 0.568294
vt 0.186395 0.567229
vt 0.187071 0.569555
vt 0.207515 0.383265
vt 0.207486 0.385068
vt 0.208866 0.385266
vt 0.206296 0.381569
vt 0.206040 0.382981
vt 0.206544 0.385026
vt 0.204761 0.381241
vt 0.205045 0.382895
vt 0.210372 0.387717
vt 0.207322 0.380648
vt 0.205019 0.380026
vt 0.203567 0.379735
vt 0.203740 0.381132
vt 0.202581 0.379640
vt 0.202973 0.381131
vt 0.204291 0.382908
vt 0.205819 0.385063
vt 0.207600 0.387692
vt 0.208275 0.387624
vt 0.209131 0.387611
vt 0.046068 0.261012
vt 0.051644 0.285915
vt 0.047081 0.258533
vt 0.050673 0.288889
vt 0.057168 0.313960
vt 0.052879 0.284299
vt 0.048299 0.257208
vt 0.058473 0.312433
vt 0.040519 0.233048
vt 0.041755 0.232243
vt 0.045727 0.267689
vt 0.050218 0.294721
vt 0.056092 0.316521
vt 0.062944 0.345235
vt 0.064194 0.343411
vt 0.065596 0.342181
vt 0.067076 0.341250
vt 0.059890 0.311411
vt 0.054231 0.283271
vt 0.049592 0.256266
vt 0.044227 0.230632
vt 0.045462 0.229827
vt 0.042991 0.231437
vt 0.030370 0.228664
vt 0.034181 0.225047
vt 0.028140 0.224394
vt 0.034710 0.229009
vt 0.040223 0.225699
vt 0.033652 0.221084
vt 0.025910 0.220124
vt 0.041395 0.222044
vt 0.026029 0.228319
vt 0.035240 0.232972
vt 0.039051 0.229355
vt 0.040519 0.233048
vt 0.037879 0.233010
vt 0.043392 0.229700
vt 0.046264 0.226352
vt 0.049137 0.223003
vt 0.042566 0.218388
vt 0.033123 0.217121
vt 0.023679 0.215854
vt 0.018167 0.219164
vt 0.014236 0.214586
vt 0.022098 0.223741
vt 0.224785 0.407104
vt 0.222096 0.405664
vt 0.224441 0.407783
vt 0.222475 0.405040
vt 0.219799 0.403271
vt 0.221807 0.406073
vt 0.224188 0.408236
vt 0.219457 0.403629
vt 0.220229 0.402727
vt 0.218016 0.400085
vt 0.217518 0.400515
vt 0.217109 0.400809
vt 0.219160 0.403894
vt 0.221563 0.406376
vt 0.223980 0.408575
vt 0.215548 0.549001
vt 0.219564 0.539756
vt 0.214408 0.548151
vt 0.220773 0.540441
vt 0.224415 0.530056
vt 0.218461 0.539332
vt 0.213346 0.547599
vt 0.223296 0.529737
vt 0.210192 0.556169
vt 0.230026 0.519553
vt 0.225667 0.530591
vt 0.228754 0.519148
vt 0.227639 0.518909
vt 0.226601 0.518753
vt 0.222243 0.529526
vt 0.217411 0.539037
vt 0.212323 0.547197
vt 0.213780 0.393867
vt 0.215241 0.397359
vt 0.215832 0.397079
vt 0.211968 0.390663
vt 0.213037 0.393990
vt 0.214750 0.397576
vt 0.210988 0.390653
vt 0.212440 0.394129
vt 0.216571 0.396706
vt 0.213304 0.390914
vt 0.210258 0.390725
vt 0.209653 0.390828
vt 0.211917 0.394270
vt 0.214309 0.397759
vt 0.216745 0.401034
vt 0.215649 0.622348
vt 0.162782 0.626985
vt 0.216254 0.624704
vt 0.109826 0.626699
vt 0.162738 0.624523
vt 0.162826 0.629446
vt 0.216860 0.627059
vt 0.109309 0.629266
vt 0.267393 0.617922
vt 0.268560 0.620172
vt 0.215044 0.619992
vt 0.056915 0.628874
vt 0.055836 0.631547
vt 0.108792 0.631833
vt 0.054758 0.634220
vt 0.108274 0.634400
vt 0.162870 0.631908
vt 0.217465 0.629415
vt 0.270894 0.624673
vt 0.272061 0.626923
vt 0.269727 0.622423
vt 0.233686 0.507481
vt 0.235379 0.494525
vt 0.232415 0.507183
vt 0.236634 0.494731
vt 0.237667 0.481593
vt 0.234310 0.494378
vt 0.231317 0.506997
vt 0.236631 0.481487
vt 0.238894 0.481712
vt 0.240492 0.468832
vt 0.239296 0.468805
vt 0.238299 0.468757
vt 0.237400 0.468698
vt 0.235692 0.481388
vt 0.233332 0.494261
vt 0.230306 0.506867
vt 0.071623 0.375916
vt 0.083139 0.406504
vt 0.073046 0.374679
vt 0.081562 0.407364
vt 0.093660 0.437202
vt 0.084720 0.405824
vt 0.074544 0.373750
vt 0.070312 0.377615
vt 0.079988 0.408496
vt 0.091954 0.437856
vt 0.090161 0.438755
vt 0.101994 0.465669
vt 0.103792 0.465094
vt 0.095306 0.436713
vt 0.105485 0.464724
vt 0.096923 0.436306
vt 0.086301 0.405235
vt 0.076079 0.372973
vt 0.067076 0.341250
vt 0.064194 0.343411
vt 0.173281 0.571792
vt 0.166568 0.568560
vt 0.165974 0.570294
vt 0.180511 0.572063
vt 0.173569 0.570036
vt 0.167087 0.567229
vt 0.180434 0.569003
vt 0.173794 0.568679
vt 0.180498 0.570336
vt 0.180344 0.567869
vt 0.173987 0.567522
vt 0.167570 0.566101
vt 0.161337 0.563522
vt 0.241461 0.456476
vt 0.240765 0.445334
vt 0.240301 0.456579
vt 0.241880 0.444930
vt 0.240785 0.435539
vt 0.239343 0.456629
vt 0.239934 0.436076
vt 0.239853 0.445575
vt 0.240492 0.468832
vt 0.241829 0.434549
vt 0.239174 0.436343
vt 0.239040 0.445707
vt 0.238485 0.456649
vt 0.237400 0.468698
vt 0.238299 0.468757
vt 0.239296 0.468805
vt 0.119133 0.509238
vt 0.112891 0.488850
vt 0.111044 0.489439
vt 0.126461 0.525495
vt 0.120984 0.508566
vt 0.114607 0.488524
vt 0.128269 0.524686
vt 0.122694 0.508211
vt 0.129936 0.524244
vt 0.131533 0.523984
vt 0.124333 0.508014
vt 0.116258 0.488327
vt 0.107126 0.464458
vt 0.219581 0.378343
vt 0.214250 0.379513
vt 0.219619 0.380719
vt 0.213848 0.377493
vt 0.208648 0.378328
vt 0.214757 0.381441
vt 0.219706 0.382893
vt 0.209764 0.380059
vt 0.225131 0.376388
vt 0.219569 0.375869
vt 0.213511 0.375433
vt 0.207803 0.376666
vt 0.207122 0.375053
vt 0.201603 0.375851
vt 0.202939 0.377156
vt 0.204835 0.378746
vt 0.215311 0.383187
vt 0.219853 0.384761
vt 0.242884 0.412451
vt 0.241728 0.412739
vt 0.242526 0.414952
vt 0.242672 0.409876
vt 0.242173 0.411701
vt 0.240953 0.410471
vt 0.241759 0.409901
vt 0.241784 0.416810
vt 0.243916 0.413151
vt 0.241070 0.413798
vt 0.242901 0.407071
vt 0.243694 0.409953
vt 0.241878 0.407291
vt 0.239031 0.409106
vt 0.240863 0.407584
vt 0.202089 0.377131
vt 0.202392 0.378370
vt 0.203507 0.378515
vt 0.200948 0.375922
vt 0.201286 0.377127
vt 0.201529 0.378330
vt 0.200299 0.375995
vt 0.200561 0.377155
vt 0.204835 0.378747
vt 0.202939 0.377156
vt 0.200568 0.374700
vt 0.199976 0.374812
vt 0.199384 0.374924
vt 0.199659 0.376072
vt 0.198792 0.375037
vt 0.199026 0.376152
vt 0.199884 0.377203
vt 0.200806 0.378350
vt 0.201825 0.379641
vt 0.223086 0.409658
vt 0.219683 0.408574
vt 0.222193 0.410740
vt 0.220623 0.407475
vt 0.217148 0.406108
vt 0.218743 0.409673
vt 0.221300 0.411823
vt 0.216143 0.407216
vt 0.225561 0.411640
vt 0.218154 0.405001
vt 0.214583 0.403262
vt 0.213502 0.404375
vt 0.215137 0.408323
vt 0.217802 0.410771
vt 0.220406 0.412906
vt 0.223811 0.413744
vt 0.222937 0.414796
vt 0.224686 0.412692
vt 0.215464 0.537674
vt 0.208816 0.544135
vt 0.210569 0.545666
vt 0.220134 0.528335
vt 0.213516 0.536310
vt 0.207062 0.542604
vt 0.218025 0.527143
vt 0.211569 0.534946
vt 0.212323 0.547197
vt 0.205667 0.552227
vt 0.226601 0.518753
vt 0.222243 0.529526
vt 0.222131 0.516715
vt 0.215916 0.525952
vt 0.219896 0.515696
vt 0.213807 0.524761
vt 0.209621 0.533583
vt 0.205309 0.541072
vt 0.202607 0.548848
vt 0.201077 0.547159
vt 0.204137 0.550537
vt 0.234477 0.368709
vt 0.217026 0.367461
vt 0.217098 0.369451
vt 0.251856 0.367967
vt 0.234404 0.366719
vt 0.234332 0.364729
vt 0.216953 0.365471
vt 0.251783 0.365977
vt 0.217171 0.371440
vt 0.199719 0.370192
vt 0.199792 0.372182
vt 0.234549 0.370699
vt 0.269307 0.369215
vt 0.251928 0.369957
vt 0.269162 0.365235
vt 0.251710 0.363987
vt 0.269089 0.363245
vt 0.251638 0.361997
vt 0.234259 0.362739
vt 0.216880 0.363481
vt 0.199502 0.364223
vt 0.199574 0.366213
vt 0.199647 0.368203
vt 0.174412 0.565291
vt 0.169251 0.561638
vt 0.168411 0.563870
vt 0.180370 0.565666
vt 0.174837 0.563060
vt 0.170092 0.559406
vt 0.180396 0.563462
vt 0.175262 0.560830
vt 0.167570 0.566101
vt 0.162602 0.561315
vt 0.161337 0.563522
vt 0.186395 0.567229
vt 0.180344 0.567869
vt 0.185699 0.562931
vt 0.180422 0.561259
vt 0.185351 0.560782
vt 0.180448 0.559055
vt 0.175688 0.558599
vt 0.170933 0.557174
vt 0.166396 0.554693
vt 0.165131 0.556900
vt 0.163867 0.559107
vt 0.230960 0.493578
vt 0.225659 0.505167
vt 0.227983 0.506017
vt 0.233313 0.480869
vt 0.228588 0.492894
vt 0.226216 0.492211
vt 0.223336 0.504317
vt 0.230934 0.480351
vt 0.230306 0.506867
vt 0.224366 0.517734
vt 0.233332 0.494261
vt 0.235692 0.481388
vt 0.232714 0.467995
vt 0.228555 0.479833
vt 0.230371 0.467643
vt 0.226177 0.479315
vt 0.223844 0.491527
vt 0.221012 0.503468
vt 0.217661 0.514677
vt 0.198522 0.378494
vt 0.198072 0.380910
vt 0.199439 0.379630
vt 0.196311 0.378750
vt 0.197159 0.379785
vt 0.195797 0.381076
vt 0.196704 0.382190
vt 0.200453 0.380906
vt 0.196848 0.376455
vt 0.197669 0.377451
vt 0.194144 0.379067
vt 0.194954 0.380049
vt 0.193597 0.381348
vt 0.194434 0.382367
vt 0.195337 0.383471
vt 0.196338 0.384703
vt 0.197709 0.383438
vt 0.199081 0.382172
vt 0.274748 0.496810
vt 0.277650 0.433249
vt 0.274748 0.433249
vt 0.274748 0.560370
vt 0.277650 0.496810
vt 0.280552 0.433249
vt 0.277650 0.560370
vt 0.280552 0.496810
vt 0.271846 0.433249
vt 0.274748 0.369689
vt 0.271846 0.369689
vt 0.271846 0.496810
vt 0.271846 0.560370
vt 0.274749 0.623930
vt 0.277651 0.623930
vt 0.280552 0.560370
vt 0.280552 0.623930
vt 0.283454 0.560370
vt 0.283454 0.496810
vt 0.283454 0.433249
vt 0.280552 0.369689
vt 0.283454 0.369689
vt 0.277650 0.369689
vt 0.151870 0.552048
vt 0.149030 0.542577
vt 0.146536 0.544600
vt 0.157144 0.557488
vt 0.153970 0.549952
vt 0.151523 0.540554
vt 0.160519 0.553169
vt 0.156071 0.547857
vt 0.140897 0.534752
vt 0.144043 0.546624
vt 0.155456 0.559648
vt 0.158831 0.555328
vt 0.162206 0.551010
vt 0.158171 0.545762
vt 0.154017 0.538530
vt 0.146612 0.530849
vt 0.149470 0.528897
vt 0.143755 0.532800
vt 0.191276 0.563578
vt 0.195169 0.559082
vt 0.190586 0.561511
vt 0.200905 0.557313
vt 0.196168 0.561043
vt 0.194169 0.557121
vt 0.189896 0.559444
vt 0.199626 0.555479
vt 0.191966 0.565646
vt 0.186047 0.565080
vt 0.197168 0.563004
vt 0.202184 0.559146
vt 0.198346 0.553645
vt 0.197067 0.551811
vt 0.193169 0.555160
vt 0.189206 0.557377
vt 0.185003 0.558633
vt 0.163054 0.636253
vt 0.217833 0.637951
vt 0.217649 0.633683
vt 0.108459 0.638824
vt 0.163239 0.640599
vt 0.218018 0.642219
vt 0.108644 0.643248
vt 0.163423 0.644945
vt 0.272244 0.631113
vt 0.053864 0.641394
vt 0.054049 0.645896
vt 0.108828 0.647671
vt 0.054234 0.650398
vt 0.109013 0.652095
vt 0.163607 0.649291
vt 0.218202 0.646487
vt 0.272612 0.639492
vt 0.272796 0.643682
vt 0.272428 0.635303
vt 0.182031 0.534068
vt 0.190839 0.537178
vt 0.192411 0.533313
vt 0.173650 0.538626
vt 0.182248 0.537955
vt 0.189151 0.540345
vt 0.175742 0.541639
vt 0.182459 0.541169
vt 0.193915 0.528539
vt 0.202791 0.532550
vt 0.206019 0.527811
vt 0.181811 0.529266
vt 0.171650 0.534809
vt 0.169707 0.529994
vt 0.161268 0.535543
vt 0.165048 0.539233
vt 0.169030 0.541858
vt 0.173303 0.543486
vt 0.177904 0.544185
vt 0.182666 0.544036
vt 0.187372 0.543120
vt 0.191804 0.541521
vt 0.195801 0.539288
vt 0.199424 0.536337
vt 0.180874 0.507963
vt 0.196762 0.515778
vt 0.197961 0.507798
vt 0.165820 0.516770
vt 0.181291 0.516274
vt 0.195385 0.522699
vt 0.167779 0.524021
vt 0.181582 0.523360
vt 0.198898 0.498779
vt 0.215048 0.507633
vt 0.217530 0.499178
vt 0.180266 0.498381
vt 0.163787 0.508127
vt 0.161633 0.497982
vt 0.146699 0.508292
vt 0.150349 0.517265
vt 0.153975 0.524682
vt 0.157603 0.530721
vt 0.181811 0.529266
vt 0.193915 0.528539
vt 0.206019 0.527811
vt 0.209189 0.522038
vt 0.212233 0.515283
vt 0.195636 0.436057
vt 0.181000 0.443243
vt 0.197463 0.445956
vt 0.187571 0.425895
vt 0.184093 0.434182
vt 0.172778 0.431348
vt 0.164417 0.439527
vt 0.180130 0.423828
vt 0.210693 0.446429
vt 0.199863 0.456831
vt 0.223109 0.461036
vt 0.205299 0.436348
vt 0.202143 0.427783
vt 0.199989 0.419897
vt 0.195207 0.427277
vt 0.191195 0.418013
vt 0.186815 0.416580
vt 0.182386 0.414739
vt 0.173836 0.421207
vt 0.164281 0.427689
vt 0.152291 0.434385
vt 0.157160 0.449231
vt 0.129585 0.443625
vt 0.178907 0.453307
vt 0.211649 0.434590
vt 0.212025 0.426069
vt 0.207706 0.427298
vt 0.219294 0.437256
vt 0.215499 0.431458
vt 0.218085 0.427788
vt 0.215445 0.424416
vt 0.220533 0.431685
vt 0.204445 0.420475
vt 0.205299 0.436348
vt 0.210693 0.446429
vt 0.223388 0.451781
vt 0.216879 0.442758
vt 0.223282 0.443300
vt 0.222863 0.435989
vt 0.222202 0.430244
vt 0.221329 0.426321
vt 0.220108 0.423912
vt 0.218361 0.422569
vt 0.215910 0.421845
vt 0.212648 0.421350
vt 0.208745 0.420927
vt 0.199995 0.478278
vt 0.179460 0.487588
vt 0.199532 0.488814
vt 0.200350 0.467580
vt 0.178684 0.476068
vt 0.159369 0.486353
vt 0.178290 0.464423
vt 0.157215 0.473789
vt 0.217530 0.499178
vt 0.198898 0.498779
vt 0.219592 0.490035
vt 0.222387 0.470690
vt 0.221213 0.480447
vt 0.155717 0.461039
vt 0.132360 0.457393
vt 0.135653 0.471470
vt 0.139265 0.485113
vt 0.143001 0.497583
vt 0.161633 0.497982
vt 0.180266 0.498381
vt 0.160552 0.423397
vt 0.155483 0.420212
vt 0.151191 0.427234
vt 0.169345 0.418232
vt 0.160211 0.419804
vt 0.161993 0.413691
vt 0.165843 0.415529
vt 0.143815 0.427877
vt 0.151396 0.419328
vt 0.177907 0.412471
vt 0.173836 0.421207
vt 0.182386 0.414739
vt 0.173551 0.409930
vt 0.164281 0.427689
vt 0.166082 0.404812
vt 0.169537 0.407312
vt 0.158689 0.411896
vt 0.173551 0.409930
vt 0.150220 0.416304
vt 0.147829 0.414274
vt 0.143896 0.422045
vt 0.156676 0.409657
vt 0.150858 0.412905
vt 0.153326 0.406606
vt 0.155253 0.407625
vt 0.138142 0.424839
vt 0.151396 0.419328
vt 0.144656 0.414211
vt 0.163340 0.402591
vt 0.158689 0.411897
vt 0.151396 0.419328
vt 0.158185 0.397548
vt 0.159551 0.398985
vt 0.151339 0.405497
vt 0.161216 0.400657
vt 0.132201 0.403811
vt 0.140925 0.406322
vt 0.139756 0.400588
vt 0.133408 0.412365
vt 0.142427 0.411266
vt 0.148413 0.400665
vt 0.147307 0.397413
vt 0.149715 0.403468
vt 0.123592 0.395751
vt 0.131160 0.395149
vt 0.124644 0.407064
vt 0.125874 0.418639
vt 0.135055 0.420319
vt 0.127462 0.430739
vt 0.144656 0.414211
vt 0.158185 0.397548
vt 0.156982 0.396315
vt 0.155884 0.395239
vt 0.154856 0.394266
vt 0.153864 0.393346
vt 0.146296 0.393947
vt 0.138728 0.394548
vt 0.078583 0.791051
vt 0.083769 0.777188
vt 0.083837 0.793803
vt 0.074077 0.788341
vt 0.078358 0.777177
vt 0.078134 0.763303
vt 0.083701 0.760574
vt 0.073357 0.766099
vt 0.083904 0.810418
vt 0.090213 0.796619
vt 0.090092 0.815958
vt 0.078807 0.804924
vt 0.074436 0.799462
vt 0.070429 0.794016
vt 0.069945 0.785652
vt 0.073717 0.777220
vt 0.068976 0.768926
vt 0.068491 0.760563
vt 0.072997 0.754977
vt 0.077910 0.749430
vt 0.083634 0.743959
vt 0.090455 0.757941
vt 0.090576 0.738602
vt 0.090334 0.777280
vt 0.107304 0.802318
vt 0.119380 0.777743
vt 0.118043 0.804956
vt 0.098020 0.799494
vt 0.108044 0.777646
vt 0.108785 0.752974
vt 0.120716 0.750530
vt 0.098750 0.755423
vt 0.116707 0.832169
vt 0.130218 0.807271
vt 0.127976 0.836892
vt 0.106563 0.826991
vt 0.097656 0.821530
vt 0.090092 0.815958
vt 0.090213 0.796619
vt 0.098385 0.777459
vt 0.090455 0.757941
vt 0.090576 0.738602
vt 0.099115 0.733388
vt 0.109525 0.728301
vt 0.122052 0.723317
vt 0.134702 0.748031
vt 0.136943 0.718410
vt 0.132460 0.777651
vt 0.207365 0.783843
vt 0.215820 0.807791
vt 0.202185 0.809804
vt 0.224286 0.771841
vt 0.219409 0.789589
vt 0.230365 0.795878
vt 0.227808 0.807899
vt 0.233843 0.784230
vt 0.187171 0.812639
vt 0.200353 0.830828
vt 0.179346 0.849275
vt 0.193869 0.779596
vt 0.213929 0.757785
vt 0.201398 0.745349
vt 0.222026 0.738958
vt 0.230032 0.758657
vt 0.237975 0.774461
vt 0.245993 0.788662
vt 0.243094 0.795531
vt 0.240760 0.802361
vt 0.238906 0.809217
vt 0.237449 0.816164
vt 0.226514 0.818889
vt 0.214566 0.823145
vt 0.228071 0.835015
vt 0.216429 0.833429
vt 0.226710 0.827813
vt 0.225641 0.844617
vt 0.220512 0.839938
vt 0.212561 0.845467
vt 0.204863 0.841030
vt 0.221077 0.848155
vt 0.236305 0.823250
vt 0.226514 0.818889
vt 0.237449 0.816164
vt 0.235396 0.830455
vt 0.234642 0.837737
vt 0.233967 0.845060
vt 0.230156 0.841155
vt 0.232594 0.846777
vt 0.229848 0.850213
vt 0.228476 0.851930
vt 0.216483 0.851738
vt 0.204375 0.851358
vt 0.192035 0.850600
vt 0.200353 0.830828
vt 0.214566 0.823145
vt 0.147205 0.777354
vt 0.157991 0.810890
vt 0.143708 0.809191
vt 0.150715 0.745487
vt 0.162938 0.777168
vt 0.172507 0.812432
vt 0.167993 0.743203
vt 0.178808 0.777602
vt 0.127976 0.836892
vt 0.140219 0.841009
vt 0.132460 0.777651
vt 0.130218 0.807271
vt 0.134702 0.748031
vt 0.154234 0.713601
vt 0.173114 0.709092
vt 0.185470 0.741978
vt 0.192563 0.705129
vt 0.166275 0.847233
vt 0.153109 0.844467
vt 0.240998 0.745364
vt 0.236203 0.753125
vt 0.231846 0.737876
vt 0.249271 0.756338
vt 0.241119 0.752920
vt 0.242425 0.767595
vt 0.246419 0.762282
vt 0.231654 0.726088
vt 0.211559 0.701962
vt 0.242578 0.738956
vt 0.230032 0.758657
vt 0.260979 0.763695
vt 0.252017 0.751262
vt 0.257259 0.768942
vt 0.242578 0.738956
vt 0.249480 0.781755
vt 0.245993 0.788663
vt 0.253331 0.775071
vt 0.249808 0.733792
vt 0.246807 0.737386
vt 0.239588 0.726783
vt 0.259744 0.743281
vt 0.251380 0.738735
vt 0.255256 0.748287
vt 0.258163 0.746234
vt 0.236337 0.717360
vt 0.250208 0.728754
vt 0.242578 0.738956
vt 0.271659 0.751919
vt 0.261462 0.740242
vt 0.269550 0.753927
vt 0.250208 0.728754
vt 0.252017 0.751262
vt 0.264262 0.759563
vt 0.260979 0.763695
vt 0.267101 0.756391
vt 0.265619 0.709826
vt 0.261361 0.723556
vt 0.253819 0.710964
vt 0.269320 0.722230
vt 0.268382 0.736067
vt 0.254454 0.725485
vt 0.242804 0.712858
vt 0.264406 0.737862
vt 0.277425 0.696769
vt 0.261879 0.697416
vt 0.277554 0.708963
vt 0.277813 0.733351
vt 0.277684 0.721157
vt 0.277942 0.745545
vt 0.272955 0.734624
vt 0.276552 0.747011
vt 0.273482 0.750147
vt 0.271659 0.751919
vt 0.261462 0.740242
vt 0.229315 0.699751
vt 0.245965 0.698323
vt 0.146351 0.393290
vt 0.138678 0.394265
vt 0.146324 0.393618
vt 0.146378 0.392961
vt 0.138627 0.393982
vt 0.130903 0.394675
vt 0.131032 0.394912
vt 0.138576 0.393699
vt 0.146296 0.393947
vt 0.154075 0.392597
vt 0.153969 0.392972
vt 0.154286 0.391849
vt 0.154180 0.392223
vt 0.146406 0.392632
vt 0.138526 0.393416
vt 0.130775 0.394437
vt 0.130646 0.394200
vt 0.122973 0.395176
vt 0.123179 0.395367
vt 0.123386 0.395559
vt 0.131160 0.395149
vt 0.195752 0.418289
vt 0.191299 0.417614
vt 0.195662 0.418694
vt 0.195843 0.417885
vt 0.191403 0.417215
vt 0.186938 0.416190
vt 0.187185 0.415409
vt 0.187062 0.415799
vt 0.200074 0.419490
vt 0.195571 0.419099
vt 0.200159 0.419084
vt 0.200330 0.418272
vt 0.200244 0.418678
vt 0.195933 0.417480
vt 0.191507 0.416816
vt 0.191611 0.416417
vt 0.182970 0.413220
vt 0.182824 0.413600
vt 0.182678 0.413979
vt 0.182532 0.414359
vt 0.195988 0.539624
vt 0.199881 0.536957
vt 0.199653 0.536647
vt 0.196175 0.539960
vt 0.200110 0.537268
vt 0.203055 0.532831
vt 0.203584 0.533394
vt 0.203320 0.533112
vt 0.191943 0.541878
vt 0.195801 0.539288
vt 0.191804 0.541521
vt 0.192222 0.542590
vt 0.192083 0.542234
vt 0.196548 0.540631
vt 0.196361 0.540296
vt 0.200338 0.537578
vt 0.203848 0.533675
vt 0.206902 0.528562
vt 0.206608 0.528312
vt 0.206314 0.528061
vt 0.177848 0.544937
vt 0.182696 0.544413
vt 0.177876 0.544561
vt 0.177820 0.545313
vt 0.182726 0.544789
vt 0.187458 0.543491
vt 0.182756 0.545166
vt 0.187545 0.543861
vt 0.173218 0.543853
vt 0.177904 0.544185
vt 0.173303 0.543486
vt 0.173133 0.544220
vt 0.173047 0.544587
vt 0.172962 0.544954
vt 0.177792 0.545689
vt 0.182786 0.545543
vt 0.187631 0.544231
vt 0.187718 0.544601
vt 0.209826 0.522474
vt 0.212571 0.515469
vt 0.209508 0.522256
vt 0.210145 0.522692
vt 0.212909 0.515655
vt 0.215755 0.507944
vt 0.215401 0.507789
vt 0.213247 0.515842
vt 0.206608 0.528312
vt 0.207196 0.528812
vt 0.206902 0.528562
vt 0.210464 0.522911
vt 0.216461 0.508255
vt 0.216108 0.508099
vt 0.218625 0.499554
vt 0.218260 0.499429
vt 0.217895 0.499303
vt 0.212233 0.515283
vt 0.157405 0.395632
vt 0.156065 0.394888
vt 0.157193 0.395974
vt 0.156427 0.394185
vt 0.156246 0.394536
vt 0.155001 0.393904
vt 0.155290 0.393179
vt 0.155145 0.393542
vt 0.158419 0.397214
vt 0.156982 0.396315
vt 0.158653 0.396880
vt 0.157617 0.395290
vt 0.159122 0.396211
vt 0.158888 0.396545
vt 0.157829 0.394949
vt 0.155435 0.392817
vt 0.154856 0.394266
vt 0.163824 0.401928
vt 0.161464 0.400328
vt 0.163582 0.402259
vt 0.161960 0.399670
vt 0.161712 0.399999
vt 0.160042 0.398325
vt 0.159797 0.398655
vt 0.160288 0.397995
vt 0.166082 0.404812
vt 0.163340 0.402591
vt 0.166541 0.404139
vt 0.166311 0.404476
vt 0.164066 0.401597
vt 0.166771 0.403802
vt 0.164308 0.401266
vt 0.160534 0.397665
vt 0.161216 0.400657
vt 0.220340 0.490229
vt 0.221592 0.480515
vt 0.219966 0.490132
vt 0.222350 0.480651
vt 0.221971 0.480583
vt 0.223146 0.470763
vt 0.222767 0.470726
vt 0.223526 0.470800
vt 0.218260 0.499429
vt 0.217895 0.499303
vt 0.220714 0.490325
vt 0.218625 0.499554
vt 0.221087 0.490422
vt 0.222729 0.480719
vt 0.223905 0.470837
vt 0.224235 0.461039
vt 0.223860 0.461038
vt 0.223485 0.461037
vt 0.222387 0.470690
vt 0.223109 0.461036
vt 0.124393 0.406937
vt 0.125290 0.418512
vt 0.125582 0.418575
vt 0.123892 0.406685
vt 0.124142 0.406811
vt 0.127135 0.430732
vt 0.124999 0.418448
vt 0.126808 0.430725
vt 0.123641 0.406559
vt 0.124707 0.418384
vt 0.126482 0.430718
vt 0.126155 0.430711
vt 0.128528 0.443749
vt 0.128881 0.443708
vt 0.129233 0.443666
vt 0.127462 0.430739
vt 0.129585 0.443625
vt 0.224118 0.451700
vt 0.223630 0.443214
vt 0.223753 0.451741
vt 0.224482 0.451660
vt 0.223979 0.443127
vt 0.223189 0.435854
vt 0.223840 0.435584
vt 0.223514 0.435719
vt 0.224610 0.461040
vt 0.224847 0.451620
vt 0.224327 0.443041
vt 0.224166 0.435449
vt 0.223392 0.429505
vt 0.223094 0.429690
vt 0.222797 0.429875
vt 0.222499 0.430060
vt 0.222202 0.430244
vt 0.222863 0.435989
vt 0.131628 0.457551
vt 0.135283 0.471578
vt 0.131994 0.457472
vt 0.134543 0.471795
vt 0.134913 0.471686
vt 0.138533 0.485380
vt 0.138899 0.485247
vt 0.132360 0.457393
vt 0.131262 0.457630
vt 0.128176 0.443790
vt 0.130895 0.457709
vt 0.134173 0.471903
vt 0.138167 0.485513
vt 0.141574 0.498212
vt 0.141931 0.498055
vt 0.142288 0.497898
vt 0.142644 0.497740
vt 0.135653 0.471470
vt 0.178245 0.411735
vt 0.173743 0.409574
vt 0.178076 0.412103
vt 0.174127 0.408862
vt 0.173935 0.409218
vt 0.169750 0.406966
vt 0.169962 0.406621
vt 0.177907 0.412471
vt 0.178415 0.411367
vt 0.178584 0.410999
vt 0.174319 0.408506
vt 0.170175 0.406276
vt 0.170387 0.405931
vt 0.173551 0.409930
vt 0.221857 0.425854
vt 0.220336 0.423632
vt 0.221593 0.426087
vt 0.222121 0.425620
vt 0.220563 0.423353
vt 0.218552 0.422249
vt 0.220790 0.423074
vt 0.218742 0.421929
vt 0.221329 0.426321
vt 0.222385 0.425386
vt 0.221018 0.422794
vt 0.218933 0.421609
vt 0.219124 0.421289
vt 0.216379 0.420785
vt 0.216223 0.421138
vt 0.216067 0.421492
vt 0.215910 0.421845
vt 0.146012 0.508658
vt 0.150023 0.517476
vt 0.146356 0.508475
vt 0.149371 0.517897
vt 0.149697 0.517687
vt 0.153672 0.524922
vt 0.153370 0.525161
vt 0.143001 0.497583
vt 0.142288 0.497898
vt 0.142644 0.497740
vt 0.145669 0.508841
vt 0.141574 0.498212
vt 0.145325 0.509024
vt 0.152764 0.525641
vt 0.153067 0.525401
vt 0.156785 0.531529
vt 0.157057 0.531260
vt 0.157330 0.530990
vt 0.212902 0.420594
vt 0.208850 0.420532
vt 0.212775 0.420972
vt 0.209059 0.419744
vt 0.208954 0.420138
vt 0.204535 0.420072
vt 0.204715 0.419266
vt 0.204625 0.419669
vt 0.212648 0.421350
vt 0.213156 0.419838
vt 0.213029 0.420216
vt 0.209164 0.419350
vt 0.204805 0.418862
vt 0.160798 0.536141
vt 0.164858 0.539560
vt 0.161033 0.535842
vt 0.160563 0.536440
vt 0.164667 0.539886
vt 0.168890 0.542208
vt 0.168610 0.542908
vt 0.168750 0.542558
vt 0.156785 0.531529
vt 0.157057 0.531260
vt 0.160328 0.536739
vt 0.164287 0.540540
vt 0.164477 0.540213
vt 0.168471 0.543259
vt 0.169030 0.541858
vt 0.232264 0.373852
vt 0.236406 0.374343
vt 0.243433 0.373514
vt 0.223403 0.374787
vt 0.219989 0.374406
vt 0.228349 0.375109
vt 0.230854 0.374306
vt 0.250687 0.372560
vt 0.251055 0.373707
vt 0.267393 0.371847
vt 0.233981 0.373273
vt 0.241728 0.374639
vt 0.217274 0.373987
vt 0.233981 0.373273
vt 0.225131 0.376387
vt 0.219569 0.375869
vt 0.233332 0.375513
vt 0.244160 0.375310
vt 0.248257 0.376266
vt 0.251388 0.374879
vt 0.240212 0.376805
vt 0.237113 0.376094
vt 0.243671 0.377596
vt 0.244464 0.376051
vt 0.251055 0.373707
vt 0.257262 0.375486
vt 0.251918 0.377138
vt 0.234470 0.377845
vt 0.241728 0.374639
vt 0.238420 0.378924
vt 0.246956 0.378720
vt 0.258198 0.378224
vt 0.254260 0.380705
vt 0.256722 0.381448
vt 0.251825 0.382287
vt 0.253782 0.378868
vt 0.249573 0.380331
vt 0.254278 0.384452
vt 0.262019 0.379477
vt 0.257262 0.375486
vt 0.259198 0.383598
vt 0.245406 0.382155
vt 0.246956 0.378720
vt 0.248536 0.384476
vt 0.251918 0.377138
vt 0.251408 0.387391
vt 0.256591 0.387323
vt 0.263170 0.384486
vt 0.261218 0.391096
vt 0.262803 0.391213
vt 0.258441 0.391095
vt 0.260645 0.387371
vt 0.260030 0.395028
vt 0.261743 0.398295
vt 0.266113 0.381662
vt 0.262019 0.379477
vt 0.264833 0.391477
vt 0.256591 0.387323
vt 0.256327 0.395338
vt 0.259198 0.383598
vt 0.263553 0.401292
vt 0.262273 0.411107
vt 0.258430 0.400267
vt 0.268506 0.495366
vt 0.269620 0.433308
vt 0.268506 0.433337
vt 0.268507 0.557395
vt 0.269620 0.495847
vt 0.270733 0.433279
vt 0.269620 0.558387
vt 0.270733 0.496329
vt 0.267393 0.371847
vt 0.268506 0.371308
vt 0.267393 0.494885
vt 0.267393 0.433366
vt 0.267393 0.556404
vt 0.268507 0.619424
vt 0.269620 0.620926
vt 0.270733 0.559378
vt 0.270733 0.622428
vt 0.270733 0.370229
vt 0.269620 0.370768
vt 0.234123 0.372630
vt 0.217222 0.372714
vt 0.217248 0.373350
vt 0.250997 0.371910
vt 0.234265 0.371986
vt 0.217197 0.372077
vt 0.251308 0.371259
vt 0.234407 0.371342
vt 0.200374 0.374070
vt 0.267872 0.371189
vt 0.268350 0.370531
vt 0.251618 0.370608
vt 0.268828 0.369873
vt 0.199986 0.372812
vt 0.200180 0.373441
vt 0.080417 0.371582
vt 0.094768 0.402244
vt 0.084754 0.370191
vt 0.090535 0.403740
vt 0.105122 0.433118
vt 0.099001 0.400749
vt 0.089091 0.368800
vt 0.109221 0.431523
vt 0.071493 0.339964
vt 0.076079 0.372973
vt 0.086301 0.405235
vt 0.101023 0.434712
vt 0.096923 0.436306
vt 0.111056 0.462775
vt 0.114986 0.461093
vt 0.118916 0.459410
vt 0.122847 0.457727
vt 0.113321 0.429929
vt 0.103235 0.399253
vt 0.093429 0.367409
vt 0.080326 0.337392
vt 0.084742 0.336106
vt 0.075909 0.338678
vt 0.202918 0.384132
vt 0.203099 0.387464
vt 0.204459 0.386264
vt 0.201598 0.382378
vt 0.201546 0.385356
vt 0.200173 0.386580
vt 0.201739 0.388664
vt 0.198848 0.384871
vt 0.206267 0.388869
vt 0.200223 0.383624
vt 0.197474 0.386117
vt 0.198801 0.387804
vt 0.200379 0.389864
vt 0.203602 0.391223
vt 0.202269 0.392400
vt 0.204935 0.390046
vt 0.236221 0.456466
vt 0.234743 0.445674
vt 0.233957 0.456282
vt 0.236892 0.445690
vt 0.235167 0.436630
vt 0.231693 0.456099
vt 0.232595 0.445657
vt 0.235057 0.468347
vt 0.237170 0.436486
vt 0.237158 0.429319
vt 0.233483 0.429906
vt 0.233163 0.436773
vt 0.231160 0.436917
vt 0.230447 0.445640
vt 0.229429 0.455916
vt 0.228028 0.467292
vt 0.127806 0.506191
vt 0.123701 0.484812
vt 0.119979 0.486570
vt 0.137903 0.520212
vt 0.131279 0.504367
vt 0.127422 0.483054
vt 0.134751 0.502544
vt 0.107126 0.464458
vt 0.116258 0.488327
vt 0.124333 0.508014
vt 0.134718 0.522098
vt 0.131533 0.523985
vt 0.141087 0.518326
vt 0.144272 0.516440
vt 0.138224 0.500720
vt 0.131143 0.481296
vt 0.039327 0.535226
vt 0.027448 0.434023
vt 0.034689 0.535613
vt 0.024845 0.332047
vt 0.032086 0.433636
vt 0.030050 0.536000
vt 0.020207 0.332433
vt 0.022810 0.434410
vt 0.046568 0.636816
vt 0.017605 0.230457
vt 0.008328 0.231230
vt 0.015569 0.332820
vt 0.010931 0.333207
vt 0.018171 0.434797
vt 0.025412 0.536387
vt 0.032653 0.637977
vt 0.037291 0.637590
vt 0.041929 0.637203
vt 0.054148 0.255278
vt 0.063273 0.281101
vt 0.058704 0.254289
vt 0.058752 0.282186
vt 0.068842 0.309043
vt 0.067794 0.280016
vt 0.063259 0.253301
vt 0.073318 0.307859
vt 0.050048 0.228934
vt 0.064366 0.310227
vt 0.077794 0.306675
vt 0.072314 0.278931
vt 0.067815 0.252313
vt 0.059219 0.227150
vt 0.063805 0.226258
vt 0.054634 0.228042
vt 0.236424 0.421444
vt 0.235267 0.424894
vt 0.236926 0.424465
vt 0.234266 0.420249
vt 0.234945 0.421995
vt 0.233607 0.425323
vt 0.232959 0.420910
vt 0.233467 0.422546
vt 0.235573 0.419587
vt 0.234292 0.418224
vt 0.233136 0.418987
vt 0.231980 0.419749
vt 0.231651 0.421572
vt 0.231988 0.423097
vt 0.231948 0.425751
vt 0.231645 0.430199
vt 0.235320 0.429612
vt 0.024562 0.201888
vt 0.033760 0.189162
vt 0.025445 0.187922
vt 0.033442 0.203142
vt 0.042076 0.190402
vt 0.034079 0.175183
vt 0.026327 0.173957
vt 0.041831 0.176409
vt 0.015683 0.200634
vt 0.033123 0.217121
vt 0.042321 0.204395
vt 0.042566 0.218388
vt 0.051201 0.205649
vt 0.050391 0.191642
vt 0.049582 0.177636
vt 0.048773 0.163629
vt 0.041585 0.162417
vt 0.034398 0.161204
vt 0.027210 0.159991
vt 0.018576 0.172731
vt 0.020022 0.158779
vt 0.017129 0.186682
vt 0.210691 0.395409
vt 0.211996 0.400007
vt 0.213152 0.398883
vt 0.208366 0.391984
vt 0.209464 0.396547
vt 0.208237 0.397685
vt 0.210840 0.401131
vt 0.205792 0.394296
vt 0.215664 0.402148
vt 0.207079 0.393140
vt 0.204505 0.395452
vt 0.207010 0.398823
vt 0.209683 0.402255
vt 0.212421 0.405489
vt 0.230408 0.415218
vt 0.231503 0.417656
vt 0.232538 0.416801
vt 0.227146 0.414496
vt 0.229462 0.416154
vt 0.228516 0.417090
vt 0.230469 0.418510
vt 0.226253 0.415498
vt 0.228038 0.413493
vt 0.225361 0.416501
vt 0.227570 0.418026
vt 0.229434 0.419365
vt 0.230824 0.420512
vt 0.266114 0.430823
vt 0.264903 0.467497
vt 0.266123 0.480733
vt 0.264884 0.429368
vt 0.263682 0.454261
vt 0.264922 0.505625
vt 0.266132 0.530642
vt 0.263712 0.480608
vt 0.266106 0.380914
vt 0.267345 0.432278
vt 0.267347 0.370587
vt 0.264864 0.391240
vt 0.263623 0.401566
vt 0.262422 0.426458
vt 0.263653 0.427913
vt 0.262462 0.441025
vt 0.262502 0.455591
vt 0.262541 0.470158
vt 0.263741 0.506956
vt 0.264941 0.543754
vt 0.266141 0.580552
vt 0.267342 0.555659
vt 0.267341 0.617350
vt 0.267344 0.493969
vt 0.294723 0.766632
vt 0.295532 0.783123
vt 0.293342 0.790425
vt 0.297616 0.766591
vt 0.296353 0.764428
vt 0.294941 0.792519
vt 0.288274 0.811812
vt 0.291843 0.743063
vt 0.292795 0.769463
vt 0.294047 0.740918
vt 0.290752 0.795149
vt 0.299438 0.735345
vt 0.297757 0.737120
vt 0.298695 0.770971
vt 0.295989 0.738957
vt 0.281972 0.820442
vt 0.279379 0.833223
vt 0.251890 0.855349
vt 0.290752 0.795149
vt 0.293495 0.804347
vt 0.290703 0.770291
vt 0.288782 0.787845
vt 0.288376 0.771274
vt 0.286405 0.796513
vt 0.289550 0.793127
vt 0.284008 0.812698
vt 0.285680 0.775688
vt 0.289293 0.745496
vt 0.286333 0.748480
vt 0.277037 0.825402
vt 0.281972 0.820442
vt 0.282894 0.803746
vt 0.290752 0.795149
vt 0.278934 0.757324
vt 0.282386 0.781004
vt 0.282901 0.752321
vt 0.282894 0.803746
vt 0.275361 0.812887
vt 0.279864 0.805400
vt 0.276349 0.823352
vt 0.271235 0.797371
vt 0.277309 0.803524
vt 0.278550 0.785269
vt 0.274663 0.789931
vt 0.270646 0.836487
vt 0.272265 0.821702
vt 0.282894 0.803746
vt 0.260829 0.787551
vt 0.267933 0.805200
vt 0.265040 0.779189
vt 0.272265 0.821702
vt 0.282386 0.781004
vt 0.274438 0.763677
vt 0.278934 0.757324
vt 0.269692 0.771098
vt 0.266893 0.833988
vt 0.269394 0.825867
vt 0.269344 0.838815
vt 0.260758 0.824433
vt 0.266839 0.826369
vt 0.262153 0.817167
vt 0.264736 0.811433
vt 0.266456 0.849259
vt 0.265932 0.841845
vt 0.250521 0.820834
vt 0.259602 0.832005
vt 0.252276 0.812427
vt 0.257328 0.795865
vt 0.260829 0.787551
vt 0.254511 0.804131
vt 0.263127 0.854681
vt 0.264330 0.847126
vt 0.265801 0.854391
vt 0.256313 0.850922
vt 0.262229 0.849468
vt 0.256747 0.844726
vt 0.258095 0.838691
vt 0.262696 0.860344
vt 0.266456 0.849259
vt 0.262366 0.859866
vt 0.265932 0.841845
vt 0.245761 0.851274
vt 0.255653 0.856348
vt 0.246904 0.845030
vt 0.262366 0.859866
vt 0.249136 0.829339
vt 0.247980 0.837562
vt 0.257648 0.864797
vt 0.255372 0.864551
vt 0.259522 0.863242
vt 0.250436 0.862629
vt 0.251695 0.866181
vt 0.245113 0.864570
vt 0.253812 0.860140
vt 0.262696 0.860344
vt 0.242955 0.866228
vt 0.262366 0.859866
vt 0.237744 0.861333
vt 0.234791 0.865998
vt 0.231151 0.862613
vt 0.241879 0.859205
vt 0.238563 0.867819
vt 0.245761 0.851274
vt 0.244302 0.855946
vt 0.241697 0.667351
vt 0.212451 0.671405
vt 0.187732 0.669930
vt 0.254499 0.669714
vt 0.236713 0.673735
vt 0.175743 0.674368
vt 0.141474 0.675637
vt 0.208527 0.675914
vt 0.299440 0.664493
vt 0.228861 0.665052
vt 0.299270 0.666651
vt 0.299101 0.668808
vt 0.267243 0.672185
vt 0.298931 0.670966
vt 0.279954 0.674719
vt 0.260701 0.676580
vt 0.240557 0.678972
vt 0.219078 0.682160
vt 0.183985 0.678867
vt 0.148078 0.677908
vt 0.110094 0.682022
vt 0.105533 0.679600
vt 0.061699 0.700302
vt 0.162739 0.668969
vt 0.132376 0.681275
vt 0.107889 0.686517
vt 0.101253 0.684195
vt 0.145774 0.686766
vt 0.163841 0.682614
vt 0.125871 0.690940
vt 0.127008 0.684231
vt 0.075357 0.690195
vt 0.088731 0.690691
vt 0.196097 0.686325
vt 0.219078 0.682160
vt 0.172571 0.691302
vt 0.148078 0.677908
vt 0.128818 0.702688
vt 0.149733 0.696840
vt 0.107260 0.695622
vt 0.172571 0.691302
vt 0.077013 0.695749
vt 0.063324 0.701772
vt 0.063639 0.695401
vt 0.081720 0.706092
vt 0.092917 0.700903
vt 0.071111 0.710490
vt 0.072617 0.700488
vt 0.052653 0.700550
vt 0.054314 0.705822
vt 0.110807 0.708643
vt 0.107260 0.695622
vt 0.128818 0.702688
vt 0.095655 0.714689
vt 0.088731 0.690691
vt 0.072739 0.727176
vt 0.083066 0.720856
vt 0.062001 0.715375
vt 0.048387 0.712702
vt 0.042358 0.722440
vt 0.044536 0.710560
vt 0.055316 0.721505
vt 0.046060 0.719997
vt 0.050440 0.728224
vt 0.046137 0.734857
vt 0.052653 0.700550
vt 0.041075 0.718892
vt 0.054314 0.705822
vt 0.038562 0.731973
vt 0.064408 0.733700
vt 0.072739 0.727176
vt 0.054314 0.705822
vt 0.042747 0.744134
vt 0.053165 0.747951
vt 0.050016 0.756004
vt 0.038562 0.731973
vt 0.057923 0.740571
vt 0.035035 0.750044
vt 0.029099 0.772452
vt 0.033209 0.741820
vt 0.040667 0.757586
vt 0.033496 0.772975
vt 0.035407 0.795929
vt 0.033397 0.803113
vt 0.041212 0.789390
vt 0.041075 0.718892
vt 0.034954 0.732755
vt 0.038562 0.731973
vt 0.042747 0.744134
vt 0.050016 0.756004
vt 0.048358 0.764796
vt 0.040119 0.773487
vt 0.049067 0.783167
vt 0.051213 0.791887
vt 0.043676 0.802850
vt 0.039198 0.814100
vt 0.041378 0.826242
vt 0.034953 0.811088
vt 0.061699 0.843541
vt 0.026038 0.771922
vt 0.043069 0.823841
vt 0.048656 0.833632
vt 0.044817 0.835126
vt 0.051252 0.818796
vt 0.047157 0.812146
vt 0.055631 0.825514
vt 0.046704 0.826517
vt 0.052072 0.844931
vt 0.053865 0.840545
vt 0.054454 0.799835
vt 0.043676 0.802850
vt 0.051213 0.791887
vt 0.058919 0.807138
vt 0.039198 0.814100
vt 0.061567 0.831788
vt 0.064787 0.814036
vt 0.072236 0.820768
vt 0.061839 0.845002
vt 0.073130 0.851271
vt 0.061376 0.850684
vt 0.069676 0.837048
vt 0.070042 0.846754
vt 0.078815 0.841822
vt 0.087745 0.847096
vt 0.052072 0.844931
vt 0.070444 0.855239
vt 0.081799 0.855949
vt 0.061567 0.831788
vt 0.081393 0.827500
vt 0.053865 0.840545
vt 0.098467 0.852100
vt 0.104454 0.840349
vt 0.118094 0.846048
vt 0.081799 0.855949
vt 0.092176 0.834096
vt 0.096098 0.859614
vt 0.114277 0.863497
vt 0.090325 0.860828
vt 0.111917 0.856100
vt 0.110597 0.861432
vt 0.126090 0.859261
vt 0.138901 0.862135
vt 0.070444 0.855239
vt 0.099310 0.861936
vt 0.081799 0.855949
vt 0.127623 0.865765
vt 0.118094 0.846048
vt 0.132910 0.851015
vt 0.154244 0.864522
vt 0.164441 0.858512
vt 0.180258 0.860967
vt 0.127623 0.865765
vt 0.148509 0.855182
vt 0.214280 0.869405
vt 0.196551 0.866996
vt 0.217823 0.866871
vt 0.211213 0.869959
vt 0.183494 0.869864
vt 0.174250 0.866190
vt 0.170212 0.871299
vt 0.152406 0.868286
vt 0.231151 0.862613
vt 0.221585 0.863266
vt 0.234791 0.865998
vt 0.242955 0.866228
vt 0.208800 0.868665
vt 0.156795 0.871874
vt 0.129325 0.867471
vt 0.104789 0.863868
vt 0.099310 0.861936
vt 0.154244 0.864522
vt 0.195478 0.862530
vt 0.209474 0.863268
vt 0.060024 0.067019
vt 0.061090 0.091361
vt 0.059222 0.094719
vt 0.062309 0.062073
vt 0.062959 0.088002
vt 0.059872 0.120648
vt 0.058419 0.122420
vt 0.061325 0.118876
vt 0.058124 0.045850
vt 0.057738 0.071964
vt 0.060826 0.039318
vt 0.063527 0.032786
vt 0.064594 0.057128
vt 0.066229 0.026254
vt 0.066879 0.052183
vt 0.064828 0.084643
vt 0.062777 0.117104
vt 0.060726 0.149564
vt 0.059690 0.149750
vt 0.058654 0.149935
vt 0.057617 0.150121
vt 0.056967 0.124192
vt 0.056581 0.150307
vt 0.057353 0.098078
vt 0.067222 0.081801
vt 0.065024 0.104470
vt 0.068440 0.079691
vt 0.066003 0.083911
vt 0.064121 0.105669
vt 0.061607 0.129249
vt 0.063218 0.106867
vt 0.061020 0.129536
vt 0.071857 0.054912
vt 0.069659 0.077581
vt 0.073391 0.051890
vt 0.070323 0.057933
vt 0.068789 0.060955
vt 0.067254 0.063977
vt 0.064785 0.086021
vt 0.062316 0.108066
vt 0.060433 0.129823
vt 0.059847 0.130110
vt 0.057648 0.152779
vt 0.057919 0.153404
vt 0.058190 0.154028
vt 0.058461 0.154653
vt 0.062194 0.128962
vt 0.065926 0.103271
vt 0.067405 0.068060
vt 0.063125 0.092654
vt 0.066278 0.063300
vt 0.068532 0.072821
vt 0.064059 0.096193
vt 0.059973 0.122008
vt 0.064993 0.099732
vt 0.060713 0.124326
vt 0.069430 0.033947
vt 0.065151 0.058540
vt 0.068110 0.027966
vt 0.070751 0.039928
vt 0.072071 0.045909
vt 0.061453 0.126644
vt 0.062194 0.128962
vt 0.057914 0.153556
vt 0.057367 0.152458
vt 0.056821 0.151361
vt 0.056274 0.150264
vt 0.059233 0.119690
vt 0.062192 0.089115
vt 0.062421 0.085043
vt 0.061439 0.107613
vt 0.063603 0.085532
vt 0.059685 0.106708
vt 0.060562 0.107161
vt 0.059275 0.129694
vt 0.058703 0.129278
vt 0.065768 0.063451
vt 0.064785 0.086021
vt 0.064281 0.062926
vt 0.061240 0.084554
vt 0.061307 0.061875
vt 0.062794 0.062400
vt 0.060058 0.084065
vt 0.058809 0.106256
vt 0.058131 0.128862
vt 0.057559 0.128446
vt 0.056577 0.151016
vt 0.056844 0.151396
vt 0.057110 0.151775
vt 0.057377 0.152155
vt 0.059847 0.130110
vt 0.066015 0.055362
vt 0.064169 0.085761
vt 0.066447 0.053772
vt 0.065583 0.056951
vt 0.063510 0.086879
vt 0.061891 0.117750
vt 0.062851 0.087997
vt 0.061005 0.118397
vt 0.068725 0.021783
vt 0.068930 0.019723
vt 0.068520 0.023844
vt 0.068315 0.025905
vt 0.060119 0.119043
vt 0.057387 0.150089
vt 0.058500 0.149914
vt 0.059613 0.149739
vt 0.062777 0.117104
vt 0.059478 0.081040
vt 0.058081 0.102167
vt 0.058445 0.104211
vt 0.058898 0.078015
vt 0.057717 0.100123
vt 0.057263 0.126319
vt 0.057411 0.127383
vt 0.057115 0.125256
vt 0.060058 0.084065
vt 0.060511 0.057869
vt 0.059716 0.053862
vt 0.058318 0.074989
vt 0.058920 0.049856
vt 0.057738 0.071964
vt 0.056967 0.124192
vt 0.056513 0.150389
vt 0.056446 0.150472
vt 0.056378 0.150554
vt 0.057559 0.128446
vt 0.056310 0.150637
vt 0.217170 0.391346
vt 0.221738 0.394541
vt 0.217686 0.388341
vt 0.250861 0.468938
vt 0.239753 0.417560
vt 0.093182 0.533615
vt 0.121580 0.613515
vt 0.090013 0.591369
vt 0.241315 0.595921
vt 0.022243 0.230070
vt 0.052010 0.219655
vt 0.053679 0.636892
vt 0.198200 0.375149
vt 0.269234 0.367225
vt 0.269017 0.361255
vt 0.195496 0.377761
vt 0.192792 0.380373
vt 0.271847 0.623930
vt 0.283454 0.623930
vt 0.054419 0.654900
vt 0.161216 0.400657
vt 0.069460 0.777289
vt 0.090334 0.777280
vt 0.231221 0.848495
vt 0.267102 0.756391
vt 0.275089 0.748528
vt 0.122766 0.394984
vt 0.187309 0.415018
vt 0.192362 0.542946
vt 0.207196 0.528812
vt 0.213585 0.516028
vt 0.218990 0.499680
vt 0.156608 0.393834
vt 0.167000 0.403466
vt 0.162208 0.399341
vt 0.218990 0.499680
vt 0.224675 0.442955
vt 0.137801 0.485647
vt 0.216536 0.420431
vt 0.149045 0.518108
vt 0.156512 0.531799
vt 0.156512 0.531799
vt 0.241728 0.374639
vt 0.251918 0.377138
vt 0.251918 0.377138
vt 0.259198 0.383598
vt 0.012966 0.230844
vt 0.003690 0.231617
vt 0.262382 0.411892
vt 0.295989 0.738957
vt 0.290752 0.795149
vt 0.286333 0.748480
vt 0.269692 0.771098
vt 0.238563 0.867819
vt 0.262366 0.859866
vt 0.298762 0.673124
vt 0.048078 0.773993
vt 0.039198 0.814100
vt 0.053865 0.840545
vt 0.092176 0.834096
vt 0.059233 0.119690
s 1
usemtl Material
f 944/1/1 948/2/2 943/3/3
f 945/4/4 942/5/5 944/1/1
f 947/6/6 942/5/5 946/7/7
f 2327/8/8 2331/9/9 2248/10/10
f 2326/11/11 943/3/3 2327/8/8
f 943/3/3 2332/12/12 2331/9/9
f 2241/13/13 945/4/4 2325/14/14
f 229/15/15 945/4/4 230/16/16
f 2325/14/14 944/1/1 2326/17/11
f 2321/18/17 947/6/6 228/19/18
f 2333/20/19 948/2/2 947/6/6
f 228/19/18 946/7/7 229/15/15
f 949/21/20 953/22/21 952/23/22
f 950/24/23 954/25/24 953/22/21
f 952/23/22 956/26/25 955/27/26
f 953/22/21 957/28/27 956/26/25
f 2317/29/28 949/21/20 258/30/29
f 2316/31/30 950/24/23 949/21/20
f 2315/32/31 951/33/32 950/24/23
f 2314/34/33 216/35/34 951/33/32
f 951/33/32 217/36/35 954/25/24
f 954/25/24 218/37/36 957/28/27
f 957/28/27 2237/38/37 2236/39/38
f 956/26/25 2236/39/38 2235/40/39
f 955/27/26 2235/40/39 2234/41/40
f 260/42/41 2234/41/40 2233/43/42
f 259/44/43 955/27/26 260/42/41
f 258/30/29 952/23/22 259/44/43
f 958/45/44 962/46/45 961/47/46
f 959/48/47 963/49/48 962/46/45
f 961/47/46 965/50/49 964/51/50
f 962/46/45 966/52/51 965/50/49
f 34/53/52 958/45/44 264/54/53
f 2266/55/54 959/48/47 958/45/44
f 2265/56/55 960/57/56 959/48/47
f 2264/58/57 222/59/58 960/57/56
f 960/57/56 223/60/59 963/49/48
f 963/49/48 224/61/60 966/52/51
f 966/52/51 2210/62/61 2209/63/62
f 965/50/49 2209/63/62 2208/64/63
f 964/51/50 2208/64/63 2207/65/64
f 266/66/65 2207/65/64 2206/67/66
f 265/68/67 964/51/50 266/66/65
f 264/54/53 961/47/46 265/68/67
f 967/69/68 971/70/69 970/71/70
f 968/72/71 972/73/72 971/70/69
f 970/71/70 974/74/73 973/75/74
f 971/70/69 975/76/75 974/74/73
f 2313/77/76 967/69/68 216/35/34
f 2324/78/77 968/72/71 967/69/68
f 2323/79/78 969/80/79 968/72/71
f 2322/81/80 228/82/18 969/80/79
f 969/80/79 229/83/15 972/73/72
f 972/73/72 230/84/16 975/76/75
f 975/76/75 2241/13/13 2240/85/81
f 974/74/73 2240/85/81 2239/86/82
f 973/75/74 2239/86/82 2238/87/83
f 218/37/36 2238/87/83 2237/38/37
f 217/36/35 973/75/74 218/37/36
f 216/35/34 970/71/70 217/36/35
f 977/88/84 979/89/85 976/90/86
f 978/91/87 980/92/88 977/88/84
f 980/92/88 982/93/89 979/89/85
f 981/94/90 983/95/91 980/92/88
f 2275/96/92 273/97/93 37/98/94
f 2274/99/95 976/90/86 2275/96/92
f 2273/100/96 977/88/84 2274/99/95
f 2272/101/97 978/91/87 2273/100/96
f 231/102/98 981/94/90 978/91/87
f 232/103/99 984/104/100 981/94/90
f 233/105/101 2214/106/102 984/104/100
f 984/104/100 2213/107/103 983/95/91
f 983/95/91 2212/108/104 982/93/89
f 982/93/89 2211/109/105 275/110/106
f 979/89/85 275/110/106 274/111/107
f 976/90/86 274/111/107 273/97/93
f 986/112/108 985/113/109 991/114/110
f 989/115/111 987/116/112 988/117/113
f 990/118/114 985/113/109 989/115/111
f 2242/119/115 986/112/108 341/120/116
f 2243/121/117 987/116/112 986/112/108
f 341/120/116 991/114/110 340/122/118
f 366/123/119 2245/124/120 2246/10/121
f 367/125/122 988/117/113 366/123/119
f 988/117/113 2244/126/123 2245/124/120
f 47/127/124 990/118/114 368/128/125
f 339/129/126 991/114/110 990/118/114
f 368/128/125 989/115/111 367/125/122
f 993/130/127 995/131/128 992/132/129
f 994/133/130 996/134/131 993/130/127
f 996/134/131 998/135/132 995/131/128
f 997/136/133 999/137/134 996/134/131
f 2283/138/135 231/102/98 2272/101/97
f 2282/139/136 992/132/129 2283/138/135
f 2281/140/137 993/130/127 2282/139/136
f 2280/141/138 994/133/130 2281/140/137
f 240/142/139 997/136/133 994/133/130
f 241/143/140 1000/144/141 997/136/133
f 242/145/142 2218/146/143 1000/144/141
f 1000/144/141 2217/147/144 999/137/134
f 999/137/134 2216/148/145 998/135/132
f 998/135/132 2215/149/146 233/105/101
f 995/131/128 233/105/101 232/103/99
f 992/132/129 232/103/99 231/102/98
f 1002/150/147 1004/151/148 1001/152/149
f 1002/150/147 1006/153/150 1005/154/151
f 1005/154/151 1007/155/152 1004/151/148
f 1005/154/151 1009/156/153 1008/157/154
f 2287/158/155 240/142/139 2280/141/138
f 2286/159/156 1001/152/149 2287/158/155
f 2285/160/157 1002/150/147 2286/159/156
f 2285/160/157 243/161/158 1003/162/159
f 1003/162/159 244/163/160 1006/153/150
f 1006/153/150 245/164/161 1009/156/153
f 1009/156/153 2223/165/162 2222/166/163
f 1008/157/154 2222/166/163 2221/167/164
f 1007/155/152 2221/167/164 2220/168/165
f 1007/155/152 2219/169/166 242/145/142
f 1004/151/148 242/145/142 241/143/140
f 1001/152/149 241/143/140 240/142/139
f 1010/170/167 1014/171/168 1013/172/169
f 1012/173/170 1014/171/168 1011/174/171
f 1014/171/168 1016/175/172 1013/172/169
f 1015/176/173 1017/177/174 1014/171/168
f 2263/178/175 1010/170/167 222/59/58
f 2290/179/176 1011/174/171 1010/170/167
f 2288/180/177 1011/174/171 2289/181/178
f 37/98/94 1012/173/170 2288/180/177
f 273/97/93 1015/176/173 1012/173/170
f 274/111/107 1018/182/179 1015/176/173
f 275/110/106 2249/183/180 1018/182/179
f 1018/182/179 2250/184/181 1017/177/174
f 1017/177/174 2251/185/182 1016/175/172
f 224/61/60 2251/185/182 2210/62/61
f 223/60/59 1016/175/172 224/61/60
f 222/59/58 1013/172/169 223/60/59
f 1019/186/183 1023/187/184 1022/188/185
f 1020/189/186 1024/190/187 1023/187/184
f 1022/188/185 1026/191/188 1025/192/189
f 1023/187/184 1027/193/190 1026/191/188
f 2284/194/191 1019/186/183 243/195/158
f 2294/196/192 1020/189/186 1019/186/183
f 2293/197/193 1021/198/194 1020/189/186
f 2292/199/195 246/200/196 1021/198/194
f 1021/198/194 247/201/197 1024/190/187
f 247/201/197 1027/193/190 1024/190/187
f 248/202/198 2226/203/199 1027/193/190
f 1027/193/190 2225/204/200 1026/191/188
f 1025/192/189 2225/204/200 2224/205/201
f 245/164/161 2224/205/201 2223/206/162
f 244/163/160 1025/192/189 245/164/161
f 243/195/158 1022/188/185 244/163/160
f 1028/207/202 1032/208/203 1031/209/204
f 1029/210/205 1033/211/206 1032/208/203
f 1031/209/204 1035/212/207 1034/213/208
f 1032/208/203 1036/214/209 1035/212/207
f 43/215/210 1028/207/202 288/216/211
f 2298/217/212 1029/210/205 1028/207/202
f 2297/218/213 1030/219/214 1029/210/205
f 2296/220/215 249/221/216 1030/219/214
f 1030/219/214 250/222/217 1033/211/206
f 1033/211/206 251/223/218 1036/214/209
f 1036/214/209 2202/224/219 2201/225/220
f 1035/212/207 2201/225/220 2200/226/221
f 1034/213/208 2200/226/221 2199/227/222
f 290/228/223 2199/227/222 2198/229/224
f 289/230/225 1034/213/208 290/228/223
f 288/216/211 1031/209/204 289/230/225
f 1037/231/226 1041/232/227 1040/233/228
f 1038/234/229 1042/235/230 1041/232/227
f 1040/233/228 1044/236/231 1043/237/232
f 1041/232/227 1045/238/233 1044/236/231
f 2295/239/234 1037/231/226 249/240/216
f 2304/241/235 1038/234/229 1037/231/226
f 2303/242/236 1039/243/237 1038/234/229
f 2302/244/238 264/54/53 1039/243/237
f 1039/243/237 265/68/67 1042/235/230
f 1042/235/230 266/66/65 1045/238/233
f 1045/238/233 2206/67/66 2205/245/239
f 1044/236/231 2205/245/239 2204/246/240
f 1043/237/232 2204/246/240 2203/247/241
f 251/248/218 2203/247/241 2202/249/219
f 250/250/217 1043/237/232 251/248/218
f 249/240/216 1040/233/228 250/250/217
f 1046/251/242 1050/252/243 1049/253/244
f 1047/254/245 1051/255/246 1050/252/243
f 1049/253/244 1053/256/247 1052/257/248
f 1050/252/243 1054/258/249 1053/256/247
f 2187/259/250 1046/251/242 221/260/251
f 2188/261/252 1047/254/245 1046/251/242
f 2189/262/253 1048/263/254 1047/254/245
f 2190/264/255 257/265/256 1048/263/254
f 1048/263/254 256/266/257 1051/255/246
f 1051/255/246 255/267/258 1054/258/249
f 1054/258/249 2258/268/259 2259/269/260
f 1053/256/247 2259/269/260 2260/270/261
f 1052/257/248 2260/270/261 2261/271/262
f 219/272/263 2261/271/262 2262/273/264
f 220/274/265 1052/257/248 219/272/263
f 221/260/251 1049/253/244 220/274/265
f 1055/275/266 1059/276/267 1058/277/268
f 1056/278/269 1060/279/270 1059/276/267
f 1058/277/268 1062/280/271 1061/281/272
f 1059/276/267 1063/282/273 1062/280/271
f 2162/283/274 1055/275/266 227/284/275
f 2163/285/276 1056/278/269 1055/275/266
f 2164/286/277 1057/287/278 1056/278/269
f 2165/288/279 263/289/280 1057/287/278
f 1057/287/278 262/290/281 1060/279/270
f 1060/279/270 261/291/282 1063/282/273
f 1063/282/273 33/292/283 294/293/284
f 1062/280/271 294/293/284 295/56/285
f 1061/281/272 295/56/285 296/294/286
f 225/295/287 296/294/286 2267/53/288
f 226/296/289 1061/281/272 225/295/287
f 227/284/275 1058/277/268 226/296/289
f 1064/297/290 1068/298/291 1067/299/292
f 1065/300/293 1069/301/294 1068/298/291
f 1067/299/292 1071/302/295 1070/303/296
f 1068/298/291 1072/304/297 1071/302/295
f 2191/305/298 1064/297/290 257/265/256
f 2192/306/299 1065/300/293 1064/297/290
f 2193/307/300 1066/308/301 1065/300/293
f 2194/309/302 269/310/303 1066/308/301
f 1066/308/301 268/311/304 1069/301/294
f 1069/301/294 267/312/305 1072/304/297
f 1072/304/297 2268/313/306 2269/314/307
f 1071/302/295 2269/314/307 2270/315/308
f 1070/303/296 2270/315/308 2271/316/309
f 255/267/258 2271/316/309 2258/268/259
f 256/266/257 1070/303/296 255/267/258
f 257/265/256 1067/299/292 256/266/257
f 1074/317/310 1076/318/311 1073/319/312
f 1075/320/313 1077/321/314 1074/317/310
f 1077/321/314 1079/322/315 1076/318/311
f 1078/323/316 1080/324/317 1077/321/314
f 2168/325/318 236/326/319 2167/327/320
f 2169/328/321 1073/319/312 2168/325/318
f 2170/329/322 1074/317/310 2169/328/321
f 2171/330/323 1075/320/313 2170/329/322
f 272/331/324 1078/323/316 1075/320/313
f 271/332/325 1081/333/326 1078/323/316
f 270/334/327 300/335/328 1081/333/326
f 1081/333/326 301/336/329 1080/324/317
f 1080/324/317 302/337/330 1079/322/315
f 1079/322/315 2276/338/331 234/339/332
f 1076/318/311 234/339/332 235/340/333
f 1073/319/312 235/340/333 236/326/319
f 1083/341/334 1085/342/335 1082/343/336
f 1084/344/337 1086/345/338 1083/341/334
f 1086/345/338 1088/346/339 1085/342/335
f 1087/347/340 1089/348/341 1086/345/338
f 2172/349/342 272/331/324 2171/330/323
f 2173/350/343 1082/343/336 2172/349/342
f 2174/351/344 1083/341/334 2173/350/343
f 2175/352/345 1084/344/337 2174/351/344
f 278/353/346 1087/347/340 1084/344/337
f 277/354/347 1090/355/348 1087/347/340
f 276/356/349 306/357/350 1090/355/348
f 1090/355/348 307/358/351 1089/348/341
f 1089/348/341 308/359/352 1088/346/339
f 1088/346/339 36/360/353 270/334/327
f 1085/342/335 270/334/327 271/332/325
f 1082/343/336 271/332/325 272/331/324
f 1092/361/354 1094/362/355 1091/363/356
f 1093/364/357 1095/365/358 1092/361/354
f 1095/365/358 1097/366/359 1094/362/355
f 1096/367/360 1098/368/361 1095/365/358
f 2176/369/362 278/353/346 2175/352/345
f 2177/370/363 1091/363/356 2176/369/362
f 2178/371/364 1092/361/354 2177/370/363
f 2179/372/365 1093/364/357 2178/371/364
f 281/373/366 1096/367/360 1093/364/357
f 280/374/367 1099/375/368 1096/367/360
f 279/376/369 309/377/370 1099/375/368
f 1099/375/368 310/378/371 1098/368/361
f 1098/368/361 311/379/372 1097/366/359
f 1097/366/359 39/380/373 276/356/349
f 1094/362/355 276/356/349 277/354/347
f 1091/363/356 277/354/347 278/353/346
f 1100/381/374 1104/382/375 1103/383/376
f 1101/384/377 1105/385/378 1104/382/375
f 1103/383/376 1107/386/379 1106/387/380
f 1104/382/375 1108/388/381 1107/386/379
f 2166/389/382 1100/381/374 263/289/280
f 2197/390/383 1101/384/377 1100/381/374
f 2196/391/384 1102/392/385 1101/384/377
f 2195/393/386 236/326/319 1102/392/385
f 1102/392/385 235/340/333 1105/385/378
f 235/340/333 1108/388/381 1105/385/378
f 234/339/332 312/394/387 1108/388/381
f 1107/386/379 312/394/387 313/395/388
f 1106/387/380 313/395/388 314/396/389
f 261/291/282 314/396/389 33/292/283
f 262/290/281 1106/387/380 261/291/282
f 263/289/280 1103/383/376 262/290/281
f 1109/397/390 1113/398/391 1112/399/392
f 1110/400/393 1114/401/394 1113/398/391
f 1112/399/392 1116/402/395 1115/403/396
f 1113/398/391 1117/404/397 1116/402/395
f 2180/405/398 281/373/366 2179/372/365
f 2180/405/398 1110/400/393 1109/397/390
f 2181/406/399 1111/407/400 1110/400/393
f 2182/408/401 284/409/402 1111/407/400
f 1111/407/400 283/410/403 1114/401/394
f 1114/401/394 282/411/404 1117/404/397
f 1117/404/397 41/412/405 315/199/406
f 1116/402/395 315/199/406 316/197/407
f 1115/403/396 316/197/407 317/196/408
f 279/376/369 317/196/408 40/194/409
f 280/374/367 1115/403/396 279/376/369
f 281/373/366 1112/399/392 280/374/367
f 1119/413/410 1121/414/411 1118/415/412
f 1120/416/413 1122/417/414 1119/413/410
f 1122/417/414 1124/418/415 1121/414/411
f 1123/419/416 1125/420/417 1122/417/414
f 2155/421/418 254/422/419 2154/423/420
f 2156/424/421 1118/415/412 2155/421/418
f 2156/424/421 1120/416/413 1119/413/410
f 2157/425/422 287/426/423 1120/416/413
f 1120/416/413 286/427/424 1123/419/416
f 1123/419/416 285/428/425 1126/429/426
f 1126/429/426 42/430/427 318/220/428
f 1125/420/417 318/220/428 319/218/429
f 1125/420/417 320/217/430 1124/418/415
f 1124/418/415 43/215/210 252/431/431
f 1121/414/411 252/431/431 253/432/432
f 1118/415/412 253/432/432 254/422/419
f 1127/433/433 1131/434/434 1130/435/435
f 1128/436/436 1132/437/437 1131/434/434
f 1130/435/435 1134/438/438 1133/439/439
f 1131/434/434 1135/440/440 1134/438/438
f 2183/441/441 1127/433/433 284/409/402
f 2184/442/442 1128/436/436 1127/433/433
f 2185/443/443 1129/444/444 1128/436/436
f 2186/445/445 221/260/251 1129/444/444
f 1129/444/444 220/274/265 1132/437/437
f 1132/437/437 219/272/263 1135/440/440
f 1135/440/440 2262/273/264 2299/446/446
f 1134/438/438 2299/446/446 2300/447/447
f 1133/439/439 2300/447/447 2301/448/448
f 282/411/404 2301/448/448 41/412/405
f 283/410/403 1133/439/439 282/411/404
f 284/409/402 1130/435/435 283/410/403
f 1136/449/449 1140/450/450 1139/451/451
f 1137/452/452 1141/453/453 1140/450/450
f 1139/451/451 1143/454/454 1142/455/455
f 1140/450/450 1144/456/456 1143/454/454
f 2158/457/457 1136/449/449 287/426/423
f 2159/458/458 1137/452/452 1136/449/449
f 2160/459/459 1138/460/460 1137/452/452
f 2161/461/461 227/284/275 1138/460/460
f 1138/460/460 226/296/289 1141/453/453
f 1141/453/453 225/295/287 1144/456/456
f 1144/456/456 2267/53/288 324/462/462
f 1143/454/454 324/462/462 325/242/463
f 1142/455/455 325/242/463 326/463/464
f 285/428/425 326/463/464 42/430/427
f 286/427/424 1142/455/455 285/428/425
f 287/426/423 1139/451/451 286/427/424
f 1145/464/465 1149/465/466 1148/466/467
f 1146/467/468 1150/468/469 1149/465/466
f 1148/466/467 1152/469/470 1151/470/471
f 1149/465/466 1153/471/472 1152/469/470
f 2198/472/224 1145/464/465 290/228/223
f 2307/473/473 1146/467/468 1145/464/465
f 2306/474/474 1147/475/475 1146/467/468
f 2305/476/476 2151/477/477 1147/475/475
f 1147/475/475 2152/478/478 1150/468/469
f 1150/468/469 2153/479/479 1153/471/472
f 1153/471/472 2154/423/420 254/480/419
f 1152/469/470 254/480/419 253/432/432
f 1151/470/471 253/432/432 252/481/431
f 288/482/211 252/481/431 43/215/210
f 289/230/225 1151/470/471 288/482/211
f 290/228/223 1148/466/467 289/230/225
f 1154/483/480 1158/484/481 1157/485/482
f 1155/486/483 1159/487/484 1158/484/481
f 1158/484/481 1160/488/485 1157/485/482
f 1159/487/484 1161/489/486 1158/484/481
f 32/273/487 1154/483/480 344/490/488
f 293/271/489 1155/486/483 1154/483/480
f 292/270/490 1156/491/491 1155/486/483
f 291/269/492 332/492/493 1156/491/491
f 332/492/493 1159/487/484 1156/491/491
f 331/493/494 1162/494/495 1159/487/484
f 330/495/496 2309/496/497 1162/494/495
f 1162/494/495 2310/497/498 1161/489/486
f 1161/489/486 2311/498/499 1160/488/485
f 1160/488/485 2312/499/500 342/500/501
f 1157/485/482 342/500/501 343/501/502
f 344/490/488 1157/485/482 343/501/502
f 1164/502/503 1166/503/504 1163/504/505
f 1165/505/506 1167/506/507 1164/502/503
f 1167/506/507 1169/507/508 1166/503/504
f 1168/508/509 1170/509/510 1167/506/507
f 350/498/511 347/510/512 48/499/513
f 349/497/514 1163/504/505 350/498/511
f 348/496/515 1164/502/503 349/497/514
f 44/511/516 1165/505/506 348/496/515
f 335/512/517 1168/508/509 1165/505/506
f 334/513/518 1171/514/519 1168/508/509
f 333/515/520 351/34/521 1171/514/519
f 1171/514/519 352/32/522 1170/509/510
f 1170/509/510 353/31/523 1169/507/508
f 345/516/524 353/31/523 49/29/525
f 1166/503/504 345/516/524 346/517/526
f 1163/504/505 346/517/526 347/510/512
f 1172/518/527 1176/519/528 1175/520/529
f 1173/521/530 1177/522/531 1176/519/528
f 1176/519/528 1178/523/532 1175/520/529
f 1177/522/531 1179/524/533 1176/519/528
f 31/268/534 1172/518/527 332/492/493
f 299/316/535 1173/521/530 1172/518/527
f 298/315/536 1174/525/537 1173/521/530
f 297/314/538 338/526/539 1174/525/537
f 1174/525/537 337/527/540 1177/522/531
f 1177/522/531 336/528/541 1180/529/542
f 1180/529/542 46/530/543 2318/531/544
f 1180/529/542 2319/532/545 1179/524/533
f 1179/524/533 2320/533/546 1178/523/532
f 1178/523/532 2308/511/547 330/495/496
f 1175/520/529 330/495/496 331/493/494
f 332/492/493 1175/520/529 331/493/494
f 1182/534/548 1184/535/549 1181/536/550
f 1183/537/551 1185/538/552 1182/534/548
f 1185/538/552 1187/539/553 1184/535/549
f 1186/540/554 1188/541/555 1185/538/552
f 356/533/556 335/512/517 44/511/516
f 355/532/557 1181/536/550 356/533/556
f 354/531/558 1182/534/548 355/532/557
f 2242/530/115 1183/537/551 354/531/558
f 341/542/116 1186/540/554 1183/537/551
f 340/543/118 1189/544/559 1186/540/554
f 339/545/126 357/81/560 1189/544/559
f 1189/544/559 358/79/561 1188/541/555
f 1188/541/555 359/78/562 1187/539/553
f 1187/539/553 45/77/563 333/515/520
f 1184/535/549 333/515/520 334/513/518
f 1181/536/550 334/513/518 335/512/517
f 1191/546/564 1190/547/565 1196/548/566
f 1194/549/567 1192/550/568 1193/551/569
f 1196/548/566 1194/549/567 1195/552/570
f 2233/553/42 1191/546/564 260/554/41
f 2232/555/571 1192/550/568 1191/546/564
f 260/554/41 1196/548/566 259/556/43
f 2442/557/572 2230/558/573 2228/559/574
f 2442/557/572 1194/549/567 1193/551/569
f 1193/551/569 2231/560/575 2230/558/573
f 258/561/29 2444/562/576 2317/563/28
f 259/556/43 1195/552/570 258/561/29
f 1195/552/570 2443/564/577 2444/562/576
f 1199/565/578 1203/566/578 1198/567/578
f 1200/568/578 1197/569/578 1199/565/578
f 1203/566/578 1201/570/578 1202/571/578
f 377/572/578 374/573/578 2138/574/578
f 376/575/578 1198/567/578 377/572/578
f 374/573/578 1203/566/578 373/576/578
f 7/457/578 1200/568/578 375/577/578
f 149/578/578 1201/570/578 1200/568/578
f 375/577/578 1199/565/578 376/579/578
f 372/580/578 147/421/578 6/581/578
f 373/576/578 1202/571/578 372/580/578
f 1202/571/578 148/424/578 147/421/578
f 1205/582/578 1204/583/578 1210/584/578
f 1207/585/578 1204/583/578 1206/586/578
f 1210/584/578 1208/587/578 1209/588/578
f 2138/574/578 1205/582/578 377/572/578
f 379/589/578 1205/582/578 380/590/578
f 377/572/578 1210/584/578 376/591/578
f 8/283/578 1207/585/578 378/592/578
f 152/593/578 1208/587/578 1207/585/578
f 378/592/578 1206/586/578 379/594/578
f 375/595/578 150/458/578 7/457/578
f 376/575/578 1209/588/578 375/595/578
f 1209/588/578 151/596/578 150/458/578
f 1212/597/578 1211/598/578 1217/599/578
f 1215/600/578 1213/601/578 1214/602/578
f 1216/603/578 1211/598/578 1215/600/578
f 2138/574/578 1212/597/578 380/604/578
f 383/605/578 1213/601/578 1212/597/578
f 1212/597/578 379/589/578 380/604/578
f 155/606/578 381/607/578 9/608/578
f 154/286/578 1214/602/578 155/606/578
f 1214/602/578 382/609/578 381/607/578
f 8/283/578 1216/603/578 153/610/578
f 378/592/578 1217/599/578 1216/603/578
f 153/610/578 1215/600/578 154/611/578
f 1218/612/578 1222/613/578 1221/614/578
f 1219/615/578 1223/616/578 1222/613/578
f 1221/614/578 1225/617/578 1224/618/578
f 1222/613/578 1226/619/578 1225/617/578
f 6/423/578 1218/612/578 372/620/578
f 146/621/578 1219/615/578 1218/612/578
f 145/622/578 1220/623/578 1219/615/578
f 144/624/578 2143/625/578 1220/623/578
f 1220/623/578 2144/626/578 1223/616/578
f 1223/616/578 2145/627/578 1226/619/578
f 1226/619/578 2133/628/578 2135/629/578
f 1225/617/578 2135/629/578 2136/630/578
f 1224/618/578 2136/630/578 2137/631/578
f 374/632/578 2137/631/578 2138/574/578
f 373/633/578 1224/618/578 374/632/578
f 372/620/578 1221/614/578 373/633/578
f 1229/634/578 1233/635/578 1228/636/578
f 1230/637/578 1227/638/578 1229/634/578
f 1232/639/578 1227/638/578 1231/640/578
f 384/641/578 156/642/578 17/643/578
f 385/644/578 1228/636/578 384/641/578
f 1228/636/578 157/645/578 156/642/578
f 2149/646/578 1230/637/578 386/647/578
f 388/648/578 1230/637/578 389/649/578
f 386/647/578 1229/634/578 385/644/578
f 10/650/578 1232/639/578 387/651/578
f 158/652/578 1233/635/578 1232/639/578
f 387/651/578 1231/640/578 388/648/578
f 1235/653/578 1234/654/578 1240/655/578
f 1237/656/578 1234/654/578 1236/657/578
f 1240/655/578 1238/658/578 1239/659/578
f 10/650/578 1235/653/578 159/660/578
f 387/661/578 1236/657/578 1235/653/578
f 159/660/578 1240/655/578 160/662/578
f 2149/646/578 1237/656/578 389/663/578
f 395/664/578 1238/658/578 1237/656/578
f 1237/656/578 388/665/578 389/663/578
f 161/666/578 393/667/578 11/668/578
f 160/350/578 1239/659/578 161/666/578
f 1239/659/578 394/669/578 393/667/578
f 1243/670/578 1247/671/578 1242/672/578
f 1245/673/578 1243/670/578 1244/674/578
f 1246/675/578 1241/676/578 1245/673/578
f 390/677/578 395/678/578 2149/646/578
f 390/677/578 1243/670/578 1242/672/578
f 1242/672/578 394/669/578 395/678/578
f 164/679/578 392/680/578 12/681/578
f 163/370/578 1244/674/578 164/679/578
f 1244/674/578 391/682/578 392/680/578
f 11/668/578 1246/675/578 162/683/578
f 393/684/578 1247/671/578 1246/675/578
f 162/683/578 1245/673/578 163/370/578
f 1249/685/578 1251/686/578 1248/687/578
f 1249/685/578 1253/688/578 1252/689/578
f 1252/689/578 1254/690/578 1251/686/578
f 1252/689/578 1256/691/578 1255/692/578
f 2146/693/578 383/694/578 2138/574/578
f 2147/695/578 1248/687/578 2146/693/578
f 2147/695/578 1250/696/578 1249/685/578
f 2148/697/578 386/647/578 1250/696/578
f 1250/696/578 385/698/578 1253/688/578
f 1253/688/578 384/699/578 1256/691/578
f 1256/691/578 17/327/578 177/393/578
f 1255/692/578 177/393/578 178/391/578
f 1255/692/578 179/390/578 1254/690/578
f 1254/690/578 9/389/578 381/700/578
f 1251/686/578 381/700/578 382/701/578
f 1248/687/578 382/701/578 383/694/578
f 1257/702/579 1261/703/580 1260/704/581
f 1258/705/582 1262/706/583 1261/703/580
f 1261/703/580 1263/707/584 1260/704/581
f 1261/703/580 1265/708/585 1264/709/586
f 2291/412/587 1257/702/579 246/200/196
f 323/448/588 1258/705/582 1257/702/579
f 322/447/589 1259/710/590 1258/705/582
f 321/446/591 344/490/488 1259/710/590
f 1259/710/590 343/501/502 1262/706/583
f 1262/706/583 342/500/501 1265/708/585
f 342/500/501 2328/711/592 1265/708/585
f 1265/708/585 2329/712/593 1264/709/586
f 1264/709/586 2330/713/594 1263/707/584
f 1263/707/584 2227/559/595 248/202/198
f 1260/704/581 248/202/198 247/201/197
f 246/200/196 1260/704/581 247/201/197
f 1267/714/596 1269/715/597 1266/716/598
f 1268/717/599 1270/718/600 1267/714/596
f 1270/718/600 1272/719/601 1269/715/597
f 1271/720/602 1273/721/603 1270/718/600
f 336/722/541 210/723/604 46/724/543
f 337/725/540 1266/716/598 336/722/541
f 338/526/539 1267/714/596 337/725/540
f 35/726/605 1268/717/599 338/526/539
f 2279/727/606 1271/720/602 1268/717/599
f 2278/728/607 1274/729/608 1271/720/602
f 2277/730/609 2255/731/610 1274/729/608
f 1274/729/608 2256/732/611 1273/721/603
f 1273/721/603 2257/733/612 1272/719/601
f 1272/719/601 2247/10/613 212/734/614
f 1269/715/597 212/734/614 211/126/615
f 1266/716/598 211/126/615 210/723/604
f 1275/735/616 1279/736/617 1278/737/618
f 1276/738/619 1280/739/620 1279/736/617
f 1278/737/618 1282/740/621 1281/741/622
f 1279/736/617 1283/742/623 1282/740/621
f 2229/559/624 1275/735/616 461/743/625
f 201/744/626 1276/738/619 1275/735/616
f 202/745/627 1277/746/628 1276/738/619
f 203/747/629 456/748/630 1277/746/628
f 1277/746/628 457/749/631 1280/739/620
f 1280/739/620 458/750/632 1283/742/623
f 1283/742/623 2398/751/633 2397/752/634
f 1282/740/621 2397/752/634 2396/753/635
f 1282/740/621 2395/754/636 1281/741/622
f 1281/741/622 2394/755/637 459/756/638
f 460/757/639 1281/741/622 459/756/638
f 461/743/625 1278/737/618 460/757/639
f 1285/758/640 1287/759/641 1284/760/642
f 1286/761/643 1288/762/644 1285/758/640
f 1288/762/644 1290/763/645 1287/759/641
f 1289/764/646 1291/765/647 1288/762/644
f 186/65/648 467/766/649 20/67/650
f 187/64/651 1284/760/642 186/65/648
f 188/63/652 1285/758/640 187/64/651
f 21/62/653 1286/761/643 188/63/652
f 462/767/654 1289/764/646 1286/761/643
f 463/768/655 1292/769/656 1289/764/646
f 464/770/657 2376/771/658 1292/769/656
f 1292/769/656 2375/772/659 1291/765/647
f 1291/765/647 2374/773/660 1290/763/645
f 1290/763/645 2373/774/661 465/775/662
f 1287/759/641 465/775/662 466/776/663
f 1284/760/642 466/776/663 467/766/649
f 1293/777/664 1297/778/664 1296/779/664
f 1294/780/664 1298/781/664 1297/778/664
f 1296/779/664 1300/782/664 1299/783/664
f 1297/778/664 1301/784/664 1300/782/664
f 2139/785/664 1293/777/664 2430/786/664
f 137/631/664 1294/780/664 1293/777/664
f 136/630/664 1295/787/664 1294/780/664
f 2134/628/664 1295/787/664 135/629/664
f 2425/788/664 1298/781/664 1295/787/664
f 2426/789/664 1301/784/664 1298/781/664
f 2427/790/664 2346/791/664 1301/784/664
f 1300/782/664 2346/791/664 2347/792/664
f 1299/783/664 2347/792/664 2348/793/664
f 2428/794/664 2348/793/664 2349/795/664
f 2429/796/664 1299/783/664 2428/794/664
f 2430/786/664 1296/779/664 2429/796/664
f 1302/797/665 1306/798/666 1305/799/667
f 1303/800/668 1307/801/669 1306/798/666
f 1305/799/667 1309/802/670 1308/803/671
f 1306/798/666 1310/804/672 1309/802/670
f 26/43/673 1302/797/665 456/748/630
f 204/41/674 1303/800/668 1302/797/665
f 205/40/675 1304/805/676 1303/800/668
f 206/39/677 474/806/678 1304/805/676
f 1304/805/676 475/807/679 1307/801/669
f 1307/801/669 476/808/680 1310/804/672
f 1310/804/672 2402/809/681 2401/810/682
f 1309/802/670 2401/810/682 2400/811/683
f 1308/803/671 2400/811/683 2399/812/684
f 458/750/632 2399/812/684 2398/751/633
f 457/749/631 1308/803/671 458/750/632
f 456/748/630 1305/799/667 457/749/631
f 1311/813/685 1315/814/686 1314/815/687
f 1312/816/688 1316/817/689 1315/814/686
f 1314/815/687 1318/818/690 1317/819/691
f 1315/814/686 1319/820/692 1318/818/690
f 189/108/693 482/821/694 30/109/695
f 190/107/696 1311/813/685 189/108/693
f 191/106/697 1312/816/688 190/107/696
f 22/149/698 1313/822/699 191/106/697
f 1313/822/699 478/823/700 1316/817/689
f 1316/817/689 479/824/701 1319/820/692
f 1319/820/692 2382/825/702 2381/826/703
f 1318/818/690 2381/826/703 2380/827/704
f 1317/819/691 2380/827/704 2379/828/705
f 480/829/706 2379/828/705 2378/830/707
f 481/831/708 1317/819/691 480/829/706
f 482/821/694 1314/815/687 481/831/708
f 1321/832/709 1323/833/710 1320/834/711
f 1322/835/712 1324/836/713 1321/832/709
f 1324/836/713 1326/837/714 1323/833/710
f 1325/838/715 1327/839/716 1324/836/713
f 239/733/717 491/840/718 29/10/719
f 238/732/720 1320/834/711 239/733/717
f 237/731/721 1321/832/709 238/732/720
f 2253/841/722 1322/835/712 237/731/721
f 2436/842/723 1325/838/715 1322/835/712
f 2437/843/724 1328/844/725 1325/838/715
f 2438/845/726 2412/846/727 1328/844/725
f 1328/844/725 2413/847/728 1327/839/716
f 1327/839/716 2414/848/729 1326/837/714
f 1326/837/714 2415/849/730 489/850/731
f 1323/833/710 489/850/731 490/851/732
f 1320/834/711 490/851/732 491/840/718
f 1329/852/733 1333/853/734 1332/854/735
f 1330/855/736 1334/856/737 1333/853/734
f 1332/854/735 1336/857/738 1335/858/739
f 1333/853/734 1337/859/740 1336/857/738
f 2142/860/741 1329/852/733 2441/861/742
f 327/862/743 1330/855/736 1329/852/733
f 328/863/744 1331/864/745 1330/855/736
f 329/473/746 492/865/747 1331/864/745
f 1331/864/745 493/866/748 1334/856/737
f 1334/856/737 494/867/749 1337/859/740
f 1337/859/740 2365/868/750 2418/869/751
f 1336/857/738 2418/869/751 2417/870/752
f 1335/858/739 2417/870/752 2416/871/753
f 2439/872/754 2416/871/753 2353/873/755
f 2440/874/756 1335/858/739 2439/872/754
f 2441/861/742 1332/854/735 2440/874/756
f 1338/875/757 1342/876/758 1341/877/759
f 1339/878/760 1343/879/761 1342/876/758
f 1341/877/759 1345/880/762 1344/881/763
f 1342/876/758 1346/882/764 1345/880/762
f 2/628/765 1338/875/757 468/883/766
f 140/627/767 1339/878/760 1338/875/757
f 139/884/768 1340/885/769 1339/878/760
f 5/886/770 1340/885/769 138/887/771
f 497/888/772 1343/879/761 1340/885/769
f 496/889/773 1346/882/764 1343/879/761
f 495/890/774 2354/891/775 1346/882/764
f 1345/880/762 2354/891/775 2355/892/776
f 1344/881/763 2355/892/776 2356/893/777
f 470/894/778 2356/893/777 2344/895/779
f 469/896/780 1344/881/763 470/894/778
f 468/883/766 1341/877/759 469/896/780
f 1347/897/781 1351/898/782 1350/899/783
f 1348/900/784 1352/901/785 1351/898/782
f 1350/899/783 1354/902/786 1353/903/787
f 1351/898/782 1355/904/788 1354/902/786
f 27/38/789 1347/897/781 474/806/678
f 207/87/790 1348/900/784 1347/897/781
f 208/86/791 1349/905/792 1348/900/784
f 209/85/793 498/906/794 1349/905/792
f 1349/905/792 499/907/795 1352/901/785
f 499/907/795 1355/904/788 1352/901/785
f 500/908/796 2405/909/797 1355/904/788
f 1354/902/786 2405/909/797 2404/910/798
f 1353/903/787 2404/910/798 2403/911/799
f 476/808/680 2403/911/799 2402/809/681
f 475/807/679 1353/903/787 476/808/680
f 474/806/678 1350/899/783 475/807/679
f 1356/912/800 1360/913/801 1359/914/802
f 1357/915/803 1361/916/804 1360/913/801
f 1359/914/802 1363/917/805 1362/918/806
f 1360/913/801 1364/919/807 1363/917/805
f 192/148/808 477/920/809 22/149/698
f 193/147/810 1356/912/800 192/148/808
f 194/146/811 1357/915/803 193/147/810
f 194/146/811 501/921/812 1358/922/813
f 1358/922/813 502/923/814 1361/916/804
f 1361/916/804 503/924/815 1364/919/807
f 1364/919/807 2386/925/816 2385/926/817
f 1363/917/805 2385/926/817 2384/927/818
f 1362/918/806 2384/927/818 2383/928/819
f 479/824/701 2383/928/819 2382/825/702
f 478/823/700 1362/918/806 479/824/701
f 477/920/809 1359/914/802 478/823/700
f 1366/929/820 1368/930/821 1365/931/822
f 1367/932/823 1369/933/824 1366/929/820
f 1369/933/824 1371/934/825 1368/930/821
f 1370/935/826 1372/936/827 1369/933/824
f 360/937/828 498/906/794 28/13/829
f 361/17/830 1365/931/822 360/937/828
f 362/938/831 1366/929/820 361/17/830
f 29/10/719 1367/932/823 362/938/831
f 491/840/718 1370/935/826 1367/932/823
f 490/851/732 1373/939/832 1370/935/826
f 489/850/731 2421/940/833 1373/939/832
f 1373/939/832 2420/941/834 1372/936/827
f 1372/936/827 2419/942/835 1371/934/825
f 1371/934/825 2406/943/836 500/908/796
f 1368/930/821 500/908/796 499/907/795
f 1365/931/822 499/907/795 498/906/794
f 1374/944/837 1378/945/837 1377/946/837
f 1376/947/837 1378/945/837 1375/948/837
f 1377/946/837 1381/949/837 1380/950/837
f 1379/951/837 1381/949/837 1378/945/837
f 2150/952/837 1374/944/837 2422/953/837
f 143/954/837 1375/948/837 1374/944/837
f 141/693/837 1375/948/837 142/695/837
f 3/785/837 1376/947/837 141/693/837
f 473/955/837 1379/951/837 1376/947/837
f 472/956/837 1382/957/837 1379/951/837
f 471/958/837 2357/959/837 1382/957/837
f 1382/957/837 2358/960/837 1381/949/837
f 1380/950/837 2358/960/837 2359/961/837
f 2424/962/837 2359/961/837 2341/963/837
f 2423/964/837 1380/950/837 2424/962/837
f 2422/953/837 1377/946/837 2423/964/837
f 1383/965/838 1387/966/839 1386/967/840
f 1384/968/841 1388/969/842 1387/966/839
f 1386/967/840 1390/970/843 1389/971/844
f 1387/966/839 1391/972/845 1390/970/843
f 23/169/846 1383/965/838 501/921/812
f 195/168/847 1384/968/841 1383/965/838
f 196/167/848 1385/973/849 1384/968/841
f 197/166/850 504/974/851 1385/973/849
f 1385/973/849 505/975/852 1388/969/842
f 1388/969/842 506/976/853 1391/972/845
f 1391/972/845 2390/977/854 2389/978/855
f 1390/970/843 2389/978/855 2388/979/856
f 1389/971/844 2388/979/856 2387/980/857
f 503/924/815 2387/980/857 2386/925/816
f 502/923/814 1389/971/844 503/924/815
f 501/921/812 1386/967/840 502/923/814
f 1392/981/858 1396/982/859 1395/983/860
f 1393/984/861 1397/985/862 1396/982/859
f 1395/983/860 1399/986/863 1398/987/864
f 1397/985/862 1399/986/863 1396/982/859
f 18/472/865 1392/981/858 492/865/747
f 180/988/866 1393/984/861 1392/981/858
f 181/989/867 1394/990/868 1393/984/861
f 182/991/869 507/992/870 1394/990/868
f 507/992/870 1397/985/862 1394/990/868
f 508/993/871 1400/994/872 1397/985/862
f 509/995/873 2368/996/874 1400/994/872
f 1400/994/872 2367/997/875 1399/986/863
f 1398/987/864 2367/997/875 2366/998/876
f 494/867/749 2366/998/876 2365/999/750
f 493/1000/748 1398/987/864 494/867/749
f 492/865/747 1395/983/860 493/1000/748
f 1402/1001/877 1404/1002/878 1401/1003/879
f 1403/1004/880 1405/1005/881 1402/1001/877
f 1405/1005/881 1407/1006/882 1404/1002/878
f 1405/1005/881 1409/1007/883 1408/1008/884
f 215/185/885 462/767/654 21/62/653
f 214/184/886 1401/1003/879 215/185/885
f 213/183/887 1402/1001/877 214/184/886
f 30/109/695 1403/1004/880 213/183/887
f 1403/1004/880 481/831/708 1406/1009/888
f 1406/1009/888 480/829/706 1409/1007/883
f 1409/1007/883 2378/830/707 2407/1010/889
f 1408/1008/884 2407/1010/889 2408/1011/890
f 1408/1008/884 2409/1012/891 1407/1006/882
f 1407/1006/882 2377/1013/892 464/770/657
f 1404/1002/878 464/770/657 463/768/655
f 1401/1003/879 463/768/655 462/767/654
f 1410/1014/893 1414/1015/894 1413/1016/895
f 1411/1017/896 1415/1018/897 1414/1015/894
f 1414/1015/894 1416/1019/898 1413/1016/895
f 1414/1015/894 1418/1020/899 1417/1021/900
f 24/206/901 1410/1014/893 504/1022/851
f 198/205/902 1411/1017/896 1410/1014/893
f 199/204/903 1412/1023/904 1411/1017/896
f 200/203/905 461/743/625 1412/1023/904
f 1412/1023/904 460/757/639 1415/1018/897
f 1415/1018/897 459/756/638 1418/1020/899
f 459/756/638 2393/1024/906 1418/1020/899
f 1418/1020/899 2392/1025/907 1417/1021/900
f 1417/1021/900 2391/1026/908 1416/1019/898
f 1416/1019/898 2390/1027/854 506/1028/853
f 1413/1016/895 506/1028/853 505/1029/852
f 504/1022/851 1413/1016/895 505/1029/852
f 1420/1030/909 1422/1031/910 1419/1032/911
f 1421/1033/912 1423/1034/913 1420/1030/909
f 1423/1034/913 1425/1035/914 1422/1031/910
f 1424/1036/915 1426/1037/916 1423/1034/913
f 183/247/917 507/992/870 19/249/918
f 184/246/919 1419/1032/911 183/247/917
f 185/245/920 1420/1030/909 184/246/919
f 20/67/650 1421/1033/912 185/245/920
f 467/766/649 1424/1036/915 1421/1033/912
f 466/776/663 1427/1038/921 1424/1036/915
f 465/775/662 2372/1039/922 1427/1038/921
f 1427/1038/921 2371/1040/923 1426/1037/916
f 1426/1037/916 2370/1041/924 1425/1035/914
f 1425/1035/914 2369/1042/925 509/995/873
f 1422/1031/910 509/995/873 508/993/871
f 1419/1032/911 508/993/871 507/992/870
f 1428/1043/926 1432/1044/927 1431/1045/928
f 1429/1046/929 1433/1047/930 1432/1044/927
f 1431/1045/928 1435/1048/931 1434/1049/932
f 1432/1044/927 1436/1050/933 1435/1048/931
f 16/1051/934 1428/1043/926 269/310/303
f 371/1052/935 1429/1046/929 1428/1043/926
f 370/1053/936 1430/1054/937 1429/1046/929
f 369/1055/938 2447/1056/939 1430/1054/937
f 1430/1054/937 2446/1057/940 1433/1047/930
f 1433/1047/930 2445/1058/941 1436/1050/933
f 1436/1050/933 2254/841/942 303/730/943
f 1435/1048/931 303/730/943 304/1059/944
f 1434/1049/932 304/1059/944 305/1060/945
f 267/312/305 305/1060/945 2268/313/306
f 268/311/304 1434/1049/932 267/312/305
f 269/310/303 1431/1045/928 268/311/304
f 1439/1061/946 1443/1062/947 1438/1063/948
f 1440/1064/949 1437/1065/950 1439/1061/946
f 1442/1066/951 1437/1065/950 1441/1067/952
f 365/713/953 510/1068/954 25/559/955
f 364/1069/956 1438/1063/948 365/713/953
f 1438/1063/948 511/1070/957 510/1068/954
f 48/1071/513 1440/1064/949 363/1072/958
f 347/1073/512 1441/1067/952 1440/1064/949
f 363/1072/958 1439/1061/946 364/712/956
f 49/1074/525 1442/1066/951 345/516/524
f 512/562/959 1443/1062/947 1442/1066/951
f 1442/1066/951 346/1075/526 345/516/524
f 1445/1076/960 1447/1077/961 1444/1078/962
f 1446/1079/963 1448/1080/964 1445/1076/960
f 1448/1080/964 1450/1081/965 1447/1077/961
f 1449/1082/966 1451/1083/967 1448/1080/964
f 513/1084/968 486/842/969 38/841/970
f 514/1085/971 1444/1078/962 513/1084/968
f 515/1056/972 1445/1076/960 514/1085/971
f 2432/1086/973 1446/1079/963 515/1056/972
f 2433/1087/974 1449/1082/966 1446/1079/963
f 2434/1088/975 1452/1089/976 1449/1082/966
f 2435/1090/977 2450/1091/978 1452/1089/976
f 1452/1089/976 2449/1092/979 1451/1083/967
f 1451/1083/967 2448/1093/980 1450/1081/965
f 1450/1081/965 2411/1094/981 488/845/982
f 1447/1077/961 488/845/982 487/843/983
f 1444/1078/962 487/843/983 486/842/969
f 1453/1095/984 1457/1096/985 1456/1097/984
f 1454/1098/985 1458/1099/986 1457/1096/985
f 1456/1097/984 1460/1100/985 1459/1101/984
f 1457/1096/985 1461/1102/986 1460/1100/985
f 65/809/987 1453/1095/984 554/1103/987
f 439/910/985 1453/1095/984 438/911/984
f 439/910/985 1455/1104/986 1454/1098/985
f 66/943/988 1455/1104/986 440/909/986
f 1455/1104/986 550/1105/989 1458/1099/986
f 1458/1099/986 551/1106/988 1461/1102/986
f 551/1106/988 2488/1107/986 1461/1102/986
f 1460/1100/985 2488/1107/986 2487/1108/985
f 1460/1100/985 2486/1109/984 1459/1101/984
f 552/1110/987 2486/1109/984 2485/1111/987
f 553/1112/987 1459/1101/984 552/1110/987
f 1453/1095/984 553/1112/987 554/1103/987
f 1463/1113/990 1465/1114/991 1462/1115/991
f 1464/1116/992 1466/1117/990 1463/1113/990
f 1466/1117/990 1468/1118/991 1465/1114/991
f 1467/1119/992 1469/1120/990 1466/1117/990
f 423/1121/991 560/1122/993 60/825/993
f 423/1121/991 1463/1113/990 1462/1115/991
f 424/927/990 1464/1116/992 1463/1113/990
f 61/1123/994 1464/1116/992 425/1124/992
f 1464/1116/992 556/1125/994 1467/1119/992
f 556/1125/994 1470/1126/992 1467/1119/992
f 557/1127/994 2479/1128/992 1470/1126/992
f 1470/1126/992 2478/1129/990 1469/1120/990
f 1468/1118/991 2478/1129/990 2477/1130/991
f 558/1131/993 2477/1130/991 2476/1132/993
f 559/1133/993 1468/1118/991 558/1131/993
f 1462/1115/991 559/1133/993 560/1122/993
f 1472/1134/995 1474/1135/995 1471/1136/995
f 1473/1137/995 1475/1138/995 1472/1134/995
f 1474/1135/995 1478/1139/995 1477/1140/995
f 1476/1141/995 1478/1139/995 1475/1138/995
f 2362/1142/995 566/1143/996 2360/1144/997
f 2363/1145/995 1471/1136/995 2362/1142/995
f 2363/1145/995 1473/1137/995 1472/1134/995
f 2335/1146/995 1473/1137/995 2364/1147/995
f 1473/1137/995 2498/1148/995 1476/1141/995
f 2498/1148/995 1479/1149/995 1476/1141/995
f 2499/1150/995 2466/1151/995 1479/1149/995
f 1479/1149/995 2465/1152/995 1478/1139/995
f 1478/1139/995 2464/1153/995 1477/1140/995
f 1477/1140/995 2463/1154/997 564/1155/996
f 1474/1135/995 564/1155/996 565/1156/997
f 1471/1136/995 565/1156/997 566/1143/996
f 1481/1157/998 1483/1158/999 1480/1159/999
f 1482/1160/1000 1484/1161/998 1481/1157/998
f 1484/1161/998 1486/1162/999 1483/1158/999
f 1485/1163/1000 1487/1164/998 1484/1161/998
f 443/1165/999 572/1166/1001 59/1167/1001
f 442/1011/998 1480/1159/999 443/1165/999
f 442/1011/998 1482/1160/1000 1481/1157/998
f 68/1168/1002 1482/1160/1000 441/1169/1000
f 1482/1160/1000 568/1170/1002 1485/1163/1000
f 568/1170/1002 1488/1171/1000 1485/1163/1000
f 569/1172/1002 2490/1173/1000 1488/1171/1000
f 1488/1171/1000 2491/1174/998 1487/1164/998
f 1487/1164/998 2492/1175/999 1486/1162/999
f 1486/1162/999 2471/1176/1001 570/1177/1001
f 1483/1158/999 570/1177/1001 571/1178/1001
f 1480/1159/999 571/1178/1001 572/1166/1001
f 1490/1179/1003 1492/1180/1004 1489/1181/1004
f 1491/1182/1005 1493/1183/1003 1490/1179/1003
f 1492/1180/1004 1496/1184/1003 1495/1185/1004
f 1494/1186/1005 1496/1184/1003 1493/1183/1003
f 426/1187/1004 555/1188/994 61/1123/994
f 427/1189/1003 1489/1181/1004 426/1187/1004
f 428/1190/1005 1490/1179/1003 427/1189/1003
f 62/1027/1006 1491/1182/1005 428/1190/1005
f 1491/1182/1005 574/1191/1006 1494/1186/1005
f 574/1191/1006 1497/1192/1005 1494/1186/1005
f 575/1193/1006 2483/1194/1005 1497/1192/1005
f 1497/1192/1005 2482/1195/1003 1496/1184/1003
f 1496/1184/1003 2481/1196/1004 1495/1185/1004
f 557/1127/994 2481/1196/1004 2480/1197/994
f 556/1125/994 1495/1185/1004 557/1127/994
f 555/1188/994 1492/1180/1004 556/1125/994
f 1499/1198/1007 1501/1199/1008 1498/1200/1008
f 1499/1198/1007 1503/1201/1009 1502/1202/1007
f 1501/1199/1008 1505/1203/1007 1504/1204/1008
f 1503/1201/1009 1505/1203/1007 1502/1202/1007
f 516/1093/1008 578/1205/1010 69/1094/1010
f 517/1092/1007 1498/1200/1008 516/1093/1008
f 518/1091/1009 1499/1198/1007 517/1092/1007
f 518/1091/1009 566/1206/996 1500/1207/1009
f 566/1206/996 1503/1201/1009 1500/1207/1009
f 1503/1201/1009 564/1208/996 1506/1209/1009
f 564/1208/996 2496/1210/1009 1506/1209/1009
f 1505/1203/1007 2496/1210/1009 2495/1211/1007
f 1505/1203/1007 2494/1212/1008 1504/1204/1008
f 1504/1204/1008 2493/1213/1010 576/1214/1010
f 577/1215/1010 1504/1204/1008 576/1214/1010
f 578/1205/1010 1501/1199/1008 577/1215/1010
f 1508/1216/1011 1510/1217/1011 1507/1218/1011
f 1509/1219/1011 1511/1220/1011 1508/1216/1011
f 1511/1220/1011 1513/1221/1011 1510/1217/1011
f 1512/1222/1011 1514/1223/1011 1511/1220/1011
f 2337/1224/1011 561/1225/1011 2334/1226/1011
f 2338/1227/1011 1507/1218/1011 2337/1224/1011
f 2338/1227/1011 1509/1219/1011 1508/1216/1011
f 2339/1228/1011 2500/1229/1011 1509/1219/1011
f 2500/1229/1011 1512/1222/1011 1509/1219/1011
f 2501/1230/1011 1515/1231/1011 1512/1222/1011
f 2502/1232/1011 2455/1233/1011 1515/1231/1011
f 1514/1223/1011 2455/1233/1011 2454/1234/1011
f 1513/1221/1011 2454/1234/1011 2453/1235/1011
f 563/1236/1011 2453/1235/1011 2451/1237/1011
f 1510/1217/1011 563/1236/1011 562/1238/1011
f 561/1225/1011 1510/1217/1011 562/1238/1011
f 1517/1239/1012 1519/1240/1013 1516/1241/1013
f 1518/1242/1014 1520/1243/1012 1517/1239/1012
f 1520/1243/1012 1522/1244/1013 1519/1240/1013
f 1520/1243/1012 1524/1245/1014 1523/1246/1012
f 58/774/1015 1516/1241/1013 582/1247/1015
f 417/1248/1013 1517/1239/1012 1516/1241/1013
f 419/1249/1014 1517/1239/1012 418/772/1012
f 59/1167/1001 1518/1242/1014 419/1249/1014
f 572/1166/1001 1521/1250/1014 1518/1242/1014
f 571/1178/1001 1524/1245/1014 1521/1250/1014
f 1524/1245/1014 2471/1176/1001 2470/1251/1014
f 1524/1245/1014 2469/1252/1012 1523/1246/1012
f 1522/1244/1013 2469/1252/1012 2468/1253/1013
f 584/1254/1015 2468/1253/1013 2467/1255/1015
f 1519/1240/1013 584/1254/1015 583/1256/1015
f 1516/1241/1013 583/1256/1015 582/1247/1015
f 1525/1257/1016 1529/1258/1017 1528/1259/1016
f 1527/1260/1018 1529/1258/1017 1526/1261/1017
f 1528/1259/1016 1532/1262/1017 1531/1263/1016
f 1530/1264/1018 1532/1262/1017 1529/1258/1017
f 420/1265/1016 567/1266/1002 68/1168/1002
f 421/1267/1017 1525/1257/1016 420/1265/1016
f 422/1268/1018 1526/1261/1017 421/1267/1017
f 60/825/993 1527/1260/1018 422/1268/1018
f 560/1122/993 1530/1264/1018 1527/1260/1018
f 1530/1264/1018 558/1131/993 1533/1269/1018
f 558/1131/993 2475/1270/1018 1533/1269/1018
f 1533/1269/1018 2474/1271/1017 1532/1262/1017
f 1532/1262/1017 2473/1272/1016 1531/1263/1016
f 569/1172/1002 2473/1272/1016 2472/1273/1002
f 1528/1259/1016 569/1172/1002 568/1170/1002
f 1525/1257/1016 568/1170/1002 567/1266/1002
f 1535/1274/1019 1537/1275/1019 1534/1276/1019
f 1536/1277/1019 1538/1278/1019 1535/1274/1019
f 1538/1278/1019 1540/1279/1019 1537/1275/1019
f 1539/1280/1019 1541/1281/1019 1538/1278/1019
f 407/961/1019 579/1282/1019 51/963/1019
f 406/960/1019 1534/1276/1019 407/961/1019
f 405/959/1019 1535/1274/1019 406/960/1019
f 405/959/1019 2505/1283/1019 1536/1277/1019
f 2505/1283/1019 1539/1280/1019 1536/1277/1019
f 2504/1284/1019 1542/1285/1019 1539/1280/1019
f 2503/1286/1019 2460/1287/1019 1542/1285/1019
f 1542/1285/1019 2461/1288/1019 1541/1281/1019
f 1541/1281/1019 2462/1289/1019 1540/1279/1019
f 581/1290/1019 2462/1289/1019 2457/1291/1019
f 1537/1275/1019 581/1290/1019 580/1292/1019
f 1534/1276/1019 580/1292/1019 579/1282/1019
f 1825/1915/578 1829/1916/578 1824/1917/578
f 1827/1918/578 1825/1915/578 1826/1919/578
f 1828/1920/578 1823/1921/578 1827/1918/578
f 2731/1922/578 789/1923/578 2725/1924/578
f 2730/1925/578 1824/1917/578 2731/1922/578
f 1824/1917/578 790/1926/578 789/1923/578
f 369/1055/938 2729/1927/578 2431/1086/1105
f 370/1053/936 1826/1919/578 369/1055/938
f 1826/1919/578 2730/1928/578 2729/1927/578
f 16/1929/934 1828/1920/578 371/1930/935
f 791/1931/578 1829/1916/578 1828/1920/578
f 371/1930/935 1827/1918/578 370/1053/936
f 1832/1932/578 1836/1933/578 1831/1934/578
f 1834/1935/578 1832/1932/578 1833/1936/578
f 1835/1937/578 1830/1938/578 1834/1935/578
f 789/1939/578 792/1940/578 2725/1924/578
f 789/1939/578 1832/1932/578 1831/1934/578
f 1831/1934/578 793/1941/578 792/1940/578
f 176/309/578 791/1931/578 16/1929/934
f 175/1942/578 1833/1936/578 176/309/578
f 1833/1936/578 790/1943/578 791/1931/578
f 15/305/578 1835/1937/578 174/1944/578
f 794/1945/578 1836/1933/578 1835/1937/578
f 174/1944/578 1834/1935/578 175/1942/578
f 1838/1946/578 1837/1947/578 1843/1948/578
f 1841/1949/578 1839/1950/578 1840/1951/578
f 1842/1952/578 1837/1947/578 1841/1949/578
f 2725/1924/578 1838/1946/578 795/1953/578
f 792/1954/578 1839/1950/578 1838/1946/578
f 1838/1946/578 796/1955/578 795/1953/578
f 173/1956/578 794/1957/578 15/305/578
f 172/1958/578 1840/1951/578 173/1956/578
f 1840/1951/578 793/1959/578 794/1957/578
f 14/259/578 1842/1952/578 171/1960/578
f 797/1961/578 1843/1948/578 1842/1952/578
f 171/1960/578 1841/1949/578 172/1958/578
f 1845/1962/578 1844/1963/578 1850/1964/578
f 1847/1965/578 1844/1963/578 1846/1966/578
f 1850/1964/578 1848/1967/578 1849/1968/578
f 2725/1924/578 1845/1962/578 798/1969/578
f 795/1970/578 1846/1966/578 1845/1962/578
f 798/1969/578 1850/1964/578 799/1971/578
f 14/259/578 1847/1965/578 797/1972/578
f 170/1973/578 1848/1967/578 1847/1965/578
f 797/1972/578 1846/1966/578 796/1974/578
f 800/1975/578 168/442/578 13/1976/578
f 799/1971/578 1849/1968/578 800/1975/578
f 1849/1968/578 169/1977/578 168/442/578
f 1852/1978/1106 1854/1979/1106 1851/1980/1106
f 1853/1981/1106 1855/1982/1106 1852/1978/1106
f 1855/1982/1106 1857/1983/1106 1854/1979/1106
f 1856/1984/1106 1858/1985/1106 1855/1982/1106
f 2724/1986/1106 1851/1980/1106 2734/1987/1106
f 2727/1988/1106 1851/1980/1106 2726/1989/1106
f 2728/1990/1106 1852/1978/1106 2727/1988/1106
f 1/952/1106 1853/1981/1106 2728/1990/1106
f 453/1991/1106 1856/1984/1106 1853/1981/1106
f 454/1992/1106 1859/1993/1106 1856/1984/1106
f 455/1994/1106 398/1228/1106 1859/1993/1106
f 1859/1993/1106 397/1227/1106 1858/1985/1106
f 1858/1985/1106 396/1224/1106 1857/1983/1106
f 2732/1995/1106 396/1224/1106 2336/1226/1106
f 2733/1996/1106 1857/1983/1106 2732/1995/1106
f 2734/1987/1106 1854/1979/1106 2733/1996/1106
f 1861/1997/1107 1863/1998/1107 1860/1999/1107
f 1862/2000/1107 1864/2001/1107 1861/1997/1107
f 1864/2001/1107 1866/2002/1107 1863/1998/1107
f 1865/2003/1107 1867/2004/1107 1864/2001/1107
f 4/1086/1108 1860/1999/1107 483/2005/1107
f 787/1928/1107 1860/1999/1107 786/1927/1107
f 788/1922/1108 1861/1997/1107 787/1928/1107
f 84/1986/1107 1862/2000/1107 788/1922/1108
f 803/2006/1107 1865/2003/1107 1862/2000/1107
f 802/2007/1107 1868/2008/1107 1865/2003/1107
f 801/2009/1107 410/1147/1107 1868/2008/1107
f 1868/2008/1107 409/1145/1108 1867/2004/1107
f 1867/2004/1107 408/1142/1107 1866/2002/1107
f 485/2010/1107 408/1142/1107 54/1144/1107
f 484/2011/1107 1866/2002/1107 485/2010/1107
f 483/2005/1107 1863/1998/1107 484/2011/1107
f 1869/2012/1109 1873/2013/1110 1872/2014/1111
f 1870/2015/1112 1874/2016/1113 1873/2013/1110
f 1872/2014/1111 1876/2017/1114 1875/2018/1115
f 1873/2013/1110 1877/2019/1116 1876/2017/1114
f 56/868/1117 1869/2012/1109 833/2020/1118
f 411/2021/1119 1870/2015/1112 1869/2012/1109
f 412/2022/1120 1871/2023/1121 1870/2015/1112
f 413/2024/1122 828/2025/1123 1871/2023/1121
f 1871/2023/1121 829/2026/1123 1874/2016/1113
f 1874/2016/1113 830/2027/1124 1877/2019/1116
f 1877/2019/1116 2718/2028/1124 2717/2029/1125
f 1876/2017/1114 2717/2029/1125 2716/2030/1126
f 1875/2018/1115 2716/2030/1126 2715/2031/1127
f 831/2032/1128 2715/2031/1127 2714/2033/1129
f 832/2034/1130 1875/2018/1115 831/2032/1128
f 833/2020/1118 1872/2014/1111 832/2034/1130
f 1879/2035/1131 1881/2036/1132 1878/2037/1132
f 1880/2038/1133 1882/2039/1131 1879/2035/1131
f 1881/2036/1132 1885/2040/1131 1884/2041/1132
f 1882/2039/1131 1886/2042/1133 1885/2040/1131
f 67/849/1134 1878/2037/1132 836/2043/1134
f 446/848/1132 1879/2035/1131 1878/2037/1132
f 444/846/1133 1879/2035/1131 445/847/1131
f 69/1094/1010 1880/2038/1133 444/846/1133
f 1880/2038/1133 577/1215/1010 1883/2044/1133
f 577/1215/1010 1886/2042/1133 1883/2044/1133
f 576/1214/1010 2753/2045/1133 1886/2042/1133
f 1886/2042/1133 2754/2046/1131 1885/2040/1131
f 1884/2041/1132 2754/2046/1131 2755/2047/1132
f 834/2048/1134 2755/2047/1132 2756/2049/1134
f 835/2050/1134 1884/2041/1132 834/2048/1134
f 1878/2037/1132 835/2050/1134 836/2043/1134
f 1887/2051/1135 1891/2052/1136 1890/2053/1135
f 1888/2054/1136 1892/2055/1137 1891/2052/1136
f 1891/2052/1136 1893/2056/1135 1890/2053/1135
f 1892/2055/1137 1894/2057/1136 1891/2052/1136
f 62/1027/1006 1887/2051/1135 573/2058/1006
f 429/1026/1135 1888/2054/1136 1887/2051/1135
f 430/1025/1136 1889/2059/1137 1888/2054/1136
f 431/1024/1137 837/2060/1138 1889/2059/1137
f 837/2060/1138 1892/2055/1137 1889/2059/1137
f 1892/2055/1137 839/2061/1138 1895/2062/1137
f 839/2061/1138 2749/2063/1137 1895/2062/1137
f 1895/2062/1137 2748/2064/1136 1894/2057/1136
f 1894/2057/1136 2747/2065/1135 1893/2056/1135
f 1893/2056/1135 2484/2066/1006 575/1193/1006
f 1890/2053/1135 575/1193/1006 574/1191/1006
f 573/2058/1006 1890/2053/1135 574/1191/1006
f 1897/2067/1139 1899/2068/1140 1896/2069/1140
f 1897/2067/1139 1901/2070/1141 1900/2071/1139
f 1900/2071/1139 1902/2072/1140 1899/2068/1140
f 1901/2070/1141 1903/2073/1139 1900/2071/1139
f 57/2074/1123 1896/2069/1140 828/2025/1123
f 414/2075/1140 1897/2067/1139 1896/2069/1140
f 415/2076/1139 1898/2077/1141 1897/2067/1139
f 58/774/1015 1898/2077/1141 416/2078/1141
f 582/1247/1015 1901/2070/1141 1898/2077/1141
f 1901/2070/1141 584/1254/1015 1904/2079/1141
f 1904/2079/1141 2467/1255/1015 2746/2080/1141
f 1904/2079/1141 2745/2081/1139 1903/2073/1139
f 1903/2073/1139 2744/2082/1140 1902/2072/1140
f 1902/2072/1140 2718/2028/1124 830/2027/1124
f 1899/2068/1140 830/2027/1124 829/2026/1123
f 1896/2069/1140 829/2026/1123 828/2025/1123
f 1905/2083/1142 1909/2084/1142 1908/2085/1142
f 1907/2086/1142 1909/2084/1142 1906/2087/1142
f 1909/2084/1142 1911/2088/1142 1908/2085/1142
f 1910/2089/1142 1912/2090/1142 1909/2084/1142
f 401/793/1142 587/2091/1142 53/795/1142
f 400/792/1142 1905/2083/1142 401/793/1142
f 399/791/1142 1906/2087/1142 400/792/1142
f 399/791/1142 2763/2092/1142 1907/2086/1142
f 2763/2092/1142 1910/2089/1142 1907/2086/1142
f 1910/2089/1142 2765/2093/1142 1913/2094/1142
f 2765/2093/1142 2737/2095/1142 1913/2094/1142
f 1913/2094/1142 2738/2096/1142 1912/2090/1142
f 1912/2090/1142 2739/2097/1142 1911/2088/1142
f 1911/2088/1142 2459/2098/1142 585/2099/1142
f 1908/2085/1142 585/2099/1142 586/2100/1142
f 1905/2083/1142 586/2100/1142 587/2091/1142
f 1914/2101/1143 1918/2102/1144 1917/2103/1145
f 1915/2104/1146 1919/2105/1147 1918/2102/1144
f 1917/2103/1145 1921/2106/1148 1920/2107/1149
f 1918/2102/1144 1922/2108/1150 1921/2106/1148
f 55/873/1151 1914/2101/1143 590/2109/1152
f 447/871/1153 1915/2104/1146 1914/2101/1143
f 448/870/1154 1916/2110/1155 1915/2104/1146
f 449/869/1156 833/2020/1118 1916/2110/1155
f 1916/2110/1155 832/2034/1130 1919/2105/1147
f 1919/2105/1147 831/2032/1128 1922/2108/1150
f 1922/2108/1150 2714/2033/1129 2759/2111/1157
f 1921/2106/1148 2759/2111/1157 2758/2112/1158
f 1920/2107/1149 2758/2112/1158 2757/2113/1159
f 588/2114/1160 2757/2113/1159 2740/2115/1161
f 589/2116/1162 1920/2107/1149 588/2114/1160
f 590/2109/1152 1917/2103/1145 589/2116/1162
f 1924/2117/1163 1926/2118/1164 1923/2119/1164
f 1924/2117/1163 1928/2120/1165 1927/2121/1163
f 1927/2121/1163 1929/2122/1164 1926/2118/1164
f 1927/2121/1163 1931/2123/1165 1930/2124/1163
f 63/755/1138 1923/2119/1164 837/2060/1138
f 433/753/1163 1923/2119/1164 432/754/1164
f 433/753/1163 1925/2125/1165 1924/2117/1163
f 434/752/1165 843/2126/1166 1925/2125/1165
f 1925/2125/1165 844/2127/1166 1928/2120/1165
f 1928/2120/1165 845/2128/1166 1931/2123/1165
f 845/2128/1166 2722/2129/1165 1931/2123/1165
f 1931/2123/1165 2721/2130/1163 1930/2124/1163
f 1930/2124/1163 2720/2131/1164 1929/2122/1164
f 1929/2122/1164 2719/2132/1138 839/2061/1138
f 838/2133/1138 1929/2122/1164 839/2061/1138
f 1923/2119/1164 838/2133/1138 837/2060/1138
f 1932/2134/1167 1936/2135/1168 1935/2136/1169
f 1933/2137/1170 1937/2138/1171 1936/2135/1168
f 1935/2136/1169 1939/2139/1172 1938/2140/1173
f 1936/2135/1168 1940/2141/1174 1939/2139/1172
f 52/895/1175 1932/2134/1167 840/2142/1176
f 404/893/1177 1933/2137/1170 1932/2134/1167
f 403/2143/1178 1934/2144/1179 1933/2137/1170
f 402/2145/1180 590/2146/1152 1934/2144/1179
f 1934/2144/1179 589/2147/1162 1937/2138/1171
f 1937/2138/1171 588/2148/1160 1940/2141/1174
f 1940/2141/1174 2740/2149/1161 2741/2150/1181
f 1939/2139/1172 2741/2150/1181 2742/2151/1182
f 1938/2140/1173 2742/2151/1182 2743/2152/1183
f 842/2153/1184 2743/2152/1183 2736/2154/1185
f 841/2155/1186 1938/2140/1173 842/2153/1184
f 840/2142/1176 1935/2136/1169 841/2155/1186
f 1942/2156/1187 1944/2157/1188 1941/2158/1188
f 1943/2159/1189 1945/2160/1187 1942/2156/1187
f 1944/2157/1188 1948/2161/1187 1947/2162/1188
f 1945/2160/1187 1949/2163/1189 1948/2161/1187
f 66/943/988 1941/2158/1188 549/2164/988
f 450/942/1188 1942/2156/1187 1941/2158/1188
f 451/941/1187 1943/2159/1189 1942/2156/1187
f 452/940/1189 836/2043/1134 1943/2159/1189
f 836/2043/1134 1946/2165/1189 1943/2159/1189
f 835/2050/1134 1949/2163/1189 1946/2165/1189
f 834/2048/1134 2762/2166/1189 1949/2163/1189
f 1948/2161/1187 2762/2166/1189 2761/2167/1187
f 1948/2161/1187 2760/2168/1188 1947/2162/1188
f 1947/2162/1188 2489/2169/989 551/1106/988
f 550/1105/989 1947/2162/1188 551/1106/988
f 1941/2158/1188 550/1105/989 549/2164/988
f 1951/2170/1190 1953/2171/1191 1950/2172/1191
f 1951/2170/1190 1955/2173/1192 1954/2174/1190
f 1953/2171/1191 1957/2175/1190 1956/2176/1191
f 1954/2174/1190 1958/2177/1192 1957/2175/1190
f 64/751/1166 1950/2172/1191 843/2126/1166
f 435/812/1191 1951/2170/1190 1950/2172/1191
f 437/810/1192 1951/2170/1190 436/811/1190
f 65/809/987 1952/2178/1192 437/810/1192
f 1952/2178/1192 553/1112/987 1955/2173/1192
f 1955/2173/1192 552/1110/987 1958/2177/1192
f 552/1110/987 2752/2179/1192 1958/2177/1192
f 1958/2177/1192 2751/2180/1190 1957/2175/1190
f 1957/2175/1190 2750/2181/1191 1956/2176/1191
f 845/2128/1166 2750/2181/1191 2723/2182/1166
f 844/2127/1166 1956/2176/1191 845/2128/1166
f 1950/2172/1191 844/2127/1166 843/2126/1166
f 1959/2183/578 1963/2184/578 1962/2185/578
f 1960/2186/578 1964/2187/578 1963/2184/578
f 1962/2185/578 1966/2188/578 1965/2189/578
f 1963/2184/578 1967/2190/578 1966/2188/578
f 798/2191/578 783/2192/578 2725/2193/578
f 799/2194/578 1959/2183/578 798/2191/578
f 800/2195/578 1960/2186/578 799/2194/578
f 800/2195/578 167/2196/578 1961/2197/578
f 1961/2197/578 166/2198/578 1964/2187/578
f 1964/2187/578 165/2199/578 1967/2190/578
f 1967/2190/578 12/2200/578 392/2201/578
f 1966/2188/578 392/2201/578 391/2202/578
f 1965/2189/578 391/2202/578 390/2203/578
f 785/2204/578 390/2203/578 2149/2205/578
f 784/2206/578 1965/2189/578 785/2204/578
f 783/2192/578 1962/2185/578 784/2206/578
f 1969/2207/1020 1968/2208/1020 1974/2209/1020
f 1971/2210/1020 1968/2208/1020 1970/2211/1020
f 1974/2209/1020 1972/2212/1020 1973/2213/1020
f 83/2214/1020 1969/2207/1020 848/2215/1020
f 546/2216/1020 1970/2211/1020 1969/2207/1020
f 848/2215/1020 1974/2209/1020 847/2217/1020
f 73/2218/1020 1971/2210/1020 548/2219/1020
f 525/2220/1020 1972/2212/1020 1971/2210/1020
f 548/2219/1020 1970/2211/1020 547/2221/1020
f 846/2222/1020 527/2223/1020 70/2224/1020
f 847/2225/1020 1973/2213/1020 846/2222/1020
f 1973/2213/1020 526/2226/1020 527/2223/1020
f 1976/2227/1020 1975/2228/1020 1981/2229/1020
f 1979/2230/1020 1977/2231/1020 1978/2232/1020
f 1980/2233/1020 1975/2228/1020 1979/2230/1020
f 848/2215/1020 819/2234/1020 83/2214/1020
f 848/2215/1020 1977/2231/1020 1976/2227/1020
f 1976/2227/1020 820/2235/1020 819/2234/1020
f 851/2236/1020 846/2237/1020 70/2224/1020
f 850/2238/1020 1978/2232/1020 851/2236/1020
f 1978/2232/1020 847/2239/1020 846/2237/1020
f 122/2240/1020 1980/2233/1020 849/2241/1020
f 821/2242/1020 1981/2229/1020 1980/2233/1020
f 849/2241/1020 1979/2230/1020 850/2243/1020
f 1984/2244/1020 1988/2245/1020 1983/2246/1020
f 1985/2247/1020 1982/2248/1020 1984/2244/1020
f 1987/2249/1020 1982/2248/1020 1986/2250/1020
f 854/2251/1020 851/2236/1020 70/2224/1020
f 853/2252/1020 1983/2246/1020 854/2251/1020
f 1983/2246/1020 850/2253/1020 851/2236/1020
f 81/2254/1020 1985/2247/1020 852/2255/1020
f 825/2256/1020 1986/2250/1020 1985/2247/1020
f 852/2255/1020 1984/2244/1020 853/2257/1020
f 849/2258/1020 827/2259/1020 122/2260/1020
f 850/2238/1020 1987/2249/1020 849/2258/1020
f 1987/2249/1020 826/2261/1020 827/2259/1020
f 1991/2262/1020 1995/2263/1020 1990/2264/1020
f 1992/2265/1020 1989/2266/1020 1991/2262/1020
f 1995/2263/1020 1993/2267/1020 1994/2268/1020
f 857/2269/1020 854/2251/1020 70/2224/1020
f 856/2270/1020 1990/2264/1020 857/2269/1020
f 1990/2264/1020 853/2257/1020 854/2251/1020
f 80/2271/1020 1992/2265/1020 855/2272/1020
f 540/2273/1020 1993/2267/1020 1992/2265/1020
f 855/2272/1020 1991/2262/1020 856/2270/1020
f 852/2255/1020 542/2274/1020 81/2275/1020
f 853/2252/1020 1994/2268/1020 852/2255/1020
f 1994/2268/1020 541/2276/1020 542/2274/1020
f 1998/2277/1020 2002/2278/1020 1997/2279/1020
f 1999/2280/1020 1996/2281/1020 1998/2277/1020
f 2002/2278/1020 2000/2282/1020 2001/2283/1020
f 860/2284/1020 857/2285/1020 70/2224/1020
f 859/2286/1020 1997/2279/1020 860/2284/1020
f 1997/2279/1020 856/2287/1020 857/2285/1020
f 121/2288/1020 1999/2280/1020 858/2289/1020
f 816/2290/1020 2000/2282/1020 1999/2280/1020
f 858/2289/1020 1998/2277/1020 859/2291/1020
f 855/2272/1020 818/2292/1020 80/2271/1020
f 856/2270/1020 2001/2283/1020 855/2272/1020
f 2001/2283/1020 817/2293/1020 818/2292/1020
f 2004/2294/1020 2003/2295/1020 2009/2296/1020
f 2007/2297/1020 2005/2298/1020 2006/2299/1020
f 2008/2300/1020 2003/2295/1020 2007/2297/1020
f 70/2224/1020 2004/2294/1020 860/2301/1020
f 863/2302/1020 2005/2298/1020 2004/2294/1020
f 2004/2294/1020 859/2303/1020 860/2301/1020
f 780/2304/1020 861/2305/1020 120/2306/1020
f 781/2307/1020 2006/2299/1020 780/2304/1020
f 2006/2299/1020 862/2308/1020 861/2305/1020
f 121/2309/1020 2008/2300/1020 782/2310/1020
f 858/2289/1020 2009/2296/1020 2008/2300/1020
f 782/2310/1020 2007/2297/1020 781/2307/1020
f 2010/2311/1020 2014/2312/1020 2013/2313/1020
f 2011/2314/1020 2015/2315/1020 2014/2312/1020
f 2013/2313/1020 2017/2316/1020 2016/2317/1020
f 2014/2312/1020 2018/2318/1020 2017/2316/1020
f 117/2319/1020 2010/2311/1020 804/2320/1020
f 809/2321/1020 2011/2314/1020 2010/2311/1020
f 808/2322/1020 2012/2323/1020 2011/2314/1020
f 807/2324/1020 822/2325/1020 2012/2323/1020
f 2012/2323/1020 823/2326/1020 2015/2315/1020
f 2015/2315/1020 824/2327/1020 2018/2318/1020
f 2018/2318/1020 118/2328/1020 866/2329/1020
f 2017/2316/1020 866/2329/1020 865/2330/1020
f 2016/2317/1020 865/2330/1020 864/2331/1020
f 806/2332/1020 864/2331/1020 72/2333/1020
f 805/2334/1020 2016/2317/1020 806/2332/1020
f 804/2320/1020 2013/2313/1020 805/2334/1020
f 2021/2335/1020 2025/2336/1020 2020/2337/1020
f 2023/2338/1020 2021/2335/1020 2022/2339/1020
f 2024/2340/1020 2019/2341/1020 2023/2338/1020
f 864/2331/1020 869/2342/1020 72/2333/1020
f 864/2331/1020 2021/2335/1020 2020/2337/1020
f 2020/2337/1020 868/2343/1020 869/2342/1020
f 777/2344/1020 866/2329/1020 118/2345/1020
f 778/2346/1020 2022/2339/1020 777/2344/1020
f 2022/2339/1020 865/2347/1020 866/2329/1020
f 119/2348/1020 2024/2340/1020 779/2349/1020
f 867/2350/1020 2025/2336/1020 2024/2340/1020
f 779/2349/1020 2023/2338/1020 778/2351/1020
f 2028/2352/1020 2032/2353/1020 2027/2354/1020
f 2030/2355/1020 2028/2352/1020 2029/2356/1020
f 2031/2357/1020 2026/2358/1020 2030/2355/1020
f 869/2342/1020 872/2359/1020 72/2333/1020
f 869/2342/1020 2028/2352/1020 2027/2354/1020
f 2027/2354/1020 871/2360/1020 872/2359/1020
f 810/2361/1020 867/2362/1020 119/2363/1020
f 811/2364/1020 2029/2356/1020 810/2361/1020
f 2029/2356/1020 868/2365/1020 867/2362/1020
f 75/2366/1020 2031/2357/1020 812/2367/1020
f 870/2368/1020 2032/2353/1020 2031/2357/1020
f 812/2367/1020 2030/2355/1020 811/2364/1020
f 2035/2369/1020 2039/2370/1020 2034/2371/1020
f 2036/2372/1020 2033/2373/1020 2035/2369/1020
f 2039/2370/1020 2037/2374/1020 2038/2375/1020
f 872/2376/1020 875/2377/1020 72/2333/1020
f 871/2378/1020 2034/2371/1020 872/2376/1020
f 875/2377/1020 2039/2370/1020 874/2379/1020
f 528/2380/1020 870/2368/1020 75/2381/1020
f 528/2380/1020 2037/2374/1020 2036/2372/1020
f 870/2368/1020 2035/2369/1020 871/2382/1020
f 873/2383/1020 530/2384/1020 76/2385/1020
f 874/2386/1020 2038/2375/1020 873/2383/1020
f 2038/2375/1020 529/2387/1020 530/2384/1020
f 2041/2388/1020 2043/2389/1020 2040/2390/1020
f 2042/2391/1020 2044/2392/1020 2041/2388/1020
f 2043/2389/1020 2047/2393/1020 2046/2394/1020
f 2044/2392/1020 2048/2395/1020 2047/2393/1020
f 875/2396/1020 522/2397/1020 72/2333/1020
f 874/2398/1020 2040/2390/1020 875/2396/1020
f 873/2399/1020 2041/2388/1020 874/2398/1020
f 76/2400/1020 2042/2391/1020 873/2399/1020
f 545/2401/1020 2045/2402/1020 2042/2391/1020
f 2045/2402/1020 543/2403/1020 2048/2395/1020
f 2048/2395/1020 82/2404/1020 878/2405/1020
f 2047/2393/1020 878/2405/1020 877/2406/1020
f 2046/2394/1020 877/2406/1020 876/2407/1020
f 524/2408/1020 876/2407/1020 71/2409/1020
f 523/2410/1020 2046/2394/1020 524/2408/1020
f 2040/2390/1020 523/2410/1020 522/2397/1020
f 2051/2411/1020 2055/2412/1020 2050/2413/1020
f 2053/2414/1020 2051/2411/1020 2052/2415/1020
f 2054/2416/1020 2049/2417/1020 2053/2414/1020
f 876/2407/1020 881/2418/1020 71/2409/1020
f 876/2407/1020 2051/2411/1020 2050/2413/1020
f 2050/2413/1020 880/2419/1020 881/2418/1020
f 531/2420/1020 878/2421/1020 82/2422/1020
f 532/2423/1020 2052/2415/1020 531/2420/1020
f 2052/2415/1020 877/2424/1020 878/2421/1020
f 879/2425/1020 533/2426/1020 77/2427/1020
f 879/2425/1020 2055/2412/1020 2054/2416/1020
f 533/2426/1020 2053/2414/1020 532/2423/1020
f 2058/2428/1020 2062/2429/1020 2057/2430/1020
f 2059/2431/1020 2056/2432/1020 2058/2428/1020
f 2062/2429/1020 2060/2433/1020 2061/2434/1020
f 881/2435/1020 884/2436/1020 71/2409/1020
f 880/2419/1020 2057/2430/1020 881/2435/1020
f 884/2436/1020 2062/2429/1020 883/2437/1020
f 77/2427/1020 2059/2431/1020 879/2438/1020
f 534/2439/1020 2060/2433/1020 2059/2431/1020
f 879/2438/1020 2058/2428/1020 880/2440/1020
f 882/2441/1020 536/2442/1020 78/2443/1020
f 883/2444/1020 2061/2434/1020 882/2441/1020
f 2061/2434/1020 535/2445/1020 536/2442/1020
f 2065/2446/1020 2069/2447/1020 2064/2448/1020
f 2066/2449/1020 2063/2450/1020 2065/2446/1020
f 2069/2447/1020 2067/2451/1020 2068/2452/1020
f 884/2453/1020 887/2454/1020 71/2409/1020
f 883/2455/1020 2064/2448/1020 884/2453/1020
f 887/2454/1020 2069/2447/1020 886/2456/1020
f 78/2457/1020 2066/2449/1020 882/2441/1020
f 537/2458/1020 2067/2451/1020 2066/2449/1020
f 882/2441/1020 2065/2446/1020 883/2455/1020
f 885/2459/1020 539/2460/1020 79/2461/1020
f 886/2462/1020 2068/2452/1020 885/2459/1020
f 2068/2452/1020 538/2463/1020 539/2460/1020
f 2071/2464/1020 2073/2465/1020 2070/2466/1020
f 2072/2467/1020 2074/2468/1020 2071/2464/1020
f 2074/2468/1020 2076/2469/1020 2073/2465/1020
f 2075/2470/1020 2077/2471/1020 2074/2468/1020
f 120/2472/1020 2070/2466/1020 815/2473/1020
f 861/2474/1020 2071/2464/1020 2070/2466/1020
f 862/2308/1020 2072/2467/1020 2071/2464/1020
f 863/2475/1020 519/2476/1020 2072/2467/1020
f 519/2476/1020 2075/2470/1020 2072/2467/1020
f 520/2477/1020 2078/2478/1020 2075/2470/1020
f 521/2479/1020 887/2480/1020 2078/2478/1020
f 2078/2478/1020 886/2462/1020 2077/2471/1020
f 2077/2471/1020 885/2481/1020 2076/2469/1020
f 2076/2469/1020 79/2461/1020 813/2482/1020
f 2073/2465/1020 813/2482/1020 814/2483/1020
f 2070/2466/1020 814/2483/1020 815/2473/1020
f 2079/2484/1020 2083/2485/1020 2082/2486/1020
f 2080/2487/1020 2084/2488/1020 2083/2485/1020
f 2082/2486/1020 2086/2489/1020 2085/2490/1020
f 2083/2485/1020 2087/2491/1020 2086/2489/1020
f 127/2492/1020 2079/2484/1020 929/2493/1020
f 900/2494/1020 2080/2487/1020 2079/2484/1020
f 901/2495/1020 2081/2496/1020 2080/2487/1020
f 902/2497/1020 924/2498/1193 2081/2496/1020
f 2081/2496/1020 925/2499/1193 2084/2488/1020
f 2084/2488/1020 926/2500/1193 2087/2491/1020
f 2087/2491/1020 134/2501/1193 920/2502/1020
f 2086/2489/1020 920/2502/1020 919/2503/1020
f 2085/2490/1020 919/2503/1020 918/2504/1020
f 927/2505/1020 918/2504/1020 133/2506/1020
f 928/2507/1020 2085/2490/1020 927/2505/1020
f 929/2493/1020 2082/2486/1020 928/2507/1020
f 2089/2508/578 2091/2509/578 2088/2510/578
f 2090/2511/578 2092/2512/578 2089/2508/578
f 2092/2512/578 2094/2513/578 2091/2509/578
f 2093/2514/578 2095/2515/578 2092/2512/578
f 891/2516/578 935/2517/578 125/2518/578
f 892/2519/578 2088/2510/578 891/2516/578
f 893/2520/578 2089/2508/578 892/2519/578
f 123/2521/1194 2090/2511/578 893/2520/578
f 930/2522/1195 2093/2514/578 2090/2511/578
f 931/2523/1195 2096/2524/578 2093/2514/578
f 932/2525/1195 911/2526/578 2096/2524/578
f 2096/2524/578 910/2527/578 2095/2515/578
f 2095/2515/578 909/2528/578 2094/2513/578
f 2094/2513/578 131/2529/578 933/2530/578
f 2091/2509/578 933/2530/578 934/2531/578
f 2088/2510/578 934/2531/578 935/2517/578
f 2098/2532/578 2100/2533/578 2097/2534/578
f 2099/2535/578 2101/2536/578 2098/2532/578
f 2101/2536/578 2103/2537/578 2100/2533/578
f 2102/2538/578 2104/2539/578 2101/2536/578
f 890/2540/578 938/2541/1196 124/2542/1197
f 889/2543/578 2097/2534/578 890/2540/578
f 888/2544/578 2098/2532/578 889/2543/578
f 125/2518/578 2099/2535/578 888/2544/578
f 935/2517/578 2102/2538/578 2099/2535/578
f 934/2531/578 2105/2545/578 2102/2538/578
f 933/2546/578 906/2547/578 2105/2545/578
f 2105/2545/578 907/2548/578 2104/2539/578
f 2104/2539/578 908/2549/578 2103/2537/578
f 2103/2537/578 130/2550/1196 936/2551/1196
f 2100/2533/578 936/2551/1196 937/2552/1196
f 2097/2534/578 937/2552/1196 938/2541/1196
f 2107/2553/995 2109/2554/995 2106/2555/995
f 2107/2553/995 2111/2556/995 2110/2557/995
f 2110/2557/995 2112/2558/995 2109/2554/995
f 2111/2556/995 2113/2559/995 2110/2557/995
f 899/2560/995 930/2561/1195 123/2521/1194
f 898/2562/995 2106/2555/995 899/2560/995
f 898/2562/995 2108/2563/995 2107/2553/995
f 126/2564/1198 2108/2563/995 897/2565/995
f 939/2566/1199 2111/2556/995 2108/2563/995
f 940/2567/1199 2114/2568/995 2111/2556/995
f 941/2569/1199 915/2570/995 2114/2568/995
f 2114/2568/995 916/2571/995 2113/2559/995
f 2113/2559/995 917/2572/995 2112/2558/995
f 2112/2558/995 129/2573/1195 932/2574/1195
f 2109/2554/995 932/2574/1195 931/2523/1195
f 2106/2555/995 931/2523/1195 930/2561/1195
f 2116/2575/1019 2118/2576/1019 2115/2577/1019
f 2117/2578/1019 2119/2579/1019 2116/2575/1019
f 2119/2579/1019 2121/2580/1019 2118/2576/1019
f 2120/2581/1019 2122/2582/1019 2119/2579/1019
f 903/2583/1019 924/2498/1193 128/2584/1200
f 904/2585/1019 2115/2577/1019 903/2583/1019
f 905/2586/1019 2116/2575/1019 904/2585/1019
f 124/2542/1197 2117/2578/1019 905/2586/1019
f 938/2541/1196 2120/2581/1019 2117/2578/1019
f 937/2552/1196 2123/2587/1019 2120/2581/1019
f 2123/2587/1019 130/2550/1196 923/2588/1019
f 2123/2587/1019 922/2589/1019 2122/2582/1019
f 2122/2582/1019 921/2590/1019 2121/2580/1019
f 2121/2580/1019 134/2501/1193 926/2591/1193
f 2118/2576/1019 926/2591/1193 925/2499/1193
f 2115/2577/1019 925/2499/1193 924/2498/1193
f 2124/2592/1020 2128/2593/1020 2127/2594/1020
f 2125/2595/1020 2129/2596/1020 2128/2593/1020
f 2127/2594/1020 2131/2597/1020 2130/2598/1020
f 2128/2593/1020 2132/2599/1020 2131/2597/1020
f 126/2564/1198 2124/2592/1020 939/2600/1199
f 896/2601/1020 2125/2595/1020 2124/2592/1020
f 895/2602/1020 2126/2603/1020 2125/2595/1020
f 894/2604/1020 929/2605/1020 2126/2603/1020
f 2126/2603/1020 928/2507/1020 2129/2596/1020
f 2129/2596/1020 927/2606/1020 2132/2599/1020
f 2132/2599/1020 133/2506/1020 912/2607/1020
f 2131/2597/1020 912/2607/1020 913/2608/1020
f 2130/2598/1020 913/2608/1020 914/2609/1020
f 941/2610/1199 914/2609/1020 132/2611/1199
f 940/2567/1199 2130/2598/1020 941/2610/1199
f 939/2600/1199 2127/2594/1020 940/2567/1199
f 944/1/1 942/5/5 948/2/2
f 945/4/4 946/7/7 942/5/5
f 947/6/6 948/2/2 942/5/5
f 2327/8/8 943/3/3 2331/9/9
f 2326/11/11 944/1/1 943/3/3
f 943/3/3 948/2/2 2332/12/12
f 2241/13/13 230/16/16 945/4/4
f 229/15/15 946/7/7 945/4/4
f 2325/14/14 945/4/4 944/1/1
f 2321/18/17 2333/20/19 947/6/6
f 2333/20/19 2332/2612/12 948/2/2
f 228/19/18 947/6/6 946/7/7
f 949/21/20 950/24/23 953/22/21
f 950/24/23 951/33/32 954/25/24
f 952/23/22 953/22/21 956/26/25
f 953/22/21 954/25/24 957/28/27
f 2317/29/28 2316/31/30 949/21/20
f 2316/31/30 2315/32/31 950/24/23
f 2315/32/31 2314/34/33 951/33/32
f 2314/34/33 2313/77/76 216/35/34
f 951/33/32 216/35/34 217/36/35
f 954/25/24 217/36/35 218/37/36
f 957/28/27 218/37/36 2237/38/37
f 956/26/25 957/28/27 2236/39/38
f 955/27/26 956/26/25 2235/40/39
f 260/42/41 955/27/26 2234/41/40
f 259/44/43 952/23/22 955/27/26
f 258/30/29 949/21/20 952/23/22
f 958/45/44 959/48/47 962/46/45
f 959/48/47 960/57/56 963/49/48
f 961/47/46 962/46/45 965/50/49
f 962/46/45 963/49/48 966/52/51
f 34/53/52 2266/55/54 958/45/44
f 2266/55/54 2265/56/55 959/48/47
f 2265/56/55 2264/58/57 960/57/56
f 2264/58/57 2263/178/175 222/59/58
f 960/57/56 222/59/58 223/60/59
f 963/49/48 223/60/59 224/61/60
f 966/52/51 224/61/60 2210/62/61
f 965/50/49 966/52/51 2209/63/62
f 964/51/50 965/50/49 2208/64/63
f 266/66/65 964/51/50 2207/65/64
f 265/68/67 961/47/46 964/51/50
f 264/54/53 958/45/44 961/47/46
f 967/69/68 968/72/71 971/70/69
f 968/72/71 969/80/79 972/73/72
f 970/71/70 971/70/69 974/74/73
f 971/70/69 972/73/72 975/76/75
f 2313/77/76 2324/78/77 967/69/68
f 2324/78/77 2323/79/78 968/72/71
f 2323/79/78 2322/81/80 969/80/79
f 2322/81/80 2321/2613/17 228/82/18
f 969/80/79 228/82/18 229/83/15
f 972/73/72 229/83/15 230/84/16
f 975/76/75 230/84/16 2241/13/13
f 974/74/73 975/76/75 2240/85/81
f 973/75/74 974/74/73 2239/86/82
f 218/37/36 973/75/74 2238/87/83
f 217/36/35 970/71/70 973/75/74
f 216/35/34 967/69/68 970/71/70
f 977/88/84 980/92/88 979/89/85
f 978/91/87 981/94/90 980/92/88
f 980/92/88 983/95/91 982/93/89
f 981/94/90 984/104/100 983/95/91
f 2275/96/92 976/90/86 273/97/93
f 2274/99/95 977/88/84 976/90/86
f 2273/100/96 978/91/87 977/88/84
f 2272/101/97 231/102/98 978/91/87
f 231/102/98 232/103/99 981/94/90
f 232/103/99 233/105/101 984/104/100
f 233/105/101 2215/149/146 2214/106/102
f 984/104/100 2214/106/102 2213/107/103
f 983/95/91 2213/107/103 2212/108/104
f 982/93/89 2212/108/104 2211/109/105
f 979/89/85 982/93/89 275/110/106
f 976/90/86 979/89/85 274/111/107
f 986/112/108 987/116/112 985/113/109
f 989/115/111 985/113/109 987/116/112
f 990/118/114 991/114/110 985/113/109
f 2242/119/115 2243/121/117 986/112/108
f 2243/121/117 2244/2614/123 987/116/112
f 341/120/116 986/112/108 991/114/110
f 366/123/119 988/117/113 2245/124/120
f 367/125/122 989/115/111 988/117/113
f 988/117/113 987/116/112 2244/126/123
f 47/127/124 339/129/126 990/118/114
f 339/129/126 340/543/118 991/114/110
f 368/128/125 990/118/114 989/115/111
f 993/130/127 996/134/131 995/131/128
f 994/133/130 997/136/133 996/134/131
f 996/134/131 999/137/134 998/135/132
f 997/136/133 1000/144/141 999/137/134
f 2283/138/135 992/132/129 231/102/98
f 2282/139/136 993/130/127 992/132/129
f 2281/140/137 994/133/130 993/130/127
f 2280/141/138 240/142/139 994/133/130
f 240/142/139 241/143/140 997/136/133
f 241/143/140 242/145/142 1000/144/141
f 242/145/142 2219/169/166 2218/146/143
f 1000/144/141 2218/146/143 2217/147/144
f 999/137/134 2217/147/144 2216/148/145
f 998/135/132 2216/148/145 2215/149/146
f 995/131/128 998/135/132 233/105/101
f 992/132/129 995/131/128 232/103/99
f 1002/150/147 1005/154/151 1004/151/148
f 1002/150/147 1003/162/159 1006/153/150
f 1005/154/151 1008/157/154 1007/155/152
f 1005/154/151 1006/153/150 1009/156/153
f 2287/158/155 1001/152/149 240/142/139
f 2286/159/156 1002/150/147 1001/152/149
f 2285/160/157 1003/162/159 1002/150/147
f 2285/160/157 2284/2615/191 243/161/158
f 1003/162/159 243/161/158 244/163/160
f 1006/153/150 244/163/160 245/164/161
f 1009/156/153 245/164/161 2223/165/162
f 1008/157/154 1009/156/153 2222/166/163
f 1007/155/152 1008/157/154 2221/167/164
f 1007/155/152 2220/168/165 2219/169/166
f 1004/151/148 1007/155/152 242/145/142
f 1001/152/149 1004/151/148 241/143/140
f 1010/170/167 1011/174/171 1014/171/168
f 1012/173/170 1015/176/173 1014/171/168
f 1014/171/168 1017/177/174 1016/175/172
f 1015/176/173 1018/182/179 1017/177/174
f 2263/178/175 2290/179/176 1010/170/167
f 2290/179/176 2289/181/178 1011/174/171
f 2288/180/177 1012/173/170 1011/174/171
f 37/98/94 273/97/93 1012/173/170
f 273/97/93 274/111/107 1015/176/173
f 274/111/107 275/110/106 1018/182/179
f 275/110/106 2211/109/105 2249/183/180
f 1018/182/179 2249/183/180 2250/184/181
f 1017/177/174 2250/184/181 2251/185/182
f 224/61/60 1016/175/172 2251/185/182
f 223/60/59 1013/172/169 1016/175/172
f 222/59/58 1010/170/167 1013/172/169
f 1019/186/183 1020/189/186 1023/187/184
f 1020/189/186 1021/198/194 1024/190/187
f 1022/188/185 1023/187/184 1026/191/188
f 1023/187/184 1024/190/187 1027/193/190
f 2284/194/191 2294/196/192 1019/186/183
f 2294/196/192 2293/197/193 1020/189/186
f 2293/197/193 2292/199/195 1021/198/194
f 2292/199/195 2291/412/587 246/200/196
f 1021/198/194 246/200/196 247/201/197
f 247/201/197 248/202/198 1027/193/190
f 248/202/198 2227/559/595 2226/203/199
f 1027/193/190 2226/203/199 2225/204/200
f 1025/192/189 1026/191/188 2225/204/200
f 245/164/161 1025/192/189 2224/205/201
f 244/163/160 1022/188/185 1025/192/189
f 243/195/158 1019/186/183 1022/188/185
f 1028/207/202 1029/210/205 1032/208/203
f 1029/210/205 1030/219/214 1033/211/206
f 1031/209/204 1032/208/203 1035/212/207
f 1032/208/203 1033/211/206 1036/214/209
f 43/215/210 2298/217/212 1028/207/202
f 2298/217/212 2297/218/213 1029/210/205
f 2297/218/213 2296/220/215 1030/219/214
f 2296/220/215 2295/430/234 249/221/216
f 1030/219/214 249/221/216 250/222/217
f 1033/211/206 250/222/217 251/223/218
f 1036/214/209 251/223/218 2202/224/219
f 1035/212/207 1036/214/209 2201/225/220
f 1034/213/208 1035/212/207 2200/226/221
f 290/228/223 1034/213/208 2199/227/222
f 289/230/225 1031/209/204 1034/213/208
f 288/216/211 1028/207/202 1031/209/204
f 1037/231/226 1038/234/229 1041/232/227
f 1038/234/229 1039/243/237 1042/235/230
f 1040/233/228 1041/232/227 1044/236/231
f 1041/232/227 1042/235/230 1045/238/233
f 2295/239/234 2304/241/235 1037/231/226
f 2304/241/235 2303/242/236 1038/234/229
f 2303/242/236 2302/244/238 1039/243/237
f 2302/244/238 34/53/52 264/54/53
f 1039/243/237 264/54/53 265/68/67
f 1042/235/230 265/68/67 266/66/65
f 1045/238/233 266/66/65 2206/67/66
f 1044/236/231 1045/238/233 2205/245/239
f 1043/237/232 1044/236/231 2204/246/240
f 251/248/218 1043/237/232 2203/247/241
f 250/250/217 1040/233/228 1043/237/232
f 249/240/216 1037/231/226 1040/233/228
f 1046/251/242 1047/254/245 1050/252/243
f 1047/254/245 1048/263/254 1051/255/246
f 1049/253/244 1050/252/243 1053/256/247
f 1050/252/243 1051/255/246 1054/258/249
f 2187/259/250 2188/261/252 1046/251/242
f 2188/261/252 2189/262/253 1047/254/245
f 2189/262/253 2190/264/255 1048/263/254
f 2190/264/255 2191/305/298 257/265/256
f 1048/263/254 257/265/256 256/266/257
f 1051/255/246 256/266/257 255/267/258
f 1054/258/249 255/267/258 2258/268/259
f 1053/256/247 1054/258/249 2259/269/260
f 1052/257/248 1053/256/247 2260/270/261
f 219/272/263 1052/257/248 2261/271/262
f 220/274/265 1049/253/244 1052/257/248
f 221/260/251 1046/251/242 1049/253/244
f 1055/275/266 1056/278/269 1059/276/267
f 1056/278/269 1057/287/278 1060/279/270
f 1058/277/268 1059/276/267 1062/280/271
f 1059/276/267 1060/279/270 1063/282/273
f 2162/283/274 2163/285/276 1055/275/266
f 2163/285/276 2164/286/277 1056/278/269
f 2164/286/277 2165/288/279 1057/287/278
f 2165/288/279 2166/389/382 263/289/280
f 1057/287/278 263/289/280 262/290/281
f 1060/279/270 262/290/281 261/291/282
f 1063/282/273 261/291/282 33/292/283
f 1062/280/271 1063/282/273 294/293/284
f 1061/281/272 1062/280/271 295/56/285
f 225/295/287 1061/281/272 296/294/286
f 226/296/289 1058/277/268 1061/281/272
f 227/284/275 1055/275/266 1058/277/268
f 1064/297/290 1065/300/293 1068/298/291
f 1065/300/293 1066/308/301 1069/301/294
f 1067/299/292 1068/298/291 1071/302/295
f 1068/298/291 1069/301/294 1072/304/297
f 2191/305/298 2192/306/299 1064/297/290
f 2192/306/299 2193/307/300 1065/300/293
f 2193/307/300 2194/309/302 1066/308/301
f 2194/309/302 16/1051/934 269/310/303
f 1066/308/301 269/310/303 268/311/304
f 1069/301/294 268/311/304 267/312/305
f 1072/304/297 267/312/305 2268/313/306
f 1071/302/295 1072/304/297 2269/314/307
f 1070/303/296 1071/302/295 2270/315/308
f 255/267/258 1070/303/296 2271/316/309
f 256/266/257 1067/299/292 1070/303/296
f 257/265/256 1064/297/290 1067/299/292
f 1074/317/310 1077/321/314 1076/318/311
f 1075/320/313 1078/323/316 1077/321/314
f 1077/321/314 1080/324/317 1079/322/315
f 1078/323/316 1081/333/326 1080/324/317
f 2168/325/318 1073/319/312 236/326/319
f 2169/328/321 1074/317/310 1073/319/312
f 2170/329/322 1075/320/313 1074/317/310
f 2171/330/323 272/331/324 1075/320/313
f 272/331/324 271/332/325 1078/323/316
f 271/332/325 270/334/327 1081/333/326
f 270/334/327 36/360/353 300/335/328
f 1081/333/326 300/335/328 301/336/329
f 1080/324/317 301/336/329 302/337/330
f 1079/322/315 302/337/330 2276/338/331
f 1076/318/311 1079/322/315 234/339/332
f 1073/319/312 1076/318/311 235/340/333
f 1083/341/334 1086/345/338 1085/342/335
f 1084/344/337 1087/347/340 1086/345/338
f 1086/345/338 1089/348/341 1088/346/339
f 1087/347/340 1090/355/348 1089/348/341
f 2172/349/342 1082/343/336 272/331/324
f 2173/350/343 1083/341/334 1082/343/336
f 2174/351/344 1084/344/337 1083/341/334
f 2175/352/345 278/353/346 1084/344/337
f 278/353/346 277/354/347 1087/347/340
f 277/354/347 276/356/349 1090/355/348
f 276/356/349 39/380/373 306/357/350
f 1090/355/348 306/357/350 307/358/351
f 1089/348/341 307/358/351 308/359/352
f 1088/346/339 308/359/352 36/360/353
f 1085/342/335 1088/346/339 270/334/327
f 1082/343/336 1085/342/335 271/332/325
f 1092/361/354 1095/365/358 1094/362/355
f 1093/364/357 1096/367/360 1095/365/358
f 1095/365/358 1098/368/361 1097/366/359
f 1096/367/360 1099/375/368 1098/368/361
f 2176/369/362 1091/363/356 278/353/346
f 2177/370/363 1092/361/354 1091/363/356
f 2178/371/364 1093/364/357 1092/361/354
f 2179/372/365 281/373/366 1093/364/357
f 281/373/366 280/374/367 1096/367/360
f 280/374/367 279/376/369 1099/375/368
f 279/376/369 40/194/409 309/377/370
f 1099/375/368 309/377/370 310/378/371
f 1098/368/361 310/378/371 311/379/372
f 1097/366/359 311/379/372 39/380/373
f 1094/362/355 1097/366/359 276/356/349
f 1091/363/356 1094/362/355 277/354/347
f 1100/381/374 1101/384/377 1104/382/375
f 1101/384/377 1102/392/385 1105/385/378
f 1103/383/376 1104/382/375 1107/386/379
f 1104/382/375 1105/385/378 1108/388/381
f 2166/389/382 2197/390/383 1100/381/374
f 2197/390/383 2196/391/384 1101/384/377
f 2196/391/384 2195/393/386 1102/392/385
f 2195/393/386 2167/327/320 236/326/319
f 1102/392/385 236/326/319 235/340/333
f 235/340/333 234/339/332 1108/388/381
f 234/339/332 2276/338/331 312/394/387
f 1107/386/379 1108/388/381 312/394/387
f 1106/387/380 1107/386/379 313/395/388
f 261/291/282 1106/387/380 314/396/389
f 262/290/281 1103/383/376 1106/387/380
f 263/289/280 1100/381/374 1103/383/376
f 1109/397/390 1110/400/393 1113/398/391
f 1110/400/393 1111/407/400 1114/401/394
f 1112/399/392 1113/398/391 1116/402/395
f 1113/398/391 1114/401/394 1117/404/397
f 2180/405/398 1109/397/390 281/373/366
f 2180/405/398 2181/406/399 1110/400/393
f 2181/406/399 2182/408/401 1111/407/400
f 2182/408/401 2183/441/441 284/409/402
f 1111/407/400 284/409/402 283/410/403
f 1114/401/394 283/410/403 282/411/404
f 1117/404/397 282/411/404 41/412/405
f 1116/402/395 1117/404/397 315/199/406
f 1115/403/396 1116/402/395 316/197/407
f 279/376/369 1115/403/396 317/196/408
f 280/374/367 1112/399/392 1115/403/396
f 281/373/366 1109/397/390 1112/399/392
f 1119/413/410 1122/417/414 1121/414/411
f 1120/416/413 1123/419/416 1122/417/414
f 1122/417/414 1125/420/417 1124/418/415
f 1123/419/416 1126/429/426 1125/420/417
f 2155/421/418 1118/415/412 254/422/419
f 2156/424/421 1119/413/410 1118/415/412
f 2156/424/421 2157/425/422 1120/416/413
f 2157/425/422 2158/457/457 287/426/423
f 1120/416/413 287/426/423 286/427/424
f 1123/419/416 286/427/424 285/428/425
f 1126/429/426 285/428/425 42/430/427
f 1125/420/417 1126/429/426 318/220/428
f 1125/420/417 319/218/429 320/217/430
f 1124/418/415 320/217/430 43/215/210
f 1121/414/411 1124/418/415 252/431/431
f 1118/415/412 1121/414/411 253/432/432
f 1127/433/433 1128/436/436 1131/434/434
f 1128/436/436 1129/444/444 1132/437/437
f 1130/435/435 1131/434/434 1134/438/438
f 1131/434/434 1132/437/437 1135/440/440
f 2183/441/441 2184/442/442 1127/433/433
f 2184/442/442 2185/443/443 1128/436/436
f 2185/443/443 2186/445/445 1129/444/444
f 2186/445/445 2187/259/250 221/260/251
f 1129/444/444 221/260/251 220/274/265
f 1132/437/437 220/274/265 219/272/263
f 1135/440/440 219/272/263 2262/273/264
f 1134/438/438 1135/440/440 2299/446/446
f 1133/439/439 1134/438/438 2300/447/447
f 282/411/404 1133/439/439 2301/448/448
f 283/410/403 1130/435/435 1133/439/439
f 284/409/402 1127/433/433 1130/435/435
f 1136/449/449 1137/452/452 1140/450/450
f 1137/452/452 1138/460/460 1141/453/453
f 1139/451/451 1140/450/450 1143/454/454
f 1140/450/450 1141/453/453 1144/456/456
f 2158/457/457 2159/458/458 1136/449/449
f 2159/458/458 2160/459/459 1137/452/452
f 2160/459/459 2161/461/461 1138/460/460
f 2161/461/461 2162/283/274 227/284/275
f 1138/460/460 227/284/275 226/296/289
f 1141/453/453 226/296/289 225/295/287
f 1144/456/456 225/295/287 2267/53/288
f 1143/454/454 1144/456/456 324/462/462
f 1142/455/455 1143/454/454 325/242/463
f 285/428/425 1142/455/455 326/463/464
f 286/427/424 1139/451/451 1142/455/455
f 287/426/423 1136/449/449 1139/451/451
f 1145/464/465 1146/467/468 1149/465/466
f 1146/467/468 1147/475/475 1150/468/469
f 1148/466/467 1149/465/466 1152/469/470
f 1149/465/466 1150/468/469 1153/471/472
f 2198/472/224 2307/473/473 1145/464/465
f 2307/473/473 2306/474/474 1146/467/468
f 2306/474/474 2305/476/476 1147/475/475
f 2305/476/476 2141/860/1201 2151/477/477
f 1147/475/475 2151/477/477 2152/478/478
f 1150/468/469 2152/478/478 2153/479/479
f 1153/471/472 2153/479/479 2154/423/420
f 1152/469/470 1153/471/472 254/480/419
f 1151/470/471 1152/469/470 253/432/432
f 288/482/211 1151/470/471 252/481/431
f 289/230/225 1148/466/467 1151/470/471
f 290/228/223 1145/464/465 1148/466/467
f 1154/483/480 1155/486/483 1158/484/481
f 1155/486/483 1156/491/491 1159/487/484
f 1158/484/481 1161/489/486 1160/488/485
f 1159/487/484 1162/494/495 1161/489/486
f 32/273/487 293/271/489 1154/483/480
f 293/271/489 292/270/490 1155/486/483
f 292/270/490 291/269/492 1156/491/491
f 291/269/492 31/268/534 332/492/493
f 332/492/493 331/493/494 1159/487/484
f 331/493/494 330/495/496 1162/494/495
f 330/495/496 2308/511/547 2309/496/497
f 1162/494/495 2309/496/497 2310/497/498
f 1161/489/486 2310/497/498 2311/498/499
f 1160/488/485 2311/498/499 2312/499/500
f 1157/485/482 1160/488/485 342/500/501
f 344/490/488 1154/483/480 1157/485/482
f 1164/502/503 1167/506/507 1166/503/504
f 1165/505/506 1168/508/509 1167/506/507
f 1167/506/507 1170/509/510 1169/507/508
f 1168/508/509 1171/514/519 1170/509/510
f 350/498/511 1163/504/505 347/510/512
f 349/497/514 1164/502/503 1163/504/505
f 348/496/515 1165/505/506 1164/502/503
f 44/511/516 335/512/517 1165/505/506
f 335/512/517 334/513/518 1168/508/509
f 334/513/518 333/515/520 1171/514/519
f 333/515/520 45/77/563 351/34/521
f 1171/514/519 351/34/521 352/32/522
f 1170/509/510 352/32/522 353/31/523
f 345/516/524 1169/507/508 353/31/523
f 1166/503/504 1169/507/508 345/516/524
f 1163/504/505 1166/503/504 346/517/526
f 1172/518/527 1173/521/530 1176/519/528
f 1173/521/530 1174/525/537 1177/522/531
f 1176/519/528 1179/524/533 1178/523/532
f 1177/522/531 1180/529/542 1179/524/533
f 31/268/534 299/316/535 1172/518/527
f 299/316/535 298/315/536 1173/521/530
f 298/315/536 297/314/538 1174/525/537
f 297/314/538 35/313/605 338/526/539
f 1174/525/537 338/526/539 337/527/540
f 1177/522/531 337/527/540 336/528/541
f 1180/529/542 336/528/541 46/530/543
f 1180/529/542 2318/531/544 2319/532/545
f 1179/524/533 2319/532/545 2320/533/546
f 1178/523/532 2320/533/546 2308/511/547
f 1175/520/529 1178/523/532 330/495/496
f 332/492/493 1172/518/527 1175/520/529
f 1182/534/548 1185/538/552 1184/535/549
f 1183/537/551 1186/540/554 1185/538/552
f 1185/538/552 1188/541/555 1187/539/553
f 1186/540/554 1189/544/559 1188/541/555
f 356/533/556 1181/536/550 335/512/517
f 355/532/557 1182/534/548 1181/536/550
f 354/531/558 1183/537/551 1182/534/548
f 2242/530/115 341/542/116 1183/537/551
f 341/542/116 340/543/118 1186/540/554
f 340/543/118 339/545/126 1189/544/559
f 339/545/126 47/2613/124 357/81/560
f 1189/544/559 357/81/560 358/79/561
f 1188/541/555 358/79/561 359/78/562
f 1187/539/553 359/78/562 45/77/563
f 1184/535/549 1187/539/553 333/515/520
f 1181/536/550 1184/535/549 334/513/518
f 1191/546/564 1192/550/568 1190/547/565
f 1194/549/567 1190/547/565 1192/550/568
f 1196/548/566 1190/547/565 1194/549/567
f 2233/553/42 2232/555/571 1191/546/564
f 2232/555/571 2231/2616/575 1192/550/568
f 260/554/41 1191/546/564 1196/548/566
f 2442/557/572 1193/551/569 2230/558/573
f 2442/557/572 2443/564/577 1194/549/567
f 1193/551/569 1192/550/568 2231/560/575
f 258/561/29 1195/552/570 2444/562/576
f 259/556/43 1196/548/566 1195/552/570
f 1195/552/570 1194/549/567 2443/564/577
f 1199/565/578 1197/569/578 1203/566/578
f 1200/568/578 1201/570/578 1197/569/578
f 1203/566/578 1197/569/578 1201/570/578
f 377/572/578 1198/567/578 374/573/578
f 376/575/578 1199/565/578 1198/567/578
f 374/573/578 1198/567/578 1203/566/578
f 7/457/578 149/578/578 1200/568/578
f 149/578/578 148/424/578 1201/570/578
f 375/577/578 1200/568/578 1199/565/578
f 372/580/578 1202/571/578 147/421/578
f 373/576/578 1203/566/578 1202/571/578
f 1202/571/578 1201/570/578 148/424/578
f 1205/582/578 1206/586/578 1204/583/578
f 1207/585/578 1208/587/578 1204/583/578
f 1210/584/578 1204/583/578 1208/587/578
f 2138/574/578 380/590/578 1205/582/578
f 379/589/578 1206/586/578 1205/582/578
f 377/572/578 1205/582/578 1210/584/578
f 8/283/578 152/593/578 1207/585/578
f 152/593/578 151/2617/578 1208/587/578
f 378/592/578 1207/585/578 1206/586/578
f 375/595/578 1209/588/578 150/458/578
f 376/575/578 1210/584/578 1209/588/578
f 1209/588/578 1208/587/578 151/596/578
f 1212/597/578 1213/601/578 1211/598/578
f 1215/600/578 1211/598/578 1213/601/578
f 1216/603/578 1217/599/578 1211/598/578
f 2138/574/578 383/605/578 1212/597/578
f 383/605/578 382/2618/578 1213/601/578
f 1212/597/578 1217/599/578 379/589/578
f 155/606/578 1214/602/578 381/607/578
f 154/286/578 1215/600/578 1214/602/578
f 1214/602/578 1213/601/578 382/609/578
f 8/283/578 378/592/578 1216/603/578
f 378/592/578 379/2619/578 1217/599/578
f 153/610/578 1216/603/578 1215/600/578
f 1218/612/578 1219/615/578 1222/613/578
f 1219/615/578 1220/623/578 1223/616/578
f 1221/614/578 1222/613/578 1225/617/578
f 1222/613/578 1223/616/578 1226/619/578
f 6/423/578 146/621/578 1218/612/578
f 146/621/578 145/622/578 1219/615/578
f 145/622/578 144/624/578 1220/623/578
f 144/624/578 2140/886/578 2143/625/578
f 1220/623/578 2143/625/578 2144/626/578
f 1223/616/578 2144/626/578 2145/627/578
f 1226/619/578 2145/627/578 2133/628/578
f 1225/617/578 1226/619/578 2135/629/578
f 1224/618/578 1225/617/578 2136/630/578
f 374/632/578 1224/618/578 2137/631/578
f 373/633/578 1221/614/578 1224/618/578
f 372/620/578 1218/612/578 1221/614/578
f 1229/634/578 1227/638/578 1233/635/578
f 1230/637/578 1231/640/578 1227/638/578
f 1232/639/578 1233/635/578 1227/638/578
f 384/641/578 1228/636/578 156/642/578
f 385/644/578 1229/634/578 1228/636/578
f 1228/636/578 1233/635/578 157/645/578
f 2149/646/578 389/649/578 1230/637/578
f 388/648/578 1231/640/578 1230/637/578
f 386/647/578 1230/637/578 1229/634/578
f 10/650/578 158/652/578 1232/639/578
f 158/652/578 157/645/578 1233/635/578
f 387/651/578 1232/639/578 1231/640/578
f 1235/653/578 1236/657/578 1234/654/578
f 1237/656/578 1238/658/578 1234/654/578
f 1240/655/578 1234/654/578 1238/658/578
f 10/650/578 387/661/578 1235/653/578
f 387/661/578 388/2620/578 1236/657/578
f 159/660/578 1235/653/578 1240/655/578
f 2149/646/578 395/664/578 1237/656/578
f 395/664/578 394/669/578 1238/658/578
f 1237/656/578 1236/657/578 388/665/578
f 161/666/578 1239/659/578 393/667/578
f 160/350/578 1240/655/578 1239/659/578
f 1239/659/578 1238/658/578 394/669/578
f 1243/670/578 1241/676/578 1247/671/578
f 1245/673/578 1241/676/578 1243/670/578
f 1246/675/578 1247/671/578 1241/676/578
f 390/677/578 1242/672/578 395/678/578
f 390/677/578 391/682/578 1243/670/578
f 1242/672/578 1247/671/578 394/669/578
f 164/679/578 1244/674/578 392/680/578
f 163/370/578 1245/673/578 1244/674/578
f 1244/674/578 1243/670/578 391/682/578
f 11/668/578 393/684/578 1246/675/578
f 393/684/578 394/669/578 1247/671/578
f 162/683/578 1246/675/578 1245/673/578
f 1249/685/578 1252/689/578 1251/686/578
f 1249/685/578 1250/696/578 1253/688/578
f 1252/689/578 1255/692/578 1254/690/578
f 1252/689/578 1253/688/578 1256/691/578
f 2146/693/578 1248/687/578 383/694/578
f 2147/695/578 1249/685/578 1248/687/578
f 2147/695/578 2148/697/578 1250/696/578
f 2148/697/578 2149/646/578 386/647/578
f 1250/696/578 386/647/578 385/698/578
f 1253/688/578 385/698/578 384/699/578
f 1256/691/578 384/699/578 17/327/578
f 1255/692/578 1256/691/578 177/393/578
f 1255/692/578 178/391/578 179/390/578
f 1254/690/578 179/390/578 9/389/578
f 1251/686/578 1254/690/578 381/700/578
f 1248/687/578 1251/686/578 382/701/578
f 1257/702/579 1258/705/582 1261/703/580
f 1258/705/582 1259/710/590 1262/706/583
f 1261/703/580 1264/709/586 1263/707/584
f 1261/703/580 1262/706/583 1265/708/585
f 2291/412/587 323/448/588 1257/702/579
f 323/448/588 322/447/589 1258/705/582
f 322/447/589 321/446/591 1259/710/590
f 321/446/591 32/273/487 344/490/488
f 1259/710/590 344/490/488 343/501/502
f 1262/706/583 343/501/502 342/500/501
f 342/500/501 2312/499/500 2328/711/592
f 1265/708/585 2328/711/592 2329/712/593
f 1264/709/586 2329/712/593 2330/713/594
f 1263/707/584 2330/713/594 2227/559/595
f 1260/704/581 1263/707/584 248/202/198
f 246/200/196 1257/702/579 1260/704/581
f 1267/714/596 1270/718/600 1269/715/597
f 1268/717/599 1271/720/602 1270/718/600
f 1270/718/600 1273/721/603 1272/719/601
f 1271/720/602 1274/729/608 1273/721/603
f 336/722/541 1266/716/598 210/723/604
f 337/725/540 1267/714/596 1266/716/598
f 338/526/539 1268/717/599 1267/714/596
f 35/726/605 2279/727/606 1268/717/599
f 2279/727/606 2278/728/607 1271/720/602
f 2278/728/607 2277/730/609 1274/729/608
f 2277/730/609 2252/841/1202 2255/731/610
f 1274/729/608 2255/731/610 2256/732/611
f 1273/721/603 2256/732/611 2257/733/612
f 1272/719/601 2257/733/612 2247/10/613
f 1269/715/597 1272/719/601 212/734/614
f 1266/716/598 1269/715/597 211/126/615
f 1275/735/616 1276/738/619 1279/736/617
f 1276/738/619 1277/746/628 1280/739/620
f 1278/737/618 1279/736/617 1282/740/621
f 1279/736/617 1280/739/620 1283/742/623
f 2229/559/624 201/744/626 1275/735/616
f 201/744/626 202/745/627 1276/738/619
f 202/745/627 203/747/629 1277/746/628
f 203/747/629 26/43/673 456/748/630
f 1277/746/628 456/748/630 457/749/631
f 1280/739/620 457/749/631 458/750/632
f 1283/742/623 458/750/632 2398/751/633
f 1282/740/621 1283/742/623 2397/752/634
f 1282/740/621 2396/753/635 2395/754/636
f 1281/741/622 2395/754/636 2394/755/637
f 460/757/639 1278/737/618 1281/741/622
f 461/743/625 1275/735/616 1278/737/618
f 1285/758/640 1288/762/644 1287/759/641
f 1286/761/643 1289/764/646 1288/762/644
f 1288/762/644 1291/765/647 1290/763/645
f 1289/764/646 1292/769/656 1291/765/647
f 186/65/648 1284/760/642 467/766/649
f 187/64/651 1285/758/640 1284/760/642
f 188/63/652 1286/761/643 1285/758/640
f 21/62/653 462/767/654 1286/761/643
f 462/767/654 463/768/655 1289/764/646
f 463/768/655 464/770/657 1292/769/656
f 464/770/657 2377/1013/892 2376/771/658
f 1292/769/656 2376/771/658 2375/772/659
f 1291/765/647 2375/772/659 2374/773/660
f 1290/763/645 2374/773/660 2373/774/661
f 1287/759/641 1290/763/645 465/775/662
f 1284/760/642 1287/759/641 466/776/663
f 1293/777/664 1294/780/664 1297/778/664
f 1294/780/664 1295/787/664 1298/781/664
f 1296/779/664 1297/778/664 1300/782/664
f 1297/778/664 1298/781/664 1301/784/664
f 2139/785/664 137/631/664 1293/777/664
f 137/631/664 136/630/664 1294/780/664
f 136/630/664 135/629/664 1295/787/664
f 2134/628/664 2425/788/664 1295/787/664
f 2425/788/664 2426/789/664 1298/781/664
f 2426/789/664 2427/790/664 1301/784/664
f 2427/790/664 2343/2621/664 2346/791/664
f 1300/782/664 1301/784/664 2346/791/664
f 1299/783/664 1300/782/664 2347/792/664
f 2428/794/664 1299/783/664 2348/793/664
f 2429/796/664 1296/779/664 1299/783/664
f 2430/786/664 1293/777/664 1296/779/664
f 1302/797/665 1303/800/668 1306/798/666
f 1303/800/668 1304/805/676 1307/801/669
f 1305/799/667 1306/798/666 1309/802/670
f 1306/798/666 1307/801/669 1310/804/672
f 26/43/673 204/41/674 1302/797/665
f 204/41/674 205/40/675 1303/800/668
f 205/40/675 206/39/677 1304/805/676
f 206/39/677 27/38/789 474/806/678
f 1304/805/676 474/806/678 475/807/679
f 1307/801/669 475/807/679 476/808/680
f 1310/804/672 476/808/680 2402/809/681
f 1309/802/670 1310/804/672 2401/810/682
f 1308/803/671 1309/802/670 2400/811/683
f 458/750/632 1308/803/671 2399/812/684
f 457/749/631 1305/799/667 1308/803/671
f 456/748/630 1302/797/665 1305/799/667
f 1311/813/685 1312/816/688 1315/814/686
f 1312/816/688 1313/822/699 1316/817/689
f 1314/815/687 1315/814/686 1318/818/690
f 1315/814/686 1316/817/689 1319/820/692
f 189/108/693 1311/813/685 482/821/694
f 190/107/696 1312/816/688 1311/813/685
f 191/106/697 1313/822/699 1312/816/688
f 22/149/698 477/920/809 1313/822/699
f 1313/822/699 477/920/809 478/823/700
f 1316/817/689 478/823/700 479/824/701
f 1319/820/692 479/824/701 2382/825/702
f 1318/818/690 1319/820/692 2381/826/703
f 1317/819/691 1318/818/690 2380/827/704
f 480/829/706 1317/819/691 2379/828/705
f 481/831/708 1314/815/687 1317/819/691
f 482/821/694 1311/813/685 1314/815/687
f 1321/832/709 1324/836/713 1323/833/710
f 1322/835/712 1325/838/715 1324/836/713
f 1324/836/713 1327/839/716 1326/837/714
f 1325/838/715 1328/844/725 1327/839/716
f 239/733/717 1320/834/711 491/840/718
f 238/732/720 1321/832/709 1320/834/711
f 237/731/721 1322/835/712 1321/832/709
f 2253/841/722 2436/842/723 1322/835/712
f 2436/842/723 2437/843/724 1325/838/715
f 2437/843/724 2438/845/726 1328/844/725
f 2438/845/726 2410/1094/1203 2412/846/727
f 1328/844/725 2412/846/727 2413/847/728
f 1327/839/716 2413/847/728 2414/848/729
f 1326/837/714 2414/848/729 2415/849/730
f 1323/833/710 1326/837/714 489/850/731
f 1320/834/711 1323/833/710 490/851/732
f 1329/852/733 1330/855/736 1333/853/734
f 1330/855/736 1331/864/745 1334/856/737
f 1332/854/735 1333/853/734 1336/857/738
f 1333/853/734 1334/856/737 1337/859/740
f 2142/860/741 327/862/743 1329/852/733
f 327/862/743 328/863/744 1330/855/736
f 328/863/744 329/473/746 1331/864/745
f 329/473/746 18/229/865 492/865/747
f 1331/864/745 492/865/747 493/866/748
f 1334/856/737 493/866/748 494/867/749
f 1337/859/740 494/867/749 2365/868/750
f 1336/857/738 1337/859/740 2418/869/751
f 1335/858/739 1336/857/738 2417/870/752
f 2439/872/754 1335/858/739 2416/871/753
f 2440/874/756 1332/854/735 1335/858/739
f 2441/861/742 1329/852/733 1332/854/735
f 1338/875/757 1339/878/760 1342/876/758
f 1339/878/760 1340/885/769 1343/879/761
f 1341/877/759 1342/876/758 1345/880/762
f 1342/876/758 1343/879/761 1346/882/764
f 2/628/765 140/627/767 1338/875/757
f 140/627/767 139/884/768 1339/878/760
f 139/884/768 138/887/771 1340/885/769
f 5/886/770 497/888/772 1340/885/769
f 497/888/772 496/889/773 1343/879/761
f 496/889/773 495/890/774 1346/882/764
f 495/890/774 2352/2622/1204 2354/891/775
f 1345/880/762 1346/882/764 2354/891/775
f 1344/881/763 1345/880/762 2355/892/776
f 470/894/778 1344/881/763 2356/893/777
f 469/896/780 1341/877/759 1344/881/763
f 468/883/766 1338/875/757 1341/877/759
f 1347/897/781 1348/900/784 1351/898/782
f 1348/900/784 1349/905/792 1352/901/785
f 1350/899/783 1351/898/782 1354/902/786
f 1351/898/782 1352/901/785 1355/904/788
f 27/38/789 207/87/790 1347/897/781
f 207/87/790 208/86/791 1348/900/784
f 208/86/791 209/85/793 1349/905/792
f 209/85/793 28/13/829 498/906/794
f 1349/905/792 498/906/794 499/907/795
f 499/907/795 500/908/796 1355/904/788
f 500/908/796 2406/943/836 2405/909/797
f 1354/902/786 1355/904/788 2405/909/797
f 1353/903/787 1354/902/786 2404/910/798
f 476/808/680 1353/903/787 2403/911/799
f 475/807/679 1350/899/783 1353/903/787
f 474/806/678 1347/897/781 1350/899/783
f 1356/912/800 1357/915/803 1360/913/801
f 1357/915/803 1358/922/813 1361/916/804
f 1359/914/802 1360/913/801 1363/917/805
f 1360/913/801 1361/916/804 1364/919/807
f 192/148/808 1356/912/800 477/920/809
f 193/147/810 1357/915/803 1356/912/800
f 194/146/811 1358/922/813 1357/915/803
f 194/146/811 23/169/846 501/921/812
f 1358/922/813 501/921/812 502/923/814
f 1361/916/804 502/923/814 503/924/815
f 1364/919/807 503/924/815 2386/925/816
f 1363/917/805 1364/919/807 2385/926/817
f 1362/918/806 1363/917/805 2384/927/818
f 479/824/701 1362/918/806 2383/928/819
f 478/823/700 1359/914/802 1362/918/806
f 477/920/809 1356/912/800 1359/914/802
f 1366/929/820 1369/933/824 1368/930/821
f 1367/932/823 1370/935/826 1369/933/824
f 1369/933/824 1372/936/827 1371/934/825
f 1370/935/826 1373/939/832 1372/936/827
f 360/937/828 1365/931/822 498/906/794
f 361/17/830 1366/929/820 1365/931/822
f 362/938/831 1367/932/823 1366/929/820
f 29/10/719 491/840/718 1367/932/823
f 491/840/718 490/851/732 1370/935/826
f 490/851/732 489/850/731 1373/939/832
f 489/850/731 2415/849/730 2421/940/833
f 1373/939/832 2421/940/833 2420/941/834
f 1372/936/827 2420/941/834 2419/942/835
f 1371/934/825 2419/942/835 2406/943/836
f 1368/930/821 1371/934/825 500/908/796
f 1365/931/822 1368/930/821 499/907/795
f 1374/944/837 1375/948/837 1378/945/837
f 1376/947/837 1379/951/837 1378/945/837
f 1377/946/837 1378/945/837 1381/949/837
f 1379/951/837 1382/957/837 1381/949/837
f 2150/952/837 143/954/837 1374/944/837
f 143/954/837 142/695/837 1375/948/837
f 141/693/837 1376/947/837 1375/948/837
f 3/785/837 473/955/837 1376/947/837
f 473/955/837 472/956/837 1379/951/837
f 472/956/837 471/958/837 1382/957/837
f 471/958/837 2350/2623/837 2357/959/837
f 1382/957/837 2357/959/837 2358/960/837
f 1380/950/837 1381/949/837 2358/960/837
f 2424/962/837 1380/950/837 2359/961/837
f 2423/964/837 1377/946/837 1380/950/837
f 2422/953/837 1374/944/837 1377/946/837
f 1383/965/838 1384/968/841 1387/966/839
f 1384/968/841 1385/973/849 1388/969/842
f 1386/967/840 1387/966/839 1390/970/843
f 1387/966/839 1388/969/842 1391/972/845
f 23/169/846 195/168/847 1383/965/838
f 195/168/847 196/167/848 1384/968/841
f 196/167/848 197/166/850 1385/973/849
f 197/166/850 24/165/901 504/974/851
f 1385/973/849 504/974/851 505/975/852
f 1388/969/842 505/975/852 506/976/853
f 1391/972/845 506/976/853 2390/977/854
f 1390/970/843 1391/972/845 2389/978/855
f 1389/971/844 1390/970/843 2388/979/856
f 503/924/815 1389/971/844 2387/980/857
f 502/923/814 1386/967/840 1389/971/844
f 501/921/812 1383/965/838 1386/967/840
f 1392/981/858 1393/984/861 1396/982/859
f 1393/984/861 1394/990/868 1397/985/862
f 1395/983/860 1396/982/859 1399/986/863
f 1397/985/862 1400/994/872 1399/986/863
f 18/472/865 180/988/866 1392/981/858
f 180/988/866 181/989/867 1393/984/861
f 181/989/867 182/991/869 1394/990/868
f 182/991/869 19/249/918 507/992/870
f 507/992/870 508/993/871 1397/985/862
f 508/993/871 509/995/873 1400/994/872
f 509/995/873 2369/1042/925 2368/996/874
f 1400/994/872 2368/996/874 2367/997/875
f 1398/987/864 1399/986/863 2367/997/875
f 494/867/749 1398/987/864 2366/998/876
f 493/1000/748 1395/983/860 1398/987/864
f 492/865/747 1392/981/858 1395/983/860
f 1402/1001/877 1405/1005/881 1404/1002/878
f 1403/1004/880 1406/1009/888 1405/1005/881
f 1405/1005/881 1408/1008/884 1407/1006/882
f 1405/1005/881 1406/1009/888 1409/1007/883
f 215/185/885 1401/1003/879 462/767/654
f 214/184/886 1402/1001/877 1401/1003/879
f 213/183/887 1403/1004/880 1402/1001/877
f 30/109/695 482/821/694 1403/1004/880
f 1403/1004/880 482/821/694 481/831/708
f 1406/1009/888 481/831/708 480/829/706
f 1409/1007/883 480/829/706 2378/830/707
f 1408/1008/884 1409/1007/883 2407/1010/889
f 1408/1008/884 2408/1011/890 2409/1012/891
f 1407/1006/882 2409/1012/891 2377/1013/892
f 1404/1002/878 1407/1006/882 464/770/657
f 1401/1003/879 1404/1002/878 463/768/655
f 1410/1014/893 1411/1017/896 1414/1015/894
f 1411/1017/896 1412/1023/904 1415/1018/897
f 1414/1015/894 1417/1021/900 1416/1019/898
f 1414/1015/894 1415/1018/897 1418/1020/899
f 24/206/901 198/205/902 1410/1014/893
f 198/205/902 199/204/903 1411/1017/896
f 199/204/903 200/203/905 1412/1023/904
f 200/203/905 2229/559/624 461/743/625
f 1412/1023/904 461/743/625 460/757/639
f 1415/1018/897 460/757/639 459/756/638
f 459/756/638 2394/755/637 2393/1024/906
f 1418/1020/899 2393/1024/906 2392/1025/907
f 1417/1021/900 2392/1025/907 2391/1026/908
f 1416/1019/898 2391/1026/908 2390/1027/854
f 1413/1016/895 1416/1019/898 506/1028/853
f 504/1022/851 1410/1014/893 1413/1016/895
f 1420/1030/909 1423/1034/913 1422/1031/910
f 1421/1033/912 1424/1036/915 1423/1034/913
f 1423/1034/913 1426/1037/916 1425/1035/914
f 1424/1036/915 1427/1038/921 1426/1037/916
f 183/247/917 1419/1032/911 507/992/870
f 184/246/919 1420/1030/909 1419/1032/911
f 185/245/920 1421/1033/912 1420/1030/909
f 20/67/650 467/766/649 1421/1033/912
f 467/766/649 466/776/663 1424/1036/915
f 466/776/663 465/775/662 1427/1038/921
f 465/775/662 2373/774/661 2372/1039/922
f 1427/1038/921 2372/1039/922 2371/1040/923
f 1426/1037/916 2371/1040/923 2370/1041/924
f 1425/1035/914 2370/1041/924 2369/1042/925
f 1422/1031/910 1425/1035/914 509/995/873
f 1419/1032/911 1422/1031/910 508/993/871
f 1428/1043/926 1429/1046/929 1432/1044/927
f 1429/1046/929 1430/1054/937 1433/1047/930
f 1431/1045/928 1432/1044/927 1435/1048/931
f 1432/1044/927 1433/1047/930 1436/1050/933
f 16/1051/934 371/1052/935 1428/1043/926
f 371/1052/935 370/1053/936 1429/1046/929
f 370/1053/936 369/1055/938 1430/1054/937
f 369/1055/938 2431/1086/1105 2447/1056/939
f 1430/1054/937 2447/1056/939 2446/1057/940
f 1433/1047/930 2446/1057/940 2445/1058/941
f 1436/1050/933 2445/1058/941 2254/841/942
f 1435/1048/931 1436/1050/933 303/730/943
f 1434/1049/932 1435/1048/931 304/1059/944
f 267/312/305 1434/1049/932 305/1060/945
f 268/311/304 1431/1045/928 1434/1049/932
f 269/310/303 1428/1043/926 1431/1045/928
f 1439/1061/946 1437/1065/950 1443/1062/947
f 1440/1064/949 1441/1067/952 1437/1065/950
f 1442/1066/951 1443/1062/947 1437/1065/950
f 365/713/953 1438/1063/948 510/1068/954
f 364/1069/956 1439/1061/946 1438/1063/948
f 1438/1063/948 1443/1062/947 511/1070/957
f 48/1071/513 347/1073/512 1440/1064/949
f 347/1073/512 346/517/526 1441/1067/952
f 363/1072/958 1440/1064/949 1439/1061/946
f 49/1074/525 512/562/959 1442/1066/951
f 512/562/959 511/1070/957 1443/1062/947
f 1442/1066/951 1441/1067/952 346/1075/526
f 1445/1076/960 1448/1080/964 1447/1077/961
f 1446/1079/963 1449/1082/966 1448/1080/964
f 1448/1080/964 1451/1083/967 1450/1081/965
f 1449/1082/966 1452/1089/976 1451/1083/967
f 513/1084/968 1444/1078/962 486/842/969
f 514/1085/971 1445/1076/960 1444/1078/962
f 515/1056/972 1446/1079/963 1445/1076/960
f 2432/1086/973 2433/1087/974 1446/1079/963
f 2433/1087/974 2434/1088/975 1449/1082/966
f 2434/1088/975 2435/1090/977 1452/1089/976
f 2435/1090/977 2361/2624/1205 2450/1091/978
f 1452/1089/976 2450/1091/978 2449/1092/979
f 1451/1083/967 2449/1092/979 2448/1093/980
f 1450/1081/965 2448/1093/980 2411/1094/981
f 1447/1077/961 1450/1081/965 488/845/982
f 1444/1078/962 1447/1077/961 487/843/983
f 1453/1095/984 1454/1098/985 1457/1096/985
f 1454/1098/985 1455/1104/986 1458/1099/986
f 1456/1097/984 1457/1096/985 1460/1100/985
f 1457/1096/985 1458/1099/986 1461/1102/986
f 65/809/987 438/911/984 1453/1095/984
f 439/910/985 1454/1098/985 1453/1095/984
f 439/910/985 440/909/986 1455/1104/986
f 66/943/988 549/2164/988 1455/1104/986
f 1455/1104/986 549/2164/988 550/1105/989
f 1458/1099/986 550/1105/989 551/1106/988
f 551/1106/988 2489/2169/989 2488/1107/986
f 1460/1100/985 1461/1102/986 2488/1107/986
f 1460/1100/985 2487/1108/985 2486/1109/984
f 552/1110/987 1459/1101/984 2486/1109/984
f 553/1112/987 1456/1097/984 1459/1101/984
f 1453/1095/984 1456/1097/984 553/1112/987
f 1463/1113/990 1466/1117/990 1465/1114/991
f 1464/1116/992 1467/1119/992 1466/1117/990
f 1466/1117/990 1469/1120/990 1468/1118/991
f 1467/1119/992 1470/1126/992 1469/1120/990
f 423/1121/991 1462/1115/991 560/1122/993
f 423/1121/991 424/927/990 1463/1113/990
f 424/927/990 425/1124/992 1464/1116/992
f 61/1123/994 555/1188/994 1464/1116/992
f 1464/1116/992 555/1188/994 556/1125/994
f 556/1125/994 557/1127/994 1470/1126/992
f 557/1127/994 2480/1197/994 2479/1128/992
f 1470/1126/992 2479/1128/992 2478/1129/990
f 1468/1118/991 1469/1120/990 2478/1129/990
f 558/1131/993 1468/1118/991 2477/1130/991
f 559/1133/993 1465/1114/991 1468/1118/991
f 1462/1115/991 1465/1114/991 559/1133/993
f 1472/1134/995 1475/1138/995 1474/1135/995
f 1473/1137/995 1476/1141/995 1475/1138/995
f 1474/1135/995 1475/1138/995 1478/1139/995
f 1476/1141/995 1479/1149/995 1478/1139/995
f 2362/1142/995 1471/1136/995 566/1143/996
f 2363/1145/995 1472/1134/995 1471/1136/995
f 2363/1145/995 2364/1147/995 1473/1137/995
f 2335/1146/995 2497/2625/995 1473/1137/995
f 1473/1137/995 2497/2625/995 2498/1148/995
f 2498/1148/995 2499/1150/995 1479/1149/995
f 2499/1150/995 2452/2626/995 2466/1151/995
f 1479/1149/995 2466/1151/995 2465/1152/995
f 1478/1139/995 2465/1152/995 2464/1153/995
f 1477/1140/995 2464/1153/995 2463/1154/997
f 1474/1135/995 1477/1140/995 564/1155/996
f 1471/1136/995 1474/1135/995 565/1156/997
f 1481/1157/998 1484/1161/998 1483/1158/999
f 1482/1160/1000 1485/1163/1000 1484/1161/998
f 1484/1161/998 1487/1164/998 1486/1162/999
f 1485/1163/1000 1488/1171/1000 1487/1164/998
f 443/1165/999 1480/1159/999 572/1166/1001
f 442/1011/998 1481/1157/998 1480/1159/999
f 442/1011/998 441/1169/1000 1482/1160/1000
f 68/1168/1002 567/1266/1002 1482/1160/1000
f 1482/1160/1000 567/1266/1002 568/1170/1002
f 568/1170/1002 569/1172/1002 1488/1171/1000
f 569/1172/1002 2472/1273/1002 2490/1173/1000
f 1488/1171/1000 2490/1173/1000 2491/1174/998
f 1487/1164/998 2491/1174/998 2492/1175/999
f 1486/1162/999 2492/1175/999 2471/1176/1001
f 1483/1158/999 1486/1162/999 570/1177/1001
f 1480/1159/999 1483/1158/999 571/1178/1001
f 1490/1179/1003 1493/1183/1003 1492/1180/1004
f 1491/1182/1005 1494/1186/1005 1493/1183/1003
f 1492/1180/1004 1493/1183/1003 1496/1184/1003
f 1494/1186/1005 1497/1192/1005 1496/1184/1003
f 426/1187/1004 1489/1181/1004 555/1188/994
f 427/1189/1003 1490/1179/1003 1489/1181/1004
f 428/1190/1005 1491/1182/1005 1490/1179/1003
f 62/1027/1006 573/2058/1006 1491/1182/1005
f 1491/1182/1005 573/2058/1006 574/1191/1006
f 574/1191/1006 575/1193/1006 1497/1192/1005
f 575/1193/1006 2484/2066/1006 2483/1194/1005
f 1497/1192/1005 2483/1194/1005 2482/1195/1003
f 1496/1184/1003 2482/1195/1003 2481/1196/1004
f 557/1127/994 1495/1185/1004 2481/1196/1004
f 556/1125/994 1492/1180/1004 1495/1185/1004
f 555/1188/994 1489/1181/1004 1492/1180/1004
f 1499/1198/1007 1502/1202/1007 1501/1199/1008
f 1499/1198/1007 1500/1207/1009 1503/1201/1009
f 1501/1199/1008 1502/1202/1007 1505/1203/1007
f 1503/1201/1009 1506/1209/1009 1505/1203/1007
f 516/1093/1008 1498/1200/1008 578/1205/1010
f 517/1092/1007 1499/1198/1007 1498/1200/1008
f 518/1091/1009 1500/1207/1009 1499/1198/1007
f 518/1091/1009 2360/2624/997 566/1206/996
f 566/1206/996 565/2627/997 1503/1201/1009
f 1503/1201/1009 565/2627/997 564/1208/996
f 564/1208/996 2463/2628/997 2496/1210/1009
f 1505/1203/1007 1506/1209/1009 2496/1210/1009
f 1505/1203/1007 2495/1211/1007 2494/1212/1008
f 1504/1204/1008 2494/1212/1008 2493/1213/1010
f 577/1215/1010 1501/1199/1008 1504/1204/1008
f 578/1205/1010 1498/1200/1008 1501/1199/1008
f 1508/1216/1011 1511/1220/1011 1510/1217/1011
f 1509/1219/1011 1512/1222/1011 1511/1220/1011
f 1511/1220/1011 1514/1223/1011 1513/1221/1011
f 1512/1222/1011 1515/1231/1011 1514/1223/1011
f 2337/1224/1011 1507/1218/1011 561/1225/1011
f 2338/1227/1011 1508/1216/1011 1507/1218/1011
f 2338/1227/1011 2339/1228/1011 1509/1219/1011
f 2339/1228/1011 2340/2629/1011 2500/1229/1011
f 2500/1229/1011 2501/1230/1011 1512/1222/1011
f 2501/1230/1011 2502/1232/1011 1515/1231/1011
f 2502/1232/1011 2456/2630/1011 2455/1233/1011
f 1514/1223/1011 1515/1231/1011 2455/1233/1011
f 1513/1221/1011 1514/1223/1011 2454/1234/1011
f 563/1236/1011 1513/1221/1011 2453/1235/1011
f 1510/1217/1011 1513/1221/1011 563/1236/1011
f 561/1225/1011 1507/1218/1011 1510/1217/1011
f 1517/1239/1012 1520/1243/1012 1519/1240/1013
f 1518/1242/1014 1521/1250/1014 1520/1243/1012
f 1520/1243/1012 1523/1246/1012 1522/1244/1013
f 1520/1243/1012 1521/1250/1014 1524/1245/1014
f 58/774/1015 417/1248/1013 1516/1241/1013
f 417/1248/1013 418/772/1012 1517/1239/1012
f 419/1249/1014 1518/1242/1014 1517/1239/1012
f 59/1167/1001 572/1166/1001 1518/1242/1014
f 572/1166/1001 571/1178/1001 1521/1250/1014
f 571/1178/1001 570/1177/1001 1524/1245/1014
f 1524/1245/1014 570/1177/1001 2471/1176/1001
f 1524/1245/1014 2470/1251/1014 2469/1252/1012
f 1522/1244/1013 1523/1246/1012 2469/1252/1012
f 584/1254/1015 1522/1244/1013 2468/1253/1013
f 1519/1240/1013 1522/1244/1013 584/1254/1015
f 1516/1241/1013 1519/1240/1013 583/1256/1015
f 1525/1257/1016 1526/1261/1017 1529/1258/1017
f 1527/1260/1018 1530/1264/1018 1529/1258/1017
f 1528/1259/1016 1529/1258/1017 1532/1262/1017
f 1530/1264/1018 1533/1269/1018 1532/1262/1017
f 420/1265/1016 1525/1257/1016 567/1266/1002
f 421/1267/1017 1526/1261/1017 1525/1257/1016
f 422/1268/1018 1527/1260/1018 1526/1261/1017
f 60/825/993 560/1122/993 1527/1260/1018
f 560/1122/993 559/1133/993 1530/1264/1018
f 1530/1264/1018 559/1133/993 558/1131/993
f 558/1131/993 2476/1132/993 2475/1270/1018
f 1533/1269/1018 2475/1270/1018 2474/1271/1017
f 1532/1262/1017 2474/1271/1017 2473/1272/1016
f 569/1172/1002 1531/1263/1016 2473/1272/1016
f 1528/1259/1016 1531/1263/1016 569/1172/1002
f 1525/1257/1016 1528/1259/1016 568/1170/1002
f 1535/1274/1019 1538/1278/1019 1537/1275/1019
f 1536/1277/1019 1539/1280/1019 1538/1278/1019
f 1538/1278/1019 1541/1281/1019 1540/1279/1019
f 1539/1280/1019 1542/1285/1019 1541/1281/1019
f 407/961/1019 1534/1276/1019 579/1282/1019
f 406/960/1019 1535/1274/1019 1534/1276/1019
f 405/959/1019 1536/1277/1019 1535/1274/1019
f 405/959/1019 2351/2623/1019 2505/1283/1019
f 2505/1283/1019 2504/1284/1019 1539/1280/1019
f 2504/1284/1019 2503/1286/1019 1542/1285/1019
f 2503/1286/1019 2458/2631/1019 2460/1287/1019
f 1542/1285/1019 2460/1287/1019 2461/1288/1019
f 1541/1281/1019 2461/1288/1019 2462/1289/1019
f 581/1290/1019 1540/1279/1019 2462/1289/1019
f 1537/1275/1019 1540/1279/1019 581/1290/1019
f 1534/1276/1019 1537/1275/1019 580/1292/1019
f 1825/1915/578 1823/1921/578 1829/1916/578
f 1827/1918/578 1823/1921/578 1825/1915/578
f 1828/1920/578 1829/1916/578 1823/1921/578
f 2731/1922/578 1824/1917/578 789/1923/578
f 2730/1925/578 1825/1915/578 1824/1917/578
f 1824/1917/578 1829/1916/578 790/1926/578
f 369/1055/938 1826/1919/578 2729/1927/578
f 370/1053/936 1827/1918/578 1826/1919/578
f 1826/1919/578 1825/1915/578 2730/1928/578
f 16/1929/934 791/1931/578 1828/1920/578
f 791/1931/578 790/1926/578 1829/1916/578
f 371/1930/935 1828/1920/578 1827/1918/578
f 1832/1932/578 1830/1938/578 1836/1933/578
f 1834/1935/578 1830/1938/578 1832/1932/578
f 1835/1937/578 1836/1933/578 1830/1938/578
f 789/1939/578 1831/1934/578 792/1940/578
f 789/1939/578 790/2654/578 1832/1932/578
f 1831/1934/578 1836/1933/578 793/1941/578
f 176/309/578 1833/1936/578 791/1931/578
f 175/1942/578 1834/1935/578 1833/1936/578
f 1833/1936/578 1832/1932/578 790/1943/578
f 15/305/578 794/1945/578 1835/1937/578
f 794/1945/578 793/2655/578 1836/1933/578
f 174/1944/578 1835/1937/578 1834/1935/578
f 1838/1946/578 1839/1950/578 1837/1947/578
f 1841/1949/578 1837/1947/578 1839/1950/578
f 1842/1952/578 1843/1948/578 1837/1947/578
f 2725/1924/578 792/1954/578 1838/1946/578
f 792/1954/578 793/2656/578 1839/1950/578
f 1838/1946/578 1843/1948/578 796/1955/578
f 173/1956/578 1840/1951/578 794/1957/578
f 172/1958/578 1841/1949/578 1840/1951/578
f 1840/1951/578 1839/1950/578 793/1959/578
f 14/259/578 797/1961/578 1842/1952/578
f 797/1961/578 796/2657/578 1843/1948/578
f 171/1960/578 1842/1952/578 1841/1949/578
f 1845/1962/578 1846/1966/578 1844/1963/578
f 1847/1965/578 1848/1967/578 1844/1963/578
f 1850/1964/578 1844/1963/578 1848/1967/578
f 2725/1924/578 795/1970/578 1845/1962/578
f 795/1970/578 796/1974/578 1846/1966/578
f 798/1969/578 1845/1962/578 1850/1964/578
f 14/259/578 170/1973/578 1847/1965/578
f 170/1973/578 169/1977/578 1848/1967/578
f 797/1972/578 1847/1965/578 1846/1966/578
f 800/1975/578 1849/1968/578 168/442/578
f 799/1971/578 1850/1964/578 1849/1968/578
f 1849/1968/578 1848/1967/578 169/1977/578
f 1852/1978/1106 1855/1982/1106 1854/1979/1106
f 1853/1981/1106 1856/1984/1106 1855/1982/1106
f 1855/1982/1106 1858/1985/1106 1857/1983/1106
f 1856/1984/1106 1859/1993/1106 1858/1985/1106
f 2724/1986/1106 2726/1989/1106 1851/1980/1106
f 2727/1988/1106 1852/1978/1106 1851/1980/1106
f 2728/1990/1106 1853/1981/1106 1852/1978/1106
f 1/952/1106 453/1991/1106 1853/1981/1106
f 453/1991/1106 454/1992/1106 1856/1984/1106
f 454/1992/1106 455/1994/1106 1859/1993/1106
f 455/1994/1106 2342/2629/1106 398/1228/1106
f 1859/1993/1106 398/1228/1106 397/1227/1106
f 1858/1985/1106 397/1227/1106 396/1224/1106
f 2732/1995/1106 1857/1983/1106 396/1224/1106
f 2733/1996/1106 1854/1979/1106 1857/1983/1106
f 2734/1987/1106 1851/1980/1106 1854/1979/1106
f 1861/1997/1107 1864/2001/1107 1863/1998/1107
f 1862/2000/1107 1865/2003/1107 1864/2001/1107
f 1864/2001/1107 1867/2004/1107 1866/2002/1107
f 1865/2003/1107 1868/2008/1107 1867/2004/1107
f 4/1086/1108 786/1927/1107 1860/1999/1107
f 787/1928/1107 1861/1997/1107 1860/1999/1107
f 788/1922/1108 1862/2000/1107 1861/1997/1107
f 84/1986/1107 803/2006/1107 1862/2000/1107
f 803/2006/1107 802/2007/1107 1865/2003/1107
f 802/2007/1107 801/2009/1107 1868/2008/1107
f 801/2009/1107 50/1146/1107 410/1147/1107
f 1868/2008/1107 410/1147/1107 409/1145/1108
f 1867/2004/1107 409/1145/1108 408/1142/1107
f 485/2010/1107 1866/2002/1107 408/1142/1107
f 484/2011/1107 1863/1998/1107 1866/2002/1107
f 483/2005/1107 1860/1999/1107 1863/1998/1107
f 1869/2012/1109 1870/2015/1112 1873/2013/1110
f 1870/2015/1112 1871/2023/1121 1874/2016/1113
f 1872/2014/1111 1873/2013/1110 1876/2017/1114
f 1873/2013/1110 1874/2016/1113 1877/2019/1116
f 56/868/1117 411/2021/1119 1869/2012/1109
f 411/2021/1119 412/2022/1120 1870/2015/1112
f 412/2022/1120 413/2024/1122 1871/2023/1121
f 413/2024/1122 57/2074/1123 828/2025/1123
f 1871/2023/1121 828/2025/1123 829/2026/1123
f 1874/2016/1113 829/2026/1123 830/2027/1124
f 1877/2019/1116 830/2027/1124 2718/2028/1124
f 1876/2017/1114 1877/2019/1116 2717/2029/1125
f 1875/2018/1115 1876/2017/1114 2716/2030/1126
f 831/2032/1128 1875/2018/1115 2715/2031/1127
f 832/2034/1130 1872/2014/1111 1875/2018/1115
f 833/2020/1118 1869/2012/1109 1872/2014/1111
f 1879/2035/1131 1882/2039/1131 1881/2036/1132
f 1880/2038/1133 1883/2044/1133 1882/2039/1131
f 1881/2036/1132 1882/2039/1131 1885/2040/1131
f 1882/2039/1131 1883/2044/1133 1886/2042/1133
f 67/849/1134 446/848/1132 1878/2037/1132
f 446/848/1132 445/847/1131 1879/2035/1131
f 444/846/1133 1880/2038/1133 1879/2035/1131
f 69/1094/1010 578/1205/1010 1880/2038/1133
f 1880/2038/1133 578/1205/1010 577/1215/1010
f 577/1215/1010 576/1214/1010 1886/2042/1133
f 576/1214/1010 2493/1213/1010 2753/2045/1133
f 1886/2042/1133 2753/2045/1133 2754/2046/1131
f 1884/2041/1132 1885/2040/1131 2754/2046/1131
f 834/2048/1134 1884/2041/1132 2755/2047/1132
f 835/2050/1134 1881/2036/1132 1884/2041/1132
f 1878/2037/1132 1881/2036/1132 835/2050/1134
f 1887/2051/1135 1888/2054/1136 1891/2052/1136
f 1888/2054/1136 1889/2059/1137 1892/2055/1137
f 1891/2052/1136 1894/2057/1136 1893/2056/1135
f 1892/2055/1137 1895/2062/1137 1894/2057/1136
f 62/1027/1006 429/1026/1135 1887/2051/1135
f 429/1026/1135 430/1025/1136 1888/2054/1136
f 430/1025/1136 431/1024/1137 1889/2059/1137
f 431/1024/1137 63/755/1138 837/2060/1138
f 837/2060/1138 838/2133/1138 1892/2055/1137
f 1892/2055/1137 838/2133/1138 839/2061/1138
f 839/2061/1138 2719/2132/1138 2749/2063/1137
f 1895/2062/1137 2749/2063/1137 2748/2064/1136
f 1894/2057/1136 2748/2064/1136 2747/2065/1135
f 1893/2056/1135 2747/2065/1135 2484/2066/1006
f 1890/2053/1135 1893/2056/1135 575/1193/1006
f 573/2058/1006 1887/2051/1135 1890/2053/1135
f 1897/2067/1139 1900/2071/1139 1899/2068/1140
f 1897/2067/1139 1898/2077/1141 1901/2070/1141
f 1900/2071/1139 1903/2073/1139 1902/2072/1140
f 1901/2070/1141 1904/2079/1141 1903/2073/1139
f 57/2074/1123 414/2075/1140 1896/2069/1140
f 414/2075/1140 415/2076/1139 1897/2067/1139
f 415/2076/1139 416/2078/1141 1898/2077/1141
f 58/774/1015 582/1247/1015 1898/2077/1141
f 582/1247/1015 583/1256/1015 1901/2070/1141
f 1901/2070/1141 583/1256/1015 584/1254/1015
f 1904/2079/1141 584/1254/1015 2467/1255/1015
f 1904/2079/1141 2746/2080/1141 2745/2081/1139
f 1903/2073/1139 2745/2081/1139 2744/2082/1140
f 1902/2072/1140 2744/2082/1140 2718/2028/1124
f 1899/2068/1140 1902/2072/1140 830/2027/1124
f 1896/2069/1140 1899/2068/1140 829/2026/1123
f 1905/2083/1142 1906/2087/1142 1909/2084/1142
f 1907/2086/1142 1910/2089/1142 1909/2084/1142
f 1909/2084/1142 1912/2090/1142 1911/2088/1142
f 1910/2089/1142 1913/2094/1142 1912/2090/1142
f 401/793/1142 1905/2083/1142 587/2091/1142
f 400/792/1142 1906/2087/1142 1905/2083/1142
f 399/791/1142 1907/2086/1142 1906/2087/1142
f 399/791/1142 2345/2621/1142 2763/2092/1142
f 2763/2092/1142 2764/2658/1142 1910/2089/1142
f 1910/2089/1142 2764/2658/1142 2765/2093/1142
f 2765/2093/1142 2735/2659/1142 2737/2095/1142
f 1913/2094/1142 2737/2095/1142 2738/2096/1142
f 1912/2090/1142 2738/2096/1142 2739/2097/1142
f 1911/2088/1142 2739/2097/1142 2459/2098/1142
f 1908/2085/1142 1911/2088/1142 585/2099/1142
f 1905/2083/1142 1908/2085/1142 586/2100/1142
f 1914/2101/1143 1915/2104/1146 1918/2102/1144
f 1915/2104/1146 1916/2110/1155 1919/2105/1147
f 1917/2103/1145 1918/2102/1144 1921/2106/1148
f 1918/2102/1144 1919/2105/1147 1922/2108/1150
f 55/873/1151 447/871/1153 1914/2101/1143
f 447/871/1153 448/870/1154 1915/2104/1146
f 448/870/1154 449/869/1156 1916/2110/1155
f 449/869/1156 56/868/1117 833/2020/1118
f 1916/2110/1155 833/2020/1118 832/2034/1130
f 1919/2105/1147 832/2034/1130 831/2032/1128
f 1922/2108/1150 831/2032/1128 2714/2033/1129
f 1921/2106/1148 1922/2108/1150 2759/2111/1157
f 1920/2107/1149 1921/2106/1148 2758/2112/1158
f 588/2114/1160 1920/2107/1149 2757/2113/1159
f 589/2116/1162 1917/2103/1145 1920/2107/1149
f 590/2109/1152 1914/2101/1143 1917/2103/1145
f 1924/2117/1163 1927/2121/1163 1926/2118/1164
f 1924/2117/1163 1925/2125/1165 1928/2120/1165
f 1927/2121/1163 1930/2124/1163 1929/2122/1164
f 1927/2121/1163 1928/2120/1165 1931/2123/1165
f 63/755/1138 432/754/1164 1923/2119/1164
f 433/753/1163 1924/2117/1163 1923/2119/1164
f 433/753/1163 434/752/1165 1925/2125/1165
f 434/752/1165 64/751/1166 843/2126/1166
f 1925/2125/1165 843/2126/1166 844/2127/1166
f 1928/2120/1165 844/2127/1166 845/2128/1166
f 845/2128/1166 2723/2182/1166 2722/2129/1165
f 1931/2123/1165 2722/2129/1165 2721/2130/1163
f 1930/2124/1163 2721/2130/1163 2720/2131/1164
f 1929/2122/1164 2720/2131/1164 2719/2132/1138
f 838/2133/1138 1926/2118/1164 1929/2122/1164
f 1923/2119/1164 1926/2118/1164 838/2133/1138
f 1932/2134/1167 1933/2137/1170 1936/2135/1168
f 1933/2137/1170 1934/2144/1179 1937/2138/1171
f 1935/2136/1169 1936/2135/1168 1939/2139/1172
f 1936/2135/1168 1937/2138/1171 1940/2141/1174
f 52/895/1175 404/893/1177 1932/2134/1167
f 404/893/1177 403/2143/1178 1933/2137/1170
f 403/2143/1178 402/2145/1180 1934/2144/1179
f 402/2145/1180 55/2622/1151 590/2146/1152
f 1934/2144/1179 590/2146/1152 589/2147/1162
f 1937/2138/1171 589/2147/1162 588/2148/1160
f 1940/2141/1174 588/2148/1160 2740/2149/1161
f 1939/2139/1172 1940/2141/1174 2741/2150/1181
f 1938/2140/1173 1939/2139/1172 2742/2151/1182
f 842/2153/1184 1938/2140/1173 2743/2152/1183
f 841/2155/1186 1935/2136/1169 1938/2140/1173
f 840/2142/1176 1932/2134/1167 1935/2136/1169
f 1942/2156/1187 1945/2160/1187 1944/2157/1188
f 1943/2159/1189 1946/2165/1189 1945/2160/1187
f 1944/2157/1188 1945/2160/1187 1948/2161/1187
f 1945/2160/1187 1946/2165/1189 1949/2163/1189
f 66/943/988 450/942/1188 1941/2158/1188
f 450/942/1188 451/941/1187 1942/2156/1187
f 451/941/1187 452/940/1189 1943/2159/1189
f 452/940/1189 67/849/1134 836/2043/1134
f 836/2043/1134 835/2050/1134 1946/2165/1189
f 835/2050/1134 834/2048/1134 1949/2163/1189
f 834/2048/1134 2756/2049/1134 2762/2166/1189
f 1948/2161/1187 1949/2163/1189 2762/2166/1189
f 1948/2161/1187 2761/2167/1187 2760/2168/1188
f 1947/2162/1188 2760/2168/1188 2489/2169/989
f 550/1105/989 1944/2157/1188 1947/2162/1188
f 1941/2158/1188 1944/2157/1188 550/1105/989
f 1951/2170/1190 1954/2174/1190 1953/2171/1191
f 1951/2170/1190 1952/2178/1192 1955/2173/1192
f 1953/2171/1191 1954/2174/1190 1957/2175/1190
f 1954/2174/1190 1955/2173/1192 1958/2177/1192
f 64/751/1166 435/812/1191 1950/2172/1191
f 435/812/1191 436/811/1190 1951/2170/1190
f 437/810/1192 1952/2178/1192 1951/2170/1190
f 65/809/987 554/1103/987 1952/2178/1192
f 1952/2178/1192 554/1103/987 553/1112/987
f 1955/2173/1192 553/1112/987 552/1110/987
f 552/1110/987 2485/1111/987 2752/2179/1192
f 1958/2177/1192 2752/2179/1192 2751/2180/1190
f 1957/2175/1190 2751/2180/1190 2750/2181/1191
f 845/2128/1166 1956/2176/1191 2750/2181/1191
f 844/2127/1166 1953/2171/1191 1956/2176/1191
f 1950/2172/1191 1953/2171/1191 844/2127/1166
f 1959/2183/578 1960/2186/578 1963/2184/578
f 1960/2186/578 1961/2197/578 1964/2187/578
f 1962/2185/578 1963/2184/578 1966/2188/578
f 1963/2184/578 1964/2187/578 1967/2190/578
f 798/2191/578 1959/2183/578 783/2192/578
f 799/2194/578 1960/2186/578 1959/2183/578
f 800/2195/578 1961/2197/578 1960/2186/578
f 800/2195/578 13/2660/578 167/2196/578
f 1961/2197/578 167/2196/578 166/2198/578
f 1964/2187/578 166/2198/578 165/2199/578
f 1967/2190/578 165/2199/578 12/2200/578
f 1966/2188/578 1967/2190/578 392/2201/578
f 1965/2189/578 1966/2188/578 391/2202/578
f 785/2204/578 1965/2189/578 390/2203/578
f 784/2206/578 1962/2185/578 1965/2189/578
f 783/2192/578 1959/2183/578 1962/2185/578
f 1969/2207/1020 1970/2211/1020 1968/2208/1020
f 1971/2210/1020 1972/2212/1020 1968/2208/1020
f 1974/2209/1020 1968/2208/1020 1972/2212/1020
f 83/2214/1020 546/2216/1020 1969/2207/1020
f 546/2216/1020 547/2661/1020 1970/2211/1020
f 848/2215/1020 1969/2207/1020 1974/2209/1020
f 73/2218/1020 525/2220/1020 1971/2210/1020
f 525/2220/1020 526/2226/1020 1972/2212/1020
f 548/2219/1020 1971/2210/1020 1970/2211/1020
f 846/2222/1020 1973/2213/1020 527/2223/1020
f 847/2225/1020 1974/2209/1020 1973/2213/1020
f 1973/2213/1020 1972/2212/1020 526/2226/1020
f 1976/2227/1020 1977/2231/1020 1975/2228/1020
f 1979/2230/1020 1975/2228/1020 1977/2231/1020
f 1980/2233/1020 1981/2229/1020 1975/2228/1020
f 848/2215/1020 1976/2227/1020 819/2234/1020
f 848/2215/1020 847/2662/1020 1977/2231/1020
f 1976/2227/1020 1981/2229/1020 820/2235/1020
f 851/2236/1020 1978/2232/1020 846/2237/1020
f 850/2238/1020 1979/2230/1020 1978/2232/1020
f 1978/2232/1020 1977/2231/1020 847/2239/1020
f 122/2240/1020 821/2242/1020 1980/2233/1020
f 821/2242/1020 820/2663/1020 1981/2229/1020
f 849/2241/1020 1980/2233/1020 1979/2230/1020
f 1984/2244/1020 1982/2248/1020 1988/2245/1020
f 1985/2247/1020 1986/2250/1020 1982/2248/1020
f 1987/2249/1020 1988/2245/1020 1982/2248/1020
f 854/2251/1020 1983/2246/1020 851/2236/1020
f 853/2252/1020 1984/2244/1020 1983/2246/1020
f 1983/2246/1020 1988/2245/1020 850/2253/1020
f 81/2254/1020 825/2256/1020 1985/2247/1020
f 825/2256/1020 826/2664/1020 1986/2250/1020
f 852/2255/1020 1985/2247/1020 1984/2244/1020
f 849/2258/1020 1987/2249/1020 827/2259/1020
f 850/2238/1020 1988/2245/1020 1987/2249/1020
f 1987/2249/1020 1986/2250/1020 826/2261/1020
f 1991/2262/1020 1989/2266/1020 1995/2263/1020
f 1992/2265/1020 1993/2267/1020 1989/2266/1020
f 1995/2263/1020 1989/2266/1020 1993/2267/1020
f 857/2269/1020 1990/2264/1020 854/2251/1020
f 856/2270/1020 1991/2262/1020 1990/2264/1020
f 1990/2264/1020 1995/2263/1020 853/2257/1020
f 80/2271/1020 540/2273/1020 1992/2265/1020
f 540/2273/1020 541/2276/1020 1993/2267/1020
f 855/2272/1020 1992/2265/1020 1991/2262/1020
f 852/2255/1020 1994/2268/1020 542/2274/1020
f 853/2252/1020 1995/2263/1020 1994/2268/1020
f 1994/2268/1020 1993/2267/1020 541/2276/1020
f 1998/2277/1020 1996/2281/1020 2002/2278/1020
f 1999/2280/1020 2000/2282/1020 1996/2281/1020
f 2002/2278/1020 1996/2281/1020 2000/2282/1020
f 860/2284/1020 1997/2279/1020 857/2285/1020
f 859/2286/1020 1998/2277/1020 1997/2279/1020
f 1997/2279/1020 2002/2278/1020 856/2287/1020
f 121/2288/1020 816/2290/1020 1999/2280/1020
f 816/2290/1020 817/2293/1020 2000/2282/1020
f 858/2289/1020 1999/2280/1020 1998/2277/1020
f 855/2272/1020 2001/2283/1020 818/2292/1020
f 856/2270/1020 2002/2278/1020 2001/2283/1020
f 2001/2283/1020 2000/2282/1020 817/2293/1020
f 2004/2294/1020 2005/2298/1020 2003/2295/1020
f 2007/2297/1020 2003/2295/1020 2005/2298/1020
f 2008/2300/1020 2009/2296/1020 2003/2295/1020
f 70/2224/1020 863/2302/1020 2004/2294/1020
f 863/2302/1020 862/2665/1020 2005/2298/1020
f 2004/2294/1020 2009/2296/1020 859/2303/1020
f 780/2304/1020 2006/2299/1020 861/2305/1020
f 781/2307/1020 2007/2297/1020 2006/2299/1020
f 2006/2299/1020 2005/2298/1020 862/2308/1020
f 121/2309/1020 858/2289/1020 2008/2300/1020
f 858/2289/1020 859/2666/1020 2009/2296/1020
f 782/2310/1020 2008/2300/1020 2007/2297/1020
f 2010/2311/1020 2011/2314/1020 2014/2312/1020
f 2011/2314/1020 2012/2323/1020 2015/2315/1020
f 2013/2313/1020 2014/2312/1020 2017/2316/1020
f 2014/2312/1020 2015/2315/1020 2018/2318/1020
f 117/2319/1020 809/2321/1020 2010/2311/1020
f 809/2321/1020 808/2322/1020 2011/2314/1020
f 808/2322/1020 807/2324/1020 2012/2323/1020
f 807/2324/1020 74/2667/1020 822/2325/1020
f 2012/2323/1020 822/2325/1020 823/2326/1020
f 2015/2315/1020 823/2326/1020 824/2327/1020
f 2018/2318/1020 824/2327/1020 118/2328/1020
f 2017/2316/1020 2018/2318/1020 866/2329/1020
f 2016/2317/1020 2017/2316/1020 865/2330/1020
f 806/2332/1020 2016/2317/1020 864/2331/1020
f 805/2334/1020 2013/2313/1020 2016/2317/1020
f 804/2320/1020 2010/2311/1020 2013/2313/1020
f 2021/2335/1020 2019/2341/1020 2025/2336/1020
f 2023/2338/1020 2019/2341/1020 2021/2335/1020
f 2024/2340/1020 2025/2336/1020 2019/2341/1020
f 864/2331/1020 2020/2337/1020 869/2342/1020
f 864/2331/1020 865/2347/1020 2021/2335/1020
f 2020/2337/1020 2025/2336/1020 868/2343/1020
f 777/2344/1020 2022/2339/1020 866/2329/1020
f 778/2346/1020 2023/2338/1020 2022/2339/1020
f 2022/2339/1020 2021/2335/1020 865/2347/1020
f 119/2348/1020 867/2350/1020 2024/2340/1020
f 867/2350/1020 868/2343/1020 2025/2336/1020
f 779/2349/1020 2024/2340/1020 2023/2338/1020
f 2028/2352/1020 2026/2358/1020 2032/2353/1020
f 2030/2355/1020 2026/2358/1020 2028/2352/1020
f 2031/2357/1020 2032/2353/1020 2026/2358/1020
f 869/2342/1020 2027/2354/1020 872/2359/1020
f 869/2342/1020 868/2365/1020 2028/2352/1020
f 2027/2354/1020 2032/2353/1020 871/2360/1020
f 810/2361/1020 2029/2356/1020 867/2362/1020
f 811/2364/1020 2030/2355/1020 2029/2356/1020
f 2029/2356/1020 2028/2352/1020 868/2365/1020
f 75/2366/1020 870/2368/1020 2031/2357/1020
f 870/2368/1020 871/2382/1020 2032/2353/1020
f 812/2367/1020 2031/2357/1020 2030/2355/1020
f 2035/2369/1020 2033/2373/1020 2039/2370/1020
f 2036/2372/1020 2037/2374/1020 2033/2373/1020
f 2039/2370/1020 2033/2373/1020 2037/2374/1020
f 872/2376/1020 2034/2371/1020 875/2377/1020
f 871/2378/1020 2035/2369/1020 2034/2371/1020
f 875/2377/1020 2034/2371/1020 2039/2370/1020
f 528/2380/1020 2036/2372/1020 870/2368/1020
f 528/2380/1020 529/2387/1020 2037/2374/1020
f 870/2368/1020 2036/2372/1020 2035/2369/1020
f 873/2383/1020 2038/2375/1020 530/2384/1020
f 874/2386/1020 2039/2370/1020 2038/2375/1020
f 2038/2375/1020 2037/2374/1020 529/2387/1020
f 2041/2388/1020 2044/2392/1020 2043/2389/1020
f 2042/2391/1020 2045/2402/1020 2044/2392/1020
f 2043/2389/1020 2044/2392/1020 2047/2393/1020
f 2044/2392/1020 2045/2402/1020 2048/2395/1020
f 875/2396/1020 2040/2390/1020 522/2397/1020
f 874/2398/1020 2041/2388/1020 2040/2390/1020
f 873/2399/1020 2042/2391/1020 2041/2388/1020
f 76/2400/1020 545/2401/1020 2042/2391/1020
f 545/2401/1020 544/2668/1020 2045/2402/1020
f 2045/2402/1020 544/2668/1020 543/2403/1020
f 2048/2395/1020 543/2403/1020 82/2404/1020
f 2047/2393/1020 2048/2395/1020 878/2405/1020
f 2046/2394/1020 2047/2393/1020 877/2406/1020
f 524/2408/1020 2046/2394/1020 876/2407/1020
f 523/2410/1020 2043/2389/1020 2046/2394/1020
f 2040/2390/1020 2043/2389/1020 523/2410/1020
f 2051/2411/1020 2049/2417/1020 2055/2412/1020
f 2053/2414/1020 2049/2417/1020 2051/2411/1020
f 2054/2416/1020 2055/2412/1020 2049/2417/1020
f 876/2407/1020 2050/2413/1020 881/2418/1020
f 876/2407/1020 877/2669/1020 2051/2411/1020
f 2050/2413/1020 2055/2412/1020 880/2419/1020
f 531/2420/1020 2052/2415/1020 878/2421/1020
f 532/2423/1020 2053/2414/1020 2052/2415/1020
f 2052/2415/1020 2051/2411/1020 877/2424/1020
f 879/2425/1020 2054/2416/1020 533/2426/1020
f 879/2425/1020 880/2670/1020 2055/2412/1020
f 533/2426/1020 2054/2416/1020 2053/2414/1020
f 2058/2428/1020 2056/2432/1020 2062/2429/1020
f 2059/2431/1020 2060/2433/1020 2056/2432/1020
f 2062/2429/1020 2056/2432/1020 2060/2433/1020
f 881/2435/1020 2057/2430/1020 884/2436/1020
f 880/2419/1020 2058/2428/1020 2057/2430/1020
f 884/2436/1020 2057/2430/1020 2062/2429/1020
f 77/2427/1020 534/2439/1020 2059/2431/1020
f 534/2439/1020 535/2671/1020 2060/2433/1020
f 879/2438/1020 2059/2431/1020 2058/2428/1020
f 882/2441/1020 2061/2434/1020 536/2442/1020
f 883/2444/1020 2062/2429/1020 2061/2434/1020
f 2061/2434/1020 2060/2433/1020 535/2445/1020
f 2065/2446/1020 2063/2450/1020 2069/2447/1020
f 2066/2449/1020 2067/2451/1020 2063/2450/1020
f 2069/2447/1020 2063/2450/1020 2067/2451/1020
f 884/2453/1020 2064/2448/1020 887/2454/1020
f 883/2455/1020 2065/2446/1020 2064/2448/1020
f 887/2454/1020 2064/2448/1020 2069/2447/1020
f 78/2457/1020 537/2458/1020 2066/2449/1020
f 537/2458/1020 538/2463/1020 2067/2451/1020
f 882/2441/1020 2066/2449/1020 2065/2446/1020
f 885/2459/1020 2068/2452/1020 539/2460/1020
f 886/2462/1020 2069/2447/1020 2068/2452/1020
f 2068/2452/1020 2067/2451/1020 538/2463/1020
f 2071/2464/1020 2074/2468/1020 2073/2465/1020
f 2072/2467/1020 2075/2470/1020 2074/2468/1020
f 2074/2468/1020 2077/2471/1020 2076/2469/1020
f 2075/2470/1020 2078/2478/1020 2077/2471/1020
f 120/2472/1020 861/2474/1020 2070/2466/1020
f 861/2474/1020 862/2308/1020 2071/2464/1020
f 862/2308/1020 863/2475/1020 2072/2467/1020
f 863/2475/1020 70/2224/1020 519/2476/1020
f 519/2476/1020 520/2477/1020 2075/2470/1020
f 520/2477/1020 521/2479/1020 2078/2478/1020
f 521/2479/1020 71/2409/1020 887/2480/1020
f 2078/2478/1020 887/2480/1020 886/2462/1020
f 2077/2471/1020 886/2462/1020 885/2481/1020
f 2076/2469/1020 885/2481/1020 79/2461/1020
f 2073/2465/1020 2076/2469/1020 813/2482/1020
f 2070/2466/1020 2073/2465/1020 814/2483/1020
f 2079/2484/1020 2080/2487/1020 2083/2485/1020
f 2080/2487/1020 2081/2496/1020 2084/2488/1020
f 2082/2486/1020 2083/2485/1020 2086/2489/1020
f 2083/2485/1020 2084/2488/1020 2087/2491/1020
f 127/2492/1020 900/2494/1020 2079/2484/1020
f 900/2494/1020 901/2495/1020 2080/2487/1020
f 901/2495/1020 902/2497/1020 2081/2496/1020
f 902/2497/1020 128/2584/1200 924/2498/1193
f 2081/2496/1020 924/2498/1193 925/2499/1193
f 2084/2488/1020 925/2499/1193 926/2500/1193
f 2087/2491/1020 926/2500/1193 134/2501/1193
f 2086/2489/1020 2087/2491/1020 920/2502/1020
f 2085/2490/1020 2086/2489/1020 919/2503/1020
f 927/2505/1020 2085/2490/1020 918/2504/1020
f 928/2507/1020 2082/2486/1020 2085/2490/1020
f 929/2493/1020 2079/2484/1020 2082/2486/1020
f 2089/2508/578 2092/2512/578 2091/2509/578
f 2090/2511/578 2093/2514/578 2092/2512/578
f 2092/2512/578 2095/2515/578 2094/2513/578
f 2093/2514/578 2096/2524/578 2095/2515/578
f 891/2516/578 2088/2510/578 935/2517/578
f 892/2519/578 2089/2508/578 2088/2510/578
f 893/2520/578 2090/2511/578 2089/2508/578
f 123/2521/1194 930/2522/1195 2090/2511/578
f 930/2522/1195 931/2523/1195 2093/2514/578
f 931/2523/1195 932/2525/1195 2096/2524/578
f 932/2525/1195 129/2573/1195 911/2526/578
f 2096/2524/578 911/2526/578 910/2527/578
f 2095/2515/578 910/2527/578 909/2528/578
f 2094/2513/578 909/2528/578 131/2529/578
f 2091/2509/578 2094/2513/578 933/2530/578
f 2088/2510/578 2091/2509/578 934/2531/578
f 2098/2532/578 2101/2536/578 2100/2533/578
f 2099/2535/578 2102/2538/578 2101/2536/578
f 2101/2536/578 2104/2539/578 2103/2537/578
f 2102/2538/578 2105/2545/578 2104/2539/578
f 890/2540/578 2097/2534/578 938/2541/1196
f 889/2543/578 2098/2532/578 2097/2534/578
f 888/2544/578 2099/2535/578 2098/2532/578
f 125/2518/578 935/2517/578 2099/2535/578
f 935/2517/578 934/2531/578 2102/2538/578
f 934/2531/578 933/2546/578 2105/2545/578
f 933/2546/578 131/2529/578 906/2547/578
f 2105/2545/578 906/2547/578 907/2548/578
f 2104/2539/578 907/2548/578 908/2549/578
f 2103/2537/578 908/2549/578 130/2550/1196
f 2100/2533/578 2103/2537/578 936/2551/1196
f 2097/2534/578 2100/2533/578 937/2552/1196
f 2107/2553/995 2110/2557/995 2109/2554/995
f 2107/2553/995 2108/2563/995 2111/2556/995
f 2110/2557/995 2113/2559/995 2112/2558/995
f 2111/2556/995 2114/2568/995 2113/2559/995
f 899/2560/995 2106/2555/995 930/2561/1195
f 898/2562/995 2107/2553/995 2106/2555/995
f 898/2562/995 897/2565/995 2108/2563/995
f 126/2564/1198 939/2566/1199 2108/2563/995
f 939/2566/1199 940/2567/1199 2111/2556/995
f 940/2567/1199 941/2569/1199 2114/2568/995
f 941/2569/1199 132/2611/1199 915/2570/995
f 2114/2568/995 915/2570/995 916/2571/995
f 2113/2559/995 916/2571/995 917/2572/995
f 2112/2558/995 917/2572/995 129/2573/1195
f 2109/2554/995 2112/2558/995 932/2574/1195
f 2106/2555/995 2109/2554/995 931/2523/1195
f 2116/2575/1019 2119/2579/1019 2118/2576/1019
f 2117/2578/1019 2120/2581/1019 2119/2579/1019
f 2119/2579/1019 2122/2582/1019 2121/2580/1019
f 2120/2581/1019 2123/2587/1019 2122/2582/1019
f 903/2583/1019 2115/2577/1019 924/2498/1193
f 904/2585/1019 2116/2575/1019 2115/2577/1019
f 905/2586/1019 2117/2578/1019 2116/2575/1019
f 124/2542/1197 938/2541/1196 2117/2578/1019
f 938/2541/1196 937/2552/1196 2120/2581/1019
f 937/2552/1196 936/2672/1196 2123/2587/1019
f 2123/2587/1019 936/2672/1196 130/2550/1196
f 2123/2587/1019 923/2588/1019 922/2589/1019
f 2122/2582/1019 922/2589/1019 921/2590/1019
f 2121/2580/1019 921/2590/1019 134/2501/1193
f 2118/2576/1019 2121/2580/1019 926/2591/1193
f 2115/2577/1019 2118/2576/1019 925/2499/1193
f 2124/2592/1020 2125/2595/1020 2128/2593/1020
f 2125/2595/1020 2126/2603/1020 2129/2596/1020
f 2127/2594/1020 2128/2593/1020 2131/2597/1020
f 2128/2593/1020 2129/2596/1020 2132/2599/1020
f 126/2564/1198 896/2601/1020 2124/2592/1020
f 896/2601/1020 895/2602/1020 2125/2595/1020
f 895/2602/1020 894/2604/1020 2126/2603/1020
f 894/2604/1020 127/2492/1020 929/2605/1020
f 2126/2603/1020 929/2605/1020 928/2507/1020
f 2129/2596/1020 928/2507/1020 927/2606/1020
f 2132/2599/1020 927/2606/1020 133/2506/1020
f 2131/2597/1020 2132/2599/1020 912/2607/1020
f 2130/2598/1020 2131/2597/1020 913/2608/1020
f 941/2610/1199 2130/2598/1020 914/2609/1020
f 940/2567/1199 2127/2594/1020 2130/2598/1020
f 939/2600/1199 2124/2592/1020 2127/2594/1020
usemtl Material.001
f 1544/1293/578 1546/1294/578 1543/1295/578
f 1544/1293/578 1548/1296/578 1547/1297/578
f 1547/1297/578 1549/1298/578 1546/1294/578
f 1547/1297/578 1551/1299/578 1550/1300/578
f 635/1301/578 2527/1302/578 2528/1303/578
f 634/1304/578 1543/1295/578 635/1301/578
f 634/1304/578 1545/1305/578 1544/1293/578
f 633/1306/578 2518/1307/578 1545/1305/578
f 1545/1305/578 2519/1308/578 1548/1296/578
f 1548/1296/578 2520/1309/578 1551/1299/578
f 1551/1299/578 2521/1310/578 2562/1311/578
f 1550/1300/578 2562/1311/578 2561/1312/578
f 1550/1300/578 2560/1313/578 1549/1298/578
f 1549/1298/578 2523/1314/578 2525/1315/578
f 1546/1294/578 2525/1315/578 2526/1316/578
f 1543/1295/578 2526/1316/578 2527/1302/578
f 1553/1317/578 1555/1318/578 1552/1319/578
f 1553/1317/578 1557/1320/578 1556/1321/578
f 1556/1321/578 1558/1322/578 1555/1318/578
f 1556/1321/578 1560/1323/578 1559/1324/578
f 638/1325/578 2532/1326/578 2533/1327/578
f 637/1328/578 1552/1319/578 638/1325/578
f 637/1328/578 1554/1329/578 1553/1317/578
f 636/1330/578 2513/1331/578 1554/1329/578
f 1554/1329/578 2514/1332/578 1557/1320/578
f 1557/1320/578 2515/1333/578 1560/1323/578
f 1560/1323/578 2516/1334/578 633/1306/578
f 1559/1324/578 633/1306/578 634/1335/578
f 1559/1324/578 635/1336/578 1558/1322/578
f 1558/1322/578 2528/1337/578 2530/1338/578
f 1555/1318/578 2530/1338/578 2531/1339/578
f 1552/1319/578 2531/1339/578 2532/1326/578
f 1562/1340/578 1564/1341/578 1561/1342/578
f 1562/1340/578 1566/1343/578 1565/1344/578
f 1564/1341/578 1568/1345/578 1567/1346/578
f 1565/1344/578 1569/1347/578 1568/1345/578
f 639/1348/578 651/1349/578 2538/1350/578
f 640/1351/578 1561/1342/578 639/1348/578
f 641/1352/578 1562/1340/578 640/1351/578
f 2553/1353/578 1563/1354/578 641/1352/578
f 1563/1354/578 2556/1355/578 1566/1343/578
f 1566/1343/578 2557/1356/578 1569/1347/578
f 1569/1347/578 2558/1357/578 645/1358/578
f 1568/1345/578 645/1358/578 646/1359/578
f 1567/1346/578 646/1359/578 647/1360/578
f 653/1361/578 647/1360/578 2506/1362/578
f 652/1363/578 1567/1346/578 653/1361/578
f 1561/1342/578 652/1363/578 651/1349/578
f 1571/1364/578 1573/1365/578 1570/1366/578
f 1571/1364/578 1575/1367/578 1574/1368/578
f 1573/1365/578 1577/1369/578 1576/1370/578
f 1574/1368/578 1578/1371/578 1577/1369/578
f 641/1352/578 2552/1372/578 2553/1353/578
f 640/1373/578 1570/1366/578 641/1352/578
f 639/1374/578 1571/1364/578 640/1373/578
f 639/1374/578 2540/1375/578 1572/1376/578
f 1572/1376/578 2541/1377/578 1575/1367/578
f 1575/1367/578 2542/1378/578 1578/1371/578
f 1578/1371/578 2543/1379/578 2545/1380/578
f 1577/1369/578 2545/1380/578 2546/1381/578
f 1577/1369/578 2547/1382/578 1576/1370/578
f 1576/1370/578 2548/1383/578 2550/1384/578
f 1573/1365/578 2550/1384/578 2551/1385/578
f 1570/1366/578 2551/1385/578 2552/1372/578
f 1580/1386/578 1582/1387/578 1579/1388/578
f 1581/1389/578 1583/1390/578 1580/1386/578
f 1583/1390/578 1585/1391/578 1582/1387/578
f 1584/1392/578 1586/1393/578 1583/1390/578
f 2533/1394/578 1579/1388/578 638/1395/578
f 2535/1396/578 1580/1386/578 1579/1388/578
f 2537/1397/578 1580/1386/578 2536/1398/578
f 2538/1350/578 1581/1389/578 2537/1397/578
f 651/1349/578 1584/1392/578 1581/1389/578
f 652/1363/578 1587/1399/578 1584/1392/578
f 653/1361/578 2508/1400/578 1587/1399/578
f 1587/1399/578 2509/1401/578 1586/1393/578
f 1586/1393/578 2510/1402/578 1585/1391/578
f 1585/1391/578 2511/1403/578 636/1404/578
f 1582/1387/578 636/1404/578 637/1405/578
f 1579/1388/578 637/1405/578 638/1395/578
f 1590/1406/578 1594/1407/578 1589/1408/578
f 1591/1409/578 1588/1410/578 1590/1406/578
f 1593/1411/578 1588/1410/578 1592/1412/578
f 647/1360/578 650/1413/578 2506/1362/578
f 647/1360/578 1590/1406/578 1589/1408/578
f 1589/1408/578 649/1414/578 650/1413/578
f 2575/1415/578 645/1416/578 2558/1417/578
f 2576/1418/578 1591/1409/578 2575/1415/578
f 1591/1409/578 646/1419/578 645/1416/578
f 2568/1420/578 1593/1411/578 2577/1421/578
f 648/1422/578 1594/1407/578 1593/1411/578
f 2577/1421/578 1592/1412/578 2576/1423/578
f 1597/1424/578 1601/1425/578 1596/1426/578
f 1598/1427/578 1595/1428/578 1597/1424/578
f 1600/1429/578 1595/1428/578 1599/1430/578
f 650/1413/578 657/1431/578 2506/1362/578
f 649/1432/578 1596/1426/578 650/1413/578
f 1596/1426/578 658/1433/578 657/1431/578
f 2567/1434/578 648/1435/578 2568/1420/578
f 2567/1434/578 1599/1430/578 1598/1427/578
f 648/1435/578 1597/1424/578 649/1436/578
f 2563/1437/578 1600/1429/578 2565/1438/578
f 659/1439/578 1601/1425/578 1600/1429/578
f 2565/1438/578 1599/1430/578 2566/1440/578
f 1602/1441/578 1606/1442/578 1605/1443/578
f 1603/1444/578 1607/1445/578 1606/1442/578
f 1605/1443/578 1609/1446/578 1608/1447/578
f 1606/1442/578 1610/1448/578 1609/1446/578
f 2570/1449/578 1602/1441/578 2583/1450/578
f 2572/1451/578 1603/1444/578 1602/1441/578
f 2573/1452/578 1604/1453/578 1603/1444/578
f 2574/1454/578 657/1431/578 1604/1453/578
f 1604/1453/578 658/1455/578 1607/1445/578
f 1607/1445/578 659/1439/578 1610/1448/578
f 1610/1448/578 2563/1456/578 2578/1457/578
f 1609/1446/578 2578/1457/578 2579/1458/578
f 1609/1446/578 2580/1459/578 1608/1447/578
f 1608/1447/578 2581/1460/578 2585/1461/578
f 1605/1443/578 2585/1461/578 2584/1462/578
f 2583/1450/578 1605/1443/578 2584/1462/578
f 1612/1463/1020 1614/1464/1020 1611/1465/1020
f 1613/1466/1020 1615/1467/1020 1612/1463/1020
f 1614/1464/1020 1618/1468/1020 1617/1469/1020
f 1615/1467/1020 1619/1470/1020 1618/1468/1020
f 2607/1471/1020 704/1472/1020 2608/1473/1020
f 2606/1474/1020 1611/1465/1020 2607/1471/1020
f 2605/1475/1020 1612/1463/1020 2606/1474/1020
f 2603/1476/1020 1613/1466/1020 2605/1475/1020
f 2640/1477/1020 1616/1478/1020 1613/1466/1020
f 1616/1478/1020 2642/1479/1020 1619/1470/1020
f 1619/1470/1020 2601/1480/1020 2600/1481/1020
f 1618/1468/1020 2600/1481/1020 2599/1482/1020
f 1617/1469/1020 2599/1482/1020 2598/1483/1020
f 702/1484/1020 2598/1483/1020 2596/1485/1020
f 703/1486/1020 1617/1469/1020 702/1484/1020
f 1611/1465/1020 703/1486/1020 704/1472/1020
f 1621/1487/1020 1623/1488/1020 1620/1489/1020
f 1622/1490/1020 1624/1491/1020 1621/1487/1020
f 1623/1488/1020 1627/1492/1020 1626/1493/1020
f 1624/1491/1020 1628/1494/1020 1627/1492/1020
f 2612/1495/1020 707/1496/1020 2613/1497/1020
f 2611/1498/1020 1620/1489/1020 2612/1495/1020
f 2610/1499/1020 1621/1487/1020 2611/1498/1020
f 2608/1500/1020 1622/1490/1020 2610/1499/1020
f 704/1501/1020 1625/1502/1020 1622/1490/1020
f 1625/1502/1020 702/1503/1020 1628/1494/1020
f 1628/1494/1020 2596/1504/1020 2595/1505/1020
f 1627/1492/1020 2595/1505/1020 2594/1506/1020
f 1626/1493/1020 2594/1506/1020 2593/1507/1020
f 705/1508/1020 2593/1507/1020 2591/1509/1020
f 706/1510/1020 1626/1493/1020 705/1508/1020
f 1620/1489/1020 706/1510/1020 707/1496/1020
f 1630/1511/1020 1632/1512/1020 1629/1513/1020
f 1630/1511/1020 1634/1514/1020 1633/1515/1020
f 1632/1512/1020 1636/1516/1020 1635/1517/1020
f 1633/1515/1020 1637/1518/1020 1636/1516/1020
f 720/1519/1020 708/1520/1020 2618/1521/1020
f 721/1522/1020 1629/1513/1020 720/1519/1020
f 721/1522/1020 1631/1523/1020 1630/1511/1020
f 722/1524/1020 716/1525/1020 1631/1523/1020
f 1631/1523/1020 715/1526/1020 1634/1514/1020
f 1634/1514/1020 714/1527/1020 1637/1518/1020
f 1637/1518/1020 2638/1528/1020 2637/1529/1020
f 1636/1516/1020 2637/1529/1020 2636/1530/1020
f 1635/1517/1020 2636/1530/1020 2635/1531/1020
f 1635/1517/1020 2633/1532/1020 710/1533/1020
f 1632/1512/1020 710/1533/1020 709/1534/1020
f 1629/1513/1020 709/1534/1020 708/1520/1020
f 1639/1535/1020 1641/1536/1020 1638/1537/1020
f 1639/1535/1020 1643/1538/1020 1642/1539/1020
f 1641/1536/1020 1645/1540/1020 1644/1541/1020
f 1642/1539/1020 1646/1542/1020 1645/1540/1020
f 2632/1543/1020 710/1544/1020 2633/1545/1020
f 2631/1546/1020 1638/1537/1020 2632/1543/1020
f 2630/1547/1020 1639/1535/1020 2631/1546/1020
f 2628/1548/1020 1640/1549/1020 2630/1547/1020
f 2627/1550/1020 1643/1538/1020 1640/1549/1020
f 1643/1538/1020 2625/1551/1020 1646/1542/1020
f 1646/1542/1020 2623/1552/1020 2622/1553/1020
f 1645/1540/1020 2622/1553/1020 2621/1554/1020
f 1644/1541/1020 2621/1554/1020 2620/1555/1020
f 708/1556/1020 2620/1555/1020 2618/1521/1020
f 1641/1536/1020 708/1556/1020 709/1557/1020
f 1638/1537/1020 709/1557/1020 710/1544/1020
f 1648/1558/1020 1650/1559/1020 1647/1560/1020
f 1649/1561/1020 1651/1562/1020 1648/1558/1020
f 1651/1562/1020 1653/1563/1020 1650/1559/1020
f 1652/1564/1020 1654/1565/1020 1651/1562/1020
f 2613/1566/1020 1647/1560/1020 2615/1567/1020
f 706/1568/1020 1647/1560/1020 707/1569/1020
f 705/1570/1020 1648/1558/1020 706/1568/1020
f 2591/1509/1020 1649/1561/1020 705/1570/1020
f 2590/1571/1020 1652/1564/1020 1649/1561/1020
f 2589/1572/1020 1655/1573/1020 1652/1564/1020
f 2588/1574/1020 722/1524/1020 1655/1573/1020
f 1655/1573/1020 721/1522/1020 1654/1565/1020
f 1654/1565/1020 720/1519/1020 1653/1563/1020
f 1653/1563/1020 2618/1521/1020 2617/1575/1020
f 1650/1559/1020 2617/1575/1020 2616/1576/1020
f 2615/1567/1020 1650/1559/1020 2616/1576/1020
f 1658/1577/1020 1662/1578/1020 1657/1579/1020
f 1659/1580/1020 1656/1581/1020 1658/1577/1020
f 1661/1582/1020 1656/1581/1020 1660/1583/1020
f 719/1584/1020 716/1525/1020 2586/1585/1020
f 718/1586/1020 1657/1579/1020 719/1584/1020
f 716/1525/1020 1662/1578/1020 715/1587/1020
f 2648/1588/1020 1659/1580/1020 717/1589/1020
f 2657/1590/1020 1660/1583/1020 1659/1580/1020
f 717/1589/1020 1658/1577/1020 718/1591/1020
f 714/1527/1020 2655/1592/1020 2638/1593/1020
f 715/1526/1020 1661/1582/1020 714/1527/1020
f 1661/1582/1020 2656/1594/1020 2655/1592/1020
f 1665/1595/1020 1669/1596/1020 1664/1597/1020
f 1666/1598/1020 1663/1599/1020 1665/1595/1020
f 1668/1600/1020 1663/1599/1020 1667/1601/1020
f 726/1602/1020 719/1584/1020 2586/1585/1020
f 727/1603/1020 1664/1597/1020 726/1602/1020
f 1664/1597/1020 718/1604/1020 719/1584/1020
f 2643/1605/1020 1666/1598/1020 728/1606/1020
f 2645/1607/1020 1667/1601/1020 1666/1598/1020
f 728/1606/1020 1665/1595/1020 727/1608/1020
f 717/1609/1020 2647/1610/1020 2648/1611/1020
f 717/1609/1020 1669/1596/1020 1668/1600/1020
f 2647/1610/1020 1667/1601/1020 2646/1612/1020
f 1670/1613/1020 1674/1614/1020 1673/1615/1020
f 1671/1616/1020 1675/1617/1020 1674/1614/1020
f 1673/1615/1020 1677/1618/1020 1676/1619/1020
f 1674/1614/1020 1678/1620/1020 1677/1618/1020
f 2650/1621/1020 1670/1613/1020 2652/1622/1020
f 2663/1623/1020 1671/1616/1020 1670/1613/1020
f 2665/1624/1020 1671/1616/1020 2664/1625/1020
f 2661/1626/1020 1672/1627/1020 2665/1624/1020
f 2660/1628/1020 1675/1617/1020 1672/1627/1020
f 1675/1617/1020 2658/1629/1020 1678/1620/1020
f 1678/1620/1020 2643/1630/1020 728/1631/1020
f 1677/1618/1020 728/1631/1020 727/1608/1020
f 1676/1619/1020 727/1608/1020 726/1602/1020
f 2654/1632/1020 726/1602/1020 2586/1585/1020
f 2653/1633/1020 1676/1619/1020 2654/1632/1020
f 2652/1622/1020 1673/1615/1020 2653/1633/1020
f 1680/1634/1021 1682/1635/1021 1679/1636/1021
f 1681/1637/1021 1683/1638/1021 1680/1634/1021
f 1682/1635/1021 1686/1639/1021 1685/1640/1021
f 1684/1641/1021 1686/1639/1021 1683/1638/1021
f 2582/1460/1021 1679/1636/1021 656/1642/1021
f 2670/1643/1021 1679/1636/1021 2671/1644/1021
f 2670/1643/1021 1681/1637/1021 1680/1634/1021
f 2662/1645/1021 1681/1637/1021 2669/1646/1021
f 725/1647/1021 1684/1641/1021 1681/1637/1021
f 724/1648/1021 1687/1649/1021 1684/1641/1021
f 723/1650/1021 2668/1651/1021 1687/1649/1021
f 1686/1639/1021 2668/1651/1021 2667/1652/1021
f 1686/1639/1021 2666/1653/1021 1685/1640/1021
f 1685/1640/1021 2571/1449/1022 654/1654/1021
f 1682/1635/1021 654/1654/1021 655/1462/1021
f 1679/1636/1021 655/1462/1021 656/1642/1021
f 1689/1655/1023 1691/1656/1024 1688/1657/1023
f 1690/1658/1023 1692/1659/1024 1689/1655/1023
f 1692/1659/1024 1694/1660/1025 1691/1656/1024
f 1692/1659/1024 1696/1661/1025 1695/1662/1025
f 2677/1663/1026 618/1664/1023 2554/1353/1026
f 2677/1663/1026 1689/1655/1023 1688/1657/1023
f 2676/1665/1026 1690/1658/1023 1689/1655/1023
f 2634/1666/1026 1690/1658/1023 2675/1667/1026
f 687/1668/1023 1693/1669/1024 1690/1658/1023
f 688/1670/1024 1696/1661/1025 1693/1669/1024
f 1696/1661/1025 2639/1671/1027 2674/1672/1028
f 1695/1662/1025 2674/1672/1028 2673/1673/1028
f 1695/1662/1025 2672/1674/1028 1694/1660/1025
f 620/1356/1029 2672/1674/1028 2559/1357/1028
f 1691/1656/1024 620/1356/1029 619/1355/1024
f 618/1664/1023 1691/1656/1024 619/1355/1024
f 1697/1675/1030 1701/1676/1031 1700/1677/1031
f 1698/1678/1030 1702/1679/1031 1701/1676/1031
f 1701/1676/1031 1703/1680/1032 1700/1677/1031
f 1701/1676/1031 1705/1681/1032 1704/1682/1032
f 2683/1683/1033 600/1684/1030 2524/1685/1033
f 2683/1683/1033 1698/1678/1030 1697/1675/1030
f 2681/1686/1033 1698/1678/1030 2682/1687/1033
f 2681/1686/1033 669/1688/1030 1699/1689/1030
f 669/1688/1030 1702/1679/1031 1699/1689/1030
f 670/1690/1031 1705/1681/1032 1702/1679/1031
f 671/1691/1032 2680/1692/1034 1705/1681/1032
f 1705/1681/1032 2679/1693/1034 1704/1682/1032
f 1704/1682/1032 2678/1694/1034 1703/1680/1032
f 602/1302/1032 2678/1694/1034 2529/1303/1034
f 601/1316/1031 1703/1680/1032 602/1302/1032
f 1697/1675/1030 601/1316/1031 600/1684/1030
f 1707/1695/1035 1709/1696/1036 1706/1697/1035
f 1708/1698/1035 1710/1699/1036 1707/1695/1035
f 1710/1699/1036 1712/1700/1037 1709/1696/1036
f 1711/1701/1036 1713/1702/1037 1710/1699/1036
f 2686/1703/1038 623/1704/1035 2522/1705/1038
f 2685/1706/1038 1706/1697/1035 2686/1703/1038
f 2684/1707/1038 1707/1695/1035 2685/1706/1038
f 2602/1708/1038 1708/1698/1035 2684/1707/1038
f 692/1709/1035 1711/1701/1036 1708/1698/1035
f 691/1710/1036 1714/1711/1037 1711/1701/1036
f 690/1712/1037 744/1686/1039 1714/1711/1037
f 1714/1711/1037 745/1687/1039 1713/1702/1037
f 1713/1702/1037 746/1683/1039 1712/1700/1037
f 621/1313/1037 746/1683/1039 99/1685/1039
f 622/1312/1036 1712/1700/1037 621/1313/1037
f 1706/1697/1035 622/1312/1036 623/1704/1035
f 1716/1713/1040 1718/1714/1041 1715/1715/1040
f 1717/1716/1040 1719/1717/1041 1716/1713/1040
f 1718/1714/1041 1722/1718/1042 1721/1719/1042
f 1720/1720/1041 1722/1718/1042 1719/1717/1041
f 91/1303/1043 1715/1715/1040 603/1338/1040
f 742/1721/1043 1715/1715/1040 741/1694/1043
f 742/1721/1043 1717/1716/1040 1716/1713/1040
f 107/1722/1043 1717/1716/1040 743/1723/1043
f 672/1724/1040 1720/1720/1041 1717/1716/1040
f 1720/1720/1041 674/1725/1042 1723/1726/1042
f 674/1725/1042 2689/1727/1044 1723/1726/1042
f 1723/1726/1042 2688/1728/1044 1722/1718/1042
f 1722/1718/1042 2687/1729/1044 1721/1719/1042
f 605/1326/1042 2687/1729/1044 2534/1327/1044
f 604/1730/1041 1721/1719/1042 605/1326/1042
f 603/1338/1040 1718/1714/1041 604/1730/1041
f 1725/1731/1045 1727/1732/1046 1724/1733/1045
f 1725/1731/1045 1729/1734/1046 1728/1735/1046
f 1728/1735/1046 1730/1736/1047 1727/1732/1046
f 1728/1735/1046 1732/1737/1047 1731/1738/1047
f 2692/1739/1048 642/1740/1045 2564/1437/1048
f 2691/1741/1048 1724/1733/1045 2692/1739/1048
f 2691/1741/1048 1726/1742/1045 1725/1731/1045
f 2644/1743/1049 1726/1742/1045 2690/1744/1048
f 711/1745/1045 1729/1734/1046 1726/1742/1045
f 1729/1734/1046 713/1746/1047 1732/1737/1047
f 1732/1737/1047 101/1645/1050 732/1646/1050
f 1731/1738/1047 732/1646/1050 733/1643/1050
f 1731/1738/1047 734/1644/1050 1730/1736/1047
f 1730/1736/1047 85/1460/1050 644/1747/1047
f 643/1458/1046 1730/1736/1047 644/1747/1047
f 642/1740/1045 1727/1732/1046 643/1458/1046
f 1734/1748/1051 1736/1749/1052 1733/1750/1051
f 1734/1748/1051 1738/1751/1052 1737/1752/1052
f 1736/1749/1052 1740/1753/1053 1739/1754/1053
f 1737/1752/1052 1741/1755/1053 1740/1753/1053
f 2569/1756/1054 1733/1750/1051 626/1757/1051
f 2694/1758/1054 1733/1750/1051 2695/1759/1054
f 2694/1758/1054 1735/1760/1051 1734/1748/1051
f 2693/1761/1054 695/1762/1051 1735/1760/1051
f 695/1762/1051 1738/1751/1052 1735/1760/1051
f 1738/1751/1052 693/1763/1053 1741/1755/1053
f 693/1763/1053 753/1744/1055 1741/1755/1053
f 1741/1755/1053 754/1741/1055 1740/1753/1053
f 1740/1753/1053 755/1739/1055 1739/1754/1053
f 624/1438/1053 755/1739/1055 100/1437/1055
f 1736/1749/1052 624/1438/1053 625/1764/1052
f 626/1757/1051 1736/1749/1052 625/1764/1052
f 1743/1765/1056 1745/1766/1057 1742/1767/1056
f 1743/1765/1056 1747/1768/1057 1746/1769/1057
f 1745/1766/1057 1749/1770/1058 1748/1771/1058
f 1746/1769/1057 1750/1772/1058 1749/1770/1058
f 92/1394/1059 1742/1767/1056 606/1396/1056
f 751/1773/1059 1742/1767/1056 750/1774/1059
f 751/1773/1059 1744/1775/1056 1743/1765/1056
f 752/1776/1059 675/1777/1056 1744/1775/1056
f 675/1777/1056 1747/1768/1057 1744/1775/1056
f 676/1778/1057 1750/1772/1058 1747/1768/1057
f 677/1779/1058 2698/1780/1060 1750/1772/1058
f 1750/1772/1058 2697/1781/1060 1749/1770/1058
f 1748/1771/1058 2697/1781/1060 2696/1782/1060
f 608/1783/1058 2696/1782/1060 2539/1784/1060
f 1745/1766/1057 608/1783/1058 607/1398/1057
f 606/1396/1056 1745/1766/1057 607/1398/1057
f 1751/1785/1061 1755/1786/1062 1754/1787/1062
f 1753/1788/1061 1755/1786/1062 1752/1789/1061
f 1755/1786/1062 1757/1790/1063 1754/1787/1062
f 1756/1791/1062 1758/1792/1063 1755/1786/1062
f 729/1653/1064 627/1451/1061 86/1449/1064
f 730/1652/1064 1751/1785/1061 729/1653/1064
f 730/1652/1064 1753/1788/1061 1752/1789/1061
f 731/1651/1064 696/1793/1061 1753/1788/1061
f 1753/1788/1061 697/1794/1062 1756/1791/1062
f 697/1794/1062 1759/1795/1063 1756/1791/1062
f 698/1796/1063 2701/1797/1065 1759/1795/1063
f 1759/1795/1063 2700/1798/1065 1758/1792/1063
f 1758/1792/1063 2699/1799/1065 1757/1790/1063
f 629/1800/1063 2699/1799/1065 2507/1801/1065
f 1754/1787/1062 629/1800/1063 628/1452/1062
f 1751/1785/1061 628/1452/1062 627/1451/1061
f 1761/1802/1066 1763/1803/1067 1760/1804/1066
f 1762/1805/1066 1764/1806/1067 1761/1802/1066
f 1764/1806/1067 1766/1807/1068 1763/1803/1067
f 1764/1806/1067 1768/1808/1068 1767/1809/1068
f 93/1784/1069 1760/1804/1066 609/1375/1066
f 760/1781/1069 1760/1804/1066 759/1782/1069
f 761/1780/1069 1761/1802/1066 760/1781/1069
f 109/1810/1069 1762/1805/1066 761/1780/1069
f 678/1811/1066 1765/1812/1067 1762/1805/1066
f 1765/1812/1067 680/1813/1068 1768/1808/1068
f 1768/1808/1068 2624/1814/1070 2704/1815/1070
f 1767/1809/1068 2704/1815/1070 2703/1816/1070
f 1767/1809/1068 2702/1817/1070 1766/1807/1068
f 1766/1807/1068 2544/1818/1070 611/1819/1068
f 1763/1803/1067 611/1819/1068 610/1377/1067
f 609/1375/1066 1763/1803/1067 610/1377/1067
f 1770/1820/1071 1772/1821/1072 1769/1822/1071
f 1770/1820/1071 1774/1823/1072 1773/1824/1072
f 1772/1821/1072 1776/1825/1073 1775/1826/1073
f 1774/1823/1072 1776/1825/1073 1773/1824/1072
f 87/1801/1074 1769/1822/1071 591/1827/1071
f 763/1798/1074 1769/1822/1071 762/1799/1074
f 763/1798/1074 1771/1828/1071 1770/1820/1071
f 103/1829/1074 1771/1828/1071 764/1797/1074
f 660/1830/1071 1774/1823/1072 1771/1828/1071
f 661/1831/1072 1777/1832/1073 1774/1823/1072
f 1777/1832/1073 2592/1833/1075 2707/1834/1075
f 1777/1832/1073 2706/1835/1075 1776/1825/1073
f 1775/1826/1073 2706/1835/1075 2705/1836/1075
f 593/1402/1073 2705/1836/1075 2512/1403/1075
f 1772/1821/1072 593/1402/1073 592/1837/1072
f 1769/1822/1071 592/1837/1072 591/1827/1071
f 1779/1838/1076 1781/1839/1077 1778/1840/1076
f 1779/1838/1076 1783/1841/1077 1782/1842/1077
f 1782/1842/1077 1784/1843/1078 1781/1839/1077
f 1783/1841/1077 1785/1844/1078 1782/1842/1077
f 97/1357/1079 1778/1840/1076 630/1845/1076
f 736/1673/1079 1778/1840/1076 735/1674/1079
f 736/1673/1079 1780/1846/1076 1779/1838/1076
f 113/1671/1079 1780/1846/1076 737/1672/1079
f 699/1847/1076 1783/1841/1077 1780/1846/1076
f 700/1848/1077 1786/1849/1078 1783/1841/1077
f 701/1850/1078 756/1761/1080 1786/1849/1078
f 1785/1844/1078 756/1761/1080 757/1758/1081
f 1785/1844/1078 758/1759/1081 1784/1843/1078
f 1784/1843/1078 98/1756/1081 632/1421/1078
f 631/1851/1077 1784/1843/1078 632/1421/1078
f 1778/1840/1076 631/1851/1077 630/1845/1076
f 1788/1852/1082 1790/1853/1083 1787/1854/1082
f 1789/1855/1082 1791/1856/1083 1788/1852/1082
f 1791/1856/1083 1793/1857/1084 1790/1853/1083
f 1792/1858/1083 1794/1859/1084 1791/1856/1083
f 765/1817/1085 612/1860/1082 94/1818/1085
f 765/1817/1085 1788/1852/1082 1787/1854/1082
f 767/1815/1085 1788/1852/1082 766/1816/1085
f 767/1815/1085 681/1861/1082 1789/1855/1082
f 1789/1855/1082 682/1862/1083 1792/1858/1083
f 682/1862/1083 1795/1863/1084 1792/1858/1083
f 683/1864/1086 2710/1865/1087 1795/1863/1084
f 1795/1863/1084 2709/1866/1087 1794/1859/1084
f 1794/1859/1084 2708/1867/1087 1793/1857/1084
f 614/1382/1088 2708/1867/1087 2549/1868/1089
f 613/1381/1083 1793/1857/1084 614/1382/1088
f 1787/1854/1082 613/1381/1083 612/1860/1082
f 1797/1869/1090 1799/1870/1091 1796/1871/1090
f 1797/1869/1090 1801/1872/1091 1800/1873/1091
f 1800/1873/1091 1802/1874/1092 1799/1870/1091
f 1801/1872/1091 1803/1875/1092 1800/1873/1091
f 88/1876/1093 1796/1871/1090 594/1331/1090
f 769/1877/1093 1796/1871/1090 768/1878/1093
f 769/1877/1093 1798/1879/1090 1797/1869/1090
f 104/1880/1093 1798/1879/1090 770/1834/1093
f 663/1881/1090 1801/1872/1091 1798/1879/1090
f 1801/1872/1091 665/1882/1092 1804/1883/1092
f 665/1882/1092 2713/1884/1094 1804/1883/1092
f 1804/1883/1092 2712/1885/1094 1803/1875/1092
f 1802/1874/1092 2712/1885/1094 2711/1886/1094
f 596/1333/1092 2711/1886/1094 2517/1334/1094
f 1799/1870/1091 596/1333/1092 595/1332/1091
f 594/1331/1090 1799/1870/1091 595/1332/1091
f 1806/1887/1095 1808/1888/1096 1805/1889/1095
f 1806/1887/1095 1810/1890/1096 1809/1891/1096
f 1809/1891/1096 1811/1892/1097 1808/1888/1096
f 1809/1891/1096 1813/1893/1097 1812/1894/1097
f 95/1868/1098 1805/1889/1095 615/1895/1095
f 772/1866/1098 1805/1889/1095 771/1867/1098
f 773/1865/1098 1806/1887/1095 772/1866/1098
f 773/1865/1098 684/1896/1095 1807/1897/1095
f 1807/1897/1095 685/1898/1096 1810/1890/1096
f 1810/1890/1096 686/1899/1097 1813/1893/1097
f 1813/1893/1097 112/1666/1099 738/1667/1099
f 1812/1894/1097 738/1667/1099 739/1665/1099
f 1812/1894/1097 740/1663/1099 1811/1892/1097
f 1811/1892/1097 96/1353/1099 617/1372/1097
f 1808/1888/1096 617/1372/1097 616/1385/1096
f 1805/1889/1095 616/1385/1096 615/1895/1095
f 1815/1900/1100 1817/1901/1101 1814/1902/1100
f 1816/1903/1100 1818/1904/1101 1815/1900/1100
f 1818/1904/1101 1820/1905/1102 1817/1901/1101
f 1818/1904/1101 1822/1906/1102 1821/1907/1102
f 774/1886/1103 597/1307/1100 89/1334/1103
f 774/1886/1103 1815/1900/1100 1814/1902/1100
f 776/1908/1103 1815/1900/1100 775/1909/1103
f 776/1908/1103 666/1910/1100 1816/1903/1100
f 1816/1903/1100 667/1911/1101 1819/1912/1101
f 667/1911/1101 1822/1906/1102 1819/1912/1101
f 668/1913/1102 747/1707/1104 1822/1906/1102
f 1821/1907/1102 747/1707/1104 748/1706/1104
f 1821/1907/1102 749/1703/1104 1820/1905/1102
f 599/1914/1102 749/1703/1104 90/1705/1104
f 1817/1901/1101 599/1914/1102 598/1308/1101
f 1814/1902/1100 598/1308/1101 597/1307/1100
f 1544/1293/578 1547/1297/578 1546/1294/578
f 1544/1293/578 1545/1305/578 1548/1296/578
f 1547/1297/578 1550/1300/578 1549/1298/578
f 1547/1297/578 1548/1296/578 1551/1299/578
f 635/1301/578 1543/1295/578 2527/1302/578
f 634/1304/578 1544/1293/578 1543/1295/578
f 634/1304/578 633/1306/578 1545/1305/578
f 633/1306/578 2516/1334/578 2518/1307/578
f 1545/1305/578 2518/1307/578 2519/1308/578
f 1548/1296/578 2519/1308/578 2520/1309/578
f 1551/1299/578 2520/1309/578 2521/1310/578
f 1550/1300/578 1551/1299/578 2562/1311/578
f 1550/1300/578 2561/1312/578 2560/1313/578
f 1549/1298/578 2560/1313/578 2523/1314/578
f 1546/1294/578 1549/1298/578 2525/1315/578
f 1543/1295/578 1546/1294/578 2526/1316/578
f 1553/1317/578 1556/1321/578 1555/1318/578
f 1553/1317/578 1554/1329/578 1557/1320/578
f 1556/1321/578 1559/1324/578 1558/1322/578
f 1556/1321/578 1557/1320/578 1560/1323/578
f 638/1325/578 1552/1319/578 2532/1326/578
f 637/1328/578 1553/1317/578 1552/1319/578
f 637/1328/578 636/1330/578 1554/1329/578
f 636/1330/578 2511/1876/578 2513/1331/578
f 1554/1329/578 2513/1331/578 2514/1332/578
f 1557/1320/578 2514/1332/578 2515/1333/578
f 1560/1323/578 2515/1333/578 2516/1334/578
f 1559/1324/578 1560/1323/578 633/1306/578
f 1559/1324/578 634/1335/578 635/1336/578
f 1558/1322/578 635/1336/578 2528/1337/578
f 1555/1318/578 1558/1322/578 2530/1338/578
f 1552/1319/578 1555/1318/578 2531/1339/578
f 1562/1340/578 1565/1344/578 1564/1341/578
f 1562/1340/578 1563/1354/578 1566/1343/578
f 1564/1341/578 1565/1344/578 1568/1345/578
f 1565/1344/578 1566/1343/578 1569/1347/578
f 639/1348/578 1561/1342/578 651/1349/578
f 640/1351/578 1562/1340/578 1561/1342/578
f 641/1352/578 1563/1354/578 1562/1340/578
f 2553/1353/578 2555/1664/578 1563/1354/578
f 1563/1354/578 2555/1664/578 2556/1355/578
f 1566/1343/578 2556/1355/578 2557/1356/578
f 1569/1347/578 2557/1356/578 2558/1357/578
f 1568/1345/578 1569/1347/578 645/1358/578
f 1567/1346/578 1568/1345/578 646/1359/578
f 653/1361/578 1567/1346/578 647/1360/578
f 652/1363/578 1564/1341/578 1567/1346/578
f 1561/1342/578 1564/1341/578 652/1363/578
f 1571/1364/578 1574/1368/578 1573/1365/578
f 1571/1364/578 1572/1376/578 1575/1367/578
f 1573/1365/578 1574/1368/578 1577/1369/578
f 1574/1368/578 1575/1367/578 1578/1371/578
f 641/1352/578 1570/1366/578 2552/1372/578
f 640/1373/578 1571/1364/578 1570/1366/578
f 639/1374/578 1572/1376/578 1571/1364/578
f 639/1374/578 2538/1350/578 2540/1375/578
f 1572/1376/578 2540/1375/578 2541/1377/578
f 1575/1367/578 2541/1377/578 2542/1378/578
f 1578/1371/578 2542/1378/578 2543/1379/578
f 1577/1369/578 1578/1371/578 2545/1380/578
f 1577/1369/578 2546/1381/578 2547/1382/578
f 1576/1370/578 2547/1382/578 2548/1383/578
f 1573/1365/578 1576/1370/578 2550/1384/578
f 1570/1366/578 1573/1365/578 2551/1385/578
f 1580/1386/578 1583/1390/578 1582/1387/578
f 1581/1389/578 1584/1392/578 1583/1390/578
f 1583/1390/578 1586/1393/578 1585/1391/578
f 1584/1392/578 1587/1399/578 1586/1393/578
f 2533/1394/578 2535/1396/578 1579/1388/578
f 2535/1396/578 2536/1398/578 1580/1386/578
f 2537/1397/578 1581/1389/578 1580/1386/578
f 2538/1350/578 651/1349/578 1581/1389/578
f 651/1349/578 652/1363/578 1584/1392/578
f 652/1363/578 653/1361/578 1587/1399/578
f 653/1361/578 2506/1362/578 2508/1400/578
f 1587/1399/578 2508/1400/578 2509/1401/578
f 1586/1393/578 2509/1401/578 2510/1402/578
f 1585/1391/578 2510/1402/578 2511/1403/578
f 1582/1387/578 1585/1391/578 636/1404/578
f 1579/1388/578 1582/1387/578 637/1405/578
f 1590/1406/578 1588/1410/578 1594/1407/578
f 1591/1409/578 1592/1412/578 1588/1410/578
f 1593/1411/578 1594/1407/578 1588/1410/578
f 647/1360/578 1589/1408/578 650/1413/578
f 647/1360/578 646/1359/578 1590/1406/578
f 1589/1408/578 1594/1407/578 649/1414/578
f 2575/1415/578 1591/1409/578 645/1416/578
f 2576/1418/578 1592/1412/578 1591/1409/578
f 1591/1409/578 1590/1406/578 646/1419/578
f 2568/1420/578 648/1422/578 1593/1411/578
f 648/1422/578 649/1436/578 1594/1407/578
f 2577/1421/578 1593/1411/578 1592/1412/578
f 1597/1424/578 1595/1428/578 1601/1425/578
f 1598/1427/578 1599/1430/578 1595/1428/578
f 1600/1429/578 1601/1425/578 1595/1428/578
f 650/1413/578 1596/1426/578 657/1431/578
f 649/1432/578 1597/1424/578 1596/1426/578
f 1596/1426/578 1601/1425/578 658/1433/578
f 2567/1434/578 1598/1427/578 648/1435/578
f 2567/1434/578 2566/2632/578 1599/1430/578
f 648/1435/578 1598/1427/578 1597/1424/578
f 2563/1437/578 659/1439/578 1600/1429/578
f 659/1439/578 658/1455/578 1601/1425/578
f 2565/1438/578 1600/1429/578 1599/1430/578
f 1602/1441/578 1603/1444/578 1606/1442/578
f 1603/1444/578 1604/1453/578 1607/1445/578
f 1605/1443/578 1606/1442/578 1609/1446/578
f 1606/1442/578 1607/1445/578 1610/1448/578
f 2570/1449/578 2572/1451/578 1602/1441/578
f 2572/1451/578 2573/1452/578 1603/1444/578
f 2573/1452/578 2574/1454/578 1604/1453/578
f 2574/1454/578 2506/1362/578 657/1431/578
f 1604/1453/578 657/1431/578 658/1455/578
f 1607/1445/578 658/1455/578 659/1439/578
f 1610/1448/578 659/1439/578 2563/1456/578
f 1609/1446/578 1610/1448/578 2578/1457/578
f 1609/1446/578 2579/1458/578 2580/1459/578
f 1608/1447/578 2580/1459/578 2581/1460/578
f 1605/1443/578 1608/1447/578 2585/1461/578
f 2583/1450/578 1602/1441/578 1605/1443/578
f 1612/1463/1020 1615/1467/1020 1614/1464/1020
f 1613/1466/1020 1616/1478/1020 1615/1467/1020
f 1614/1464/1020 1615/1467/1020 1618/1468/1020
f 1615/1467/1020 1616/1478/1020 1619/1470/1020
f 2607/1471/1020 1611/1465/1020 704/1472/1020
f 2606/1474/1020 1612/1463/1020 1611/1465/1020
f 2605/1475/1020 1613/1466/1020 1612/1463/1020
f 2603/1476/1020 2640/1477/1020 1613/1466/1020
f 2640/1477/1020 2641/2633/1020 1616/1478/1020
f 1616/1478/1020 2641/2633/1020 2642/1479/1020
f 1619/1470/1020 2642/1479/1020 2601/1480/1020
f 1618/1468/1020 1619/1470/1020 2600/1481/1020
f 1617/1469/1020 1618/1468/1020 2599/1482/1020
f 702/1484/1020 1617/1469/1020 2598/1483/1020
f 703/1486/1020 1614/1464/1020 1617/1469/1020
f 1611/1465/1020 1614/1464/1020 703/1486/1020
f 1621/1487/1020 1624/1491/1020 1623/1488/1020
f 1622/1490/1020 1625/1502/1020 1624/1491/1020
f 1623/1488/1020 1624/1491/1020 1627/1492/1020
f 1624/1491/1020 1625/1502/1020 1628/1494/1020
f 2612/1495/1020 1620/1489/1020 707/1496/1020
f 2611/1498/1020 1621/1487/1020 1620/1489/1020
f 2610/1499/1020 1622/1490/1020 1621/1487/1020
f 2608/1500/1020 704/1501/1020 1622/1490/1020
f 704/1501/1020 703/2634/1020 1625/1502/1020
f 1625/1502/1020 703/2634/1020 702/1503/1020
f 1628/1494/1020 702/1503/1020 2596/1504/1020
f 1627/1492/1020 1628/1494/1020 2595/1505/1020
f 1626/1493/1020 1627/1492/1020 2594/1506/1020
f 705/1508/1020 1626/1493/1020 2593/1507/1020
f 706/1510/1020 1623/1488/1020 1626/1493/1020
f 1620/1489/1020 1623/1488/1020 706/1510/1020
f 1630/1511/1020 1633/1515/1020 1632/1512/1020
f 1630/1511/1020 1631/1523/1020 1634/1514/1020
f 1632/1512/1020 1633/1515/1020 1636/1516/1020
f 1633/1515/1020 1634/1514/1020 1637/1518/1020
f 720/1519/1020 1629/1513/1020 708/1520/1020
f 721/1522/1020 1630/1511/1020 1629/1513/1020
f 721/1522/1020 722/1524/1020 1631/1523/1020
f 722/1524/1020 2586/1585/1020 716/1525/1020
f 1631/1523/1020 716/1525/1020 715/1526/1020
f 1634/1514/1020 715/1526/1020 714/1527/1020
f 1637/1518/1020 714/1527/1020 2638/1528/1020
f 1636/1516/1020 1637/1518/1020 2637/1529/1020
f 1635/1517/1020 1636/1516/1020 2636/1530/1020
f 1635/1517/1020 2635/1531/1020 2633/1532/1020
f 1632/1512/1020 1635/1517/1020 710/1533/1020
f 1629/1513/1020 1632/1512/1020 709/1534/1020
f 1639/1535/1020 1642/1539/1020 1641/1536/1020
f 1639/1535/1020 1640/1549/1020 1643/1538/1020
f 1641/1536/1020 1642/1539/1020 1645/1540/1020
f 1642/1539/1020 1643/1538/1020 1646/1542/1020
f 2632/1543/1020 1638/1537/1020 710/1544/1020
f 2631/1546/1020 1639/1535/1020 1638/1537/1020
f 2630/1547/1020 1640/1549/1020 1639/1535/1020
f 2628/1548/1020 2627/1550/1020 1640/1549/1020
f 2627/1550/1020 2626/2635/1020 1643/1538/1020
f 1643/1538/1020 2626/2635/1020 2625/1551/1020
f 1646/1542/1020 2625/1551/1020 2623/1552/1020
f 1645/1540/1020 1646/1542/1020 2622/1553/1020
f 1644/1541/1020 1645/1540/1020 2621/1554/1020
f 708/1556/1020 1644/1541/1020 2620/1555/1020
f 1641/1536/1020 1644/1541/1020 708/1556/1020
f 1638/1537/1020 1641/1536/1020 709/1557/1020
f 1648/1558/1020 1651/1562/1020 1650/1559/1020
f 1649/1561/1020 1652/1564/1020 1651/1562/1020
f 1651/1562/1020 1654/1565/1020 1653/1563/1020
f 1652/1564/1020 1655/1573/1020 1654/1565/1020
f 2613/1566/1020 707/1569/1020 1647/1560/1020
f 706/1568/1020 1648/1558/1020 1647/1560/1020
f 705/1570/1020 1649/1561/1020 1648/1558/1020
f 2591/1509/1020 2590/1571/1020 1649/1561/1020
f 2590/1571/1020 2589/1572/1020 1652/1564/1020
f 2589/1572/1020 2588/1574/1020 1655/1573/1020
f 2588/1574/1020 2586/1585/1020 722/1524/1020
f 1655/1573/1020 722/1524/1020 721/1522/1020
f 1654/1565/1020 721/1522/1020 720/1519/1020
f 1653/1563/1020 720/1519/1020 2618/1521/1020
f 1650/1559/1020 1653/1563/1020 2617/1575/1020
f 2615/1567/1020 1647/1560/1020 1650/1559/1020
f 1658/1577/1020 1656/1581/1020 1662/1578/1020
f 1659/1580/1020 1660/1583/1020 1656/1581/1020
f 1661/1582/1020 1662/1578/1020 1656/1581/1020
f 719/1584/1020 1657/1579/1020 716/1525/1020
f 718/1586/1020 1658/1577/1020 1657/1579/1020
f 716/1525/1020 1657/1579/1020 1662/1578/1020
f 2648/1588/1020 2657/1590/1020 1659/1580/1020
f 2657/1590/1020 2656/1594/1020 1660/1583/1020
f 717/1589/1020 1659/1580/1020 1658/1577/1020
f 714/1527/1020 1661/1582/1020 2655/1592/1020
f 715/1526/1020 1662/1578/1020 1661/1582/1020
f 1661/1582/1020 1660/1583/1020 2656/1594/1020
f 1665/1595/1020 1663/1599/1020 1669/1596/1020
f 1666/1598/1020 1667/1601/1020 1663/1599/1020
f 1668/1600/1020 1669/1596/1020 1663/1599/1020
f 726/1602/1020 1664/1597/1020 719/1584/1020
f 727/1603/1020 1665/1595/1020 1664/1597/1020
f 1664/1597/1020 1669/1596/1020 718/1604/1020
f 2643/1605/1020 2645/1607/1020 1666/1598/1020
f 2645/1607/1020 2646/2636/1020 1667/1601/1020
f 728/1606/1020 1666/1598/1020 1665/1595/1020
f 717/1609/1020 1668/1600/1020 2647/1610/1020
f 717/1609/1020 718/1591/1020 1669/1596/1020
f 2647/1610/1020 1668/1600/1020 1667/1601/1020
f 1670/1613/1020 1671/1616/1020 1674/1614/1020
f 1671/1616/1020 1672/1627/1020 1675/1617/1020
f 1673/1615/1020 1674/1614/1020 1677/1618/1020
f 1674/1614/1020 1675/1617/1020 1678/1620/1020
f 2650/1621/1020 2663/1623/1020 1670/1613/1020
f 2663/1623/1020 2664/1625/1020 1671/1616/1020
f 2665/1624/1020 1672/1627/1020 1671/1616/1020
f 2661/1626/1020 2660/1628/1020 1672/1627/1020
f 2660/1628/1020 2659/2637/1020 1675/1617/1020
f 1675/1617/1020 2659/2637/1020 2658/1629/1020
f 1678/1620/1020 2658/1629/1020 2643/1630/1020
f 1677/1618/1020 1678/1620/1020 728/1631/1020
f 1676/1619/1020 1677/1618/1020 727/1608/1020
f 2654/1632/1020 1676/1619/1020 726/1602/1020
f 2653/1633/1020 1673/1615/1020 1676/1619/1020
f 2652/1622/1020 1670/1613/1020 1673/1615/1020
f 1680/1634/1021 1683/1638/1021 1682/1635/1021
f 1681/1637/1021 1684/1641/1021 1683/1638/1021
f 1682/1635/1021 1683/1638/1021 1686/1639/1021
f 1684/1641/1021 1687/1649/1021 1686/1639/1021
f 2582/1460/1021 2671/1644/1021 1679/1636/1021
f 2670/1643/1021 1680/1634/1021 1679/1636/1021
f 2670/1643/1021 2669/1646/1021 1681/1637/1021
f 2662/1645/1021 725/1647/1021 1681/1637/1021
f 725/1647/1021 724/1648/1021 1684/1641/1021
f 724/1648/1021 723/1650/1021 1687/1649/1021
f 723/1650/1021 2651/2638/1021 2668/1651/1021
f 1686/1639/1021 1687/1649/1021 2668/1651/1021
f 1686/1639/1021 2667/1652/1021 2666/1653/1021
f 1685/1640/1021 2666/1653/1021 2571/1449/1022
f 1682/1635/1021 1685/1640/1021 654/1654/1021
f 1679/1636/1021 1682/1635/1021 655/1462/1021
f 1689/1655/1023 1692/1659/1024 1691/1656/1024
f 1690/1658/1023 1693/1669/1024 1692/1659/1024
f 1692/1659/1024 1695/1662/1025 1694/1660/1025
f 1692/1659/1024 1693/1669/1024 1696/1661/1025
f 2677/1663/1026 1688/1657/1023 618/1664/1023
f 2677/1663/1026 2676/1665/1026 1689/1655/1023
f 2676/1665/1026 2675/1667/1026 1690/1658/1023
f 2634/1666/1026 687/1668/1023 1690/1658/1023
f 687/1668/1023 688/1670/1024 1693/1669/1024
f 688/1670/1024 689/2639/1025 1696/1661/1025
f 1696/1661/1025 689/2639/1025 2639/1671/1027
f 1695/1662/1025 1696/1661/1025 2674/1672/1028
f 1695/1662/1025 2673/1673/1028 2672/1674/1028
f 620/1356/1029 1694/1660/1025 2672/1674/1028
f 1691/1656/1024 1694/1660/1025 620/1356/1029
f 618/1664/1023 1688/1657/1023 1691/1656/1024
f 1697/1675/1030 1698/1678/1030 1701/1676/1031
f 1698/1678/1030 1699/1689/1030 1702/1679/1031
f 1701/1676/1031 1704/1682/1032 1703/1680/1032
f 1701/1676/1031 1702/1679/1031 1705/1681/1032
f 2683/1683/1033 1697/1675/1030 600/1684/1030
f 2683/1683/1033 2682/1687/1033 1698/1678/1030
f 2681/1686/1033 1699/1689/1030 1698/1678/1030
f 2681/1686/1033 2604/2640/1033 669/1688/1030
f 669/1688/1030 670/1690/1031 1702/1679/1031
f 670/1690/1031 671/1691/1032 1705/1681/1032
f 671/1691/1032 2609/2641/1034 2680/1692/1034
f 1705/1681/1032 2680/1692/1034 2679/1693/1034
f 1704/1682/1032 2679/1693/1034 2678/1694/1034
f 602/1302/1032 1703/1680/1032 2678/1694/1034
f 601/1316/1031 1700/1677/1031 1703/1680/1032
f 1697/1675/1030 1700/1677/1031 601/1316/1031
f 1707/1695/1035 1710/1699/1036 1709/1696/1036
f 1708/1698/1035 1711/1701/1036 1710/1699/1036
f 1710/1699/1036 1713/1702/1037 1712/1700/1037
f 1711/1701/1036 1714/1711/1037 1713/1702/1037
f 2686/1703/1038 1706/1697/1035 623/1704/1035
f 2685/1706/1038 1707/1695/1035 1706/1697/1035
f 2684/1707/1038 1708/1698/1035 1707/1695/1035
f 2602/1708/1038 692/1709/1035 1708/1698/1035
f 692/1709/1035 691/1710/1036 1711/1701/1036
f 691/1710/1036 690/1712/1037 1714/1711/1037
f 690/1712/1037 115/2640/1039 744/1686/1039
f 1714/1711/1037 744/1686/1039 745/1687/1039
f 1713/1702/1037 745/1687/1039 746/1683/1039
f 621/1313/1037 1712/1700/1037 746/1683/1039
f 622/1312/1036 1709/1696/1036 1712/1700/1037
f 1706/1697/1035 1709/1696/1036 622/1312/1036
f 1716/1713/1040 1719/1717/1041 1718/1714/1041
f 1717/1716/1040 1720/1720/1041 1719/1717/1041
f 1718/1714/1041 1719/1717/1041 1722/1718/1042
f 1720/1720/1041 1723/1726/1042 1722/1718/1042
f 91/1303/1043 741/1694/1043 1715/1715/1040
f 742/1721/1043 1716/1713/1040 1715/1715/1040
f 742/1721/1043 743/1723/1043 1717/1716/1040
f 107/1722/1043 672/1724/1040 1717/1716/1040
f 672/1724/1040 673/2642/1041 1720/1720/1041
f 1720/1720/1041 673/2642/1041 674/1725/1042
f 674/1725/1042 2614/2643/1044 2689/1727/1044
f 1723/1726/1042 2689/1727/1044 2688/1728/1044
f 1722/1718/1042 2688/1728/1044 2687/1729/1044
f 605/1326/1042 1721/1719/1042 2687/1729/1044
f 604/1730/1041 1718/1714/1041 1721/1719/1042
f 603/1338/1040 1715/1715/1040 1718/1714/1041
f 1725/1731/1045 1728/1735/1046 1727/1732/1046
f 1725/1731/1045 1726/1742/1045 1729/1734/1046
f 1728/1735/1046 1731/1738/1047 1730/1736/1047
f 1728/1735/1046 1729/1734/1046 1732/1737/1047
f 2692/1739/1048 1724/1733/1045 642/1740/1045
f 2691/1741/1048 1725/1731/1045 1724/1733/1045
f 2691/1741/1048 2690/1744/1048 1726/1742/1045
f 2644/1743/1049 711/1745/1045 1726/1742/1045
f 711/1745/1045 712/2644/1046 1729/1734/1046
f 1729/1734/1046 712/2644/1046 713/1746/1047
f 1732/1737/1047 713/1746/1047 101/1645/1050
f 1731/1738/1047 1732/1737/1047 732/1646/1050
f 1731/1738/1047 733/1643/1050 734/1644/1050
f 1730/1736/1047 734/1644/1050 85/1460/1050
f 643/1458/1046 1727/1732/1046 1730/1736/1047
f 642/1740/1045 1724/1733/1045 1727/1732/1046
f 1734/1748/1051 1737/1752/1052 1736/1749/1052
f 1734/1748/1051 1735/1760/1051 1738/1751/1052
f 1736/1749/1052 1737/1752/1052 1740/1753/1053
f 1737/1752/1052 1738/1751/1052 1741/1755/1053
f 2569/1756/1054 2695/1759/1054 1733/1750/1051
f 2694/1758/1054 1734/1748/1051 1733/1750/1051
f 2694/1758/1054 2693/1761/1054 1735/1760/1051
f 2693/1761/1054 2649/2645/1054 695/1762/1051
f 695/1762/1051 694/2646/1052 1738/1751/1052
f 1738/1751/1052 694/2646/1052 693/1763/1053
f 693/1763/1053 116/1743/1055 753/1744/1055
f 1741/1755/1053 753/1744/1055 754/1741/1055
f 1740/1753/1053 754/1741/1055 755/1739/1055
f 624/1438/1053 1739/1754/1053 755/1739/1055
f 1736/1749/1052 1739/1754/1053 624/1438/1053
f 626/1757/1051 1733/1750/1051 1736/1749/1052
f 1743/1765/1056 1746/1769/1057 1745/1766/1057
f 1743/1765/1056 1744/1775/1056 1747/1768/1057
f 1745/1766/1057 1746/1769/1057 1749/1770/1058
f 1746/1769/1057 1747/1768/1057 1750/1772/1058
f 92/1394/1059 750/1774/1059 1742/1767/1056
f 751/1773/1059 1743/1765/1056 1742/1767/1056
f 751/1773/1059 752/1776/1059 1744/1775/1056
f 752/1776/1059 108/2647/1059 675/1777/1056
f 675/1777/1056 676/1778/1057 1747/1768/1057
f 676/1778/1057 677/1779/1058 1750/1772/1058
f 677/1779/1058 2619/1810/1060 2698/1780/1060
f 1750/1772/1058 2698/1780/1060 2697/1781/1060
f 1748/1771/1058 1749/1770/1058 2697/1781/1060
f 608/1783/1058 1748/1771/1058 2696/1782/1060
f 1745/1766/1057 1748/1771/1058 608/1783/1058
f 606/1396/1056 1742/1767/1056 1745/1766/1057
f 1751/1785/1061 1752/1789/1061 1755/1786/1062
f 1753/1788/1061 1756/1791/1062 1755/1786/1062
f 1755/1786/1062 1758/1792/1063 1757/1790/1063
f 1756/1791/1062 1759/1795/1063 1758/1792/1063
f 729/1653/1064 1751/1785/1061 627/1451/1061
f 730/1652/1064 1752/1789/1061 1751/1785/1061
f 730/1652/1064 731/1651/1064 1753/1788/1061
f 731/1651/1064 102/2638/1064 696/1793/1061
f 1753/1788/1061 696/1793/1061 697/1794/1062
f 697/1794/1062 698/1796/1063 1759/1795/1063
f 698/1796/1063 2587/1829/1065 2701/1797/1065
f 1759/1795/1063 2701/1797/1065 2700/1798/1065
f 1758/1792/1063 2700/1798/1065 2699/1799/1065
f 629/1800/1063 1757/1790/1063 2699/1799/1065
f 1754/1787/1062 1757/1790/1063 629/1800/1063
f 1751/1785/1061 1754/1787/1062 628/1452/1062
f 1761/1802/1066 1764/1806/1067 1763/1803/1067
f 1762/1805/1066 1765/1812/1067 1764/1806/1067
f 1764/1806/1067 1767/1809/1068 1766/1807/1068
f 1764/1806/1067 1765/1812/1067 1768/1808/1068
f 93/1784/1069 759/1782/1069 1760/1804/1066
f 760/1781/1069 1761/1802/1066 1760/1804/1066
f 761/1780/1069 1762/1805/1066 1761/1802/1066
f 109/1810/1069 678/1811/1066 1762/1805/1066
f 678/1811/1066 679/2648/1067 1765/1812/1067
f 1765/1812/1067 679/2648/1067 680/1813/1068
f 1768/1808/1068 680/1813/1068 2624/1814/1070
f 1767/1809/1068 1768/1808/1068 2704/1815/1070
f 1767/1809/1068 2703/1816/1070 2702/1817/1070
f 1766/1807/1068 2702/1817/1070 2544/1818/1070
f 1763/1803/1067 1766/1807/1068 611/1819/1068
f 609/1375/1066 1760/1804/1066 1763/1803/1067
f 1770/1820/1071 1773/1824/1072 1772/1821/1072
f 1770/1820/1071 1771/1828/1071 1774/1823/1072
f 1772/1821/1072 1773/1824/1072 1776/1825/1073
f 1774/1823/1072 1777/1832/1073 1776/1825/1073
f 87/1801/1074 762/1799/1074 1769/1822/1071
f 763/1798/1074 1770/1820/1071 1769/1822/1071
f 763/1798/1074 764/1797/1074 1771/1828/1071
f 103/1829/1074 660/1830/1071 1771/1828/1071
f 660/1830/1071 661/1831/1072 1774/1823/1072
f 661/1831/1072 662/2649/1073 1777/1832/1073
f 1777/1832/1073 662/2649/1073 2592/1833/1075
f 1777/1832/1073 2707/1834/1075 2706/1835/1075
f 1775/1826/1073 1776/1825/1073 2706/1835/1075
f 593/1402/1073 1775/1826/1073 2705/1836/1075
f 1772/1821/1072 1775/1826/1073 593/1402/1073
f 1769/1822/1071 1772/1821/1072 592/1837/1072
f 1779/1838/1076 1782/1842/1077 1781/1839/1077
f 1779/1838/1076 1780/1846/1076 1783/1841/1077
f 1782/1842/1077 1785/1844/1078 1784/1843/1078
f 1783/1841/1077 1786/1849/1078 1785/1844/1078
f 97/1357/1079 735/1674/1079 1778/1840/1076
f 736/1673/1079 1779/1838/1076 1778/1840/1076
f 736/1673/1079 737/1672/1079 1780/1846/1076
f 113/1671/1079 699/1847/1076 1780/1846/1076
f 699/1847/1076 700/1848/1077 1783/1841/1077
f 700/1848/1077 701/1850/1078 1786/1849/1078
f 701/1850/1078 114/2645/1206 756/1761/1080
f 1785/1844/1078 1786/1849/1078 756/1761/1080
f 1785/1844/1078 757/1758/1081 758/1759/1081
f 1784/1843/1078 758/1759/1081 98/1756/1081
f 631/1851/1077 1781/1839/1077 1784/1843/1078
f 1778/1840/1076 1781/1839/1077 631/1851/1077
f 1788/1852/1082 1791/1856/1083 1790/1853/1083
f 1789/1855/1082 1792/1858/1083 1791/1856/1083
f 1791/1856/1083 1794/1859/1084 1793/1857/1084
f 1792/1858/1083 1795/1863/1084 1794/1859/1084
f 765/1817/1085 1787/1854/1082 612/1860/1082
f 765/1817/1085 766/1816/1085 1788/1852/1082
f 767/1815/1085 1789/1855/1082 1788/1852/1082
f 767/1815/1085 110/1814/1085 681/1861/1082
f 1789/1855/1082 681/1861/1082 682/1862/1083
f 682/1862/1083 683/1864/1086 1795/1863/1084
f 683/1864/1086 2629/2650/1207 2710/1865/1087
f 1795/1863/1084 2710/1865/1087 2709/1866/1087
f 1794/1859/1084 2709/1866/1087 2708/1867/1087
f 614/1382/1088 1793/1857/1084 2708/1867/1087
f 613/1381/1083 1790/1853/1083 1793/1857/1084
f 1787/1854/1082 1790/1853/1083 613/1381/1083
f 1797/1869/1090 1800/1873/1091 1799/1870/1091
f 1797/1869/1090 1798/1879/1090 1801/1872/1091
f 1800/1873/1091 1803/1875/1092 1802/1874/1092
f 1801/1872/1091 1804/1883/1092 1803/1875/1092
f 88/1876/1093 768/1878/1093 1796/1871/1090
f 769/1877/1093 1797/1869/1090 1796/1871/1090
f 769/1877/1093 770/1834/1093 1798/1879/1090
f 104/1880/1093 663/1881/1090 1798/1879/1090
f 663/1881/1090 664/2651/1091 1801/1872/1091
f 1801/1872/1091 664/2651/1091 665/1882/1092
f 665/1882/1092 2597/2652/1094 2713/1884/1094
f 1804/1883/1092 2713/1884/1094 2712/1885/1094
f 1802/1874/1092 1803/1875/1092 2712/1885/1094
f 596/1333/1092 1802/1874/1092 2711/1886/1094
f 1799/1870/1091 1802/1874/1092 596/1333/1092
f 594/1331/1090 1796/1871/1090 1799/1870/1091
f 1806/1887/1095 1809/1891/1096 1808/1888/1096
f 1806/1887/1095 1807/1897/1095 1810/1890/1096
f 1809/1891/1096 1812/1894/1097 1811/1892/1097
f 1809/1891/1096 1810/1890/1096 1813/1893/1097
f 95/1868/1098 771/1867/1098 1805/1889/1095
f 772/1866/1098 1806/1887/1095 1805/1889/1095
f 773/1865/1098 1807/1897/1095 1806/1887/1095
f 773/1865/1098 111/2650/1098 684/1896/1095
f 1807/1897/1095 684/1896/1095 685/1898/1096
f 1810/1890/1096 685/1898/1096 686/1899/1097
f 1813/1893/1097 686/1899/1097 112/1666/1099
f 1812/1894/1097 1813/1893/1097 738/1667/1099
f 1812/1894/1097 739/1665/1099 740/1663/1099
f 1811/1892/1097 740/1663/1099 96/1353/1099
f 1808/1888/1096 1811/1892/1097 617/1372/1097
f 1805/1889/1095 1808/1888/1096 616/1385/1096
f 1815/1900/1100 1818/1904/1101 1817/1901/1101
f 1816/1903/1100 1819/1912/1101 1818/1904/1101
f 1818/1904/1101 1821/1907/1102 1820/1905/1102
f 1818/1904/1101 1819/1912/1101 1822/1906/1102
f 774/1886/1103 1814/1902/1100 597/1307/1100
f 774/1886/1103 775/1909/1103 1815/1900/1100
f 776/1908/1103 1816/1903/1100 1815/1900/1100
f 776/1908/1103 105/2653/1103 666/1910/1100
f 1816/1903/1100 666/1910/1100 667/1911/1101
f 667/1911/1101 668/1913/1102 1822/1906/1102
f 668/1913/1102 106/1708/1104 747/1707/1104
f 1821/1907/1102 1822/1906/1102 747/1707/1104
f 1821/1907/1102 748/1706/1104 749/1703/1104
f 599/1914/1102 1820/1905/1102 749/1703/1104
f 1817/1901/1101 1820/1905/1102 599/1914/1102
f 1814/1902/1100 1817/1901/1101 598/1308/1101
