# Blender 5.0.1
# www.blender.org
mtllib puertas.mtl
o Puerta
v -2.324033 0.053684 1.770370
v 1.530215 2.707804 1.769310
v -2.321327 2.711724 1.768200
v 1.529326 1.834750 1.770023
v 1.530406 2.641497 1.769364
v 0.409232 2.555178 1.769112
v -0.895900 2.379018 1.768881
v -1.792786 2.069292 1.768877
v -2.160705 1.615425 1.769142
v -1.812822 0.655909 1.770025
v -1.074011 0.295384 1.770532
v -0.093215 0.149606 1.770933
v 0.749416 0.162240 1.771164
v 1.175504 0.343081 1.771139
v 1.365906 0.673607 1.770924
v 1.453454 1.151865 1.770558
v -2.141772 1.079111 1.769585
v 0.361977 2.505033 1.762058
v -0.714619 2.275931 1.777161
v -1.493576 1.995647 1.782917
v -1.880708 1.591975 1.784742
v -1.511876 0.720084 1.786343
v -0.874751 0.421536 1.776284
v -0.173477 0.267188 1.797258
v 0.645409 0.247086 1.783859
v 0.820113 0.408918 1.766316
v 0.894054 0.773503 1.771135
v 1.024688 1.145583 1.774904
v 1.213271 1.496398 1.779248
v -1.842700 1.069091 1.785963
v 1.039947 0.734135 1.903269
v 0.930573 0.376602 1.907512
v -1.997043 1.662179 1.890241
v -1.651170 1.998833 1.887200
v 1.184165 1.158806 1.866076
v -1.677150 0.731402 1.890617
v -2.011335 1.144472 1.891033
v 1.388582 1.653567 1.772536
v -0.942093 0.378667 1.891966
v 0.003541 0.211165 1.892001
v 0.652383 0.208287 1.899642
v -0.936805 2.258609 1.856889
v 0.063657 2.479565 1.784765
v 0.972737 0.694822 1.881322
v 1.122666 0.822917 1.824403
v 1.093192 1.106635 1.858528
v 1.174194 1.176980 1.810907
v 0.877576 0.360514 1.877928
v 0.985360 0.426829 1.823113
v 1.561251 -0.003915 1.718501
v -2.418108 0.000135 1.717354
v 1.564072 2.766480 1.716239
v -2.415288 2.770531 1.715093
v 1.563142 1.852918 1.716985
v 1.554457 2.613856 1.716362
v 0.442896 2.532923 1.716108
v -0.816357 2.276409 1.715956
v -1.598890 1.961461 1.715988
v -1.916230 1.590066 1.716200
v -1.607134 0.754675 1.716971
v -0.967821 0.428056 1.717422
v -0.100903 0.234803 1.717829
v 0.608952 0.212865 1.718050
v 0.812900 0.358861 1.717990
v 0.879688 0.751289 1.717689
v 1.023909 1.180311 1.717380
v 1.276842 1.569801 1.717134
v -1.899995 1.127371 1.716583
v 1.457092 1.753500 1.717036
v 1.561308 -0.004075 1.521958
v -2.418051 -0.000025 1.520812
v -2.415231 2.770370 1.518550
v 1.563198 1.852757 1.520443
v 1.554555 2.655042 1.519785
v -1.598834 1.961301 1.519445
v -1.916173 1.589905 1.519658
v -1.607077 0.754514 1.520429
v -0.967765 0.427896 1.520879
v -0.100846 0.234642 1.521286
v 0.879744 0.751128 1.521146
v 1.023966 1.180150 1.520837
v -1.899939 1.127210 1.520040
v 1.457149 1.753340 1.520493
v 1.527508 0.049764 1.771480
v 1.563142 1.852918 1.716985
v 1.554456 2.613855 1.716361
v 0.442896 2.532923 1.716108
v -0.816356 2.276409 1.715955
v -1.598890 1.961461 1.715988
v -1.916229 1.590065 1.716200
v -1.607134 0.754675 1.716971
v -0.967821 0.428056 1.717422
v -0.100903 0.234802 1.717828
v 0.608952 0.212864 1.718050
v 0.812900 0.358861 1.717989
v 0.879688 0.751288 1.717688
v 1.023909 1.180310 1.717379
v 1.276842 1.569800 1.717134
v -1.899995 1.127371 1.716583
v 1.457093 1.753500 1.717036
v 1.563153 1.852886 1.678220
v 1.554467 2.613823 1.677596
v 0.442907 2.532891 1.677343
v -0.816345 2.276377 1.677191
v -1.598879 1.961430 1.677223
v -1.916219 1.590034 1.677435
v -1.607122 0.754643 1.678206
v -0.967810 0.428024 1.678657
v -0.100892 0.234771 1.679064
v 0.608963 0.212833 1.679286
v 0.812911 0.358829 1.679225
v 0.879699 0.751257 1.678924
v 1.023920 1.180279 1.678615
v 1.276853 1.569769 1.678370
v -1.899984 1.127339 1.677818
v 1.457104 1.753469 1.678271
v 1.564129 2.766320 1.519697
v 0.442960 2.539653 1.519560
v -0.816300 2.276249 1.519413
v 0.609008 0.212704 1.521508
v 0.812957 0.358700 1.521447
v 1.276898 1.569640 1.520591
v 1.563158 1.852873 1.661791
v 1.299085 1.620175 1.661905
v 1.470102 1.761921 1.661839
v 1.563195 1.852767 1.532046
v 1.470139 1.761815 1.532094
v 1.299122 1.620069 1.532160
v 1.563954 2.635130 1.661152
v 1.300118 2.635399 1.661076
v 1.470991 2.635225 1.661125
v 1.563992 2.635024 1.531408
v 1.471028 2.635119 1.531381
v 1.300156 2.635293 1.531331
v 0.567329 2.708785 1.769033
v -0.395557 2.709765 1.768755
v -1.358442 2.710745 1.768478
v 1.530358 2.658074 1.769351
v 1.530310 2.674651 1.769337
v 1.530262 2.691227 1.769324
v -2.322004 2.047215 1.768743
v -2.322681 1.382704 1.769285
v -2.323357 0.718194 1.769828
v 1.266546 2.623827 1.769303
v 0.996114 2.604593 1.769241
v 0.712533 2.582231 1.769178
v 0.083336 2.522031 1.769046
v -0.253233 2.482023 1.768982
v -0.584852 2.434554 1.768925
v -1.173424 2.314893 1.768854
v -1.415149 2.241976 1.768844
v -1.621471 2.160150 1.768852
v -1.929875 1.969318 1.768919
v -2.035076 1.860287 1.768978
v -2.111111 1.742291 1.769052
v -2.092042 0.962997 1.769694
v -2.023075 0.856345 1.769801
v -1.931219 0.755276 1.769910
v -1.665377 0.555889 1.770149
v -1.490952 0.458953 1.770279
v -1.292760 0.370364 1.770408
v -0.838474 0.237911 1.770646
v -0.592134 0.196398 1.770751
v -0.341534 0.167933 1.770846
v 0.146328 0.139173 1.771010
v 0.370787 0.137068 1.771076
v 0.573903 0.144390 1.771129
v 0.893023 0.191441 1.771182
v 1.008250 0.231698 1.771182
v 1.100582 0.282436 1.771167
v 1.237799 0.413066 1.771100
v 1.289445 0.491842 1.771051
v 1.331721 0.578870 1.770992
v 1.393375 0.776030 1.770848
v 1.415885 0.888176 1.770763
v 1.435293 1.012603 1.770667
v -2.174967 1.207000 1.769471
v -2.190543 1.342702 1.769356
v -2.186467 1.480687 1.769244
v 0.044942 2.442838 1.763058
v -0.208377 2.389953 1.764807
v -0.452731 2.337049 1.768347
v -0.978357 2.200411 1.778269
v -1.160225 2.137819 1.778849
v -1.313988 2.077482 1.780336
v -1.642177 1.899468 1.783025
v -1.728471 1.821912 1.782758
v -1.798297 1.738774 1.783391
v -1.778724 0.969423 1.784642
v -1.719164 0.898098 1.783952
v -1.643574 0.822715 1.784800
v -1.352031 0.627078 1.784904
v -1.219842 0.559645 1.783258
v -1.072719 0.493462 1.781365
v -0.693532 0.371330 1.781703
v -0.530460 0.333462 1.784678
v -0.364988 0.299642 1.789066
v 0.047975 0.245782 1.789318
v 0.224600 0.237401 1.785692
v 0.397811 0.235750 1.784641
v 0.747573 0.277921 1.774651
v 0.782366 0.304954 1.771785
v 0.804709 0.342726 1.769687
v 0.835930 0.487195 1.769467
v 0.848134 0.565305 1.770703
v 0.865175 0.652714 1.771122
v 0.921705 0.891809 1.771062
v 0.946114 0.976955 1.771346
v 0.978321 1.056261 1.772351
v 1.132485 1.234495 1.841186
v 1.163159 1.328445 1.824443
v 1.190776 1.410758 1.806171
v -1.882516 1.196545 1.784403
v -1.897301 1.303244 1.783385
v -1.901212 1.415734 1.783656
v 1.070065 0.787162 1.810081
v 1.013730 0.776624 1.798607
v 0.955328 0.773880 1.786846
v 0.983965 0.366294 1.881150
v 1.035697 0.358328 1.852351
v 1.091990 0.352748 1.818785
v -1.969279 1.628026 1.886371
v -1.943857 1.611593 1.866132
v -1.915630 1.601217 1.835526
v -1.697206 2.022000 1.873122
v -1.731902 2.039489 1.848518
v -1.758965 2.054063 1.816368
v 1.153731 1.178450 1.802370
v 1.119422 1.176737 1.793986
v 1.077216 1.168576 1.785346
v -1.643716 0.746526 1.875233
v -1.616088 0.751994 1.851306
v -1.578437 0.747625 1.822688
v -2.061009 1.111192 1.862733
v -2.093201 1.095283 1.833369
v -2.119039 1.085639 1.802086
v 1.339710 1.627156 1.777145
v 1.303560 1.603621 1.778778
v 1.265552 1.566038 1.779447
v -0.961666 0.410831 1.863745
v -0.954365 0.424281 1.835237
v -0.928546 0.430002 1.806231
v -0.051333 0.226963 1.875463
v -0.083113 0.239096 1.852803
v -0.116665 0.252034 1.826696
v 0.649020 0.219485 1.887702
v 0.648367 0.227916 1.863720
v 0.644781 0.236946 1.832528
v -0.868408 2.261252 1.839497
v -0.831175 2.260873 1.820301
v -0.788629 2.263017 1.799133
v 0.206639 2.514153 1.776445
v 0.279091 2.531878 1.772518
v 0.323686 2.542150 1.770427
v 1.114968 0.718770 1.876883
v 1.185701 0.704617 1.848484
v 1.262601 0.691143 1.815723
v 0.933168 0.397444 1.805316
v 0.889581 0.389181 1.792825
v 0.850296 0.393320 1.780649
v -2.047834 1.640829 1.873439
v -2.087148 1.631278 1.848724
v -2.120352 1.624077 1.816613
v -1.622566 1.980809 1.870775
v -1.598396 1.972595 1.846681
v -1.562243 1.973130 1.818234
v 1.255864 1.152663 1.843363
v 1.316199 1.147440 1.821285
v 1.378652 1.146850 1.797398
v -1.723454 0.712530 1.875057
v -1.756763 0.696442 1.849860
v -1.782367 0.679261 1.817516
v -1.955288 1.127884 1.875730
v -1.919251 1.119697 1.851201
v -1.884434 1.106550 1.822342
v -1.002583 0.358314 1.876451
v -1.030863 0.337603 1.850644
v -1.050612 0.319165 1.818055
v -0.046457 0.199281 1.887965
v -0.069688 0.187075 1.866835
v -0.083485 0.174253 1.833468
v 0.678847 0.192761 1.879069
v 0.701760 0.181062 1.851823
v 0.719625 0.172229 1.818753
v -0.897384 2.297461 1.852119
v -0.888403 2.325046 1.835670
v -0.886528 2.348204 1.810968
v 0.214760 2.496170 1.776384
v 0.287908 2.502439 1.771920
v 0.322722 2.503009 1.768231
v 1.007114 0.624031 1.908874
v 0.985715 0.543610 1.911307
v 0.965490 0.467219 1.910173
v -1.935353 1.752746 1.894216
v -1.871336 1.827137 1.895992
v -1.790255 1.902166 1.893151
v 1.134086 1.028788 1.884568
v 1.100621 0.937189 1.894651
v 1.073002 0.848444 1.899845
v -1.802247 0.837573 1.894682
v -1.877442 0.919215 1.897075
v -1.940033 1.006140 1.895342
v 1.337356 1.531515 1.798170
v 1.289227 1.423641 1.821204
v 1.241032 1.308054 1.842739
v -1.204370 0.472368 1.895989
v -1.368773 0.548061 1.897525
v -1.513173 0.626170 1.894937
v -0.228656 0.233503 1.896004
v -0.431922 0.263619 1.898139
v -0.640933 0.303291 1.896304
v -2.032157 1.312765 1.895079
v -2.034029 1.427045 1.896728
v -2.024921 1.537076 1.894423
v 0.483055 0.195452 1.898739
v 0.337213 0.193191 1.898971
v 0.186154 0.197324 1.896222
v -0.657990 2.333272 1.840275
v -0.411221 2.388360 1.822347
v -0.181647 2.434453 1.803130
v 0.878747 0.308303 1.910216
v 0.830661 0.268555 1.910993
v 0.768683 0.237310 1.907449
v -1.467048 2.086517 1.885992
v -1.310564 2.147014 1.882110
v -1.145476 2.201407 1.872467
v 1.140227 2.606196 1.764438
v 0.897190 2.580104 1.763329
v 0.664171 2.551203 1.762565
v 0.969822 0.731144 1.896205
v 0.977683 0.741079 1.905408
v 0.996352 0.741514 1.909690
v 1.100336 0.778614 1.840237
v 1.064386 0.757898 1.852353
v 1.022145 0.737480 1.864569
v 1.097852 1.144084 1.867529
v 1.110511 1.155671 1.873413
v 1.133778 1.159200 1.874859
v 1.175653 1.174016 1.819881
v 1.161229 1.166963 1.829488
v 1.135167 1.150950 1.840468
v 0.883354 0.371764 1.896518
v 0.892176 0.375705 1.907682
v 0.904377 0.377943 1.913054
v 0.960277 0.395268 1.837371
v 0.933765 0.382780 1.849104
v 0.905474 0.374915 1.861371
v 0.946361 0.584899 1.882500
v 0.928060 0.506511 1.882395
v 0.908891 0.433518 1.881200
v 1.094304 0.699656 1.826053
v 1.068568 0.608634 1.826438
v 1.035214 0.525683 1.825915
v 1.054819 0.992503 1.868174
v 1.026746 0.906804 1.873454
v 1.001844 0.816225 1.877661
v 1.171072 1.095619 1.815667
v 1.165588 1.015680 1.819151
v 1.151233 0.934262 1.821771
v 1.064005 1.254030 1.771444
v 1.108007 1.340383 1.770688
v 1.156202 1.416531 1.772181
v 0.845268 0.318360 1.858728
v 0.806717 0.291070 1.838931
v 0.753570 0.269228 1.817294
v 1.194443 1.411217 1.789891
v 1.188141 1.337978 1.797551
v 1.180698 1.259078 1.804693
v 1.509977 1.653159 1.770166
v 1.490781 1.475916 1.770305
v 1.471889 1.307369 1.770437
v -0.145427 2.591707 1.768923
v -0.686513 2.621849 1.768743
v -1.297923 2.652627 1.768542
v -1.170614 2.443075 1.768750
v -1.446694 2.507172 1.768618
v -1.744122 2.575492 1.768477
v -1.892529 2.193395 1.768747
v -1.989482 2.316678 1.768618
v -2.089823 2.446749 1.768483
v -2.202216 1.753955 1.769016
v -2.230739 1.951935 1.768847
v -2.255108 2.203803 1.768634
v -2.175798 0.880452 1.769737
v -2.208275 0.680236 1.769892
v -2.241066 0.464518 1.770059
v -1.909665 0.538416 1.770093
v -2.004574 0.419524 1.770163
v -2.103750 0.291606 1.770239
v -1.421347 0.089419 1.770600
v -0.916919 0.106055 1.770731
v -0.488035 0.124281 1.770840
v -1.315944 0.249935 1.770499
v -1.558824 0.205394 1.770466
v -1.819112 0.158520 1.770429
v 0.566412 -0.002902 1.718215
v -0.428428 -0.001890 1.717928
v -1.423268 -0.000877 1.717641
v 0.569232 2.767493 1.715953
v -0.425608 2.768506 1.715666
v -1.420448 2.769518 1.715380
v 1.556860 2.652012 1.716331
v 1.559264 2.690168 1.716300
v 1.561668 2.728324 1.716270
v -2.415993 2.077932 1.715658
v -2.416698 1.385333 1.716224
v -2.417403 0.692734 1.716789
v 1.562670 1.388710 1.717364
v 1.562197 0.924502 1.717743
v 1.561724 0.460293 1.718122
v 0.122301 2.483530 1.716056
v -0.205926 2.421741 1.716013
v -0.524555 2.351414 1.715978
v -1.067668 2.199879 1.715946
v -1.279085 2.122139 1.715949
v -1.454772 2.042797 1.715963
v -1.715186 1.877455 1.716023
v -1.805735 1.788958 1.716070
v -1.872197 1.693863 1.716128
v -1.854897 1.024846 1.716679
v -1.792709 0.930616 1.716774
v -1.710949 0.841589 1.716871
v -1.479502 0.667748 1.717079
v -1.329177 0.582540 1.717192
v -1.158002 0.501744 1.717307
v -0.761212 0.363804 1.717533
v -0.543689 0.309849 1.717640
v -0.321503 0.266683 1.717739
v 0.111367 0.214432 1.717906
v 0.306581 0.204727 1.717970
v 0.475516 0.204575 1.718019
v 0.700942 0.229274 1.718063
v 0.758643 0.256651 1.718058
v 0.792485 0.298634 1.718033
v 0.828925 0.439351 1.717929
v 0.844021 0.535640 1.717854
v 0.860253 0.641647 1.717773
v 0.904284 0.859666 1.717607
v 0.935571 0.966615 1.717529
v 0.974972 1.073157 1.717453
v -1.929816 1.239839 1.716482
v -1.943489 1.358143 1.716382
v -1.939474 1.476735 1.716286
v 1.421503 1.722170 1.717052
v 1.380175 1.683733 1.717071
v 1.332243 1.634254 1.717098
v 1.292104 2.603783 1.716294
v 1.023537 2.589646 1.716229
v 0.742539 2.567381 1.716166
v 1.082763 1.288072 1.717309
v 1.147753 1.392330 1.717242
v 1.214053 1.487952 1.717183
v -2.347552 0.040297 1.757116
v -2.371071 0.026910 1.743862
v -2.394590 0.013523 1.730608
v 0.805928 0.382355 1.754541
v 0.803380 0.367789 1.744133
v 0.805923 0.362134 1.733085
v 0.622585 0.218745 1.728522
v 0.631037 0.225701 1.739951
v 0.632511 0.234607 1.754112
v -1.889830 1.593064 1.753055
v -1.901696 1.594121 1.738315
v -1.910136 1.592850 1.726698
v -1.590569 1.957450 1.731299
v -1.579045 1.958045 1.743790
v -1.553231 1.965690 1.758410
v 1.538679 2.722473 1.756042
v 1.547143 2.737143 1.742775
v 1.555608 2.751812 1.729507
v -2.391798 2.755829 1.728370
v -2.368308 2.741128 1.741647
v -2.344818 2.726426 1.754923
v 0.868468 0.770568 1.755692
v 0.864221 0.766450 1.744226
v 0.868699 0.760267 1.732828
v -1.563218 0.752919 1.760041
v -1.586468 0.760956 1.744939
v -1.597797 0.760569 1.732296
v -1.884648 1.123815 1.731917
v -1.873017 1.117635 1.744566
v -1.859450 1.105866 1.759668
v 1.537780 1.839292 1.756763
v 1.546234 1.843834 1.743504
v 1.554688 1.848376 1.730245
v 1.417899 1.720216 1.755507
v 1.433316 1.741236 1.743701
v 1.444861 1.749607 1.732199
v 1.265527 1.574035 1.732374
v 1.255128 1.570971 1.744447
v 1.240016 1.552428 1.757873
v 0.417558 2.518112 1.751732
v 0.441499 2.527497 1.741990
v 0.447407 2.532164 1.731176
v 1.548444 2.620766 1.729612
v 1.542431 2.627676 1.742863
v 1.536418 2.634587 1.756114
v 1.002134 1.170412 1.761289
v 0.997837 1.179588 1.749632
v 1.005152 1.182033 1.737349
v -0.925761 0.433821 1.757792
v -0.950376 0.435212 1.744664
v -0.961353 0.433455 1.732656
v -0.121669 0.260474 1.769671
v -0.101428 0.252917 1.752363
v -0.096966 0.246415 1.738083
v -0.785784 2.260375 1.761219
v -0.817120 2.258414 1.748613
v -0.821843 2.263285 1.735989
v 0.784936 0.281844 1.795885
v 0.860812 0.310784 1.805324
v 0.923162 0.350621 1.814442
v 1.433177 1.732262 1.770865
v 1.468787 1.780248 1.770268
v 1.500081 1.811549 1.770061
v 1.487868 1.781133 1.717022
v 1.514990 1.806384 1.717009
v 1.539675 1.830048 1.716997
v 0.566468 -0.003063 1.521672
v -0.428372 -0.002050 1.521385
v -1.423212 -0.001038 1.521099
v -2.415936 2.077771 1.519116
v -2.416641 1.385173 1.519681
v -2.417347 0.692574 1.520246
v 1.562726 1.388549 1.520822
v 1.562253 0.924341 1.521201
v 1.561781 0.460133 1.521580
v -1.715130 1.877295 1.519481
v -1.805679 1.788797 1.519527
v -1.872140 1.693703 1.519586
v -1.854841 1.024686 1.520137
v -1.792653 0.930455 1.520232
v -1.710892 0.841428 1.520328
v -1.479446 0.667588 1.520537
v -1.329121 0.582379 1.520649
v -1.157946 0.501584 1.520764
v -0.761155 0.363644 1.520991
v -0.543633 0.309688 1.521098
v -0.321447 0.266523 1.521197
v 0.904340 0.859505 1.521065
v 0.935628 0.966455 1.520986
v 0.975029 1.072996 1.520911
v -1.929760 1.239679 1.519940
v -1.943433 1.357983 1.519839
v -1.939417 1.476574 1.519744
v 1.487925 1.780972 1.520480
v 1.515046 1.806223 1.520467
v 1.539732 1.829887 1.520455
v 1.019517 1.179593 1.643505
v 1.017449 1.179246 1.599089
v 1.019490 1.179516 1.559281
v 0.877601 0.752174 1.595019
v 0.876588 0.752675 1.639434
v 0.877552 0.752254 1.679243
v -0.975449 0.424280 1.661292
v -0.977963 0.422167 1.619152
v -0.974042 0.423730 1.577011
v -1.616632 0.754654 1.576557
v -1.621646 0.755174 1.618695
v -1.617459 0.755327 1.660837
v 1.561266 -0.003955 1.669365
v 1.561280 -0.003995 1.620230
v 1.561294 -0.004035 1.571094
v 1.563184 1.852798 1.569578
v 1.563170 1.852838 1.618714
v 1.563156 1.852878 1.667850
v -1.906026 1.123087 1.660454
v -1.908623 1.120544 1.618315
v -1.905743 1.122271 1.576173
v -1.924719 1.593951 1.575783
v -1.928509 1.596390 1.617920
v -1.924511 1.594776 1.660064
v -0.098469 0.230076 1.661703
v -0.096232 0.227743 1.619564
v -0.096932 0.229826 1.577422
v 1.459090 1.754679 1.594367
v 1.460003 1.755318 1.638782
v 1.459089 1.754763 1.678591
v -2.418094 0.000095 1.668219
v -2.418080 0.000055 1.619083
v -2.418066 0.000015 1.569947
v -1.609526 1.962669 1.659853
v -1.615103 1.962795 1.617711
v -1.610402 1.962027 1.575572
v -2.415246 2.770410 1.567686
v -2.415260 2.770450 1.616822
v -2.415274 2.770490 1.665957
v 1.554531 2.644746 1.568929
v 1.554506 2.634449 1.618073
v 1.554481 2.624152 1.667217
v 0.122301 2.483530 1.716056
v -0.205926 2.421740 1.716012
v -0.524555 2.351414 1.715978
v -1.067668 2.199879 1.715946
v -1.279085 2.122139 1.715949
v -1.454772 2.042797 1.715963
v -1.715186 1.877455 1.716023
v -1.805735 1.788958 1.716069
v -1.872197 1.693863 1.716128
v -1.854897 1.024846 1.716679
v -1.792709 0.930616 1.716774
v -1.710949 0.841589 1.716870
v -1.479502 0.667748 1.717079
v -1.329177 0.582540 1.717192
v -1.158002 0.501744 1.717307
v -0.761212 0.363804 1.717533
v -0.543689 0.309848 1.717640
v -0.321503 0.266683 1.717739
v 0.111367 0.214432 1.717906
v 0.306581 0.204727 1.717970
v 0.475516 0.204575 1.718019
v 0.700942 0.229274 1.718063
v 0.758643 0.256651 1.718057
v 0.792485 0.298634 1.718033
v 0.828925 0.439350 1.717928
v 0.844021 0.535640 1.717854
v 0.860253 0.641647 1.717772
v 0.904284 0.859666 1.717607
v 0.935571 0.966615 1.717529
v 0.974972 1.073156 1.717453
v -1.929816 1.239839 1.716482
v -1.943489 1.358143 1.716382
v -1.939474 1.476734 1.716286
v 1.421503 1.722170 1.717051
v 1.380175 1.683732 1.717071
v 1.332243 1.634254 1.717097
v 1.292104 2.603782 1.716294
v 1.023537 2.589645 1.716228
v 0.742539 2.567380 1.716166
v 1.082763 1.288071 1.717308
v 1.147753 1.392330 1.717242
v 1.214053 1.487951 1.717183
v -1.607958 1.673358 1.716221
v -1.612938 1.424922 1.716422
v -1.609870 1.155471 1.716643
v -0.900557 1.585763 1.716496
v -0.939267 1.166688 1.716826
v -0.958343 0.790799 1.717128
v 0.270753 0.421967 1.717782
v 0.486797 0.527731 1.717758
v 0.677890 0.631599 1.717728
v 1.487869 1.781132 1.717022
v 1.514990 1.806384 1.717009
v 1.539675 1.830048 1.716997
v 0.841571 1.416479 1.717134
v 0.721573 1.679606 1.716885
v 0.605098 1.985749 1.716601
v 1.125447 1.763995 1.716932
v 0.964985 1.957539 1.716728
v 0.778339 2.161611 1.716508
v 0.055182 0.968095 1.717274
v 0.171395 1.458785 1.716907
v 0.287218 1.933610 1.716553
v 1.556628 2.423621 1.716517
v 1.558800 2.233387 1.716673
v 1.560971 2.043152 1.716829
v 0.845948 2.311855 1.716404
v 1.071391 2.151402 1.716600
v 1.263331 1.982294 1.716793
v 0.122312 2.483498 1.677292
v -0.205915 2.421709 1.677248
v -0.524544 2.351382 1.677214
v -1.067657 2.199847 1.677181
v -1.279074 2.122107 1.677184
v -1.454761 2.042765 1.677198
v -1.715175 1.877423 1.677258
v -1.805724 1.788926 1.677305
v -1.872185 1.693831 1.677363
v -1.854886 1.024815 1.677915
v -1.792698 0.930584 1.678009
v -1.710938 0.841557 1.678106
v -1.479491 0.667717 1.678314
v -1.329166 0.582508 1.678427
v -1.157991 0.501712 1.678542
v -0.761201 0.363772 1.678769
v -0.543678 0.309817 1.678875
v -0.321492 0.266652 1.678974
v 0.111378 0.214400 1.679141
v 0.306592 0.204695 1.679206
v 0.475527 0.204543 1.679254
v 0.700953 0.229242 1.679299
v 0.758654 0.256619 1.679293
v 0.792496 0.298602 1.679268
v 0.828937 0.439319 1.679164
v 0.844032 0.535608 1.679090
v 0.860264 0.641615 1.679008
v 0.904295 0.859634 1.678842
v 0.935582 0.966583 1.678764
v 0.974983 1.073125 1.678688
v -1.929805 1.239807 1.677718
v -1.943478 1.358111 1.677617
v -1.939462 1.476703 1.677521
v 1.421514 1.722139 1.678287
v 1.380186 1.683701 1.678306
v 1.332254 1.634222 1.678333
v 1.292115 2.603751 1.677529
v 1.023548 2.589614 1.677464
v 0.742550 2.567348 1.677401
v 1.082775 1.288040 1.678544
v 1.147764 1.392298 1.678477
v 1.214064 1.487920 1.678418
v -1.607947 1.673327 1.677456
v -1.612927 1.424891 1.677657
v -1.609859 1.155440 1.677878
v -0.900546 1.585732 1.677731
v -0.939256 1.166656 1.678062
v -0.958332 0.790767 1.678363
v 0.270764 0.421936 1.679018
v 0.486808 0.527699 1.678993
v 0.677901 0.631567 1.678964
v 1.487880 1.781101 1.678258
v 1.515001 1.806352 1.678245
v 1.539686 1.830016 1.678232
v 0.841582 1.416448 1.678370
v 0.721584 1.679574 1.678120
v 0.605110 1.985717 1.677837
v 1.125458 1.763963 1.678167
v 0.964996 1.957507 1.677963
v 0.778350 2.161579 1.677743
v 0.055193 0.968064 1.678510
v 0.171406 1.458754 1.678142
v 0.287229 1.933578 1.677788
v 1.556639 2.423589 1.677752
v 1.558810 2.233355 1.677909
v 1.560982 2.043121 1.678064
v 0.845959 2.311823 1.677640
v 1.071401 2.151371 1.677835
v 1.263342 1.982262 1.678029
v 1.554459 2.613847 1.706670
v 1.554462 2.613840 1.696979
v 1.554465 2.613832 1.687288
v 1.563150 1.852894 1.687912
v 1.563148 1.852902 1.697603
v 1.563145 1.852910 1.707294
v 1.019285 1.179265 1.706308
v 1.017421 1.179327 1.697996
v 1.019666 1.180001 1.689685
v 0.877637 0.752637 1.689993
v 0.876571 0.752723 1.698304
v 0.877481 0.751891 1.706616
v -1.617472 0.755363 1.705897
v -1.621669 0.755238 1.697584
v -1.616664 0.754746 1.689274
v -1.905775 1.122362 1.688891
v -1.908646 1.120609 1.697203
v -1.906039 1.123124 1.705513
v -1.924751 1.594043 1.688500
v -1.928532 1.596455 1.696809
v -1.924524 1.594813 1.705123
v -0.975461 0.424316 1.706352
v -0.977986 0.422231 1.698041
v -0.974074 0.423822 1.689729
v 1.459189 1.754865 1.689342
v 1.459986 1.755366 1.697653
v 1.458955 1.754676 1.705965
v 1.280432 1.577692 1.689435
v 1.281787 1.580989 1.697744
v 1.280015 1.577196 1.706058
v -0.098482 0.230113 1.706762
v -0.096254 0.227807 1.698453
v -0.096965 0.229918 1.690140
v 0.454050 2.539644 1.705035
v 0.457634 2.542540 1.696722
v 0.451895 2.539340 1.688411
v 0.626680 0.209844 1.706987
v 0.635459 0.208506 1.698679
v 0.627467 0.209915 1.690364
v -0.833254 2.276996 1.704880
v -0.842458 2.276878 1.696566
v -0.835142 2.276454 1.688256
v 0.814058 0.349742 1.706927
v 0.814681 0.345877 1.698618
v 0.814182 0.350219 1.690303
v -1.609539 1.962705 1.704913
v -1.615125 1.962859 1.696600
v -1.610435 1.962119 1.688290
v 0.122360 2.486276 1.519511
v -0.205869 2.422441 1.519469
v -0.524498 2.351361 1.519436
v 0.700999 0.229114 1.521521
v 0.758700 0.256491 1.521515
v 0.792542 0.298473 1.521490
v 0.564623 0.050744 1.771203
v -0.398263 0.051724 1.770925
v -1.361148 0.052704 1.770648
v 1.528872 1.388504 1.770387
v 1.528417 0.942257 1.770751
v 1.527963 0.496010 1.771116
v 1.498068 0.475703 1.771124
v 1.482505 0.719025 1.770921
v 1.467919 0.938003 1.770737
v 1.459214 0.300326 1.771256
v 1.427230 0.431050 1.771140
v 1.396760 0.552709 1.771032
v 1.378441 0.171732 1.771338
v 1.309279 0.230887 1.771269
v 1.242897 0.286800 1.771205
v 1.194120 0.100666 1.771343
v 1.042857 0.121308 1.771282
v 0.897687 0.141367 1.771224
v 1.552816 0.009505 1.731746
v 1.544380 0.022925 1.744990
v 1.535944 0.036344 1.758235
v 0.569289 2.767333 1.519410
v -0.425551 2.768345 1.519123
v -1.420392 2.769358 1.518837
v 1.556949 2.682862 1.519763
v 1.559342 2.710681 1.519741
v 1.561735 2.738501 1.519719
v -1.067611 2.199718 1.519403
v -1.279029 2.121978 1.519406
v -1.454715 2.042636 1.519421
v 0.111424 0.214271 1.521364
v 0.306637 0.204566 1.521428
v 0.475573 0.204415 1.521476
v 0.828982 0.439190 1.521386
v 0.844078 0.535479 1.521312
v 0.860309 0.641486 1.521230
v 1.421559 1.722010 1.520509
v 1.380232 1.683572 1.520528
v 1.332300 1.634093 1.520555
v 1.292192 2.634740 1.519726
v 1.023615 2.611020 1.519669
v 0.742609 2.580464 1.519613
v 1.082820 1.287911 1.520766
v 1.147809 1.392170 1.520700
v 1.214109 1.487791 1.520640
v -0.833241 2.276959 1.659820
v -0.842436 2.276814 1.617677
v -0.835110 2.276362 1.575538
v 0.452947 2.541716 1.593435
v 0.457652 2.543163 1.637851
v 0.453036 2.539598 1.677661
v 1.280052 1.577091 1.576717
v 1.281809 1.580925 1.618855
v 1.280441 1.577668 1.660998
v 0.626986 0.209852 1.644184
v 0.635487 0.208425 1.599772
v 0.627217 0.209750 1.559960
v 1.564086 2.766441 1.667104
v 1.564100 2.766401 1.617968
v 1.564114 2.766360 1.568832
v 0.814190 0.350196 1.661867
v 0.814704 0.345813 1.619730
v 0.814095 0.349637 1.577586
v 1.516973 0.662864 1.521401
v 1.496501 1.055904 1.521074
v 1.476987 1.409694 1.520780
v 1.331647 1.261030 1.520859
v 1.386780 0.945162 1.521133
v 1.446349 0.599784 1.521433
v 1.129727 0.949246 1.521056
v 1.238283 0.713788 1.521280
v 1.357066 0.456935 1.521524
v 1.013173 0.603736 1.521305
v 1.149678 0.454148 1.521466
v 1.298792 0.292327 1.521641
v 0.958452 0.289932 1.521545
v 1.105172 0.222066 1.521643
v 1.262479 0.150239 1.521747
v 0.790270 0.171123 1.521594
v 0.967957 0.129704 1.521679
v 1.153624 0.085645 1.521768
v -1.340429 2.683569 1.518930
v -0.701917 2.638494 1.519150
v -0.136539 2.594188 1.519349
v -1.124171 2.372499 1.519246
v -1.433427 2.470136 1.519078
v -1.766603 2.575646 1.518896
v -1.755436 2.118504 1.519272
v -1.911366 2.276067 1.519099
v -2.077166 2.443933 1.518914
v -2.054588 1.736459 1.519498
v -2.155730 1.948776 1.519296
v -2.252314 2.219818 1.519047
v -2.207713 0.450726 1.520504
v -2.099901 0.688136 1.520341
v -1.999681 0.908570 1.520190
v -1.762893 0.607372 1.520504
v -1.918370 0.458108 1.520582
v -2.083953 0.296770 1.520666
v -1.248750 0.345312 1.520866
v -1.531271 0.262107 1.520853
v -1.834502 0.172379 1.520839
v -0.501066 0.172065 1.521222
v -0.943979 0.125308 1.521133
v -1.468066 0.080029 1.521020
v 1.427348 1.726485 1.661855
v 1.384593 1.691048 1.661872
v 1.341839 1.655612 1.661888
v 1.493366 1.784659 1.661827
v 1.516630 1.807397 1.661815
v 1.539894 1.830135 1.661803
v 1.493403 1.784553 1.532082
v 1.516667 1.807291 1.532070
v 1.539931 1.830029 1.532058
v 1.563186 1.852794 1.564482
v 1.563176 1.852820 1.596919
v 1.563167 1.852847 1.629355
v 1.427385 1.726378 1.532110
v 1.384631 1.690942 1.532127
v 1.341877 1.655506 1.532144
v 1.299113 1.620096 1.564596
v 1.299104 1.620122 1.597033
v 1.299094 1.620149 1.629469
v 1.428273 2.635269 1.661113
v 1.385555 2.635312 1.661101
v 1.342837 2.635355 1.661089
v 1.494232 2.635201 1.661132
v 1.517472 2.635178 1.661139
v 1.540713 2.635154 1.661146
v 1.494269 2.635096 1.531388
v 1.517510 2.635072 1.531394
v 1.540751 2.635048 1.531401
v 1.563982 2.635051 1.563844
v 1.563973 2.635077 1.596280
v 1.563963 2.635104 1.628716
v 1.428310 2.635163 1.531368
v 1.385592 2.635206 1.531356
v 1.342874 2.635250 1.531344
v 1.300147 2.635319 1.563768
v 1.300137 2.635346 1.596204
v 1.300128 2.635372 1.628640
v 1.299381 1.873875 1.531953
v 1.299639 2.127681 1.531746
v 1.299898 2.381487 1.531539
v 1.470806 2.416793 1.531559
v 1.470584 2.198467 1.531737
v 1.470361 1.980141 1.531915
v 1.563357 2.048437 1.661631
v 1.563556 2.244002 1.661472
v 1.563755 2.439566 1.661312
v 1.470769 2.416899 1.661304
v 1.470546 2.198573 1.661482
v 1.470324 1.980247 1.661660
v 1.299860 2.381593 1.661283
v 1.299602 2.127787 1.661491
v 1.299343 1.873981 1.661698
v 1.563394 2.048331 1.531887
v 1.563593 2.243896 1.531727
v 1.563792 2.439460 1.531567
v 0.923077 0.653934 1.786907
v 0.952665 0.568579 1.798541
v 0.977325 0.495192 1.809564
v -1.841492 1.716721 1.822387
v -1.803017 1.801954 1.850347
v -1.750866 1.886258 1.873424
v 1.041826 1.054761 1.786869
v 1.070222 0.977629 1.797661
v 1.100362 0.903558 1.809028
v -1.823136 0.995299 1.822415
v -1.797733 0.925637 1.851112
v -1.758327 0.847113 1.875118
v -1.416067 0.646613 1.822803
v -1.310474 0.573471 1.851433
v -1.175966 0.491930 1.875305
v -0.368925 0.289589 1.826614
v -0.543154 0.311806 1.852781
v -0.719243 0.337921 1.875677
v -1.928512 1.459950 1.822639
v -1.958450 1.362095 1.851196
v -1.984122 1.266217 1.875634
v 0.467084 0.228385 1.823112
v 0.326773 0.218352 1.851888
v 0.181399 0.212316 1.875410
v -0.460878 2.339371 1.783446
v -0.245867 2.392023 1.785773
v -0.064313 2.438787 1.786664
v -1.380564 2.059142 1.813894
v -1.261741 2.119162 1.836059
v -1.123146 2.182678 1.851812
v 1.076347 0.612563 1.879673
v 1.110788 0.524676 1.851869
v 1.144096 0.441697 1.818682
v -1.980763 1.766462 1.873355
v -1.950363 1.856262 1.848580
v -1.897899 1.948227 1.816412
v 1.213571 1.015277 1.856822
v 1.252660 0.908946 1.837631
v 1.299475 0.805547 1.811525
v -1.985751 0.990798 1.874484
v -1.953490 0.887906 1.849540
v -1.905019 0.788239 1.817378
v -1.547752 0.602042 1.875198
v -1.426269 0.502806 1.850113
v -1.285313 0.407976 1.817880
v -0.730220 0.297502 1.876627
v -0.549400 0.245384 1.851247
v -0.355656 0.199774 1.819569
v -2.077810 1.266218 1.874233
v -2.117216 1.367635 1.849101
v -2.144598 1.474224 1.816749
v 0.489376 0.179673 1.878312
v 0.336146 0.164489 1.851862
v 0.162111 0.155377 1.819791
v -0.085194 2.474290 1.786611
v -0.291328 2.455988 1.785560
v -0.545396 2.425942 1.782547
v 0.916885 0.298525 1.881186
v 0.892607 0.248698 1.852400
v 0.848383 0.206804 1.818834
v -1.497081 2.112671 1.870545
v -1.350168 2.196827 1.845305
v -1.173770 2.277786 1.813633
v 0.538696 2.560151 1.769554
v 0.562825 2.554144 1.769093
v 0.525073 2.539490 1.767378
v 0.946546 0.617728 1.898045
v 0.937182 0.546432 1.908062
v 0.933393 0.471189 1.913050
v 1.005882 0.488883 1.841573
v 1.001484 0.552498 1.854423
v 0.988774 0.619805 1.866336
v 1.056108 1.023291 1.880537
v 1.037258 0.944407 1.895015
v 1.029587 0.856737 1.904166
v 1.131615 0.896337 1.836418
v 1.121840 0.963950 1.844096
v 1.106682 1.031876 1.850753
v 0.981388 2.675430 1.769179
v 0.719213 2.645532 1.769128
v 0.522354 2.611002 1.769100
v -2.227179 1.349967 1.769339
v -2.262629 1.052086 1.769572
v -2.287839 0.697907 1.769854
v 0.839788 0.312713 1.887997
v 0.802622 0.277358 1.896519
v 0.752338 0.245492 1.901754
v 1.214493 1.456627 1.807680
v 1.201398 1.386053 1.830675
v 1.188558 1.295416 1.850741
v 0.783050 0.302910 1.733257
v 0.755479 0.275998 1.745231
v 0.719560 0.259950 1.758533
v -1.711038 1.862507 1.731325
v -1.775691 1.786279 1.743740
v -1.825318 1.708289 1.758183
v 0.446421 2.750902 1.731031
v -0.391646 2.739116 1.742216
v -1.226459 2.727327 1.753403
v 0.849021 0.636635 1.732874
v 0.831838 0.553775 1.743989
v 0.821882 0.480783 1.754465
v -1.704985 0.856959 1.732187
v -1.760470 0.930397 1.744751
v -1.801466 0.997031 1.759773
v 1.324278 1.638484 1.732279
v 1.352394 1.670742 1.743924
v 1.372582 1.680279 1.756079
v 0.777305 2.573604 1.731301
v 1.011448 2.596946 1.742613
v 1.230902 2.615291 1.753816
v 1.548428 2.648298 1.731431
v 1.543334 2.669622 1.742829
v 1.537991 2.688748 1.754228
v 0.958473 1.063821 1.732990
v 0.921510 0.977068 1.744193
v 0.898719 0.890540 1.755618
v -1.167866 0.519427 1.732617
v -1.299430 0.590049 1.745162
v -1.407387 0.654840 1.760166
v 1.077558 1.301736 1.732899
v 1.123211 1.386162 1.744475
v 1.168001 1.454048 1.757326
v -2.390543 0.782198 1.731823
v -2.369706 1.367373 1.742768
v -2.348873 1.949688 1.753715
v -0.343775 0.282335 1.733340
v -0.524203 0.324178 1.745000
v -0.692016 0.368364 1.757928
v -0.484385 2.349019 1.731443
v -0.215234 2.401690 1.742041
v 0.052005 2.450171 1.751738
v -1.912939 1.254751 1.731763
v -1.912216 1.355646 1.744052
v -1.903376 1.456351 1.758366
v 0.137078 0.224750 1.733551
v 0.304725 0.224917 1.745526
v 0.457107 0.231076 1.759300
v -1.086249 2.181838 1.731635
v -1.250989 2.114543 1.743801
v -1.377755 2.055010 1.758173
v 1.400276 1.548865 1.781889
v 1.410794 1.436531 1.783525
v 1.424028 1.314128 1.781538
v 1.480599 1.780065 1.732167
v 1.496198 1.797888 1.743527
v 1.510297 1.814239 1.754934
v 0.907593 0.874572 1.578549
v 0.934397 0.966595 1.619257
v 0.968151 1.058270 1.659968
v -1.461908 0.655410 1.576682
v -1.332238 0.581806 1.618920
v -1.184710 0.511981 1.661160
v 1.562644 1.324122 1.576835
v 1.562225 0.924421 1.619472
v 1.561806 0.524721 1.662109
v -1.942809 1.460671 1.575886
v -1.946082 1.358020 1.618110
v -1.934204 1.255616 1.660338
v -0.732298 0.354622 1.577137
v -0.544352 0.308170 1.619370
v -0.352411 0.270959 1.661596
v 1.492166 1.784846 1.578030
v 1.515379 1.806539 1.619193
v 1.536505 1.826874 1.661096
v 0.428280 -0.002876 1.577592
v -0.428400 -0.001970 1.619657
v -1.285080 -0.001063 1.661721
v -1.731515 1.865828 1.575616
v -1.809276 1.789855 1.617797
v -1.866405 1.708232 1.659987
v -1.848912 1.010547 1.576281
v -1.795581 0.929765 1.618503
v -1.725486 0.853440 1.660726
v -2.417265 0.788814 1.576128
v -2.416670 1.385253 1.617952
v -2.416075 1.981692 1.659777
v -1.853233 1.292870 1.716461
v -1.798419 1.465781 1.716336
v -1.725251 1.660476 1.716198
v -1.445011 1.135424 1.716707
v -1.294479 1.447214 1.716495
v -1.113821 1.771487 1.716282
v 0.735989 1.062745 1.717393
v 0.505558 0.889792 1.717468
v 0.266664 0.674335 1.717575
v 0.655713 0.320141 1.717976
v 0.703449 0.432046 1.717898
v 0.759293 0.557889 1.717812
v -0.609070 1.717733 1.716471
v -0.447388 1.291548 1.716866
v -0.284701 0.854653 1.717270
v 1.410708 2.006700 1.716816
v 1.416228 2.192400 1.716666
v 1.445691 2.375942 1.716524
v -1.725240 1.660444 1.677433
v -1.798408 1.465750 1.677571
v -1.853222 1.292838 1.677696
v -1.113810 1.771455 1.677518
v -1.294468 1.447182 1.677731
v -1.445000 1.135393 1.677942
v 0.736000 1.062713 1.678628
v 0.505569 0.889760 1.678703
v 0.266674 0.674304 1.678810
v 0.655724 0.320110 1.679211
v 0.703460 0.432015 1.679134
v 0.759304 0.557857 1.679047
v -0.284690 0.854621 1.678505
v -0.447377 1.291517 1.678101
v -0.609059 1.717701 1.677707
v 1.410719 2.006668 1.678051
v 1.416239 2.192368 1.677901
v 1.445702 2.375910 1.677760
v 1.556933 2.397191 1.705502
v 1.558805 2.233371 1.697291
v 1.560677 2.069551 1.689080
v 0.968137 1.058307 1.706392
v 0.934375 0.966659 1.698146
v 0.907561 0.874662 1.689902
v -1.725499 0.853476 1.705786
v -1.795603 0.929829 1.697392
v -1.848944 1.010638 1.688999
v -1.934216 1.255653 1.705397
v -1.946104 1.358085 1.696999
v -1.942842 1.460763 1.688604
v -1.184723 0.512018 1.706220
v -1.332260 0.581870 1.697809
v -1.461941 0.655501 1.689400
v 1.536492 1.826910 1.705962
v 1.515357 1.806603 1.697627
v 1.492134 1.784937 1.689327
v 1.416672 1.718083 1.705982
v 1.381159 1.685352 1.697687
v 1.339990 1.643165 1.689398
v -0.352424 0.270996 1.706656
v -0.544374 0.308234 1.698259
v -0.732330 0.354714 1.689855
v 0.784073 2.572101 1.705103
v 1.025384 2.590834 1.696846
v 1.256048 2.602605 1.688557
v 0.456949 0.203263 1.706944
v 0.310479 0.203296 1.698590
v 0.141503 0.211510 1.690223
v -0.483496 2.362063 1.704910
v -0.207342 2.422989 1.696629
v 0.077032 2.476603 1.688355
v 1.205142 1.476484 1.706119
v 1.147564 1.393594 1.697858
v 1.091109 1.303306 1.689605
v 0.790315 0.290226 1.706969
v 0.762183 0.254471 1.698678
v 0.713616 0.231227 1.690372
v -1.435320 2.054088 1.704889
v -1.284373 2.122360 1.696565
v -1.102823 2.189260 1.688251
v 0.857620 0.626072 1.706713
v 0.843858 0.534185 1.698473
v 0.831069 0.450620 1.690226
v -1.866418 1.708269 1.705047
v -1.809298 1.789919 1.696685
v -1.731547 1.865919 1.688334
v 0.443633 0.012496 1.733266
v -0.394410 0.024898 1.744432
v -1.229198 0.037296 1.755599
v 1.552990 1.333117 1.732506
v 1.545318 0.944023 1.744239
v 1.537648 0.556759 1.755969
v 0.077067 2.478582 1.577057
v -0.207319 2.423500 1.618194
v -0.483484 2.362098 1.659908
v 1.416708 1.717979 1.578063
v 1.381181 1.685288 1.619253
v 1.339998 1.643142 1.661019
v 0.141535 0.211419 1.577448
v 0.310502 0.203231 1.619246
v 0.456962 0.203225 1.660462
v -1.102791 2.189168 1.575533
v -1.284350 2.122296 1.617676
v -1.435307 2.054052 1.659829
v -1.282235 2.769263 1.574837
v -0.425580 2.768425 1.617395
v 0.431076 2.767588 1.659953
v 0.784116 2.577750 1.577179
v 1.025411 2.595556 1.618408
v 1.256060 2.606339 1.660379
v 0.790353 0.290120 1.577570
v 0.762206 0.254407 1.619334
v 0.713625 0.231203 1.660513
v 1.557261 2.683087 1.575723
v 1.559309 2.706550 1.618016
v 1.561359 2.731067 1.660308
v 1.205179 1.476379 1.576721
v 1.147587 1.393529 1.618515
v 1.091118 1.303282 1.659746
v 0.857657 0.625968 1.578794
v 0.843881 0.534121 1.620039
v 0.831078 0.450597 1.661846
v 0.133343 0.114408 1.771027
v 0.430926 0.093022 1.771129
v 0.801121 0.075433 1.771250
v 0.543644 2.624743 1.519519
v 0.738196 2.675931 1.519533
v 1.002340 2.719092 1.519574
v -2.281358 0.670895 1.520303
v -2.184238 1.033321 1.520035
v -2.076962 1.333769 1.519821
v 0.117576 0.154398 1.521414
v 0.419415 0.102761 1.521543
v 0.799557 0.057337 1.521690
v 1.348541 2.373946 1.531559
v 1.385133 2.184099 1.531724
v 1.421728 1.997866 1.531887
v 1.497224 2.404358 1.661322
v 1.517065 2.234776 1.661466
v 1.536907 2.067512 1.661608
v 1.348504 2.374053 1.661304
v 1.385095 2.184205 1.661469
v 1.421691 1.997972 1.661632
v 1.563738 2.412374 1.624393
v 1.563575 2.243949 1.596599
v 1.563411 2.075523 1.568806
v 1.299851 2.346267 1.568509
v 1.299621 2.127734 1.596618
v 1.299390 1.909202 1.624728
v 1.497262 2.404252 1.531577
v 1.517102 2.234670 1.531721
v 1.536945 2.067406 1.531863
v 1.142992 1.306700 1.786157
v 1.167024 1.385436 1.782249
v 1.128741 1.328198 1.779626
v 1.095897 1.253214 1.780907
v 1.129825 1.252101 1.789220
v 1.160934 1.256959 1.796733
v 1.167987 1.328176 1.790290
v 0.894381 0.497816 1.788647
v 0.935042 0.459894 1.801046
v 0.917808 0.527621 1.793034
v 0.890766 0.594422 1.782789
v 0.871062 0.526415 1.780934
v 0.860752 0.457081 1.780654
v 0.895752 0.446329 1.791276
v -1.727357 1.857563 1.825650
v -1.708557 1.904398 1.856465
v -1.761349 1.832842 1.835950
v -1.790130 1.772185 1.810022
v -1.730625 1.835693 1.805989
v -1.656874 1.903319 1.809049
v -1.679150 1.907997 1.834947
v 1.002882 0.910465 1.789278
v 1.056267 0.867726 1.802205
v 1.032384 0.939371 1.793095
v 1.003068 1.002466 1.783097
v 0.973421 0.938661 1.781513
v 0.957889 0.861893 1.782742
v 1.006845 0.853440 1.793255
v -1.872877 0.987252 1.875141
v -1.817839 0.896077 1.885379
v -1.840247 0.959561 1.865441
v -1.863623 1.027983 1.843001
v -1.897536 1.042713 1.865547
v -1.923582 1.036635 1.885814
v -1.875502 0.959536 1.889426
v 1.178408 1.299256 1.815976
v 1.150562 1.238813 1.831475
v 1.172204 1.318652 1.818372
v 1.191420 1.380693 1.803623
v 1.188743 1.324086 1.807285
v 1.182067 1.252735 1.813644
v 1.169550 1.243212 1.822782
v -1.446864 0.628295 1.875557
v -1.289348 0.536133 1.886301
v -1.387546 0.604181 1.866002
v -1.485725 0.674487 1.843392
v -1.527419 0.682362 1.865757
v -1.536341 0.666582 1.885648
v -1.414705 0.595508 1.889856
v -0.686225 0.353857 1.825687
v -0.790122 0.365043 1.855702
v -0.628157 0.335722 1.837549
v -0.485419 0.315799 1.813728
v -0.619283 0.346375 1.806964
v -0.769923 0.383127 1.805982
v -0.805432 0.380768 1.831795
v -1.984071 1.457738 1.876888
v -2.000890 1.346043 1.885768
v -1.973952 1.415462 1.866326
v -1.946907 1.503722 1.846481
v -1.969427 1.525461 1.870427
v -1.994901 1.532537 1.888411
v -2.005165 1.436945 1.890043
v 0.178898 0.228656 1.828288
v 0.110813 0.221446 1.859126
v 0.245881 0.223815 1.837913
v 0.349233 0.230453 1.811536
v 0.209825 0.233500 1.808759
v 0.054728 0.239908 1.814196
v 0.069655 0.230839 1.838703
v -0.017441 2.433333 1.772445
v 0.063341 2.458294 1.777276
v -0.113933 2.415496 1.776552
v -0.290724 2.373625 1.773862
v -0.092196 2.414909 1.769605
v 0.124863 2.460552 1.768156
v 0.131632 2.466424 1.772126
v -1.116690 2.163949 1.812843
v -1.047632 2.199509 1.835382
v -1.181757 2.143631 1.822298
v -1.273695 2.099267 1.802401
v -1.145372 2.147368 1.797611
v -0.985763 2.202870 1.797750
v -1.003981 2.205521 1.817616
v 1.042817 0.471460 1.878164
v 1.091421 0.422712 1.841864
v 1.070480 0.494843 1.867269
v 1.039390 0.563654 1.891293
v 1.015351 0.502541 1.895790
v 0.999771 0.434770 1.892049
v 1.043435 0.419703 1.867527
v -1.867647 1.909692 1.873670
v -1.850008 1.968806 1.839346
v -1.903900 1.888170 1.863536
v -1.928908 1.815565 1.883972
v -1.870243 1.873731 1.888124
v -1.796348 1.943163 1.883956
v -1.817758 1.966274 1.863556
v 1.172587 0.848614 1.866592
v 1.240456 0.784144 1.834381
v 1.207456 0.874190 1.854116
v 1.169549 0.957685 1.872114
v 1.136914 0.887674 1.881820
v 1.119151 0.807260 1.883362
v 1.177974 0.785190 1.859787
v -2.030906 0.941096 1.822262
v -1.966980 0.836280 1.805077
v -1.997813 0.917339 1.834259
v -2.028436 1.008302 1.854393
v -2.060117 1.005808 1.829570
v -2.079077 0.987780 1.800900
v -2.028515 0.903753 1.800190
v -1.573182 0.551686 1.824942
v -1.404661 0.449893 1.805794
v -1.509893 0.530238 1.835766
v -1.618540 0.618750 1.858418
v -1.660020 0.614429 1.835654
v -1.669896 0.590182 1.805602
v -1.539352 0.511526 1.801843
v -0.733155 0.252668 1.825533
v -0.499071 0.207994 1.806381
v -0.653993 0.249689 1.836496
v -0.823042 0.298010 1.859520
v -0.866229 0.285316 1.836357
v -0.862898 0.263818 1.806127
v -0.673439 0.227682 1.802340
v -2.089725 1.466698 1.874140
v -2.121407 1.518181 1.839673
v -2.102614 1.423958 1.864212
v -2.070174 1.349882 1.885279
v -2.065938 1.442176 1.888754
v -2.060351 1.540030 1.884201
v -2.093739 1.538161 1.863794
v 0.205414 0.175359 1.878300
v 0.102095 0.166037 1.845840
v 0.259348 0.170220 1.867435
v 0.385994 0.181355 1.888075
v 0.264035 0.182843 1.891908
v 0.120354 0.187415 1.890056
v 0.089906 0.176777 1.871407
v -0.052514 2.499103 1.772987
v -0.362107 2.460135 1.773591
v -0.155983 2.482027 1.776445
v 0.040981 2.500554 1.777305
v 0.110127 2.516347 1.772770
v 0.111488 2.521581 1.770439
v -0.133900 2.492928 1.771051
v 0.822942 0.228042 1.878192
v 0.805002 0.201470 1.841937
v 0.851635 0.236426 1.867604
v 0.872519 0.273976 1.892114
v 0.826821 0.245990 1.895710
v 0.767529 0.218084 1.890813
v 0.780764 0.205204 1.867222
v -1.198889 2.226803 1.862908
v -1.099698 2.283236 1.832396
v -1.262805 2.214541 1.856484
v -1.382982 2.147163 1.876775
v -1.249845 2.191678 1.875571
v -1.091459 2.242840 1.866278
v -1.074340 2.271455 1.851200
v 0.428776 2.539620 1.771114
v 0.440947 2.531156 1.769238
v 0.478124 2.545638 1.770031
v 0.443590 2.549606 1.770401
v 0.386350 2.539354 1.771877
v 0.320218 2.523048 1.774056
v 0.388334 2.527538 1.771527
v 0.917734 0.480133 1.900697
v 0.918499 0.444339 1.909738
v 0.926104 0.508959 1.903912
v 0.934006 0.560316 1.894413
v 0.919990 0.497105 1.893129
v 0.904141 0.432224 1.893778
v 0.908297 0.432432 1.903743
v 0.956574 0.481121 1.863312
v 0.962135 0.560550 1.870650
v 0.974840 0.511540 1.859593
v 0.976426 0.453136 1.848799
v 0.950355 0.435417 1.857937
v 0.926516 0.432839 1.868809
v 0.942877 0.496982 1.871635
v 1.005485 0.874848 1.892738
v 1.006749 0.829113 1.903185
v 1.018553 0.905696 1.893885
v 1.034204 0.963827 1.881432
v 1.011403 0.894743 1.884459
v 0.989600 0.815852 1.889408
v 0.992085 0.817472 1.898515
v 1.070476 0.885897 1.856595
v 1.075982 0.970402 1.858356
v 1.093586 0.920624 1.851062
v 1.101904 0.855500 1.845157
v 1.067709 0.831641 1.855078
v 1.031871 0.821793 1.865806
v 1.049908 0.900391 1.863553
v 0.846002 0.320246 1.789841
v 0.833793 0.344223 1.780897
v 0.813407 0.311292 1.782066
v 0.794509 0.290862 1.786279
v 0.852637 0.313412 1.795745
v 0.901646 0.347650 1.802601
v 0.869567 0.345206 1.791799
v -0.884420 2.552025 1.768743
v -1.328936 2.598953 1.768577
v -1.161474 2.540878 1.768673
v -0.896035 2.487149 1.768793
v -0.614711 2.522424 1.768845
v -0.376357 2.557495 1.768885
v -0.840611 2.585835 1.768728
v -1.686792 2.384191 1.768650
v -1.866429 2.480604 1.768520
v -1.837504 2.369954 1.768618
v -1.743582 2.264580 1.768731
v -1.572458 2.323829 1.768732
v -1.392144 2.386002 1.768733
v -1.618098 2.446109 1.768619
v -2.120175 2.105372 1.768753
v -2.170596 2.273374 1.768602
v -2.175683 2.075190 1.768762
v -2.150230 1.901521 1.768911
v -2.085195 2.001770 1.768848
v -2.004282 2.101963 1.768789
v -2.082013 2.212897 1.768676
v -0.111955 2.661884 1.768876
v 0.082666 2.624845 1.768962
v 0.289750 2.653726 1.768998
v 0.431194 2.681151 1.769016
v -0.233360 2.682866 1.768824
v -0.860991 2.676390 1.768648
v -0.397546 2.647541 1.768805
v -2.111643 0.611914 1.769975
v -2.132232 0.791470 1.769822
v -2.161915 0.619626 1.769954
v -2.166337 0.442274 1.770098
v -2.082013 0.516732 1.770061
v -2.005507 0.627933 1.769992
v -2.074959 0.716169 1.769900
v -1.741984 0.336358 1.770306
v -1.781080 0.459689 1.770194
v -1.872977 0.360604 1.770249
v -1.910320 0.252996 1.770326
v -1.691255 0.271142 1.770374
v -1.489341 0.315016 1.770396
v -1.635857 0.388357 1.770294
v -1.111142 0.153593 1.770637
v -1.474866 0.127468 1.770554
v -1.074203 0.130005 1.770667
v -0.702010 0.145895 1.770761
v -0.889902 0.171281 1.770686
v -1.105264 0.203194 1.770598
v -1.333106 0.167386 1.770562
v -2.282524 1.465398 1.769229
v -2.299786 0.997898 1.769606
v -2.274939 1.254741 1.769403
v -2.244208 1.521708 1.769194
v -2.266004 1.709581 1.769034
v -2.291398 1.872698 1.768894
v -2.300960 1.430048 1.769253
v 0.763886 0.261890 1.865138
v 0.730272 0.241725 1.884868
v 0.780998 0.267653 1.879995
v 0.815221 0.294183 1.870270
v 0.780679 0.274774 1.852432
v 0.728172 0.255088 1.837984
v 0.722709 0.245427 1.862800
v 1.153433 1.300071 1.843988
v 1.155252 1.255345 1.857580
v 1.172232 1.335940 1.838791
v 1.184106 1.390916 1.820262
v 1.156284 1.318681 1.834696
v 1.127414 1.234886 1.850738
v 1.134654 1.238457 1.857379
v 0.735023 0.247951 1.735295
v 0.705453 0.246092 1.748915
v 0.745833 0.259953 1.739731
v 0.771755 0.277018 1.729329
v 0.746961 0.251151 1.727760
v 0.700169 0.231801 1.728073
v 0.700374 0.236595 1.738255
v -1.711210 1.846915 1.753757
v -1.779191 1.765469 1.763188
v -1.740530 1.819785 1.749233
v -1.679384 1.885476 1.738986
v -1.660539 1.895255 1.749217
v -1.647824 1.896872 1.763138
v -1.721579 1.829679 1.764593
v -1.059290 2.749580 1.733177
v -1.516832 2.735708 1.746008
v -0.768562 2.745054 1.737085
v -0.100280 2.755671 1.727064
v -0.785265 2.757762 1.725607
v -1.562162 2.757363 1.726459
v -1.625078 2.745926 1.736838
v 0.825844 0.475192 1.735437
v 0.817179 0.443061 1.747538
v 0.828663 0.508644 1.739101
v 0.842965 0.573335 1.729083
v 0.833328 0.499983 1.727894
v 0.821246 0.426245 1.729197
v 0.816566 0.423847 1.739166
v -1.818028 0.989706 1.734840
v -1.828840 1.028859 1.749950
v -1.793538 0.963265 1.739145
v -1.755244 0.903203 1.728215
v -1.808063 0.964319 1.726848
v -1.852681 1.038082 1.728077
v -1.845945 1.042675 1.739065
v 1.313279 1.639990 1.753857
v 1.343619 1.658056 1.761256
v 1.330710 1.654718 1.749365
v 1.304467 1.625668 1.739886
v 1.290678 1.616128 1.749700
v 1.279269 1.599930 1.762357
v 1.312885 1.633779 1.763473
v 1.196013 2.608116 1.733941
v 1.316925 2.619490 1.746884
v 1.116694 2.604396 1.737726
v 0.932368 2.587375 1.727496
v 1.121825 2.600430 1.726283
v 1.329896 2.611290 1.727409
v 1.346614 2.617181 1.737797
v 1.549717 2.697246 1.733969
v 1.542721 2.702295 1.746914
v 1.546796 2.683878 1.737800
v 1.551559 2.668043 1.727610
v 1.553838 2.694126 1.726331
v 1.554980 2.722348 1.727383
v 1.548598 2.714432 1.737776
v 0.901812 0.904450 1.735259
v 0.887185 0.858340 1.748124
v 0.910317 0.936194 1.739084
v 0.939563 1.004793 1.728828
v 0.915417 0.931458 1.727589
v 0.891288 0.848675 1.728909
v 0.884046 0.845044 1.739135
v -1.419844 0.645760 1.735236
v -1.467957 0.684689 1.750334
v -1.368450 0.621547 1.739546
v -1.267647 0.562318 1.728634
v -1.382611 0.618995 1.727252
v -1.496398 0.686568 1.728467
v -1.498050 0.695542 1.739448
v 1.071193 1.314250 1.753624
v 1.128649 1.397849 1.760299
v 1.092539 1.345686 1.749604
v 1.050324 1.270718 1.741366
v 1.038041 1.257093 1.750967
v 1.043625 1.254894 1.761099
v 1.086569 1.332159 1.761100
v -2.354488 0.923408 1.751974
v -2.342502 1.580293 1.757824
v -2.361069 1.113475 1.747996
v -2.377787 0.591693 1.739287
v -2.361657 0.535781 1.748467
v -2.343174 0.599474 1.758809
v -2.340738 1.121880 1.759457
v -0.681758 0.351755 1.735416
v -0.766893 0.382224 1.749139
v -0.613411 0.339192 1.739479
v -0.469484 0.302209 1.729041
v -0.623608 0.333432 1.727661
v -0.792324 0.377382 1.728854
v -0.801881 0.385430 1.739372
v 0.015073 2.456150 1.733532
v 0.160449 2.476062 1.745293
v -0.084398 2.433074 1.737162
v -0.305265 2.392843 1.727284
v -0.079077 2.441895 1.726037
v 0.179569 2.489923 1.727311
v 0.203937 2.489650 1.737181
v -1.928306 1.439523 1.733635
v -1.911241 1.495843 1.747685
v -1.922058 1.403901 1.738216
v -1.927629 1.321542 1.727723
v -1.935721 1.404612 1.726060
v -1.930519 1.497915 1.726303
v -1.921039 1.508349 1.736617
v 0.165052 0.234146 1.756679
v 0.340948 0.233177 1.764763
v 0.227361 0.229970 1.751403
v 0.078562 0.232611 1.742315
v 0.052572 0.239002 1.753755
v 0.047873 0.244283 1.768865
v 0.202655 0.236438 1.767495
v -1.115199 2.161571 1.753806
v -1.273814 2.097111 1.762287
v -1.176356 2.140912 1.749278
v -1.026247 2.198687 1.740218
v -0.998180 2.203314 1.750501
v -0.985876 2.201100 1.762664
v -1.146315 2.145728 1.763424
v 1.334558 1.334903 1.812301
v 1.375862 1.266902 1.798597
v 1.369647 1.376319 1.798470
v 1.356281 1.466441 1.798797
v 1.312584 1.375023 1.818112
v 1.276608 1.268622 1.834369
v 1.323788 1.252994 1.818116
v 0.873723 0.318260 1.828723
v 0.809204 0.288626 1.813011
v 0.842757 0.305875 1.831360
v 0.876514 0.333253 1.847972
v 0.904342 0.341943 1.838045
v 0.921251 0.347252 1.826653
v 0.868932 0.313042 1.817749
v 1.468870 1.777684 1.752429
v 1.491543 1.800153 1.758761
v 1.481322 1.787483 1.748558
v 1.466060 1.770773 1.739626
v 1.454193 1.762139 1.748668
v 1.444029 1.750149 1.759127
v 1.469179 1.779425 1.760130
v 0.911634 0.896330 1.654795
v 0.946430 0.999988 1.675838
v 0.921360 0.926809 1.639295
v 0.898323 0.844517 1.609925
v 0.894918 0.834724 1.644907
v 0.897971 0.843076 1.680786
v 0.921498 0.926837 1.681776
v -1.441916 0.639209 1.651599
v -1.281065 0.557208 1.675370
v -1.395297 0.614506 1.637472
v -1.508828 0.680801 1.604230
v -1.525748 0.689225 1.637373
v -1.510634 0.682085 1.675202
v -1.394923 0.614622 1.679953
v 1.562531 1.233920 1.651976
v 1.562062 0.780477 1.676004
v 1.562399 1.100127 1.637925
v 1.562772 1.457389 1.603796
v 1.562807 1.501473 1.637597
v 1.562758 1.463895 1.676129
v 1.562386 1.100161 1.680407
v -1.951412 1.441622 1.650797
v -1.943467 1.322827 1.674554
v -1.949779 1.405977 1.636666
v -1.944844 1.497765 1.603437
v -1.946709 1.510583 1.636581
v -1.944552 1.499435 1.674410
v -1.949464 1.406017 1.679148
v -0.696355 0.340482 1.652057
v -0.477430 0.294225 1.675815
v -0.631352 0.326234 1.637926
v -0.798814 0.368986 1.604688
v -0.821706 0.373174 1.637834
v -0.801747 0.369940 1.675660
v -0.631278 0.326469 1.680408
v 1.499228 1.790997 1.654233
v 1.523509 1.814244 1.675460
v 1.506393 1.797835 1.638808
v 1.485366 1.778271 1.609338
v 1.483374 1.776289 1.644307
v 1.484927 1.777951 1.680191
v 1.506336 1.797841 1.681233
v 0.234817 -0.002618 1.652605
v -0.737001 -0.001610 1.675982
v -0.051886 -0.002338 1.638362
v 0.713828 -0.003145 1.604744
v 0.808236 -0.003213 1.638609
v 0.727624 -0.003100 1.677087
v -0.051898 -0.002303 1.680843
v -1.759445 1.849629 1.650519
v -1.831984 1.760291 1.674229
v -1.781861 1.823796 1.636373
v -1.709619 1.890955 1.603184
v -1.703956 1.899459 1.636334
v -1.708035 1.892165 1.674157
v -1.781427 1.823709 1.678855
v -1.842410 0.988061 1.651199
v -1.770904 0.901020 1.674948
v -1.822529 0.962423 1.637065
v -1.867971 1.035222 1.603837
v -1.875176 1.042791 1.636984
v -1.868600 1.036683 1.674809
v -1.822178 0.962554 1.679547
v -2.417149 0.923547 1.651086
v -2.416467 1.600132 1.674192
v -2.416942 1.123139 1.636763
v -2.417475 0.590034 1.603360
v -2.417552 0.524329 1.637252
v -2.417506 0.580474 1.675707
v -2.416954 1.123173 1.679245
v -1.749526 1.274177 1.716506
v -1.703022 1.522575 1.716316
v -1.770817 1.367668 1.716424
v -1.817571 1.200653 1.716546
v -1.770028 1.125609 1.716621
v -1.702450 1.101071 1.716660
v -1.697679 1.329590 1.716475
v -1.197911 1.113457 1.716796
v -1.081982 1.492598 1.716519
v -1.238240 1.270334 1.716656
v -1.364381 0.987162 1.716851
v -1.256873 0.885509 1.716965
v -1.119267 0.836164 1.717045
v -1.089244 1.165666 1.716784
v 0.470131 1.328040 1.717100
v 0.272982 0.987682 1.717321
v 0.479009 1.108592 1.717281
v 0.671259 1.269516 1.717205
v 0.582938 1.508379 1.716985
v 0.458858 1.734488 1.716764
v 0.345466 1.372882 1.717027
v 0.789527 0.413234 1.717938
v 0.807560 0.529967 1.717848
v 0.765089 0.427808 1.717919
v 0.731571 0.328881 1.717991
v 0.777313 0.345500 1.717990
v 0.806980 0.385464 1.717966
v 0.815176 0.465918 1.717903
v -0.661581 0.946035 1.717086
v -0.447157 0.703720 1.717346
v -0.577312 1.089021 1.716994
v -0.728480 1.404613 1.716693
v -0.784069 1.069371 1.716951
v -0.785457 0.722209 1.717234
v -0.612757 0.671575 1.717324
v 0.937625 1.743756 1.716895
v 0.778527 1.982999 1.716653
v 0.847960 1.748152 1.716865
v 0.954168 1.517288 1.717084
v 1.029012 1.594882 1.717042
v 1.078785 1.685262 1.716983
v 0.937381 1.859030 1.716800
v 1.110870 1.964031 1.716764
v 0.909243 2.153847 1.716551
v 1.035465 1.982970 1.716727
v 1.179811 1.810734 1.716909
v 1.227268 1.844702 1.716895
v 1.249151 1.898638 1.716857
v 1.078833 2.048764 1.716686
v 1.515597 2.076723 1.716789
v 1.513901 2.274320 1.716627
v 1.487654 2.125861 1.716740
v 1.481177 1.962065 1.716872
v 1.516074 1.959868 1.716884
v 1.540250 1.993285 1.716864
v 1.535105 2.144519 1.716739
v -1.749515 1.274145 1.677741
v -1.817560 1.200621 1.677782
v -1.770806 1.367636 1.677659
v -1.703011 1.522543 1.677552
v -1.697668 1.329559 1.677711
v -1.702438 1.101039 1.677896
v -1.770017 1.125578 1.677857
v -1.197900 1.113426 1.678031
v -1.364370 0.987130 1.678086
v -1.238229 1.270302 1.677891
v -1.081971 1.492566 1.677755
v -1.089232 1.165635 1.678020
v -1.119256 0.836132 1.678280
v -1.256862 0.885477 1.678200
v 0.613557 0.746088 1.678852
v 0.383001 0.596577 1.678907
v 0.558296 0.776565 1.678811
v 0.757583 0.931703 1.678741
v 0.751812 0.839363 1.678815
v 0.718317 0.739540 1.678887
v 0.542818 0.642623 1.678915
v 0.501853 0.385657 1.679114
v 0.638756 0.517717 1.679045
v 0.601289 0.412198 1.679121
v 0.544191 0.308909 1.679188
v 0.417998 0.307251 1.679154
v 0.308570 0.336577 1.679098
v 0.482224 0.439488 1.679064
v -0.661570 0.946004 1.678322
v -0.728469 1.404582 1.677928
v -0.577301 1.088989 1.678229
v -0.447146 0.703689 1.678581
v -0.612746 0.671543 1.678560
v -0.785446 0.722178 1.678469
v -0.784058 1.069339 1.678186
v 0.937636 1.743724 1.678130
v 0.778538 1.982968 1.677889
v 0.937392 1.858998 1.678036
v 1.078796 1.685231 1.678218
v 1.029023 1.594851 1.678278
v 0.954179 1.517256 1.678319
v 0.847971 1.748121 1.678100
v 1.110881 1.964000 1.678000
v 0.909254 2.153815 1.677787
v 1.078844 2.048733 1.677921
v 1.249162 1.898606 1.678093
v 1.227278 1.844670 1.678131
v 1.179823 1.810702 1.678144
v 1.035476 1.982939 1.677963
v 1.174361 2.315008 1.677731
v 1.293912 2.425300 1.677676
v 1.294175 2.261753 1.677809
v 1.278473 2.113480 1.677926
v 1.115722 2.246439 1.677770
v 0.940839 2.398703 1.677596
v 1.109762 2.434107 1.677615
v 1.560251 2.106553 1.703856
v 1.561299 2.014951 1.694464
v 1.559626 2.161375 1.701018
v 1.558128 2.292387 1.708369
v 1.559623 2.161382 1.709396
v 1.561325 2.012321 1.708734
v 1.561503 1.996902 1.701152
v 0.911620 0.896370 1.704657
v 0.898299 0.844586 1.695364
v 0.921342 0.926860 1.701842
v 0.946421 1.000015 1.709249
v 0.921490 0.926860 1.710221
v 0.897963 0.843100 1.709363
v 0.894902 0.834771 1.701910
v -1.842425 0.988104 1.703791
v -1.867997 1.035296 1.694413
v -1.822547 0.962475 1.701025
v -1.770913 0.901047 1.708549
v -1.822187 0.962579 1.709404
v -1.868610 1.036710 1.708410
v -1.875194 1.042843 1.700944
v -1.951428 1.441665 1.703390
v -1.944870 1.497839 1.694013
v -1.949797 1.406029 1.700626
v -1.943477 1.322855 1.708155
v -1.949472 1.406041 1.709005
v -1.944562 1.499463 1.708010
v -1.946727 1.510635 1.700541
v -1.441931 0.639251 1.704191
v -1.508854 0.680874 1.694806
v -1.395315 0.614558 1.701432
v -1.281074 0.557235 1.708970
v -1.394931 0.614646 1.709810
v -1.510644 0.682112 1.708802
v -1.525766 0.689277 1.701333
v 1.499214 1.791038 1.704095
v 1.485342 1.778341 1.694770
v 1.506376 1.797886 1.701299
v 1.523500 1.814271 1.708750
v 1.506328 1.797864 1.709678
v 1.484919 1.777974 1.708768
v 1.483358 1.776335 1.701310
v 1.352431 1.659841 1.704161
v 1.327578 1.632596 1.694843
v 1.365127 1.671558 1.701362
v 1.394654 1.699081 1.708807
v 1.365002 1.671360 1.709741
v 1.326811 1.631739 1.708842
v 1.323944 1.630139 1.701384
v -0.696370 0.340525 1.704649
v -0.798840 0.369059 1.695264
v -0.631371 0.326286 1.701887
v -0.477439 0.294253 1.709416
v -0.631287 0.326493 1.710265
v -0.801757 0.369967 1.709261
v -0.821724 0.373226 1.701794
v 1.203966 2.599962 1.703350
v 1.331332 2.605488 1.693915
v 1.126576 2.595891 1.700538
v 0.937409 2.583406 1.707953
v 1.126343 2.595747 1.708917
v 1.334929 2.605612 1.708184
v 1.356333 2.606517 1.700596
v 0.182627 0.205217 1.705012
v 0.083823 0.212428 1.695646
v 0.237849 0.203998 1.702236
v 0.362207 0.202313 1.709732
v 0.237360 0.204182 1.710615
v 0.080807 0.212715 1.709643
v 0.065370 0.212068 1.702180
v 0.022188 2.470645 1.703116
v 0.179513 2.497602 1.693807
v -0.075761 2.450650 1.700311
v -0.302245 2.402791 1.707744
v -0.075586 2.450499 1.708690
v 0.184082 2.498326 1.707806
v 0.214544 2.505429 1.700350
v 1.099718 1.323093 1.704363
v 1.069612 1.271679 1.695064
v 1.119924 1.353363 1.701551
v 1.166753 1.422483 1.708967
v 1.119946 1.353210 1.709930
v 1.068757 1.270158 1.709063
v 1.061948 1.261221 1.701609
v 0.741464 0.233713 1.705150
v 0.705962 0.223464 1.695816
v 0.752084 0.242578 1.702353
v 0.777074 0.267480 1.709798
v 0.751640 0.242855 1.710731
v 0.704753 0.223273 1.709814
v 0.705856 0.220410 1.702357
v -1.160463 2.174474 1.703018
v -1.049144 2.211572 1.693688
v -1.215479 2.151958 1.700228
v -1.342406 2.097762 1.707695
v -1.214820 2.151935 1.708607
v -1.045686 2.212644 1.707686
v -1.033894 2.219009 1.700225
v 0.835083 0.461239 1.704991
v 0.827728 0.418342 1.695691
v 0.839030 0.491929 1.702174
v 0.849363 0.564796 1.709576
v 0.839048 0.492115 1.710552
v 0.827516 0.417193 1.709691
v 0.826761 0.406503 1.702240
v -1.759460 1.849672 1.703111
v -1.709645 1.891028 1.693760
v -1.781879 1.823848 1.700333
v -1.831994 1.760318 1.707830
v -1.781435 1.823733 1.708712
v -1.708045 1.892192 1.707758
v -1.703974 1.899511 1.700294
v 1.502023 1.016644 1.770683
v 1.509945 0.683429 1.770957
v 1.513458 0.982960 1.770714
v 1.512622 1.310486 1.770446
v 1.497200 1.213988 1.770520
v 1.482808 1.076729 1.770628
v 1.494866 0.865772 1.770804
v 1.449532 0.633814 1.770980
v 1.472070 0.457889 1.771131
v 1.465476 0.647687 1.770974
v 1.451838 0.830746 1.770820
v 1.435303 0.741966 1.770888
v 1.418659 0.644867 1.770962
v 1.444367 0.531641 1.771062
v 1.360798 0.357985 1.771180
v 1.407605 0.266804 1.771268
v 1.394732 0.375967 1.771175
v 1.366467 0.478342 1.771083
v 1.330770 0.414806 1.771125
v 1.292581 0.348387 1.771168
v 1.348204 0.294869 1.771228
v 1.163520 0.177660 1.771271
v 1.264375 0.143093 1.771328
v 1.237816 0.192660 1.771280
v 1.176430 0.238170 1.771225
v 1.098307 0.200224 1.771234
v 1.012725 0.166889 1.771236
v 1.134245 0.148190 1.771286
v 0.253133 0.033180 1.753450
v -0.693016 0.040600 1.759555
v -0.024683 0.029597 1.749552
v 0.723494 0.019600 1.740645
v 0.811418 0.028746 1.749793
v 0.727518 0.039340 1.760149
v -0.028370 0.041196 1.761004
v 1.539991 1.244813 1.752830
v 1.535476 0.805871 1.759571
v 1.542295 1.115971 1.749115
v 1.548467 1.463271 1.739703
v 1.542690 1.503815 1.748798
v 1.536029 1.464507 1.759217
v 1.534988 1.114071 1.760577
v 0.022202 2.470819 1.653253
v -0.302235 2.402817 1.674454
v -0.075743 2.451019 1.637820
v 0.179539 2.498845 1.608374
v 0.214561 2.505815 1.643347
v 0.184090 2.498357 1.679229
v -0.075577 2.450510 1.680246
v 1.352465 1.659744 1.586054
v 1.327596 1.632546 1.633392
v 1.365156 1.671476 1.600266
v 1.394696 1.698961 1.562497
v 1.365046 1.671236 1.557727
v 1.326853 1.631619 1.562412
v 1.323973 1.630056 1.600230
v 0.182642 0.205174 1.652420
v 0.362217 0.202285 1.676011
v 0.237867 0.203946 1.638219
v 0.083849 0.212355 1.605063
v 0.065388 0.212016 1.638220
v 0.080817 0.212688 1.676042
v 0.237368 0.204158 1.680758
v -1.160448 2.174431 1.650426
v -1.342396 2.097735 1.674094
v -1.215461 2.151906 1.636268
v -1.049118 2.211498 1.603112
v -1.033875 2.218957 1.636265
v -1.045677 2.212617 1.674086
v -1.214812 2.151911 1.678750
v -1.088816 2.769127 1.649961
v -0.117011 2.768157 1.673899
v -0.802104 2.768824 1.635883
v -1.567799 2.769575 1.601825
v -1.662226 2.769699 1.635635
v -1.581637 2.769649 1.674159
v -0.802116 2.768858 1.678365
v 1.204015 2.614438 1.585232
v 1.331360 2.615211 1.633273
v 1.126615 2.605517 1.599434
v 0.937462 2.594369 1.561634
v 1.126405 2.613138 1.556889
v 1.334996 2.629637 1.560917
v 1.356379 2.623528 1.599429
v 0.741499 0.233614 1.584313
v 0.705982 0.223410 1.629213
v 0.752114 0.242494 1.599730
v 0.777116 0.267360 1.563057
v 0.751684 0.242730 1.557305
v 0.704797 0.223150 1.558359
v 0.705887 0.220322 1.594247
v 1.560918 2.728707 1.585241
v 1.562056 2.741658 1.633229
v 1.560223 2.719812 1.599409
v 1.558586 2.701029 1.561605
v 1.560237 2.720943 1.556926
v 1.562111 2.742978 1.560889
v 1.562294 2.745030 1.599389
v 1.099753 1.322994 1.583527
v 1.069631 1.271625 1.628461
v 1.119954 1.353280 1.598929
v 1.166795 1.422363 1.562226
v 1.119990 1.353085 1.556504
v 1.068800 1.270035 1.557609
v 1.061980 1.261133 1.593500
v 0.835117 0.461142 1.586884
v 0.827746 0.418292 1.634240
v 0.839059 0.491846 1.601078
v 0.849405 0.564677 1.563267
v 0.839092 0.491991 1.558539
v 0.827558 0.417074 1.563260
v 0.826790 0.406421 1.601087
v -0.291433 0.080136 1.770932
v 0.308789 0.068356 1.771114
v 0.066188 0.085418 1.771031
v -0.217716 0.103506 1.770934
v -0.605161 0.089290 1.770835
v -0.969406 0.072479 1.770744
v -0.337214 0.067526 1.770929
v 1.528795 1.227052 1.520944
v 1.502144 1.447001 1.520756
v 1.523043 1.476272 1.520739
v 1.542938 1.447290 1.520768
v 1.543543 1.095102 1.521056
v 1.537623 0.805565 1.521290
v 1.517816 1.123737 1.521025
v 1.434582 1.166266 1.520966
v 1.446026 1.399870 1.520779
v 1.464893 1.088951 1.521038
v 1.470765 0.797642 1.521278
v 1.420976 1.045326 1.521061
v 1.375889 1.330359 1.520815
v 1.411681 1.388103 1.520779
v 1.274350 0.964260 1.521085
v 1.363796 0.660375 1.521359
v 1.266707 0.834363 1.521189
v 1.174114 1.050973 1.520985
v 1.220158 1.147735 1.520920
v 1.276309 1.206918 1.520888
v 1.329625 0.930837 1.521129
v 1.128010 0.669843 1.521284
v 1.265877 0.461091 1.521494
v 1.148312 0.562396 1.521377
v 1.027622 0.702174 1.521228
v 1.045301 0.796730 1.521156
v 1.083286 0.869751 1.521108
v 1.183314 0.667076 1.521302
v 1.063400 0.372055 1.521508
v 1.217719 0.260357 1.521644
v 1.096205 0.295662 1.521580
v 0.965357 0.360691 1.521489
v 0.969533 0.441446 1.521425
v 0.990288 0.518377 1.521368
v 1.112387 0.393032 1.521505
v 1.000406 0.179037 1.521648
v 1.161754 0.129167 1.521735
v 1.014575 0.150989 1.521675
v 0.860486 0.187039 1.521601
v 0.898273 0.211401 1.521592
v 0.934002 0.242023 1.521577
v 1.062808 0.186035 1.521660
v -0.121547 2.700090 1.519266
v 0.434339 2.728024 1.519403
v 0.294524 2.688441 1.519396
v 0.088380 2.645436 1.519371
v -0.412219 2.678428 1.519201
v -0.897762 2.719978 1.519027
v -0.251838 2.730217 1.519205
v -0.879397 2.529225 1.519188
v -1.352303 2.602306 1.518993
v -0.847544 2.581866 1.519155
v -0.361513 2.539430 1.519329
v -0.591828 2.483846 1.519308
v -0.864358 2.431404 1.519272
v -1.157741 2.513499 1.519121
v -1.620908 2.319860 1.519146
v -1.850063 2.457689 1.518968
v -1.579543 2.394632 1.519097
v -1.322212 2.303360 1.519245
v -1.476550 2.235307 1.519257
v -1.626468 2.180058 1.519259
v -1.770270 2.317235 1.519106
v -1.995017 2.072510 1.519241
v -2.121405 2.268275 1.519045
v -1.980538 2.178494 1.519159
v -1.847309 2.038676 1.519311
v -1.914929 1.952344 1.519362
v -1.982226 1.869491 1.519410
v -2.071628 2.058479 1.519230
v -2.261934 1.459722 1.519665
v -2.142020 1.509356 1.519658
v -2.229463 1.240553 1.519853
v -2.320131 0.979291 1.520040
v -2.329755 1.427985 1.519671
v -2.312538 1.885661 1.519302
v -2.221421 1.708351 1.519473
v -1.980847 0.646913 1.520409
v -2.106924 0.449640 1.520534
v -2.046279 0.641212 1.520395
v -1.956855 0.832015 1.520265
v -1.901377 0.767916 1.520333
v -1.843538 0.687779 1.520415
v -1.974870 0.550437 1.520490
v -1.658761 0.405076 1.520699
v -1.883256 0.281901 1.520735
v -1.792781 0.413702 1.520654
v -1.648135 0.541015 1.520591
v -1.518860 0.480680 1.520677
v -1.396263 0.411242 1.520769
v -1.635666 0.333081 1.520765
v -1.104111 0.213913 1.521015
v -1.496564 0.149439 1.520954
v -1.321014 0.224502 1.520944
v -1.060418 0.294650 1.520961
v -0.865266 0.254463 1.521050
v -0.698656 0.213818 1.521131
v -1.086044 0.171503 1.521055
v 0.666609 0.136650 1.521586
v 0.909378 0.090956 1.521694
v 0.613525 0.121491 1.521584
v 0.352129 0.163815 1.521474
v 0.515090 0.165505 1.521519
v 0.667971 0.165450 1.521563
v 0.826907 0.127733 1.521640
v 1.413772 2.342104 1.531604
v 1.434121 2.127155 1.531785
v 1.401394 2.276144 1.531654
v 1.372149 2.445611 1.531507
v 1.401590 2.468909 1.531497
v 1.435046 2.451988 1.531520
v 1.438331 2.280110 1.531661
v 1.501415 2.082075 1.661586
v 1.524033 1.998104 1.661661
v 1.508182 2.149590 1.661533
v 1.490430 2.283337 1.661418
v 1.488071 2.132500 1.661541
v 1.489782 1.963783 1.661679
v 1.507993 1.963398 1.661685
v 1.356433 2.003860 1.661608
v 1.398071 1.914617 1.661693
v 1.368826 2.084166 1.661546
v 1.336098 2.233073 1.661415
v 1.331866 2.057532 1.661557
v 1.335128 1.862331 1.661718
v 1.368607 1.868734 1.661722
v 1.563436 2.113590 1.618330
v 1.563349 2.019403 1.586721
v 1.563496 2.169943 1.608936
v 1.563626 2.304640 1.633791
v 1.563488 2.169966 1.636980
v 1.563332 2.016726 1.634477
v 1.563324 2.000861 1.609074
v 1.299454 1.958512 1.575132
v 1.299321 1.836335 1.606917
v 1.299526 2.031666 1.584420
v 1.299711 2.206430 1.559312
v 1.299534 2.031643 1.556377
v 1.299331 1.832771 1.559167
v 1.299303 1.812229 1.584600
v 1.532737 2.373039 1.531613
v 1.543731 2.180928 1.531772
v 1.525980 2.314727 1.531658
v 1.510129 2.466160 1.531530
v 1.526154 2.486377 1.531518
v 1.544350 2.471028 1.531536
v 1.546076 2.317275 1.531662
v 1.022031 0.639978 1.808065
v 1.017295 0.552289 1.814344
v 1.048422 0.620460 1.815986
v 1.065907 0.700268 1.814500
v 1.019814 0.698198 1.804016
v 0.969642 0.684812 1.794707
v 0.991892 0.608445 1.803991
v -1.879051 1.748407 1.876510
v -1.813812 1.840803 1.884398
v -1.875391 1.782048 1.889464
v -1.927687 1.711720 1.888242
v -1.910339 1.691264 1.870281
v -1.881252 1.692644 1.846302
v -1.846358 1.771452 1.865728
v 1.125217 1.047620 1.803934
v 1.130741 0.961740 1.811380
v 1.147352 1.027885 1.810649
v 1.151687 1.100511 1.807283
v 1.120300 1.102281 1.799477
v 1.082938 1.087267 1.792708
v 1.103694 1.016752 1.801482
v -1.725557 0.869815 1.827126
v -1.716006 0.826415 1.858626
v -1.684984 0.820250 1.837275
v -1.660388 0.821641 1.811220
v -1.724599 0.887999 1.807290
v -1.776751 0.945291 1.811086
v -1.757613 0.894343 1.837194
v -1.185119 0.524818 1.825062
v -1.118732 0.478014 1.855430
v -1.091210 0.478950 1.831579
v -1.079386 0.487549 1.805722
v -1.209198 0.546238 1.805947
v -1.319650 0.599747 1.811187
v -1.239705 0.545558 1.836534
v -0.369972 0.270126 1.876398
v -0.576243 0.302270 1.886763
v -0.409661 0.269853 1.890311
v -0.231934 0.244101 1.885984
v -0.244620 0.254385 1.866941
v -0.290065 0.269344 1.846078
v -0.448236 0.287785 1.867182
v -1.928043 1.269052 1.826778
v -1.956851 1.222859 1.858828
v -1.928169 1.203009 1.837088
v -1.901271 1.198403 1.810852
v -1.911815 1.291224 1.806789
v -1.919632 1.380308 1.810418
v -1.941835 1.309590 1.836921
v 0.454069 0.209629 1.877861
v 0.287067 0.205121 1.886252
v 0.405800 0.202555 1.891576
v 0.532056 0.206790 1.890705
v 0.546441 0.215659 1.870770
v 0.526344 0.222961 1.846402
v 0.401622 0.213027 1.867059
v -0.475259 2.352711 1.812989
v -0.235804 2.408787 1.802076
v -0.430673 2.370345 1.818886
v -0.649335 2.320530 1.832474
v -0.632595 2.314421 1.817824
v -0.571687 2.320404 1.799876
v -0.375550 2.369840 1.800208
v -1.405264 2.078352 1.863268
v -1.238547 2.150039 1.866260
v -1.366951 2.106453 1.875624
v -1.499856 2.049963 1.876910
v -1.495868 2.033727 1.857292
v -1.454463 2.037407 1.834670
v -1.343615 2.095724 1.851785
v 1.194304 0.571371 1.825576
v 1.194447 0.481723 1.806545
v 1.235085 0.536747 1.802428
v 1.258526 0.607382 1.805672
v 1.191438 0.627576 1.835943
v 1.129931 0.630518 1.860414
v 1.156691 0.551689 1.836926
v -2.038115 1.787079 1.823696
v -1.968985 1.894035 1.804426
v -2.038389 1.818822 1.800616
v -2.090778 1.727148 1.804528
v -2.065383 1.721145 1.834432
v -2.027694 1.735110 1.856817
v -2.000554 1.818899 1.834370
v 1.324471 0.975099 1.813006
v 1.339115 0.860129 1.799744
v 1.363356 0.936937 1.795250
v 1.374635 1.033930 1.795686
v 1.318030 1.047318 1.818516
v 1.264897 1.041955 1.838516
v 1.294294 0.945282 1.823217
v -1.877311 0.836418 1.874819
v -1.862328 0.772120 1.840383
v -1.832373 0.776372 1.864694
v -1.811242 0.798806 1.885347
v -1.879000 0.873690 1.889425
v -1.935212 0.938673 1.885673
v -1.911069 0.858738 1.864745
v -1.287052 0.457122 1.875299
v -1.216155 0.394824 1.840882
v -1.181718 0.401791 1.865376
v -1.176314 0.428472 1.886411
v -1.323433 0.496777 1.889893
v -1.445139 0.555758 1.885650
v -1.347275 0.476189 1.865078
v -0.367326 0.230531 1.877980
v -0.276004 0.201533 1.845675
v -0.237640 0.208323 1.871269
v -0.229519 0.220503 1.889897
v -0.408955 0.247353 1.891414
v -0.578136 0.275193 1.886954
v -0.446508 0.237652 1.866962
v -2.141176 1.265068 1.821966
v -2.160553 1.394960 1.804565
v -2.163437 1.298083 1.799830
v -2.148431 1.192198 1.800713
v -2.122520 1.190015 1.829402
v -2.098148 1.214438 1.854204
v -2.131736 1.309521 1.833900
v 0.487718 0.155161 1.826074
v 0.288376 0.148068 1.806683
v 0.439139 0.146754 1.802744
v 0.590271 0.154285 1.806666
v 0.590831 0.163856 1.837123
v 0.556159 0.172774 1.860787
v 0.421610 0.158662 1.837094
v -0.508509 2.401693 1.815033
v -0.639582 2.396419 1.802690
v -0.676132 2.371727 1.823115
v -0.670515 2.351618 1.836470
v -0.448603 2.399035 1.820028
v -0.254592 2.439645 1.802253
v -0.416009 2.426955 1.800948
v 0.986578 0.272114 1.826338
v 0.921258 0.224646 1.806757
v 0.996724 0.253870 1.802850
v 1.056613 0.296276 1.806737
v 1.013359 0.306045 1.837549
v 0.965470 0.307367 1.862162
v 0.943777 0.261245 1.837566
v -1.518364 2.162986 1.823107
v -1.315343 2.246539 1.803497
v -1.475937 2.197479 1.800231
v -1.629049 2.132047 1.804286
v -1.620187 2.110657 1.834064
v -1.575195 2.103479 1.855962
v -1.445485 2.178262 1.833137
v 0.827160 2.579861 1.768365
v 0.685791 2.558574 1.766786
v 0.873446 2.580439 1.767015
v 1.062395 2.601759 1.767868
v 0.902048 2.590843 1.768856
v 0.710138 2.575471 1.769198
v 0.698459 2.567395 1.768618
v 0.958350 0.611601 1.915043
v 0.950392 0.521170 1.915795
v 0.966397 0.583155 1.916759
v 0.981689 0.656858 1.914506
v 0.965534 0.666847 1.911681
v 0.955240 0.653268 1.905165
v 0.948326 0.583661 1.912565
v 1.056004 0.629108 1.845089
v 1.024954 0.660051 1.858198
v 1.060849 0.683723 1.848598
v 1.088119 0.693701 1.837814
v 1.067992 0.614798 1.837043
v 1.039019 0.546355 1.838183
v 1.032372 0.594720 1.849189
v 1.071581 1.014613 1.895317
v 1.054042 0.912947 1.902748
v 1.078986 0.982832 1.898192
v 1.106027 1.065059 1.888881
v 1.087098 1.075059 1.887202
v 1.071980 1.060285 1.883600
v 1.055775 0.984074 1.895954
v 1.160220 1.040100 1.832707
v 1.136758 1.072482 1.841431
v 1.159810 1.093353 1.832498
v 1.172773 1.096278 1.824078
v 1.167895 1.023756 1.827103
v 1.154318 0.956767 1.830849
v 1.146041 1.006864 1.837606
v 1.138904 2.640887 1.769252
v 0.839344 2.613872 1.769188
v 1.079532 2.625240 1.769248
v 1.305269 2.640773 1.769300
v 1.310963 2.655645 1.769290
v 1.234424 2.666707 1.769258
v 1.001538 2.641684 1.769212
v -2.234479 0.957758 1.769657
v -2.260027 0.687916 1.769870
v -2.230819 0.815148 1.769775
v -2.202982 0.998318 1.769633
v -2.216382 1.121813 1.769528
v -2.221965 1.225479 1.769442
v -2.248234 0.963711 1.769649
v 0.845782 0.301075 1.913800
v 0.795060 0.261663 1.911832
v 0.838407 0.287613 1.916066
v 0.875729 0.325120 1.915735
v 0.868843 0.329667 1.911844
v 0.856791 0.324745 1.902422
v 0.826747 0.289585 1.908411
v 1.264165 1.489085 1.812893
v 1.230444 1.374105 1.836481
v 1.273116 1.464851 1.818326
v 1.312028 1.554619 1.797555
v 1.283814 1.547187 1.797547
v 1.250056 1.511494 1.800767
v 1.235731 1.443980 1.821159
v 0.774428 0.303836 1.753578
v 0.746972 0.278625 1.761625
v 0.771855 0.302209 1.761434
v 0.791110 0.335041 1.759029
v 0.787812 0.326356 1.749342
v 0.786364 0.317123 1.740646
v 0.765583 0.290876 1.750128
v -1.838391 1.728178 1.733425
v -1.854178 1.680713 1.747551
v -1.870423 1.672714 1.736497
v -1.874319 1.679981 1.726170
v -1.825311 1.754952 1.725805
v -1.766806 1.816268 1.727366
v -1.811962 1.753698 1.737962
v 0.255878 2.728672 1.751249
v -0.690286 2.722568 1.757366
v -0.025642 2.720498 1.758817
v 0.730248 2.720918 1.757960
v 0.814170 2.732334 1.747586
v 0.726266 2.742531 1.738422
v -0.021930 2.733184 1.747345
v 0.837645 0.628126 1.753047
v 0.828631 0.535619 1.758804
v 0.837690 0.601644 1.760638
v 0.851063 0.681126 1.759589
v 0.847409 0.687433 1.749289
v 0.848378 0.672680 1.740305
v 0.834273 0.596587 1.749089
v -1.702970 0.873907 1.754689
v -1.761643 0.947302 1.764312
v -1.711890 0.890187 1.765635
v -1.647103 0.824659 1.764445
v -1.658480 0.826106 1.750229
v -1.675936 0.834969 1.739880
v -1.728946 0.899006 1.750149
v 1.391828 1.704625 1.734789
v 1.395484 1.705061 1.747887
v 1.410721 1.721308 1.738654
v 1.417909 1.725013 1.728356
v 1.387304 1.697068 1.727106
v 1.354622 1.666116 1.728388
v 1.374869 1.689731 1.738693
v 0.817777 2.575676 1.750606
v 1.062482 2.599854 1.756534
v 0.869050 2.578648 1.756938
v 0.657183 2.552455 1.755342
v 0.661902 2.557555 1.746912
v 0.697260 2.564539 1.738610
v 0.904402 2.586365 1.747304
v 1.538495 2.655584 1.751678
v 1.535668 2.676112 1.758043
v 1.534950 2.663766 1.759312
v 1.535419 2.649730 1.758249
v 1.540190 2.643459 1.747867
v 1.544506 2.641860 1.738739
v 1.540425 2.660227 1.747853
v 0.940039 1.046005 1.753743
v 0.915206 0.948870 1.759544
v 0.936304 1.016162 1.761267
v 0.965188 1.089764 1.761430
v 0.962260 1.103431 1.751117
v 0.962423 1.094656 1.741448
v 0.931052 1.016920 1.749483
v -1.179998 0.535605 1.754844
v -1.315090 0.606643 1.764645
v -1.205978 0.552225 1.765478
v -1.076495 0.493143 1.763130
v -1.086455 0.491206 1.750137
v -1.113581 0.498558 1.740249
v -1.232962 0.559399 1.750526
v 1.178542 1.460682 1.735103
v 1.196684 1.494031 1.749062
v 1.213364 1.512751 1.739134
v 1.216764 1.506679 1.728522
v 1.165659 1.432799 1.727286
v 1.118207 1.361362 1.728642
v 1.154801 1.428921 1.739175
v -2.384906 1.829024 1.733548
v -2.361619 2.149447 1.746244
v -2.377731 2.223240 1.737049
v -2.396195 2.178013 1.726692
v -2.398649 1.637141 1.726059
v -2.396904 1.160847 1.727706
v -2.378337 1.627601 1.737535
v -0.380306 0.300043 1.756345
v -0.577891 0.343685 1.763566
v -0.444025 0.315549 1.766955
v -0.290114 0.286126 1.768697
v -0.259196 0.276721 1.753615
v -0.277584 0.275306 1.742148
v -0.440168 0.309974 1.750921
v -0.431888 2.349326 1.751493
v -0.128152 2.411052 1.755529
v -0.335067 2.366318 1.757877
v -0.560046 2.316257 1.759423
v -0.607104 2.310919 1.749512
v -0.580378 2.322217 1.739901
v -0.341942 2.371307 1.747254
v -1.896664 1.266462 1.754243
v -1.900087 1.378316 1.763487
v -1.894230 1.289773 1.765121
v -1.881694 1.197163 1.764056
v -1.889744 1.200291 1.749846
v -1.900183 1.217812 1.739483
v -1.903453 1.305853 1.749616
v 0.434805 0.214791 1.735236
v 0.513690 0.225196 1.748948
v 0.530079 0.218113 1.738222
v 0.511384 0.211236 1.728036
v 0.381151 0.210029 1.727688
v 0.249697 0.215612 1.729266
v 0.380726 0.218995 1.739707
v -1.389295 2.064435 1.734020
v -1.445717 2.028705 1.748831
v -1.479064 2.018885 1.738246
v -1.475789 2.026531 1.727362
v -1.344293 2.088892 1.726052
v -1.206715 2.141903 1.727377
v -1.330032 2.086529 1.738239
v 1.461439 1.563122 1.772146
v 1.454928 1.406939 1.773711
v 1.474540 1.526176 1.771233
v 1.488382 1.663535 1.770373
v 1.464864 1.656785 1.771231
v 1.436497 1.615438 1.773877
v 1.442565 1.505943 1.775052
v 1.520132 1.816330 1.734680
v 1.523115 1.823079 1.747627
v 1.531598 1.828326 1.738495
v 1.536419 1.829993 1.728106
v 1.517998 1.812075 1.727041
v 1.499015 1.794902 1.728308
v 1.510104 1.808277 1.738505
v 0.956409 1.036898 1.583719
v 0.977615 1.088314 1.628591
v 0.980137 1.098151 1.593609
v 0.978305 1.089738 1.557731
v 0.946683 1.006384 1.556737
v 0.923779 0.933131 1.562677
v 0.946521 1.006427 1.599219
v -1.224490 0.523994 1.586241
v -1.137291 0.486696 1.633612
v -1.122640 0.477791 1.600469
v -1.134617 0.485596 1.562640
v -1.271129 0.548655 1.557886
v -1.379775 0.607173 1.562471
v -1.271528 0.548608 1.600368
v 1.561919 0.614923 1.586967
v 1.561678 0.391454 1.635148
v 1.561643 0.347370 1.601346
v 1.561692 0.384948 1.562815
v 1.562064 0.748682 1.558537
v 1.562388 1.068366 1.562939
v 1.562051 0.748716 1.601019
v -1.942388 1.274391 1.585422
v -1.931746 1.218528 1.632786
v -1.931805 1.205679 1.599642
v -1.931300 1.216870 1.561814
v -1.944036 1.310002 1.557071
v -1.945610 1.393263 1.561666
v -1.944376 1.310031 1.599553
v -0.392781 0.274858 1.586684
v -0.285784 0.256854 1.634045
v -0.263400 0.251492 1.600900
v -0.282656 0.256349 1.563072
v -0.457778 0.289055 1.558332
v -0.610461 0.323996 1.562923
v -0.457877 0.288890 1.600814
v 1.531755 1.822229 1.585973
v 1.543245 1.833413 1.633972
v 1.545502 1.835570 1.600127
v 1.543583 1.833666 1.561627
v 1.524605 1.815358 1.557655
v 1.506824 1.798557 1.562448
v 1.524638 1.815422 1.600194
v -1.091617 -0.001322 1.586708
v -1.570628 -0.000795 1.634568
v -1.665036 -0.000726 1.600704
v -1.584424 -0.000840 1.562226
v -0.804902 -0.001637 1.558470
v -0.119799 -0.002330 1.563330
v -0.804914 -0.001602 1.600952
v -1.861335 1.730691 1.585073
v -1.887725 1.682946 1.632420
v -1.896008 1.675160 1.599269
v -1.888304 1.681461 1.561447
v -1.838945 1.756499 1.556737
v -1.782366 1.818268 1.561366
v -1.839403 1.756656 1.599218
v -1.750563 0.870986 1.585807
v -1.705958 0.828888 1.633170
v -1.700883 0.820753 1.600023
v -1.704513 0.827644 1.562197
v -1.770462 0.896582 1.557459
v -1.816844 0.959417 1.562057
v -1.770837 0.896520 1.599940
v -2.416190 1.846959 1.584818
v -2.415864 2.180471 1.632544
v -2.415788 2.246176 1.598653
v -2.415834 2.190032 1.560198
v -2.416385 1.647332 1.556660
v -2.416872 1.170373 1.561713
v -2.416398 1.647367 1.599142
v -1.856075 1.551526 1.716249
v -1.776935 1.690807 1.716158
v -1.835516 1.654457 1.716170
v -1.889539 1.575776 1.716219
v -1.895311 1.468482 1.716305
v -1.881031 1.379928 1.716382
v -1.830847 1.525912 1.716277
v -1.412673 1.667332 1.716282
v -1.222588 1.871943 1.716169
v -1.357116 1.864033 1.716137
v -1.489603 1.788978 1.716160
v -1.507419 1.553189 1.716347
v -1.491140 1.338014 1.716528
v -1.360706 1.583533 1.716365
v 0.613546 0.746119 1.717616
v 0.382990 0.596609 1.717672
v 0.542807 0.642654 1.717680
v 0.718306 0.739572 1.717651
v 0.751801 0.839395 1.717579
v 0.757573 0.931735 1.717506
v 0.558285 0.776596 1.717575
v 0.501842 0.385688 1.717878
v 0.638745 0.517749 1.717810
v 0.482213 0.439519 1.717829
v 0.308559 0.336608 1.717862
v 0.417987 0.307283 1.717918
v 0.544180 0.308941 1.717953
v 0.601278 0.412230 1.717885
v -0.165313 1.701909 1.716612
v -0.135898 1.187906 1.717040
v -0.016646 1.584886 1.716750
v 0.060351 2.017142 1.716419
v -0.182990 2.012122 1.716353
v -0.414619 1.911151 1.716369
v -0.293745 1.517354 1.716726
v 1.174351 2.315040 1.716496
v 1.293901 2.425332 1.716440
v 1.109751 2.434139 1.716380
v 0.940828 2.398735 1.716360
v 1.115711 2.246471 1.716535
v 1.278462 2.113512 1.716690
v 1.294164 2.261784 1.716574
v -1.856064 1.551494 1.677484
v -1.881020 1.379896 1.677617
v -1.895300 1.468451 1.677540
v -1.889528 1.575744 1.677455
v -1.835505 1.654425 1.677406
v -1.776924 1.690775 1.677393
v -1.830835 1.525881 1.677512
v -1.412662 1.667300 1.677517
v -1.491129 1.337983 1.677763
v -1.507408 1.553158 1.677583
v -1.489592 1.788947 1.677395
v -1.357105 1.864002 1.677372
v -1.222577 1.871912 1.677404
v -1.360695 1.583501 1.677600
v 0.470142 1.328009 1.678335
v 0.272993 0.987651 1.678556
v 0.345477 1.372851 1.678263
v 0.458869 1.734457 1.678000
v 0.582949 1.508347 1.678220
v 0.671270 1.269485 1.678441
v 0.479020 1.108560 1.678517
v 0.789538 0.413202 1.679174
v 0.807571 0.529935 1.679084
v 0.815187 0.465886 1.679138
v 0.806991 0.385433 1.679201
v 0.777324 0.345468 1.679226
v 0.731582 0.328850 1.679226
v 0.765100 0.427776 1.679155
v -0.165302 1.701878 1.677847
v -0.414608 1.911119 1.677605
v -0.182979 2.012091 1.677588
v 0.060362 2.017111 1.677654
v -0.016635 1.584854 1.677985
v -0.135887 1.187874 1.678275
v -0.293734 1.517322 1.677961
v 1.515608 2.076691 1.678024
v 1.513912 2.274288 1.677862
v 1.535117 2.144487 1.677974
v 1.540261 1.993253 1.678099
v 1.516085 1.959837 1.678120
v 1.481188 1.962034 1.678108
v 1.487665 2.125829 1.677976
v 1.557359 2.360188 1.690726
v 1.559482 2.174354 1.686212
v 1.557986 2.305359 1.685185
v 1.556285 2.454421 1.685848
v 1.556107 2.469840 1.693429
v 1.556311 2.451790 1.700118
v 1.557984 2.305366 1.693564
v 0.956378 1.036986 1.691634
v 0.923743 0.933232 1.687043
v 0.946646 1.006490 1.686070
v 0.978268 1.089843 1.686931
v 0.980108 1.098233 1.694384
v 0.977594 1.088373 1.700930
v 0.946494 1.006504 1.694449
v -1.750593 0.871072 1.690992
v -1.816879 0.959518 1.686234
v -1.770499 0.896686 1.685379
v -1.704549 0.827746 1.686374
v -1.700909 0.820830 1.693840
v -1.705977 0.828943 1.700371
v -1.770864 0.896596 1.693758
v -1.942418 1.274477 1.690607
v -1.945646 1.393364 1.685843
v -1.944073 1.310106 1.684991
v -1.931336 1.216971 1.685991
v -1.931832 1.205756 1.693459
v -1.931765 1.218583 1.699988
v -1.944403 1.310108 1.693370
v -1.224521 0.524080 1.691426
v -1.379811 0.607274 1.686647
v -1.271166 0.548760 1.685806
v -1.134652 0.485697 1.686817
v -1.122667 0.477868 1.694286
v -1.137310 0.486751 1.700814
v -1.271555 0.548685 1.694186
v 1.531725 1.822315 1.691158
v 1.506788 1.798658 1.686504
v 1.524569 1.815462 1.685575
v 1.543547 1.833768 1.686351
v 1.545475 1.835646 1.693944
v 1.543226 1.833468 1.700619
v 1.524611 1.815498 1.693954
v 1.410498 1.711886 1.691213
v 1.366512 1.669698 1.686569
v 1.397815 1.700179 1.685633
v 1.429418 1.728785 1.686539
v 1.433278 1.732046 1.693996
v 1.428926 1.728388 1.700537
v 1.397935 1.700390 1.694012
v -0.392811 0.274944 1.691869
v -0.610497 0.324097 1.687100
v -0.457815 0.289159 1.686252
v -0.282692 0.256451 1.687249
v -0.263427 0.251568 1.694718
v -0.285803 0.256908 1.701246
v -0.457904 0.288966 1.694631
v 0.847952 2.582457 1.690341
v 1.111191 2.596843 1.685738
v 0.925364 2.586534 1.684774
v 0.704377 2.568561 1.685645
v 0.684843 2.568878 1.693098
v 0.708491 2.569022 1.699644
v 0.925592 2.586691 1.693152
v 0.440765 0.200489 1.692169
v 0.254169 0.205944 1.687445
v 0.385586 0.201686 1.686566
v 0.515921 0.202685 1.687523
v 0.535312 0.201894 1.694988
v 0.514000 0.202573 1.701520
v 0.386070 0.201516 1.694945
v -0.437761 2.376124 1.690140
v -0.110766 2.441698 1.685514
v -0.339825 2.396124 1.684566
v -0.589916 2.339780 1.685459
v -0.621823 2.333961 1.692914
v -0.585748 2.340860 1.699458
v -0.340005 2.396290 1.692944
v 1.195287 1.464894 1.691353
v 1.128603 1.363199 1.686751
v 1.175082 1.434630 1.685786
v 1.227579 1.509065 1.686660
v 1.234191 1.519302 1.694113
v 1.226670 1.507904 1.700659
v 1.175055 1.434797 1.694165
v 0.785111 0.273878 1.692208
v 0.743131 0.244010 1.687554
v 0.774530 0.264983 1.686626
v 0.797614 0.299137 1.687525
v 0.800101 0.299803 1.694984
v 0.797399 0.298337 1.701524
v 0.774970 0.264719 1.695005
v -1.411591 2.070395 1.690110
v -1.220109 2.146677 1.685436
v -1.356627 2.092906 1.684521
v -1.490113 2.030599 1.685453
v -1.507282 2.024475 1.692912
v -1.488145 2.031737 1.699451
v -1.357291 2.092942 1.692900
v 0.852528 0.606230 1.691956
v 0.838552 0.505267 1.687368
v 0.848582 0.575519 1.686394
v 0.861248 0.660136 1.687248
v 0.861832 0.669363 1.694700
v 0.860988 0.658582 1.701248
v 0.848558 0.575346 1.694773
v -1.861365 1.730777 1.690258
v -1.782401 1.818369 1.685543
v -1.838982 1.756603 1.684657
v -1.888340 1.681563 1.685624
v -1.896035 1.675236 1.693086
v -1.887744 1.683001 1.699621
v -1.839430 1.756733 1.693036
v -1.062072 0.016637 1.735408
v -1.519586 0.030203 1.748217
v -1.627852 0.021078 1.739063
v -1.564959 0.010505 1.728701
v -0.788064 0.008628 1.727851
v -0.103076 0.009203 1.729306
v -0.771336 0.020206 1.739310
v 1.550633 0.631925 1.735656
v 1.542164 0.420687 1.748777
v 1.547930 0.368709 1.739691
v 1.554579 0.396209 1.729282
v 1.555632 0.758453 1.727913
v 1.555155 1.078087 1.728909
v 1.548337 0.768029 1.739365
v -0.437730 2.376253 1.584954
v -0.585728 2.340859 1.632264
v -0.621796 2.333919 1.599097
v -0.589880 2.339737 1.561283
v -0.339787 2.396476 1.556645
v -0.110729 2.442960 1.561457
v -0.339978 2.396633 1.599183
v 1.410509 1.711856 1.654272
v 1.366515 1.669689 1.675532
v 1.397816 1.700176 1.681282
v 1.429419 1.728780 1.680215
v 1.433293 1.732006 1.644329
v 1.428952 1.728314 1.609363
v 1.397951 1.700346 1.638857
v 0.440796 0.200401 1.584254
v 0.514021 0.202515 1.629175
v 0.535341 0.201812 1.594213
v 0.515959 0.202580 1.558322
v 0.385623 0.201581 1.557233
v 0.254205 0.205843 1.562957
v 0.386097 0.201439 1.599659
v -1.411561 2.070309 1.584924
v -1.488125 2.031682 1.632250
v -1.507255 2.024399 1.599095
v -1.490078 2.030498 1.561276
v -1.356591 2.092801 1.556600
v -1.220073 2.146576 1.561259
v -1.357265 2.092866 1.599082
v 0.237656 2.767724 1.584829
v 0.716640 2.767275 1.632965
v 0.811067 2.767152 1.599155
v 0.730478 2.767202 1.560631
v -0.049043 2.767992 1.556425
v -0.734148 2.768693 1.560891
v -0.049055 2.768027 1.598907
v 0.847964 2.583217 1.653399
v 1.111195 2.597945 1.674701
v 0.925366 2.586862 1.680422
v 0.704379 2.568675 1.679321
v 0.684859 2.569567 1.643430
v 0.708520 2.571318 1.608467
v 0.925609 2.588530 1.637995
v 0.785123 0.273846 1.652537
v 0.743135 0.244001 1.676086
v 0.774532 0.264979 1.680862
v 0.797617 0.299128 1.676178
v 0.800117 0.299756 1.638359
v 0.797426 0.298259 1.605198
v 0.774986 0.264673 1.638324
v 1.557694 2.677885 1.650796
v 1.560030 2.709718 1.674428
v 1.558373 2.683224 1.679113
v 1.556491 2.654394 1.675155
v 1.556316 2.659137 1.636650
v 1.556560 2.669089 1.602804
v 1.558393 2.690960 1.636625
v 1.195299 1.464862 1.651682
v 1.128606 1.363189 1.675283
v 1.175084 1.434626 1.680022
v 1.227583 1.509056 1.675313
v 1.234207 1.519256 1.637488
v 1.226698 1.507825 1.604333
v 1.175072 1.434751 1.637483
v 0.852539 0.606201 1.655015
v 0.838555 0.505258 1.676332
v 0.848583 0.575515 1.682042
v 0.861250 0.660131 1.680925
v 0.861847 0.669323 1.645033
v 0.861015 0.658508 1.610073
v 0.848574 0.575301 1.639617
v 0.704349 0.109130 1.771195
v 0.930605 0.092050 1.771273
v 0.875163 0.109646 1.771244
v 0.741524 0.126851 1.771191
v 0.563714 0.120732 1.771145
v 0.380137 0.118050 1.771094
v 0.635478 0.101371 1.771181
v 1.166488 2.665838 1.519665
v 1.262058 2.704329 1.519661
v 1.339217 2.685633 1.519698
v 1.332494 2.661641 1.519716
v 1.107152 2.642289 1.519667
v 0.866332 2.627877 1.519609
v 1.027526 2.668785 1.519622
v -2.096158 0.954227 1.520125
v -2.046301 1.217220 1.519925
v -2.031193 1.126292 1.520003
v -2.021289 1.014620 1.520097
v -2.110843 0.814959 1.520235
v -2.199893 0.671015 1.520326
v -2.136141 0.950603 1.520117
v -0.314626 0.069977 1.521359
v 0.300785 0.041512 1.521559
v -0.363442 0.038306 1.521371
v -1.012774 0.047961 1.521176
v -0.633868 0.090519 1.521250
v -0.235532 0.126629 1.521335
v 0.051728 0.083975 1.521453
v 1.356470 2.003755 1.531863
v 1.398109 1.914511 1.531948
v 1.368644 1.868628 1.531977
v 1.335165 1.862225 1.531973
v 1.331903 2.057426 1.531812
v 1.336136 2.232967 1.531670
v 1.368863 2.084060 1.531801
v 1.532699 2.373145 1.661357
v 1.543694 2.181033 1.661517
v 1.546039 2.317381 1.661407
v 1.544312 2.471134 1.661281
v 1.526117 2.486483 1.661263
v 1.510091 2.466266 1.661275
v 1.525942 2.314833 1.661403
v 1.413735 2.342210 1.661348
v 1.434084 2.127261 1.661530
v 1.438294 2.280217 1.661406
v 1.435008 2.452093 1.661265
v 1.401553 2.469015 1.661241
v 1.372111 2.445716 1.661252
v 1.401357 2.276250 1.661399
v 1.563713 2.374307 1.574869
v 1.563523 2.183257 1.559407
v 1.563661 2.317931 1.556219
v 1.563817 2.471171 1.558722
v 1.563825 2.487036 1.584125
v 1.563800 2.468493 1.606477
v 1.563653 2.317954 1.584262
v 1.299786 2.296956 1.618104
v 1.299530 2.049038 1.633924
v 1.299707 2.223825 1.636860
v 1.299910 2.422697 1.634070
v 1.299938 2.443239 1.608637
v 1.299920 2.419133 1.586319
v 1.299715 2.223803 1.608816
v 1.501453 2.081969 1.531841
v 1.524070 1.997998 1.531916
v 1.508030 1.963292 1.531940
v 1.489820 1.963677 1.531935
v 1.488109 2.132394 1.531796
v 1.490468 2.283231 1.531674
v 1.508219 2.149484 1.531788
v 1.530215 2.707804 1.769310
v 1.530215 2.707804 1.769310
v 0.567329 2.708785 1.769033
v -0.395557 2.709765 1.768755
v -1.358442 2.710745 1.768478
v -2.321327 2.711724 1.768200
v -2.321327 2.711724 1.768200
v 1.530406 2.641497 1.769364
v 1.530406 2.641497 1.769364
v 1.530406 2.641497 1.769364
v 1.530358 2.658074 1.769351
v 1.530310 2.674651 1.769337
v 1.530262 2.691227 1.769324
v -2.322004 2.047215 1.768743
v -2.322681 1.382704 1.769285
v -2.323357 0.718194 1.769828
v -2.324033 0.053684 1.770370
v -2.324033 0.053684 1.770370
v 1.266546 2.623827 1.769303
v 0.996114 2.604593 1.769241
v 0.712533 2.582231 1.769178
v 0.409232 2.555178 1.769112
v 0.083336 2.522031 1.769046
v -0.253233 2.482023 1.768982
v -0.584852 2.434554 1.768925
v -0.895900 2.379018 1.768881
v -1.173424 2.314893 1.768854
v -1.415149 2.241976 1.768844
v -1.621471 2.160150 1.768852
v -1.792786 2.069292 1.768877
v -1.929875 1.969318 1.768919
v -2.035076 1.860287 1.768978
v -2.111111 1.742291 1.769052
v -2.160705 1.615425 1.769142
v -2.141772 1.079111 1.769585
v -2.092042 0.962997 1.769694
v -2.023075 0.856345 1.769801
v -1.931219 0.755276 1.769910
v -1.812822 0.655909 1.770025
v -1.665377 0.555889 1.770149
v -1.490952 0.458953 1.770279
v -1.292760 0.370364 1.770408
v -1.074011 0.295384 1.770532
v -0.838474 0.237911 1.770646
v -0.592134 0.196398 1.770751
v -0.341534 0.167933 1.770846
v -0.093215 0.149606 1.770933
v 0.146328 0.139173 1.771010
v 0.370787 0.137068 1.771076
v 0.573903 0.144390 1.771129
v 0.749416 0.162240 1.771164
v 0.893023 0.191441 1.771182
v 1.008250 0.231698 1.771182
v 1.100582 0.282436 1.771167
v 1.175504 0.343081 1.771139
v 1.237799 0.413066 1.771100
v 1.289445 0.491842 1.771051
v 1.331721 0.578870 1.770992
v 1.365906 0.673607 1.770924
v 1.393375 0.776030 1.770848
v 1.415885 0.888176 1.770763
v 1.435293 1.012603 1.770667
v -2.174967 1.207000 1.769471
v -2.190543 1.342702 1.769356
v -2.186467 1.480687 1.769244
v 0.361977 2.505033 1.762058
v 0.044942 2.442838 1.763058
v -0.208377 2.389953 1.764807
v -0.452731 2.337049 1.768347
v -0.714619 2.275931 1.777161
v -0.978357 2.200411 1.778269
v -1.160225 2.137819 1.778849
v -1.313988 2.077482 1.780336
v -1.493576 1.995647 1.782917
v -1.642177 1.899468 1.783025
v -1.728471 1.821912 1.782758
v -1.798297 1.738774 1.783391
v -1.880708 1.591975 1.784742
v -1.842700 1.069091 1.785963
v -1.778724 0.969423 1.784642
v -1.719164 0.898098 1.783952
v -1.643574 0.822715 1.784800
v -1.511876 0.720084 1.786343
v -1.352031 0.627078 1.784904
v -1.219842 0.559645 1.783258
v -1.072719 0.493462 1.781365
v -0.874751 0.421536 1.776284
v -0.693532 0.371330 1.781703
v -0.530460 0.333462 1.784678
v -0.364988 0.299642 1.789066
v -0.173477 0.267188 1.797258
v 0.047975 0.245782 1.789318
v 0.224600 0.237401 1.785692
v 0.397811 0.235750 1.784641
v 0.645409 0.247086 1.783859
v 0.645409 0.247086 1.783859
v 0.645409 0.247086 1.783859
v 0.747573 0.277921 1.774651
v 0.782366 0.304954 1.771785
v 0.804709 0.342726 1.769687
v 0.820113 0.408918 1.766316
v 0.835930 0.487195 1.769467
v 0.848134 0.565305 1.770703
v 0.865175 0.652714 1.771122
v 0.894054 0.773503 1.771135
v 0.921705 0.891809 1.771062
v 0.946114 0.976955 1.771346
v 0.978321 1.056261 1.772351
v 1.024688 1.145583 1.774904
v 1.093192 1.106635 1.858528
v 1.132485 1.234495 1.841186
v 1.163159 1.328445 1.824443
v 1.190776 1.410758 1.806171
v 1.213271 1.496398 1.779248
v 1.213271 1.496398 1.779248
v 1.213271 1.496398 1.779248
v -1.882516 1.196545 1.784403
v -1.897301 1.303244 1.783385
v -1.901212 1.415734 1.783656
v 1.388582 1.653567 1.772536
v 1.388582 1.653567 1.772536
v 1.388582 1.653567 1.772536
v 1.339710 1.627156 1.777145
v 1.303560 1.603621 1.778778
v 1.265552 1.566038 1.779447
v 1.039947 0.734135 1.903269
v 1.007114 0.624031 1.908874
v 0.985715 0.543610 1.911307
v 0.965490 0.467219 1.910173
v 0.930573 0.376602 1.907512
v -1.997043 1.662179 1.890241
v -1.935353 1.752746 1.894216
v -1.871336 1.827137 1.895992
v -1.790255 1.902166 1.893151
v -1.651170 1.998833 1.887200
v 1.184165 1.158806 1.866076
v 1.134086 1.028788 1.884568
v 1.100621 0.937189 1.894651
v 1.073002 0.848444 1.899845
v -1.677150 0.731402 1.890617
v -1.802247 0.837573 1.894682
v -1.877442 0.919215 1.897075
v -1.940033 1.006140 1.895342
v -2.011335 1.144472 1.891033
v 1.337356 1.531515 1.798170
v 1.289227 1.423641 1.821204
v 1.241032 1.308054 1.842739
v -0.942093 0.378667 1.891966
v -1.204370 0.472368 1.895989
v -1.368773 0.548061 1.897525
v -1.513173 0.626170 1.894937
v 0.003541 0.211165 1.892001
v -0.228656 0.233503 1.896004
v -0.431922 0.263619 1.898139
v -0.640933 0.303291 1.896304
v -2.032157 1.312765 1.895079
v -2.034029 1.427045 1.896728
v -2.024921 1.537076 1.894423
v 0.652383 0.208287 1.899642
v 0.483055 0.195452 1.898739
v 0.337213 0.193191 1.898971
v 0.186154 0.197324 1.896222
v -0.936805 2.258609 1.856889
v -0.657990 2.333272 1.840275
v -0.411221 2.388360 1.822347
v -0.181647 2.434453 1.803130
v 0.878747 0.308303 1.910216
v 0.830661 0.268555 1.910993
v 0.768683 0.237310 1.907449
v -1.467048 2.086517 1.885992
v -1.310564 2.147014 1.882110
v -1.145476 2.201407 1.872467
v 1.140227 2.606196 1.764438
v 0.897190 2.580104 1.763329
v 0.664171 2.551203 1.762565
v 0.972737 0.694822 1.881322
v 0.946361 0.584899 1.882500
v 0.928060 0.506511 1.882395
v 0.908891 0.433518 1.881200
v 0.877576 0.360514 1.877928
v 1.122666 0.822917 1.824403
v 1.094304 0.699656 1.826053
v 1.068568 0.608634 1.826438
v 1.035214 0.525683 1.825915
v 0.985360 0.426829 1.823113
v 1.054819 0.992503 1.868174
v 1.026746 0.906804 1.873454
v 1.001844 0.816225 1.877661
v 1.174194 1.176980 1.810907
v 1.171072 1.095619 1.815667
v 1.165588 1.015680 1.819151
v 1.151233 0.934262 1.821771
v 1.064005 1.254030 1.771444
v 1.108007 1.340383 1.770688
v 1.156202 1.416531 1.772181
v 0.845268 0.318360 1.858728
v 0.806717 0.291070 1.838931
v 0.753570 0.269228 1.817294
v 1.194443 1.411217 1.789891
v 1.188141 1.337978 1.797551
v 1.180698 1.259078 1.804693
v 1.561251 -0.003915 1.718501
v 1.561251 -0.003915 1.718501
v 1.561251 -0.003915 1.718501
v 0.566412 -0.002902 1.718215
v -0.428428 -0.001890 1.717928
v -1.423268 -0.000877 1.717641
v -2.418108 0.000135 1.717354
v -2.418108 0.000135 1.717354
v -2.418108 0.000135 1.717354
v 1.564072 2.766480 1.716239
v 1.564072 2.766480 1.716239
v 1.564072 2.766480 1.716239
v 0.569232 2.767493 1.715953
v -0.425608 2.768506 1.715666
v -1.420448 2.769518 1.715380
v -2.415288 2.770531 1.715093
v -2.415288 2.770531 1.715093
v -2.415288 2.770531 1.715093
v 1.554457 2.613856 1.716362
v 1.554457 2.613856 1.716362
v 1.556860 2.652012 1.716331
v 1.559264 2.690168 1.716300
v 1.561668 2.728324 1.716270
v -2.415993 2.077932 1.715658
v -2.416698 1.385333 1.716224
v -2.417403 0.692734 1.716789
v 1.563142 1.852918 1.716985
v 1.563142 1.852918 1.716985
v 1.562670 1.388710 1.717364
v 1.562197 0.924502 1.717743
v 1.561724 0.460293 1.718122
v 0.442896 2.532923 1.716108
v 0.122301 2.483530 1.716056
v -0.205926 2.421741 1.716013
v -0.524555 2.351414 1.715978
v -0.816357 2.276409 1.715956
v -1.067668 2.199879 1.715946
v -1.279085 2.122139 1.715949
v -1.454772 2.042797 1.715963
v -1.598890 1.961461 1.715988
v -1.715186 1.877455 1.716023
v -1.805735 1.788958 1.716070
v -1.872197 1.693863 1.716128
v -1.916230 1.590066 1.716200
v -1.899995 1.127371 1.716583
v -1.854897 1.024846 1.716679
v -1.792709 0.930616 1.716774
v -1.710949 0.841589 1.716871
v -1.607134 0.754675 1.716971
v -1.479502 0.667748 1.717079
v -1.329177 0.582540 1.717192
v -1.158002 0.501744 1.717307
v -0.967821 0.428056 1.717422
v -0.761212 0.363804 1.717533
v -0.543689 0.309849 1.717640
v -0.321503 0.266683 1.717739
v -0.100903 0.234803 1.717829
v 0.111367 0.214432 1.717906
v 0.306581 0.204727 1.717970
v 0.475516 0.204575 1.718019
v 0.608952 0.212865 1.718050
v 0.700942 0.229274 1.718063
v 0.758643 0.256651 1.718058
v 0.792485 0.298634 1.718033
v 0.812900 0.358861 1.717990
v 0.828925 0.439351 1.717929
v 0.844021 0.535640 1.717854
v 0.860253 0.641647 1.717773
v 0.879688 0.751289 1.717689
v 0.904284 0.859666 1.717607
v 0.935571 0.966615 1.717529
v 0.974972 1.073157 1.717453
v 1.023909 1.180311 1.717380
v -1.929816 1.239839 1.716482
v -1.943489 1.358143 1.716382
v -1.939474 1.476735 1.716286
v 1.457092 1.753500 1.717036
v 1.457092 1.753500 1.717036
v 1.421503 1.722170 1.717052
v 1.380175 1.683733 1.717071
v 1.332243 1.634254 1.717098
v 1.276842 1.569801 1.717134
v 1.292104 2.603783 1.716294
v 1.023537 2.589646 1.716229
v 0.742539 2.567381 1.716166
v 1.082763 1.288072 1.717309
v 1.147753 1.392330 1.717242
v 1.214053 1.487952 1.717183
v -2.347552 0.040297 1.757116
v -2.371071 0.026910 1.743862
v -2.394590 0.013523 1.730608
v 1.538679 2.722473 1.756042
v 1.547143 2.737143 1.742775
v 1.555608 2.751812 1.729507
v -2.391798 2.755829 1.728370
v -2.368308 2.741128 1.741647
v -2.344818 2.726426 1.754923
v 1.529326 1.834750 1.770023
v 1.529326 1.834750 1.770023
v 1.537780 1.839292 1.756763
v 1.546234 1.843834 1.743504
v 1.554688 1.848376 1.730245
v 1.417899 1.720216 1.755507
v 1.433316 1.741236 1.743701
v 1.444861 1.749607 1.732199
v 1.548444 2.620766 1.729612
v 1.542431 2.627676 1.742863
v 1.536418 2.634587 1.756114
v 0.784936 0.281844 1.795885
v 0.860812 0.310784 1.805324
v 0.923162 0.350621 1.814442
v 1.433177 1.732262 1.770865
v 1.468787 1.780248 1.770268
v 1.500081 1.811549 1.770061
v 1.487868 1.781133 1.717022
v 1.514990 1.806384 1.717009
v 1.539675 1.830048 1.716997
v 1.561308 -0.004075 1.521958
v 1.561308 -0.004075 1.521958
v 0.566468 -0.003063 1.521672
v -0.428372 -0.002050 1.521385
v -1.423212 -0.001038 1.521099
v -2.418051 -0.000025 1.520812
v -2.418051 -0.000025 1.520812
v -2.415231 2.770370 1.518550
v -2.415231 2.770370 1.518550
v -2.415936 2.077771 1.519116
v -2.416641 1.385173 1.519681
v -2.417347 0.692574 1.520246
v 1.563198 1.852757 1.520443
v 1.562726 1.388549 1.520822
v 1.562253 0.924341 1.521201
v 1.561781 0.460133 1.521580
v -1.598834 1.961301 1.519445
v -1.715130 1.877295 1.519481
v -1.805679 1.788797 1.519527
v -1.872140 1.693703 1.519586
v -1.916173 1.589905 1.519658
v -1.899939 1.127210 1.520040
v -1.854841 1.024686 1.520137
v -1.792653 0.930455 1.520232
v -1.710892 0.841428 1.520328
v -1.607077 0.754514 1.520429
v -1.479446 0.667588 1.520537
v -1.329121 0.582379 1.520649
v -1.157946 0.501584 1.520764
v -0.967765 0.427896 1.520879
v -0.761155 0.363644 1.520991
v -0.543633 0.309688 1.521098
v -0.321447 0.266523 1.521197
v -0.100846 0.234642 1.521286
v 0.879744 0.751128 1.521146
v 0.904340 0.859505 1.521065
v 0.935628 0.966455 1.520986
v 0.975029 1.072996 1.520911
v 1.023966 1.180150 1.520837
v -1.929760 1.239679 1.519940
v -1.943433 1.357983 1.519839
v -1.939417 1.476574 1.519744
v 1.457149 1.753340 1.520493
v 1.487925 1.780972 1.520480
v 1.515046 1.806223 1.520467
v 1.539732 1.829887 1.520455
v 1.561266 -0.003955 1.669365
v 1.561280 -0.003995 1.620230
v 1.561294 -0.004035 1.571094
v -2.418094 0.000095 1.668219
v -2.418080 0.000055 1.619083
v -2.418066 0.000015 1.569947
v -2.415246 2.770410 1.567686
v -2.415260 2.770450 1.616822
v -2.415274 2.770490 1.665957
v 0.442896 2.532923 1.716108
v 0.442896 2.532923 1.716108
v 0.122301 2.483530 1.716056
v -0.205926 2.421740 1.716012
v -0.524555 2.351414 1.715978
v -0.816356 2.276409 1.715955
v -0.816356 2.276409 1.715955
v -1.067668 2.199879 1.715946
v -1.279085 2.122139 1.715949
v -1.454772 2.042797 1.715963
v -1.598890 1.961461 1.715988
v -1.598890 1.961461 1.715988
v -1.715186 1.877455 1.716023
v -1.805735 1.788958 1.716069
v -1.872197 1.693863 1.716128
v -1.916229 1.590065 1.716200
v -1.916229 1.590065 1.716200
v -1.899995 1.127371 1.716583
v -1.899995 1.127371 1.716583
v -1.854897 1.024846 1.716679
v -1.792709 0.930616 1.716774
v -1.710949 0.841589 1.716870
v -1.607134 0.754675 1.716971
v -1.607134 0.754675 1.716971
v -1.479502 0.667748 1.717079
v -1.329177 0.582540 1.717192
v -1.158002 0.501744 1.717307
v -0.967821 0.428056 1.717422
v -0.967821 0.428056 1.717422
v -0.761212 0.363804 1.717533
v -0.543689 0.309848 1.717640
v -0.321503 0.266683 1.717739
v -0.100903 0.234802 1.717828
v -0.100903 0.234802 1.717828
v 0.111367 0.214432 1.717906
v 0.306581 0.204727 1.717970
v 0.475516 0.204575 1.718019
v 0.608952 0.212864 1.718050
v 0.608952 0.212864 1.718050
v 0.700942 0.229274 1.718063
v 0.758643 0.256651 1.718057
v 0.792485 0.298634 1.718033
v 0.812900 0.358861 1.717989
v 0.812900 0.358861 1.717989
v 0.828925 0.439350 1.717928
v 0.844021 0.535640 1.717854
v 0.860253 0.641647 1.717772
v 0.879688 0.751288 1.717688
v 0.879688 0.751288 1.717688
v 0.904284 0.859666 1.717607
v 0.935571 0.966615 1.717529
v 0.974972 1.073156 1.717453
v 1.023909 1.180310 1.717379
v 1.023909 1.180310 1.717379
v -1.929816 1.239839 1.716482
v -1.943489 1.358143 1.716382
v -1.939474 1.476734 1.716286
v 1.457093 1.753500 1.717036
v 1.457093 1.753500 1.717036
v 1.421503 1.722170 1.717051
v 1.380175 1.683732 1.717071
v 1.332243 1.634254 1.717097
v 1.276842 1.569800 1.717134
v 1.276842 1.569800 1.717134
v 1.554456 2.613855 1.716361
v 1.554456 2.613855 1.716361
v 1.292104 2.603782 1.716294
v 1.023537 2.589645 1.716228
v 0.742539 2.567380 1.716166
v 1.082763 1.288071 1.717308
v 1.147753 1.392330 1.717242
v 1.214053 1.487951 1.717183
v 1.487869 1.781132 1.717022
v 1.514990 1.806384 1.717009
v 1.539675 1.830048 1.716997
v 1.563142 1.852918 1.716985
v 1.563142 1.852918 1.716985
v 1.556628 2.423621 1.716517
v 1.558800 2.233387 1.716673
v 1.560971 2.043152 1.716829
v 0.442907 2.532891 1.677343
v 0.442907 2.532891 1.677343
v 0.122312 2.483498 1.677292
v -0.205915 2.421709 1.677248
v -0.524544 2.351382 1.677214
v -0.816345 2.276377 1.677191
v -0.816345 2.276377 1.677191
v -1.067657 2.199847 1.677181
v -1.279074 2.122107 1.677184
v -1.454761 2.042765 1.677198
v -1.598879 1.961430 1.677223
v -1.598879 1.961430 1.677223
v -1.715175 1.877423 1.677258
v -1.805724 1.788926 1.677305
v -1.872185 1.693831 1.677363
v -1.916219 1.590034 1.677435
v -1.916219 1.590034 1.677435
v -1.899984 1.127339 1.677818
v -1.899984 1.127339 1.677818
v -1.854886 1.024815 1.677915
v -1.792698 0.930584 1.678009
v -1.710938 0.841557 1.678106
v -1.607122 0.754643 1.678206
v -1.607122 0.754643 1.678206
v -1.479491 0.667717 1.678314
v -1.329166 0.582508 1.678427
v -1.157991 0.501712 1.678542
v -0.967810 0.428024 1.678657
v -0.967810 0.428024 1.678657
v -0.761201 0.363772 1.678769
v -0.543678 0.309817 1.678875
v -0.321492 0.266652 1.678974
v -0.100892 0.234771 1.679064
v -0.100892 0.234771 1.679064
v 0.111378 0.214400 1.679141
v 0.306592 0.204695 1.679206
v 0.475527 0.204543 1.679254
v 0.608963 0.212833 1.679286
v 0.608963 0.212833 1.679286
v 0.700953 0.229242 1.679299
v 0.758654 0.256619 1.679293
v 0.792496 0.298602 1.679268
v 0.812911 0.358829 1.679225
v 0.812911 0.358829 1.679225
v 0.828937 0.439319 1.679164
v 0.844032 0.535608 1.679090
v 0.860264 0.641615 1.679008
v 0.879699 0.751257 1.678924
v 0.879699 0.751257 1.678924
v 0.904295 0.859634 1.678842
v 0.935582 0.966583 1.678764
v 0.974983 1.073125 1.678688
v 1.023920 1.180279 1.678615
v 1.023920 1.180279 1.678615
v -1.929805 1.239807 1.677718
v -1.943478 1.358111 1.677617
v -1.939462 1.476703 1.677521
v 1.457104 1.753469 1.678271
v 1.457104 1.753469 1.678271
v 1.421514 1.722139 1.678287
v 1.380186 1.683701 1.678306
v 1.332254 1.634222 1.678333
v 1.276853 1.569769 1.678370
v 1.276853 1.569769 1.678370
v 1.554467 2.613823 1.677596
v 1.554467 2.613823 1.677596
v 1.292115 2.603751 1.677529
v 1.023548 2.589614 1.677464
v 0.742550 2.567348 1.677401
v 1.082775 1.288040 1.678544
v 1.147764 1.392298 1.678477
v 1.214064 1.487920 1.678418
v 1.487880 1.781101 1.678258
v 1.515001 1.806352 1.678245
v 1.539686 1.830016 1.678232
v 1.563153 1.852886 1.678220
v 1.563153 1.852886 1.678220
v 1.556639 2.423589 1.677752
v 1.558810 2.233355 1.677909
v 1.560982 2.043121 1.678064
v 1.554459 2.613847 1.706670
v 1.554462 2.613840 1.696979
v 1.554465 2.613832 1.687288
v 1.563150 1.852894 1.687912
v 1.563148 1.852902 1.697603
v 1.563145 1.852910 1.707294
v 1.019285 1.179265 1.706308
v 1.017421 1.179327 1.697996
v 1.019666 1.180001 1.689685
v 0.877637 0.752637 1.689993
v 0.876571 0.752723 1.698304
v 0.877481 0.751891 1.706616
v -1.617472 0.755363 1.705897
v -1.621669 0.755238 1.697584
v -1.616664 0.754746 1.689274
v -1.905775 1.122362 1.688891
v -1.908646 1.120609 1.697203
v -1.906039 1.123124 1.705513
v -1.924751 1.594043 1.688500
v -1.928532 1.596455 1.696809
v -1.924524 1.594813 1.705123
v -0.975461 0.424316 1.706352
v -0.977986 0.422231 1.698041
v -0.974074 0.423822 1.689729
v 1.459189 1.754865 1.689342
v 1.459986 1.755366 1.697653
v 1.458955 1.754676 1.705965
v 1.280432 1.577692 1.689435
v 1.281787 1.580989 1.697744
v 1.280015 1.577196 1.706058
v -0.098482 0.230113 1.706762
v -0.096254 0.227807 1.698453
v -0.096965 0.229918 1.690140
v 0.454050 2.539644 1.705035
v 0.457634 2.542540 1.696722
v 0.451895 2.539340 1.688411
v 0.626680 0.209844 1.706987
v 0.635459 0.208506 1.698679
v 0.627467 0.209915 1.690364
v -0.833254 2.276996 1.704880
v -0.842458 2.276878 1.696566
v -0.835142 2.276454 1.688256
v 0.814058 0.349742 1.706927
v 0.814681 0.345877 1.698618
v 0.814182 0.350219 1.690303
v -1.609539 1.962705 1.704913
v -1.615125 1.962859 1.696600
v -1.610435 1.962119 1.688290
v 0.442960 2.539653 1.519560
v 0.122360 2.486276 1.519511
v -0.205869 2.422441 1.519469
v -0.524498 2.351361 1.519436
v -0.816300 2.276249 1.519413
v 0.609008 0.212704 1.521508
v 0.700999 0.229114 1.521521
v 0.758700 0.256491 1.521515
v 0.792542 0.298473 1.521490
v 0.812957 0.358700 1.521447
v 1.527508 0.049764 1.771480
v 1.527508 0.049764 1.771480
v 0.564623 0.050744 1.771203
v -0.398263 0.051724 1.770925
v -1.361148 0.052704 1.770648
v 1.528872 1.388504 1.770387
v 1.528417 0.942257 1.770751
v 1.527963 0.496010 1.771116
v 1.552816 0.009505 1.731746
v 1.544380 0.022925 1.744990
v 1.535944 0.036344 1.758235
v 1.564129 2.766320 1.519697
v 1.564129 2.766320 1.519697
v 0.569289 2.767333 1.519410
v -0.425551 2.768345 1.519123
v -1.420392 2.769358 1.518837
v 1.554555 2.655042 1.519785
v 1.556949 2.682862 1.519763
v 1.559342 2.710681 1.519741
v 1.561735 2.738501 1.519719
v -1.067611 2.199718 1.519403
v -1.279029 2.121978 1.519406
v -1.454715 2.042636 1.519421
v 0.111424 0.214271 1.521364
v 0.306637 0.204566 1.521428
v 0.475573 0.204415 1.521476
v 0.828982 0.439190 1.521386
v 0.844078 0.535479 1.521312
v 0.860309 0.641486 1.521230
v 1.421559 1.722010 1.520509
v 1.380232 1.683572 1.520528
v 1.332300 1.634093 1.520555
v 1.276898 1.569640 1.520591
v 1.292192 2.634740 1.519726
v 1.023615 2.611020 1.519669
v 0.742609 2.580464 1.519613
v 1.082820 1.287911 1.520766
v 1.147809 1.392170 1.520700
v 1.214109 1.487791 1.520640
v 1.564086 2.766441 1.667104
v 1.564100 2.766401 1.617968
v 1.564114 2.766360 1.568832
vn -0.2856 0.1426 0.9477
vn -0.3263 0.1217 0.9374
vn -0.3513 0.1524 0.9238
vn -0.2589 0.1197 0.9584
vn -0.2527 0.1177 0.9604
vn -0.3161 0.1071 0.9427
vn -0.2403 0.1019 0.9653
vn -0.3724 0.1805 0.9104
vn -0.3884 0.1697 0.9057
vn -0.3891 0.1984 0.8996
vn -0.3089 0.1609 0.9374
vn -0.3860 0.1220 0.9144
vn -0.2286 0.0927 0.9691
vn -0.2730 0.1275 0.9535
vn -0.2257 0.0901 0.9700
vn -0.2287 0.0832 0.9699
vn -0.3790 0.0840 0.9216
vn -0.3092 0.0835 0.9473
vn -0.3820 0.1111 0.9175
vn -0.2825 0.0779 0.9561
vn -0.2599 0.0460 0.9645
vn -0.2727 0.0521 0.9607
vn -0.3021 0.0474 0.9521
vn -0.2402 0.0562 0.9691
vn -0.2658 0.0590 0.9622
vn -0.3256 0.0444 0.9445
vn -0.3541 0.1381 0.9250
vn -0.3679 0.1588 0.9162
vn -0.2870 0.1103 0.9516
vn -0.2937 0.0932 0.9514
vn -0.2726 0.0665 0.9598
vn -0.2310 0.0663 0.9707
vn -0.2472 0.0569 0.9673
vn -0.3201 0.0566 0.9457
vn -0.2194 0.0664 0.9734
vn -0.3819 0.0881 0.9200
vn -0.3615 0.0444 0.9313
vn -0.3331 0.0912 0.9385
vn 0.4997 -0.5741 0.6486
vn 0.5659 -0.6000 0.5654
vn 0.5035 -0.6467 0.5730
vn 0.6078 -0.6123 0.5057
vn 0.5954 -0.5497 0.5859
vn 0.6595 -0.5353 0.5277
vn 0.5329 -0.6886 0.4917
vn 0.2539 -0.4387 0.8620
vn 0.3142 -0.5580 0.7681
vn 0.4311 -0.4545 0.7795
vn 0.4143 -0.6972 0.5850
vn 0.6985 -0.5095 0.5025
vn 0.6682 -0.4393 0.6005
vn 0.7493 -0.2599 0.6092
vn 0.6435 -0.6247 0.4423
vn 0.5827 -0.4961 0.6438
vn 0.4479 -0.7544 0.4799
vn 0.5468 -0.7210 0.4255
vn 0.4331 -0.8232 0.3672
vn -0.2170 0.0688 0.9737
vn -0.1954 0.0603 0.9789
vn -0.1989 0.0543 0.9785
vn -0.2264 0.0697 0.9715
vn -0.1913 0.0662 0.9793
vn -0.2119 0.0781 0.9742
vn -0.2306 0.0578 0.9713
vn -0.2875 0.0793 0.9545
vn -0.2636 0.0632 0.9626
vn -0.2458 0.0897 0.9652
vn -0.2055 0.0522 0.9773
vn -0.2247 0.0881 0.9704
vn -0.2041 0.0789 0.9758
vn -0.2444 0.0814 0.9663
vn -0.1934 0.0701 0.9786
vn -0.2580 0.0658 0.9639
vn -0.2254 0.0502 0.9730
vn 0.5707 0.4294 0.6999
vn 0.3689 0.2720 0.8888
vn 0.4105 0.3342 0.8484
vn 0.6560 0.4038 0.6376
vn 0.5457 0.3803 0.7467
vn 0.3900 0.2484 0.8867
vn 0.5800 0.3448 0.7381
vn 0.4491 0.4224 0.7873
vn 0.3281 0.2688 0.9056
vn 0.2615 0.3984 0.8792
vn 0.5950 0.4794 0.6450
vn 0.2462 0.1778 0.9528
vn 0.7402 0.3660 0.5641
vn 0.6756 0.4648 0.5723
vn 0.7176 0.2769 0.6391
vn 0.3504 0.1348 0.9269
vn 0.4457 0.2124 0.8696
vn 0.2299 0.1737 0.9576
vn 0.6271 0.2505 0.7376
vn -0.4426 -0.0202 -0.8965
vn -0.5371 -0.0265 -0.8431
vn -0.4949 -0.0284 -0.8685
vn -0.9279 0.0401 -0.3707
vn -0.5405 -0.0236 -0.8410
vn -0.9000 0.0579 -0.4320
vn -0.9328 0.0531 -0.3564
vn -0.4630 -0.0057 -0.8863
vn -0.3820 -0.0179 -0.9240
vn -0.3654 0.0054 -0.9308
vn -0.5635 -0.0032 -0.8261
vn -0.4606 -0.0260 -0.8872
vn -0.9740 0.1106 -0.1978
vn -0.9502 0.0788 -0.3016
vn -0.9597 0.1858 -0.2109
vn -0.9878 0.0674 0.1405
vn -0.9796 0.0768 0.1855
vn -0.9691 0.1058 0.2227
vn -0.9167 0.0283 -0.3985
vn 0.3840 0.7274 0.5688
vn 0.2573 0.4880 0.8341
vn 0.2810 0.5745 0.7688
vn 0.4429 0.7541 0.4849
vn 0.3730 0.6822 0.6289
vn 0.2775 0.4882 0.8274
vn 0.4048 0.6776 0.6139
vn 0.3089 0.6825 0.6624
vn 0.2435 0.5012 0.8303
vn 0.2365 0.7278 0.6438
vn 0.4020 0.7727 0.4913
vn 0.1762 0.3266 0.9286
vn 0.5049 0.7648 0.4002
vn 0.4487 0.7888 0.4200
vn 0.5123 0.7070 0.4876
vn 0.3379 0.5140 0.7885
vn 0.1475 0.3005 0.9423
vn 0.4666 0.6489 0.6010
vn 0.2127 0.8624 0.4594
vn 0.2104 0.8954 0.3924
vn 0.2462 0.8725 0.4221
vn 0.2047 0.9200 0.3342
vn 0.1931 0.9033 0.3832
vn 0.1809 0.9316 0.3153
vn 0.2373 0.9046 0.3542
vn 0.2758 0.7813 0.5599
vn 0.1931 0.8289 0.5250
vn 0.2940 0.8423 0.4518
vn 0.1660 0.9478 0.2723
vn 0.1618 0.9364 0.3115
vn 0.1249 0.9553 0.2678
vn 0.2002 0.9424 0.2680
vn 0.1780 0.9028 0.3915
vn 0.2825 0.9240 0.2576
vn 0.2276 0.9355 0.2703
vn 0.3009 0.8776 0.3731
vn 0.6489 -0.0252 0.7604
vn 0.4020 -0.0273 0.9152
vn 0.4612 -0.0097 0.8872
vn 0.7071 -0.0903 0.7013
vn 0.6074 -0.0485 0.7929
vn 0.3763 -0.0516 0.9251
vn 0.6194 -0.1002 0.7786
vn 0.5159 0.0298 0.8561
vn 0.3386 -0.0209 0.9407
vn 0.6789 0.0035 0.7342
vn 0.2397 -0.0174 0.9707
vn 0.7457 -0.0583 0.6637
vn 0.7222 -0.2527 0.6438
vn 0.1909 -0.0132 0.9815
vn 0.3236 -0.1104 0.9397
vn 0.0986 -0.0460 0.9941
vn 0.6051 -0.2136 0.7670
vn 0.0428 0.9322 0.3593
vn 0.0387 0.9530 0.3005
vn 0.0613 0.9468 0.3158
vn 0.0348 0.9697 0.2419
vn 0.0166 0.9525 0.3042
vn 0.0036 0.9694 0.2454
vn 0.0668 0.9627 0.2622
vn 0.0782 0.8491 0.5224
vn 0.0898 0.8904 0.4463
vn 0.0301 0.8853 0.4641
vn 0.1002 0.9328 0.3462
vn -0.0065 0.9785 0.2062
vn -0.0298 0.9602 0.2778
vn -0.1485 0.9632 0.2241
vn 0.0278 0.9820 0.1866
vn 0.0036 0.9457 0.3250
vn 0.1087 0.9465 0.3038
vn 0.0701 0.9739 0.2160
vn 0.1198 -0.4619 0.8788
vn 0.1576 -0.7012 0.6953
vn 0.1385 -0.5725 0.8081
vn 0.1937 -0.9075 0.3726
vn 0.1716 -0.7262 0.6658
vn 0.2061 -0.9079 0.3650
vn 0.1705 -0.8142 0.5550
vn 0.0473 -0.0046 0.9989
vn 0.0643 -0.1929 0.9791
vn 0.1506 -0.5326 0.8329
vn 0.0895 -0.3505 0.9323
vn 0.2128 -0.9423 0.2585
vn 0.2181 -0.9035 0.3689
vn 0.2445 -0.9252 0.2902
vn 0.2048 -0.9727 0.1088
vn 0.1896 -0.7768 0.6005
vn 0.1456 -0.6502 0.7457
vn 0.2038 -0.9659 0.1598
vn 0.1265 -0.5518 0.8243
vn 0.2938 -0.8097 0.5080
vn 0.3147 -0.8713 0.3766
vn 0.2915 -0.8662 0.4057
vn 0.3269 -0.9017 0.2831
vn 0.3311 -0.8517 0.4062
vn 0.3550 -0.8830 0.3071
vn 0.2954 -0.9044 0.3080
vn 0.2156 -0.6581 0.7214
vn 0.2356 -0.7355 0.6353
vn 0.2703 -0.7137 0.6462
vn 0.2513 -0.8509 0.4614
vn 0.3678 -0.8976 0.2429
vn 0.3743 -0.8469 0.3778
vn 0.3425 -0.9180 0.1999
vn 0.3295 -0.8195 0.4688
vn 0.2524 -0.8932 0.3721
vn 0.2966 -0.9259 0.2338
vn 0.4658 -0.2274 0.8551
vn 0.4470 -0.1484 0.8821
vn 0.4503 -0.2206 0.8652
vn 0.3939 -0.1121 0.9123
vn 0.4511 -0.1406 0.8813
vn 0.4025 -0.0906 0.9109
vn 0.3899 -0.1816 0.9028
vn 0.4167 -0.2329 0.8787
vn 0.4473 -0.3656 0.8163
vn 0.4007 -0.3506 0.8465
vn 0.4397 -0.3450 0.8292
vn 0.3767 -0.0674 0.9239
vn 0.3796 -0.1010 0.9196
vn 0.3233 -0.0772 0.9431
vn 0.3644 -0.0841 0.9274
vn 0.4146 -0.1529 0.8971
vn 0.3969 -0.3010 0.8671
vn 0.3495 -0.1364 0.9270
vn 0.3943 -0.3190 0.8619
vn -0.5010 0.6127 0.6112
vn -0.4193 0.4532 0.7867
vn -0.3778 0.5401 0.7520
vn -0.2818 0.2763 0.9188
vn -0.5102 0.4654 0.7232
vn -0.3894 0.2857 0.8756
vn -0.2118 0.3419 0.9156
vn -0.4575 0.6999 0.5485
vn -0.4213 0.6917 0.5866
vn -0.5255 0.5909 0.6122
vn -0.3444 0.6070 0.7162
vn -0.3365 0.1920 0.9219
vn -0.4501 0.2862 0.8459
vn -0.3873 0.1939 0.9013
vn -0.2062 0.1703 0.9636
vn -0.5341 0.4560 0.7119
vn -0.1283 0.3367 0.9328
vn -0.1195 0.1963 0.9732
vn -0.2096 0.4414 0.8725
vn 0.3799 -0.0802 0.9215
vn 0.3585 -0.0559 0.9318
vn 0.3612 -0.0812 0.9290
vn 0.3245 -0.0371 0.9451
vn 0.3711 -0.0491 0.9273
vn 0.3401 -0.0206 0.9402
vn 0.3203 -0.0663 0.9450
vn 0.3779 -0.0778 0.9226
vn 0.3781 -0.1095 0.9193
vn 0.3776 -0.1116 0.9192
vn 0.3641 -0.1077 0.9251
vn 0.3256 -0.0001 0.9455
vn 0.3433 -0.0132 0.9391
vn 0.3089 0.0082 0.9511
vn 0.3069 -0.0197 0.9515
vn 0.3691 -0.0485 0.9281
vn 0.2939 -0.0475 0.9546
vn 0.3358 -0.0952 0.9371
vn -0.5376 -0.4038 0.7402
vn -0.6287 -0.4490 0.6350
vn -0.5521 -0.4966 0.6697
vn -0.5239 -0.2658 0.8093
vn -0.6000 -0.3894 0.6988
vn -0.7030 -0.3497 0.6193
vn -0.6306 -0.3069 0.7129
vn -0.5321 -0.5305 0.6598
vn -0.5157 -0.5504 0.6567
vn -0.4851 -0.6190 0.6176
vn -0.5347 -0.4150 0.7361
vn -0.6086 -0.4860 0.6272
vn -0.4224 -0.1326 0.8967
vn -0.4530 -0.2440 0.8575
vn -0.5082 -0.1756 0.8432
vn -0.7681 -0.2604 0.5849
vn -0.7402 -0.2525 0.6232
vn -0.7095 -0.3844 0.5907
vn -0.6578 -0.2245 0.7189
vn -0.3270 -0.6293 0.7050
vn -0.3662 -0.6914 0.6228
vn -0.3207 -0.7020 0.6358
vn -0.3181 -0.5066 0.8013
vn -0.3597 -0.6412 0.6779
vn -0.4215 -0.6591 0.6228
vn -0.3835 -0.5980 0.7038
vn -0.3135 -0.7321 0.6047
vn -0.2833 -0.7307 0.6211
vn -0.2561 -0.8066 0.5327
vn -0.3356 -0.6460 0.6856
vn -0.3444 -0.7018 0.6236
vn -0.1919 -0.3342 0.9228
vn -0.2927 -0.4734 0.8308
vn -0.2711 -0.4200 0.8661
vn -0.4668 -0.6096 0.6407
vn -0.4162 -0.6821 0.6012
vn -0.4024 -0.5492 0.7324
vn -0.1154 -0.7778 0.6178
vn -0.1276 -0.8365 0.5329
vn -0.0997 -0.8305 0.5481
vn -0.1418 -0.6580 0.7396
vn -0.1338 -0.7925 0.5950
vn -0.1834 -0.8321 0.5234
vn -0.1716 -0.7625 0.6239
vn -0.1058 -0.8665 0.4878
vn -0.0764 -0.8446 0.5300
vn -0.0814 -0.9209 0.3811
vn -0.1298 -0.8181 0.5602
vn -0.1101 -0.8367 0.5365
vn -0.0882 -0.4527 0.8873
vn -0.1392 -0.6496 0.7474
vn -0.1393 -0.5441 0.8274
vn -0.2429 -0.7960 0.5544
vn -0.1679 -0.8491 0.5009
vn -0.2113 -0.7202 0.6608
vn -0.7393 0.0966 0.6664
vn -0.5895 0.0441 0.8065
vn -0.6176 0.1293 0.7758
vn -0.3886 0.0120 0.9213
vn -0.6550 -0.0002 0.7557
vn -0.4500 -0.0414 0.8920
vn -0.4001 0.1151 0.9092
vn -0.7631 0.2000 0.6146
vn -0.7371 0.2196 0.6391
vn -0.7448 0.0659 0.6640
vn -0.6336 0.2153 0.7431
vn -0.3239 -0.0673 0.9437
vn -0.4985 -0.0760 0.8635
vn -0.2447 0.0002 0.9696
vn -0.6728 -0.0193 0.7396
vn -0.4626 0.1892 0.8661
vn -0.2762 0.0933 0.9566
vn -0.0419 -0.9389 0.3416
vn -0.0259 -0.8834 0.4679
vn -0.0593 -0.8824 0.4668
vn -0.0123 -0.6921 0.7217
vn -0.0020 -0.9228 0.3852
vn 0.0176 -0.8054 0.5925
vn -0.0475 -0.6024 0.7968
vn -0.0872 -0.9197 0.3829
vn -0.0254 -0.9445 0.3274
vn -0.0831 -0.8755 0.4760
vn 0.0484 -0.7766 0.6282
vn 0.0375 -0.8476 0.5292
vn 0.0658 -0.7607 0.6458
vn 0.0133 -0.6296 0.7768
vn 0.0041 -0.9267 0.3758
vn -0.0264 -0.2261 0.9737
vn -0.0263 -0.3980 0.9170
vn -0.0470 -0.5911 0.8052
vn -0.0624 0.5628 0.8243
vn -0.0624 0.5335 0.8435
vn -0.0855 0.6265 0.7747
vn -0.0277 0.4012 0.9156
vn -0.0546 0.5050 0.8614
vn -0.0391 0.4074 0.9124
vn -0.0340 0.3993 0.9162
vn -0.0995 0.7253 0.6813
vn -0.1130 0.6573 0.7451
vn -0.1560 0.7793 0.6069
vn -0.0711 0.6657 0.7428
vn -0.0594 0.4803 0.8751
vn -0.0292 0.4786 0.8775
vn 0.0050 0.1779 0.9840
vn -0.0402 0.3662 0.9297
vn -0.0211 0.2705 0.9625
vn -0.0103 0.1664 0.9860
vn -0.0143 0.2639 0.9644
vn 0.2933 -0.8787 0.3765
vn 0.3532 -0.7600 0.5455
vn 0.2388 -0.8501 0.4693
vn 0.3398 -0.6311 0.6974
vn 0.4135 -0.7362 0.5357
vn 0.4424 -0.5617 0.6991
vn 0.1787 -0.7336 0.6557
vn 0.1843 -0.9288 0.3216
vn 0.1602 -0.9359 0.3138
vn 0.2813 -0.8417 0.4610
vn 0.1429 -0.9016 0.4082
vn 0.4631 -0.4344 0.7726
vn 0.4368 -0.4786 0.7617
vn 0.3547 -0.5495 0.7565
vn 0.3829 -0.6930 0.6108
vn 0.1053 -0.8083 0.5793
vn 0.1861 -0.6457 0.7406
vn -0.1905 0.7535 0.6293
vn -0.1556 0.5971 0.7870
vn -0.1267 0.6212 0.7734
vn -0.0862 0.3545 0.9311
vn -0.2102 0.6631 0.7184
vn -0.1554 0.4469 0.8810
vn -0.0253 0.3057 0.9518
vn -0.1448 0.7560 0.6383
vn -0.2059 0.7504 0.6281
vn -0.1078 0.6360 0.7641
vn -0.1536 0.3494 0.9243
vn -0.1940 0.4848 0.8528
vn -0.0620 0.2275 0.9718
vn -0.2222 0.6705 0.7079
vn 0.0507 0.0715 0.9962
vn 0.0221 0.1193 0.9926
vn -0.0205 0.3189 0.9476
vn 0.0556 -0.3017 0.9518
vn 0.0330 -0.0492 0.9982
vn 0.0468 -0.1635 0.9854
vn 0.0027 0.1077 0.9942
vn 0.0234 -0.0781 0.9967
vn 0.0074 0.0983 0.9951
vn 0.0245 -0.0130 0.9996
vn 0.0507 -0.3332 0.9415
vn 0.0033 0.0200 0.9998
vn 0.0164 -0.1150 0.9932
vn -0.3996 0.0756 0.9136
vn -0.8689 0.1984 0.4535
vn -0.7837 0.2129 0.5835
vn -0.9649 0.2441 -0.0966
vn -0.7937 0.1593 0.5871
vn -0.9754 0.2148 -0.0504
vn -0.9619 0.2722 0.0276
vn 0.1783 -0.0411 0.9831
vn -0.0964 0.0849 0.9917
vn -0.1900 0.0220 0.9815
vn -0.6267 0.3040 0.7175
vn -0.8674 0.2134 -0.4495
vn -0.9799 0.1995 -0.0013
vn -0.8805 0.1452 -0.4513
vn -0.8607 0.2093 -0.4641
vn -0.7094 0.1305 0.6927
vn -0.8708 0.4188 0.2574
vn -0.9171 0.2657 -0.2971
vn -0.8635 0.5033 0.0330
vn -0.3995 0.1331 -0.9070
vn -0.4610 0.1385 -0.8765
vn -0.4234 0.1151 -0.8986
vn -0.5486 0.2758 -0.7893
vn -0.4127 0.1460 -0.8991
vn -0.4895 0.2314 -0.8407
vn -0.4506 0.2370 -0.8607
vn -0.3669 0.1022 -0.9246
vn -0.4515 0.1207 -0.8841
vn -0.3688 0.0792 -0.9261
vn -0.3630 0.1317 -0.9224
vn -0.5133 0.1426 -0.8463
vn -0.7500 0.4029 -0.5245
vn -0.6125 0.3006 -0.7311
vn -0.7211 0.5275 -0.4492
vn -0.5547 0.2431 -0.7958
vn -0.5274 0.4178 -0.7398
vn -0.5940 0.5305 -0.6048
vn -0.5012 0.4345 -0.7484
vn -0.2376 0.1015 0.9660
vn -0.8480 0.2660 0.4585
vn -0.7479 0.2000 0.6329
vn -0.9101 0.2920 -0.2941
vn -0.6684 0.2540 0.6991
vn -0.9451 0.3193 -0.0691
vn -0.9388 0.1968 -0.2827
vn 0.1377 0.0273 0.9901
vn -0.0348 0.0826 0.9960
vn -0.0706 0.0624 0.9956
vn -0.5891 0.1878 0.7859
vn -0.7646 0.2541 -0.5922
vn -0.9449 0.3167 0.0829
vn -0.9001 0.2218 -0.3749
vn -0.6651 0.1775 -0.7253
vn -0.5091 0.2202 0.8321
vn -0.9766 0.2119 -0.0356
vn -0.6941 0.1322 -0.7076
vn -0.3069 0.0453 -0.9507
vn -0.3371 0.0537 -0.9399
vn -0.3303 0.0497 -0.9426
vn -0.4166 0.0952 -0.9041
vn -0.2974 0.0434 -0.9538
vn -0.3388 0.0528 -0.9394
vn -0.3094 0.0504 -0.9496
vn -0.3256 0.0305 -0.9450
vn -0.3597 0.0588 -0.9312
vn -0.3264 0.0453 -0.9442
vn -0.3754 0.0646 -0.9246
vn -0.6537 0.1158 -0.7478
vn -0.5909 0.1377 -0.7949
vn -0.5807 0.1114 -0.8065
vn -0.3744 0.0587 -0.9254
vn -0.3370 0.0596 -0.9396
vn -0.3297 0.0603 -0.9422
vn -0.3238 0.1703 0.9307
vn -0.3321 0.3112 0.8905
vn -0.3152 0.1920 0.9294
vn -0.4065 0.5645 0.7184
vn -0.3331 0.3618 0.8707
vn -0.3644 0.6918 0.6235
vn -0.4143 0.3515 0.8395
vn -0.3591 0.2077 0.9099
vn -0.3355 0.8472 0.4120
vn -0.2828 0.8814 0.3784
vn -0.2547 0.9265 0.2770
vn -0.4698 0.6599 0.5864
vn -0.3507 0.4477 0.8225
vn -0.4801 0.3247 0.8149
vn -0.0003 0.0008 1.0000
vn -0.3386 0.9004 0.2731
vn -0.4264 0.8712 0.2433
vn -0.2892 0.9159 0.2783
vn -0.4720 0.8586 0.2000
vn -0.5052 0.8364 0.2125
vn -0.6007 0.7897 0.1248
vn -0.3035 0.9152 0.2650
vn -0.1302 0.7170 0.6848
vn -0.1348 0.8381 0.5285
vn -0.3330 0.6468 0.6861
vn -0.1554 0.9375 0.3113
vn -0.6997 0.7143 0.0168
vn -0.6967 0.6938 0.1825
vn -0.5222 0.8469 0.1007
vn -0.5546 0.7571 0.3452
vn -0.3624 0.9095 0.2035
vn -0.1533 0.9569 0.2466
vn -0.0815 0.2001 0.9764
vn -0.5585 0.3453 0.7542
vn -0.4800 0.3003 0.8243
vn -0.9104 0.3814 0.1601
vn -0.3685 0.3192 0.8731
vn -0.7816 0.3982 0.4802
vn -0.9435 0.3205 0.0847
vn 0.1615 0.1110 0.9806
vn 0.0404 0.1566 0.9868
vn 0.0126 0.1720 0.9850
vn -0.3756 0.2712 0.8862
vn -0.8757 0.4247 0.2298
vn -0.5655 0.3837 0.7300
vn -0.6094 0.4414 0.6586
vn -0.9033 0.2710 -0.3327
vn -0.2556 0.2966 0.9202
vn -0.9277 0.3233 0.1865
vn -0.8636 0.2034 -0.4614
vn -0.2900 0.7722 -0.5654
vn -0.4015 0.7777 -0.4838
vn -0.2268 0.8368 -0.4984
vn -0.5204 0.8028 -0.2909
vn -0.5192 0.6057 -0.6030
vn -0.7092 0.5356 -0.4585
vn -0.2507 0.9111 -0.3270
vn -0.1502 0.9150 -0.3745
vn -0.1027 0.8922 -0.4398
vn -0.3763 0.7917 -0.4813
vn -0.1098 0.8674 -0.4854
vn -0.7693 0.3629 -0.5258
vn -0.7662 0.3920 -0.5092
vn -0.8594 0.2431 -0.4498
vn -0.6322 0.7122 -0.3051
vn -0.6140 0.5886 -0.5258
vn -0.1154 0.9081 -0.4026
vn -0.2725 0.9310 -0.2429
vn -0.0818 0.9111 -0.4040
vn 0.6609 -0.6165 -0.4281
vn 0.6842 -0.6895 -0.2377
vn 0.7418 -0.6058 -0.2875
vn 0.5993 -0.7032 -0.3825
vn 0.6330 -0.6642 -0.3977
vn 0.6046 -0.7526 -0.2606
vn 0.5754 -0.7091 -0.4076
vn 0.7388 -0.4870 -0.4658
vn 0.7892 -0.5988 -0.1365
vn 0.9003 -0.2872 -0.3271
vn 0.6047 -0.5474 -0.5786
vn 0.7213 -0.6918 -0.0338
vn 0.4974 -0.7328 -0.4644
vn 0.5328 -0.6007 -0.5961
vn 0.4972 -0.7455 -0.4440
vn 0.6167 -0.7822 -0.0889
vn 0.4952 -0.7990 -0.3411
vn 0.4778 -0.8584 -0.1865
vn 0.4879 -0.7521 -0.4430
vn 0.0005 0.6707 0.7418
vn 0.0005 0.6706 0.7418
vn -0.9917 0.1286 -0.0035
vn -0.9107 0.1291 -0.3923
vn -0.9341 0.1628 -0.3176
vn -0.8803 0.1309 -0.4559
vn -0.9262 0.1138 -0.3596
vn -0.8546 0.1203 -0.5051
vn -0.9002 0.1642 -0.4034
vn -0.8424 0.1923 0.5033
vn -0.9431 0.2415 0.2285
vn -0.9561 0.1261 0.2646
vn -0.9390 0.2546 -0.2313
vn -0.8178 0.1328 -0.5599
vn -0.8259 0.1110 -0.5528
vn -0.7610 0.1404 -0.6334
vn -0.8640 0.1239 -0.4880
vn -0.9430 0.1001 -0.3175
vn -0.8882 0.1467 -0.4353
vn -0.8854 0.2469 -0.3939
vn 0.7545 0.4667 -0.4615
vn 0.6605 0.4395 -0.6088
vn 0.7137 0.3616 -0.6000
vn 0.6598 0.4693 -0.5869
vn 0.6085 0.4882 -0.6256
vn 0.5569 0.5150 -0.6517
vn 0.7304 0.3632 -0.5784
vn 0.9052 0.4035 -0.1335
vn 0.8899 0.3094 -0.3352
vn 0.7780 0.5314 -0.3352
vn 0.7918 0.2624 -0.5515
vn 0.4803 0.5234 -0.7038
vn 0.5454 0.5519 -0.6308
vn 0.5123 0.6488 -0.5628
vn 0.5719 0.4698 -0.6725
vn 0.6359 0.5400 -0.5514
vn 0.7145 0.2178 -0.6649
vn 0.7039 0.3976 -0.5886
vn 0.7428 0.2399 -0.6250
vn -0.6237 0.7816 -0.0106
vn -0.5161 0.6049 0.6064
vn -0.3917 0.6564 0.6447
vn -0.6400 0.6214 -0.4519
vn -0.6635 0.7406 0.1061
vn -0.7405 0.6663 -0.0879
vn -0.6955 0.6078 0.3832
vn -0.2231 0.4489 0.8653
vn -0.2612 0.4782 0.8385
vn -0.6308 0.7759 -0.0059
vn -0.3970 0.6334 0.6643
vn -0.4772 0.5197 0.7087
vn -0.6144 0.5180 -0.5951
vn -0.6228 0.6269 -0.4681
vn -0.6547 0.5428 -0.5261
vn -0.6671 0.5310 0.5225
vn -0.7847 0.5836 0.2090
vn -0.7423 0.5301 0.4097
vn -0.7586 0.6061 -0.2389
vn 0.0574 -0.9415 0.3321
vn 0.0514 -0.9237 0.3796
vn 0.0412 -0.9068 0.4196
vn 0.0545 -0.9058 0.4201
vn 0.0704 -0.9673 0.2437
vn 0.0820 -0.9576 0.2763
vn 0.0379 -0.8875 0.4592
vn 0.0424 -0.8863 0.4611
vn 0.0373 -0.8799 0.4737
vn 0.0785 -0.9947 0.0658
vn 0.0349 -0.8796 0.4745
vn 0.1099 -0.9818 0.1552
vn 0.1014 -0.9926 0.0672
vn 0.1454 -0.9853 -0.0894
vn 0.0661 -0.9314 0.3581
vn 0.0867 -0.9955 0.0384
vn 0.0334 -0.8798 0.4742
vn 0.0430 -0.8892 0.4555
vn 0.0339 -0.8800 0.4738
vn 0.8698 -0.0469 0.4911
vn 0.8699 -0.0513 0.4905
vn 0.8685 -0.0520 0.4930
vn 0.8698 -0.0524 0.4906
vn 0.8734 -0.0472 0.4848
vn 0.8741 -0.0497 0.4832
vn 0.8683 -0.0537 0.4931
vn 0.8750 -0.0302 0.4832
vn 0.8674 -0.0514 0.4950
vn 0.8805 -0.0303 0.4731
vn 0.8679 -0.0536 0.4939
vn 0.8760 -0.0518 0.4795
vn 0.8847 -0.0396 0.4644
vn 0.8942 -0.0387 0.4460
vn 0.8697 -0.0531 0.4907
vn 0.8824 -0.0368 0.4691
vn 0.8680 -0.0542 0.4937
vn 0.8681 -0.0542 0.4934
vn 0.8679 -0.0543 0.4937
vn -0.9253 0.2208 0.3084
vn -0.8914 0.2536 -0.3757
vn -0.9404 0.2219 -0.2577
vn -0.7700 0.2436 -0.5897
vn -0.9309 0.2828 -0.2311
vn -0.7867 0.2838 -0.5482
vn -0.7811 0.1906 -0.5946
vn -0.5369 0.1563 0.8290
vn -0.7803 0.2104 0.5890
vn -0.8184 0.2183 0.5316
vn -0.9710 0.2193 -0.0950
vn -0.7381 0.3196 -0.5941
vn -0.7546 0.2778 -0.5945
vn -0.6731 0.3413 -0.6561
vn -0.7432 0.2533 -0.6192
vn -0.9348 0.2713 -0.2292
vn -0.7297 0.1932 -0.6559
vn -0.8239 0.1612 -0.5433
vn 0.4664 0.7956 -0.3867
vn 0.4167 0.7351 -0.5348
vn 0.4666 0.7157 -0.5196
vn 0.4075 0.7423 -0.5319
vn 0.3863 0.7487 -0.5387
vn 0.3478 0.7378 -0.5785
vn 0.4713 0.7246 -0.5027
vn 0.5596 0.8168 -0.1399
vn 0.5695 0.7594 -0.3145
vn 0.4746 0.8330 -0.2843
vn 0.5355 0.6954 -0.4793
vn 0.2929 0.7149 -0.6349
vn 0.3498 0.7714 -0.5316
vn 0.3106 0.8463 -0.4329
vn 0.3503 0.6923 -0.6308
vn 0.4032 0.7957 -0.4519
vn 0.4319 0.7198 -0.5435
vn 0.5222 0.6672 -0.5312
vn -0.8179 0.5384 -0.2026
vn -0.6771 0.4332 0.5948
vn -0.7747 0.5217 0.3573
vn -0.7336 0.4313 -0.5252
vn -0.8556 0.5104 0.0864
vn -0.6198 0.3251 0.7143
vn -0.8801 0.4717 0.0536
vn -0.8059 0.5506 0.2176
vn -0.6054 0.4326 0.6681
vn -0.7752 0.5322 -0.3402
vn -0.4899 0.3048 0.8167
vn -0.6891 0.4276 -0.5851
vn -0.7531 0.3733 -0.5417
vn -0.4297 0.2257 0.8743
vn -0.5814 0.2757 0.7655
vn -0.3670 0.1661 0.9153
vn -0.8965 0.4359 0.0793
vn -0.4915 0.0012 0.8709
vn 0.2182 0.8571 -0.4666
vn 0.2059 0.8400 -0.5021
vn 0.2486 0.8386 -0.4847
vn 0.2038 0.8689 -0.4511
vn 0.1742 0.8161 -0.5510
vn 0.1566 0.8208 -0.5494
vn 0.2586 0.8858 -0.3854
vn 0.2930 0.9331 -0.2083
vn 0.3005 0.8854 -0.3546
vn 0.2288 0.9281 -0.2938
vn 0.2987 0.8498 -0.4343
vn 0.1202 0.7827 -0.6107
vn 0.1484 0.8283 -0.5403
vn 0.1036 0.8533 -0.5110
vn 0.1717 0.8189 -0.5477
vn 0.1769 0.8589 -0.4805
vn 0.2312 0.8794 -0.4162
vn 0.3089 0.8530 -0.4206
vn 0.1598 -0.8235 -0.5444
vn 0.1632 -0.8382 -0.5204
vn 0.1500 -0.8626 -0.4832
vn 0.1728 -0.8727 -0.4566
vn 0.1666 -0.7923 -0.5870
vn 0.1800 -0.8070 -0.5625
vn 0.1580 -0.9330 -0.3234
vn 0.1597 -0.9305 -0.3296
vn 0.1432 -0.8883 -0.4364
vn 0.1676 -0.8444 -0.5088
vn 0.1411 -0.9001 -0.4121
vn 0.1926 -0.7631 -0.6168
vn 0.1855 -0.8129 -0.5520
vn 0.2298 -0.8413 -0.4893
vn 0.1737 -0.8168 -0.5501
vn 0.1727 -0.8110 -0.5589
vn 0.1710 -0.9225 -0.3460
vn 0.1424 -0.9674 -0.2095
vn 0.7546 -0.0476 -0.6545
vn 0.7201 -0.0180 -0.6936
vn 0.7508 -0.1174 -0.6501
vn 0.7586 0.0029 -0.6515
vn 0.6701 0.0362 -0.7414
vn 0.6600 0.0790 -0.7471
vn 0.8344 -0.1239 -0.5370
vn 0.8464 -0.2653 -0.4618
vn 0.8835 -0.0466 -0.4661
vn 0.7738 -0.2441 -0.5846
vn 0.6039 0.1309 -0.7862
vn 0.6750 0.1096 -0.7296
vn 0.6755 0.0465 -0.7359
vn 0.7417 0.0575 -0.6682
vn 0.8667 -0.2496 -0.4318
vn 0.8100 -0.0629 -0.5830
vn 0.8323 -0.2628 -0.4882
vn 0.0244 0.9238 -0.3820
vn 0.0366 0.9754 -0.2174
vn 0.0061 0.9618 -0.2737
vn 0.0591 0.9167 -0.3953
vn 0.0404 0.9409 -0.3361
vn 0.0729 0.9784 -0.1933
vn 0.0713 0.9412 -0.3301
vn -0.0196 0.9161 -0.4005
vn 0.0029 0.9848 -0.1736
vn 0.0231 0.8684 -0.4954
vn 0.0264 0.9956 -0.0895
vn 0.0472 0.8396 -0.5411
vn 0.1034 0.8878 -0.4486
vn 0.0723 0.9946 -0.0742
vn 0.1173 0.9803 -0.1587
vn 0.1432 0.9895 0.0210
vn 0.1086 0.9342 -0.3397
vn 0.3311 -0.8682 -0.3695
vn 0.3254 -0.9000 -0.2900
vn 0.3589 -0.8898 -0.2818
vn 0.2955 -0.8825 -0.3658
vn 0.3083 -0.8700 -0.3847
vn 0.2884 -0.9052 -0.3121
vn 0.2797 -0.8728 -0.4001
vn 0.3852 -0.8613 -0.3314
vn 0.3763 -0.9104 -0.1718
vn 0.3280 -0.8347 -0.4423
vn 0.3450 -0.9240 -0.1652
vn 0.2862 -0.8172 -0.5003
vn 0.2414 -0.8565 -0.4562
vn 0.2932 -0.9379 -0.1854
vn 0.2447 -0.9058 -0.3458
vn 0.2390 -0.9613 -0.1369
vn 0.2404 -0.8611 -0.4480
vn 0.3397 0.0074 0.9405
vn 0.3320 0.0299 0.9428
vn 0.3417 0.0123 0.9397
vn 0.2964 0.0541 0.9535
vn 0.3199 0.0304 0.9470
vn 0.2776 0.0616 0.9587
vn 0.3048 0.0324 0.9519
vn 0.1674 -0.0088 0.9858
vn 0.3482 -0.0125 0.9373
vn 0.2754 0.0032 0.9613
vn 0.3509 -0.0073 0.9364
vn 0.2354 0.0883 0.9679
vn 0.1969 0.0632 0.9784
vn 0.0454 0.0581 0.9973
vn 0.2712 0.0729 0.9597
vn 0.2583 0.0257 0.9657
vn 0.2778 0.0511 0.9593
vn 0.3199 -0.0009 0.9474
vn -0.4005 0.8712 -0.2838
vn -0.4761 0.8790 -0.0261
vn -0.3653 0.9309 0.0099
vn -0.4713 0.6897 -0.5497
vn -0.4646 0.8184 -0.3381
vn -0.4873 0.6813 -0.5462
vn -0.6461 0.7312 -0.2189
vn -0.2764 0.9520 0.1313
vn -0.3155 0.9416 0.1180
vn -0.2527 0.9489 0.1890
vn -0.3796 0.9100 -0.1665
vn -0.4303 0.8939 0.1257
vn -0.4808 0.7835 -0.3936
vn -0.6894 0.7184 0.0923
vn -0.6374 0.7261 -0.2579
vn -0.7029 0.7031 -0.1075
vn -0.6516 0.7212 -0.2353
vn -0.6428 0.7189 -0.2646
vn -0.6687 0.7209 -0.1820
vn -0.7123 0.6968 -0.0847
vn -0.7598 0.6370 0.1302
vn -0.6221 0.7382 -0.2607
vn -0.6277 0.7355 -0.2551
vn -0.6468 0.7324 -0.2125
vn -0.6250 0.7293 -0.2784
vn -0.7258 0.6842 -0.0714
vn -0.6220 0.7234 -0.2997
vn -0.6299 0.7243 -0.2805
vn -0.6559 0.7232 -0.2162
vn -0.7657 0.5773 0.2835
vn -0.7789 0.5184 0.3530
vn -0.7839 0.4532 0.4243
vn -0.7344 0.6757 0.0639
vn -0.9532 0.3020 -0.0148
vn -0.9542 0.2974 0.0315
vn -0.9402 0.3404 0.0131
vn -0.9679 0.2492 -0.0336
vn -0.9602 0.2793 0.0021
vn -0.9696 0.2407 0.0439
vn -0.9713 0.2378 0.0001
vn -0.9316 0.3618 0.0357
vn -0.9211 0.3892 0.0104
vn -0.8931 0.4478 0.0431
vn -0.9516 0.3071 0.0103
vn -0.9468 0.3204 0.0301
vn -0.9800 0.1970 -0.0273
vn -0.9655 0.2596 -0.0194
vn -0.9801 0.1965 -0.0290
vn -0.9786 0.1966 0.0604
vn -0.9796 0.1965 0.0429
vn -0.9656 0.2539 0.0553
vn -0.9806 0.1962 -0.0004
vn 0.4691 0.8827 0.0290
vn 0.4755 0.8776 -0.0607
vn 0.4316 0.9017 -0.0238
vn 0.5230 0.8488 0.0783
vn 0.4953 0.8687 -0.0064
vn 0.5407 0.8366 -0.0880
vn 0.5459 0.8379 -0.0032
vn 0.4159 0.9074 -0.0600
vn 0.3828 0.9237 -0.0154
vn 0.3370 0.9355 -0.1065
vn 0.4657 0.8848 -0.0160
vn 0.4510 0.8914 -0.0453
vn 0.5845 0.8056 0.0968
vn 0.5126 0.8577 0.0391
vn 0.5902 0.8032 0.0813
vn 0.6097 0.7864 -0.0994
vn 0.6149 0.7839 -0.0858
vn 0.5184 0.8492 -0.1006
vn 0.6064 0.7952 -0.0033
vn 1.0000 -0.0010 0.0003
vn 0.3890 0.9213 -0.0004
vn 0.3888 0.9213 -0.0005
vn 0.3890 0.9212 -0.0009
vn 0.3889 0.9213 -0.0007
vn 0.3888 0.9213 -0.0007
vn 0.9974 0.0374 0.0618
vn 0.9948 0.0115 -0.1009
vn 0.9935 0.1104 -0.0295
vn 0.9857 -0.0974 0.1376
vn 0.9996 -0.0257 -0.0073
vn 0.9781 -0.1459 -0.1483
vn 0.9887 -0.1498 -0.0009
vn 0.9865 0.1529 -0.0587
vn 0.9781 0.2064 -0.0259
vn 0.9452 0.3031 -0.1216
vn 0.9987 0.0497 0.0136
vn 0.9928 0.0631 -0.1016
vn 0.9522 -0.2607 0.1589
vn 0.9943 -0.0666 0.0831
vn 0.9548 -0.2972 -0.0006
vn 0.9552 -0.2631 0.1352
vn 0.9335 -0.3216 -0.1584
vn 0.9360 -0.3247 -0.1358
vn 0.9774 -0.1036 -0.1845
vn 0.2160 0.9756 0.0399
vn 0.2247 0.9721 -0.0678
vn 0.1907 0.9814 -0.0206
vn 0.2603 0.9611 0.0920
vn 0.2391 0.9710 -0.0050
vn 0.2783 0.9555 -0.0984
vn 0.2822 0.9594 -0.0021
vn 0.1789 0.9833 -0.0349
vn 0.1565 0.9876 -0.0138
vn 0.1279 0.9888 -0.0768
vn 0.2125 0.9771 0.0079
vn 0.2059 0.9769 -0.0578
vn 0.3145 0.9436 0.1039
vn 0.2499 0.9671 0.0485
vn 0.3183 0.9440 0.0865
vn 0.3390 0.9365 -0.0898
vn 0.2594 0.9590 -0.1142
vn 0.3304 0.9438 -0.0013
vn -0.6941 0.7199 -0.0014
vn -0.6844 0.7291 -0.0005
vn -0.6860 0.7275 -0.0057
vn -0.6743 0.7384 -0.0002
vn -0.6890 0.7247 0.0033
vn -0.6772 0.7358 0.0053
vn -0.6738 0.7389 -0.0078
vn -0.6967 0.7173 0.0002
vn -0.6959 0.7182 -0.0025
vn -0.6877 0.7259 -0.0071
vn -0.6638 0.7479 0.0046
vn -0.6789 0.7342 0.0028
vn -0.6640 0.7477 0.0007
vn -0.6630 0.7486 -0.0005
vn -0.6905 0.7233 0.0029
vn -0.6637 0.7479 -0.0095
vn -0.6632 0.7484 -0.0072
vn -0.6750 0.7377 -0.0102
vn -0.0010 -1.0000 0.0008
vn 0.7496 -0.6589 0.0626
vn 0.7319 -0.6735 -0.1035
vn 0.8142 -0.5793 -0.0385
vn 0.6441 -0.7548 0.1242
vn 0.7031 -0.7110 -0.0041
vn 0.6174 -0.7764 -0.1265
vn 0.6202 -0.7844 0.0024
vn 0.8459 -0.5262 -0.0875
vn 0.8873 -0.4598 -0.0355
vn 0.7603 -0.6496 -0.0012
vn 0.7706 -0.6271 -0.1141
vn 0.5466 -0.8289 0.1193
vn 0.6680 -0.7403 0.0751
vn 0.5435 -0.8394 0.0041
vn 0.5532 -0.8267 0.1029
vn 0.5167 -0.8483 -0.1155
vn 0.5240 -0.8462 -0.0968
vn 0.6364 -0.7532 -0.1663
vn 0.7934 0.6063 0.0530
vn 0.8048 0.5862 -0.0926
vn 0.7408 0.6711 -0.0305
vn 0.8677 0.4838 0.1141
vn 0.8328 0.5536 -0.0074
vn 0.8859 0.4472 -0.1236
vn 0.8942 0.4477 -0.0003
vn 0.7106 0.7007 -0.0629
vn 0.6756 0.7368 -0.0262
vn 0.7871 0.6168 -0.0002
vn 0.7714 0.6291 -0.0957
vn 0.9291 0.3491 0.1221
vn 0.8566 0.5113 0.0692
vn 0.9435 0.3314 0.0011
vn 0.9299 0.3524 0.1048
vn 0.9466 0.3055 -0.1029
vn 0.8641 0.4776 -0.1587
vn -1.0000 0.0010 -0.0003
vn 0.0003 -0.0008 -1.0000
vn 0.9999 0.0114 0.0003
vn 0.9999 0.0114 0.0002
vn 0.9494 -0.2486 0.1918
vn 0.9607 -0.2774 -0.0106
vn 0.9733 -0.2296 0.0002
vn 0.9423 -0.2941 -0.1600
vn 0.9494 -0.3032 0.0818
vn 0.9362 -0.3445 -0.0704
vn 0.9517 -0.2335 -0.1993
vn 0.9534 -0.2265 0.1991
vn 0.9598 -0.2242 0.1691
vn 0.9603 -0.2648 0.0882
vn 0.9759 -0.2180 -0.0007
vn 0.9146 -0.4035 -0.0254
vn 0.9225 -0.3476 -0.1677
vn 0.8701 -0.3794 -0.3146
vn 0.9430 -0.3216 -0.0860
vn 0.9507 -0.3055 -0.0531
vn 0.9557 -0.2090 -0.2073
vn 0.9429 -0.2563 -0.2129
vn 0.9635 -0.2100 -0.1660
vn -0.7477 -0.4269 -0.5086
vn -0.8355 -0.5491 0.0214
vn -0.9032 -0.4291 -0.0010
vn -0.7407 -0.5494 0.3866
vn -0.7663 -0.5924 -0.2485
vn -0.7272 -0.6711 0.1440
vn -0.7620 -0.3868 0.5194
vn -0.7596 -0.3659 -0.5377
vn -0.7962 -0.3720 -0.4772
vn -0.8131 -0.5033 -0.2925
vn -0.9187 -0.3951 0.0022
vn -0.6548 -0.7535 0.0587
vn -0.6938 -0.6653 0.2757
vn -0.5806 -0.6601 0.4767
vn -0.7294 -0.6077 0.3142
vn -0.7870 -0.6169 0.0019
vn -0.7678 -0.3160 0.5574
vn -0.7003 -0.4104 0.5841
vn -0.8168 -0.3345 0.4700
vn -0.8206 0.0698 -0.5673
vn -0.9993 0.0306 0.0220
vn -0.9851 0.1723 0.0021
vn -0.9139 -0.0191 0.4056
vn -0.9603 -0.0412 -0.2757
vn -0.9832 -0.1174 0.1401
vn -0.8028 0.1139 0.5853
vn -0.7754 0.1247 -0.6190
vn -0.8289 0.1468 -0.5398
vn -0.9391 0.0476 -0.3404
vn -0.9782 0.2077 0.0069
vn -0.9704 -0.2340 0.0594
vn -0.9586 -0.1358 0.2504
vn -0.8357 -0.1940 0.5137
vn -0.9353 -0.0681 0.3471
vn -0.9966 -0.0507 -0.0647
vn -0.7425 0.1737 0.6469
vn -0.7613 0.0609 0.6456
vn -0.8177 0.1923 0.5426
vn -0.4831 -0.7929 -0.3713
vn -0.4961 -0.8679 0.0248
vn -0.5564 -0.8309 0.0062
vn -0.4552 -0.8441 0.2832
vn -0.4622 -0.8737 -0.1519
vn -0.4248 -0.8977 0.1165
vn -0.4954 -0.7706 0.4010
vn -0.4991 -0.7604 -0.4156
vn -0.5248 -0.7854 -0.3283
vn -0.4987 -0.8487 -0.1763
vn -0.5670 -0.8237 0.0115
vn -0.3683 -0.9293 0.0284
vn -0.4081 -0.8719 0.2708
vn -0.3295 -0.8093 0.4863
vn -0.4454 -0.8841 0.1415
vn -0.4649 -0.8819 0.0781
vn -0.5150 -0.7346 0.4417
vn -0.4681 -0.7880 0.4000
vn -0.5406 -0.7701 0.3388
vn 0.6774 -0.7349 -0.0318
vn 0.6835 -0.7300 0.0011
vn 0.6729 -0.7397 0.0005
vn 0.6860 -0.7272 0.0238
vn 0.6898 -0.7238 -0.0170
vn 0.6938 -0.7202 0.0047
vn 0.6724 -0.7395 0.0323
vn 0.6715 -0.7404 -0.0293
vn 0.6707 -0.7412 -0.0279
vn 0.6810 -0.7320 -0.0194
vn 0.6679 -0.7443 -0.0005
vn 0.6972 -0.7169 0.0047
vn 0.6967 -0.7174 -0.0015
vn 0.6983 -0.7159 0.0011
vn 0.6896 -0.7237 0.0267
vn 0.6913 -0.7224 -0.0133
vn 0.6658 -0.7453 0.0349
vn 0.6753 -0.7364 0.0413
vn 0.6657 -0.7457 0.0273
vn 0.7084 -0.6677 0.2288
vn 0.7103 -0.7039 0.0036
vn 0.7448 -0.6673 0.0056
vn 0.6906 -0.7063 -0.1555
vn 0.6783 -0.7228 0.1324
vn 0.6711 -0.7410 -0.0223
vn 0.7277 -0.6532 -0.2090
vn 0.7304 -0.6498 0.2105
vn 0.7343 -0.6490 0.1990
vn 0.7059 -0.6936 0.1435
vn 0.7589 -0.6512 0.0046
vn 0.6601 -0.7509 -0.0211
vn 0.6583 -0.7520 0.0338
vn 0.6557 -0.7546 0.0261
vn 0.6731 -0.7165 -0.1831
vn 0.6719 -0.7310 0.1194
vn 0.7456 -0.6304 -0.2161
vn 0.7072 -0.6540 -0.2685
vn 0.7515 -0.6345 -0.1809
vn -0.2338 -0.8776 -0.4185
vn -0.2402 -0.9706 0.0182
vn -0.2912 -0.9567 0.0022
vn -0.2131 -0.9288 0.3032
vn -0.2109 -0.9578 -0.1954
vn -0.1878 -0.9774 0.0974
vn -0.2495 -0.8645 0.4363
vn -0.2516 -0.8523 -0.4585
vn -0.2682 -0.8894 -0.3702
vn -0.2379 -0.9444 -0.2268
vn -0.2996 -0.9539 0.0193
vn -0.1472 -0.9887 0.0289
vn -0.1811 -0.9702 0.1613
vn -0.1429 -0.9239 0.3550
vn -0.1992 -0.9540 0.2241
vn -0.2119 -0.9764 -0.0427
vn -0.2698 -0.8380 0.4744
vn -0.2242 -0.8569 0.4641
vn -0.2840 -0.8819 0.3764
vn -0.0402 0.9992 -0.0000
vn -0.0482 0.9988 0.0095
vn -0.0381 0.9993 0.0005
vn -0.0559 0.9970 0.0527
vn -0.0547 0.9984 0.0169
vn -0.0762 0.9945 0.0720
vn -0.0407 0.9991 0.0103
vn -0.0374 0.9993 -0.0015
vn -0.0372 0.9993 -0.0010
vn -0.0416 0.9987 0.0290
vn -0.0370 0.9993 -0.0008
vn -0.1111 0.9938 0.0060
vn -0.0721 0.9641 0.2557
vn -0.0938 0.8950 0.4362
vn -0.0648 0.9955 -0.0695
vn -0.0520 0.9808 0.1878
vn -0.0375 0.9993 -0.0002
vn -0.0469 0.9987 -0.0201
vn -0.0372 0.9993 -0.0006
vn -0.0585 -0.9339 -0.3526
vn -0.0477 -0.9988 0.0084
vn -0.0896 -0.9960 -0.0023
vn -0.0319 -0.9663 0.2553
vn -0.0232 -0.9845 -0.1738
vn 0.0021 -0.9968 0.0804
vn -0.0747 -0.9320 0.3548
vn -0.0780 -0.9263 -0.3687
vn -0.0826 -0.9440 -0.3195
vn -0.0491 -0.9794 -0.1960
vn -0.0972 -0.9952 0.0105
vn 0.0533 -0.9980 0.0328
vn 0.0110 -0.9930 0.1178
vn 0.0447 -0.9449 0.3243
vn -0.0139 -0.9771 0.2123
vn -0.0198 -0.9977 -0.0651
vn -0.0952 -0.9220 0.3753
vn -0.0554 -0.9157 0.3980
vn -0.0975 -0.9433 0.3173
vn -0.1630 0.9164 -0.3657
vn -0.1850 0.9826 0.0151
vn -0.1547 0.9880 0.0011
vn -0.1879 0.9460 0.2642
vn -0.1968 0.9663 -0.1657
vn -0.2156 0.9724 0.0897
vn -0.1515 0.9118 0.3817
vn -0.1465 0.9031 -0.4037
vn -0.1488 0.9399 -0.3072
vn -0.1796 0.9652 -0.1903
vn -0.1505 0.9883 0.0248
vn -0.2466 0.9689 0.0191
vn -0.2158 0.9619 0.1678
vn -0.2227 0.8961 0.3840
vn -0.2034 0.9638 0.1721
vn -0.2010 0.9794 -0.0170
vn -0.1336 0.9002 0.4144
vn -0.1641 0.9041 0.3946
vn -0.1395 0.9399 0.3116
vn 0.8227 -0.4951 0.2796
vn 0.8471 -0.5314 -0.0085
vn 0.8730 -0.4878 -0.0000
vn 0.8234 -0.5338 -0.1926
vn 0.8261 -0.5483 0.1300
vn 0.8190 -0.5716 -0.0502
vn 0.8312 -0.4757 -0.2877
vn 0.8304 -0.4706 0.2983
vn 0.8458 -0.4733 0.2461
vn 0.8399 -0.5218 0.1495
vn 0.8786 -0.4776 -0.0034
vn 0.7978 -0.6025 -0.0219
vn 0.8132 -0.5789 -0.0596
vn 0.7879 -0.5930 -0.1662
vn 0.8178 -0.5533 -0.1582
vn 0.8293 -0.5557 0.0595
vn 0.8378 -0.4472 -0.3134
vn 0.8120 -0.4912 -0.3153
vn 0.8551 -0.4562 -0.2465
vn 0.2465 -0.7947 -0.5546
vn 0.4539 -0.8909 -0.0148
vn 0.2580 -0.9660 -0.0173
vn 0.5224 -0.7146 0.4652
vn 0.5895 -0.7215 -0.3633
vn 0.7930 -0.5916 0.1453
vn 0.2150 -0.8296 0.5153
vn 0.3446 -0.8490 -0.4005
vn 0.1968 -0.8393 -0.5068
vn 0.2009 -0.8578 -0.4731
vn 0.1757 -0.9843 -0.0158
vn 0.9137 -0.3771 0.1514
vn 0.8470 -0.4936 0.1975
vn 0.8843 -0.3271 0.3333
vn 0.5238 -0.5726 0.6306
vn 0.6450 -0.7355 -0.2075
vn 0.1518 -0.8821 0.4459
vn 0.1909 -0.7457 0.6383
vn 0.1538 -0.8626 0.4819
vn -0.2923 0.8463 -0.4454
vn -0.3461 0.9382 0.0043
vn -0.2982 0.9545 -0.0090
vn -0.3457 0.8740 0.3414
vn -0.3667 0.8989 -0.2399
vn -0.4121 0.9026 0.1243
vn -0.2785 0.8574 0.4328
vn -0.2706 0.8530 -0.4463
vn -0.2724 0.8653 -0.4207
vn -0.3294 0.9064 -0.2645
vn -0.2893 0.9572 0.0025
vn -0.4816 0.8749 0.0515
vn -0.4163 0.8843 0.2114
vn -0.4170 0.7723 0.4793
vn -0.3732 0.8764 0.3044
vn -0.3810 0.9224 -0.0626
vn -0.2547 0.8585 0.4451
vn -0.2851 0.8150 0.5045
vn -0.2602 0.8781 0.4016
vn 0.9658 -0.1502 -0.2112
vn 0.9892 -0.1462 0.0059
vn 0.9827 -0.1849 0.0054
vn 0.9818 -0.1434 0.1243
vn 0.9859 -0.1320 -0.1033
vn 0.9896 -0.1436 -0.0019
vn 0.9576 -0.1730 0.2304
vn 0.9572 -0.1709 -0.2336
vn 0.9660 -0.1795 -0.1859
vn 0.9823 -0.1426 -0.1216
vn 0.9807 -0.1955 0.0013
vn 0.9859 -0.1675 0.0055
vn 0.9839 -0.1377 -0.1141
vn 0.9680 -0.1594 -0.1938
vn 0.9788 -0.1389 0.1507
vn 0.9816 -0.1263 -0.1434
vn 0.9429 -0.1982 0.2677
vn 0.9553 -0.1545 0.2521
vn 0.9595 -0.2014 0.1969
vn -0.5535 0.6388 -0.5345
vn -0.6985 0.7156 0.0106
vn -0.6064 0.7951 -0.0080
vn -0.6746 0.6093 0.4167
vn -0.7249 0.6291 -0.2807
vn -0.8088 0.5612 0.1761
vn -0.5287 0.6636 0.5293
vn -0.5092 0.6658 -0.5454
vn -0.5198 0.6903 -0.5032
vn -0.6445 0.6926 -0.3239
vn -0.5805 0.8142 0.0003
vn -0.9029 0.4210 0.0867
vn -0.7827 0.5079 0.3598
vn -0.6968 0.3329 0.6353
vn -0.7251 0.5775 0.3752
vn -0.7600 0.6499 0.0060
vn -0.4760 0.6845 0.5522
vn -0.5212 0.5916 0.6152
vn -0.4988 0.7195 0.4832
vn 0.0061 0.0019 1.0000
vn 0.0006 0.0007 1.0000
vn 0.0398 0.0022 0.9992
vn 0.1078 -0.0053 0.9942
vn -0.0009 -0.7027 0.7114
vn -0.0009 -0.7028 0.7114
vn 0.8433 -0.0004 0.5375
vn 0.8432 -0.0004 0.5375
vn 0.1996 -0.9797 0.0186
vn 0.1937 -0.9790 -0.0631
vn 0.2156 -0.9762 -0.0224
vn 0.1743 -0.9839 0.0401
vn 0.1859 -0.9824 -0.0157
vn 0.1626 -0.9819 -0.0974
vn 0.1601 -0.9869 -0.0190
vn 0.2222 -0.9743 -0.0364
vn 0.2404 -0.9706 -0.0104
vn 0.2583 -0.9622 -0.0869
vn 0.2024 -0.9793 -0.0051
vn 0.2059 -0.9776 -0.0431
vn 0.1386 -0.9903 0.0052
vn 0.1831 -0.9829 0.0201
vn 0.1341 -0.9909 0.0144
vn 0.1352 -0.9815 -0.1357
vn 0.1320 -0.9857 -0.1050
vn 0.1754 -0.9792 -0.1017
vn 0.1323 -0.9908 -0.0268
vn -0.7281 0.6839 0.0453
vn -0.7055 0.7087 -0.0023
vn -0.7411 0.6714 0.0005
vn -0.7002 0.7131 -0.0336
vn -0.6846 0.7284 0.0270
vn -0.6699 0.7424 -0.0058
vn -0.7429 0.6680 -0.0430
vn -0.7213 0.6919 0.0311
vn -0.7658 0.6421 0.0357
vn -0.7703 0.6367 0.0349
vn -0.7743 0.6328 0.0007
vn -0.6649 0.7468 -0.0114
vn -0.6594 0.7518 0.0074
vn -0.6932 0.7194 -0.0439
vn -0.6797 0.7331 0.0244
vn -0.7820 0.6221 -0.0379
vn -0.7373 0.6731 -0.0583
vn -0.7805 0.6243 -0.0322
vn 0.0247 0.9991 0.0347
vn 0.0339 0.9979 -0.0551
vn 0.0002 0.9999 -0.0170
vn 0.0654 0.9951 0.0736
vn 0.0462 0.9989 -0.0028
vn 0.0806 0.9938 -0.0759
vn 0.0817 0.9967 -0.0010
vn -0.0171 0.9995 -0.0267
vn -0.0408 0.9991 -0.0140
vn -0.1181 0.9915 -0.0551
vn 0.0203 0.9997 0.0121
vn 0.0165 0.9984 -0.0543
vn 0.1113 0.9909 0.0758
vn 0.0554 0.9976 0.0413
vn 0.1107 0.9918 0.0635
vn 0.1259 0.9900 -0.0640
vn 0.0676 0.9933 -0.0934
vn 0.1183 0.9930 -0.0005
vn 0.3757 -0.9253 0.0521
vn 0.3645 -0.9279 -0.0779
vn 0.4122 -0.9107 -0.0261
vn 0.3217 -0.9416 0.0999
vn 0.3481 -0.9375 -0.0007
vn 0.3067 -0.9470 -0.0957
vn 0.3069 -0.9517 0.0017
vn 0.4328 -0.9003 -0.0467
vn 0.4664 -0.8843 -0.0208
vn 0.3816 -0.9242 0.0130
vn 0.3875 -0.9185 -0.0784
vn 0.2726 -0.9578 0.0915
vn 0.3353 -0.9404 0.0573
vn 0.2774 -0.9576 0.0782
vn 0.2639 -0.9618 -0.0724
vn 0.3191 -0.9398 -0.1221
vn 0.2724 -0.9622 0.0021
vn 0.0010 1.0000 -0.0008
vn 0.0661 -0.9823 -0.1753
vn 0.0793 -0.9798 -0.1837
vn 0.0730 -0.9784 -0.1935
vn 0.0868 -0.9796 -0.1815
vn 0.0789 -0.9847 -0.1553
vn 0.0981 -0.9841 -0.1479
vn 0.0766 -0.9771 -0.1986
vn 0.6606 -0.7376 -0.1395
vn 0.7096 -0.6899 -0.1435
vn 0.0571 -0.9927 -0.1058
vn 0.7098 -0.6896 -0.1438
vn 0.1228 -0.9828 -0.1381
vn 0.0946 -0.9936 -0.0613
vn 0.0935 -0.9768 -0.1926
vn 0.0705 -0.9947 -0.0753
vn 0.7448 -0.6543 -0.1310
vn 0.0801 -0.9761 -0.2022
vn 0.7089 -0.6906 -0.1433
vn -0.5953 0.7957 -0.1115
vn -0.2757 0.9612 -0.0138
vn -0.3205 0.9391 -0.1242
vn -0.5592 0.8181 0.1341
vn -0.7911 0.6105 0.0385
vn -0.2654 0.9540 0.1390
vn -0.4734 0.8805 -0.0248
vn -0.3337 0.9401 -0.0693
vn -0.1334 0.9884 -0.0731
vn -0.6485 0.7600 -0.0419
vn -0.1262 0.9920 -0.0017
vn -0.8961 0.4393 0.0637
vn -0.8799 0.4744 0.0255
vn -0.9617 0.2687 0.0538
vn -0.6266 0.7535 0.1993
vn -0.1226 0.9875 0.0990
vn -0.2777 0.9413 0.1921
vn -0.1046 0.9864 0.1267
vn 0.9969 -0.0791 -0.0037
vn 0.9965 -0.0834 -0.0007
vn 0.9969 -0.0792 -0.0024
vn 0.9968 -0.0804 -0.0033
vn 0.9966 -0.0828 -0.0015
vn 0.9964 -0.0850 -0.0001
vn 0.9965 -0.0839 -0.0007
vn 0.9974 -0.0717 -0.0060
vn 0.9970 -0.0778 -0.0007
vn 0.9977 -0.0679 -0.0054
vn 0.9973 -0.0727 -0.0071
vn 0.9965 -0.0832 -0.0003
vn 0.9964 -0.0847 -0.0040
vn 0.9972 -0.0738 -0.0081
vn 0.9964 -0.0853 -0.0011
vn 0.9963 -0.0856 0.0003
vn 0.9963 -0.0856 -0.0000
vn 0.9964 -0.0852 0.0001
vn -0.8592 0.5092 0.0506
vn -0.8459 0.5334 -0.0028
vn -0.8681 0.4965 -0.0014
vn -0.8388 0.5429 -0.0418
vn -0.8339 0.5513 0.0250
vn -0.8211 0.5706 -0.0107
vn -0.8653 0.4969 -0.0664
vn -0.8933 0.4472 0.0450
vn -0.8531 0.5208 0.0315
vn -0.8942 0.4476 -0.0008
vn -0.8033 0.5955 -0.0103
vn -0.8125 0.5828 -0.0150
vn -0.8296 0.5567 -0.0429
vn -0.8313 0.5557 0.0112
vn -0.8892 0.4470 -0.0979
vn -0.8571 0.5086 -0.0816
vn -0.8920 0.4466 -0.0701
vn -0.9865 0.1582 -0.0414
vn -0.9895 0.1442 0.0012
vn -0.9842 0.1771 0.0010
vn -0.9890 0.1457 0.0259
vn -0.9909 0.1329 -0.0227
vn -0.9900 0.1407 -0.0005
vn -0.9827 0.1795 0.0450
vn -0.9702 0.2350 -0.0592
vn -0.9706 0.2355 -0.0494
vn -0.9885 0.1484 -0.0297
vn -0.9667 0.2560 0.0043
vn -0.9870 0.1609 0.0018
vn -0.9893 0.1440 -0.0251
vn -0.9888 0.1461 0.0308
vn -0.9910 0.1305 -0.0303
vn -0.9841 0.1688 0.0558
vn -0.9572 0.2834 0.0587
vn -0.7069 0.0001 -0.7073
vn 0.5562 0.0001 0.8311
vn -0.7073 0.0013 0.7069
vn -0.8731 0.0013 0.4876
vn 0.5566 -0.0012 -0.8308
vn 0.7069 -0.0001 0.7073
vn -0.8728 0.0005 -0.4880
vn 0.7073 -0.0013 -0.7069
vn -0.3170 0.1071 0.9424
vn -0.2106 0.0719 0.9749
vn -0.2985 0.1181 0.9471
vn -0.3035 0.0712 0.9502
vn -0.2180 0.0710 0.9734
vn -0.2066 0.0614 0.9765
vn -0.2108 0.0556 0.9759
vn -0.3554 0.1548 0.9218
vn -0.3905 0.1364 0.9104
vn -0.3669 0.0847 0.9264
vn 0.3262 -0.2686 0.9063
vn 0.5433 -0.4358 0.7176
vn 0.3850 -0.3505 0.8538
vn 0.2957 -0.2136 0.9311
vn 0.5081 -0.3813 0.7723
vn 0.6280 -0.3857 0.6760
vn 0.5517 -0.3232 0.7688
vn 0.3123 -0.2932 0.9036
vn 0.2175 -0.1711 0.9609
vn 0.1328 -0.1241 0.9833
vn -0.3078 0.0745 0.9485
vn -0.2044 0.0693 0.9764
vn -0.2784 0.0883 0.9564
vn -0.3115 0.0651 0.9480
vn -0.2214 0.0649 0.9730
vn -0.2048 0.0724 0.9761
vn -0.2215 0.0656 0.9730
vn -0.3183 0.1087 0.9418
vn -0.3692 0.0879 0.9252
vn -0.3821 0.0669 0.9217
vn 0.5153 0.5221 0.6797
vn 0.5881 0.5707 0.5731
vn 0.6029 0.5259 0.6000
vn 0.5821 0.6505 0.4878
vn 0.5413 0.6023 0.5867
vn 0.6334 0.5958 0.4938
vn 0.6666 0.5370 0.5170
vn 0.5984 0.6826 0.4195
vn 0.6635 0.6136 0.4280
vn 0.7008 0.5325 0.4747
vn 0.3579 0.8120 0.4611
vn 0.3843 0.8195 0.4252
vn 0.4048 0.8056 0.4327
vn 0.3559 0.8557 0.3757
vn 0.3470 0.8308 0.4352
vn 0.4002 0.8378 0.3714
vn 0.4306 0.8196 0.3778
vn 0.3615 0.8777 0.3148
vn 0.4465 0.8298 0.3348
vn 0.4160 0.8537 0.3131
vn 0.1282 0.7708 0.6240
vn 0.1660 0.9022 0.3980
vn 0.1517 0.7883 0.5963
vn 0.1229 0.8161 0.5647
vn 0.1486 0.9019 0.4056
vn 0.1478 0.9278 0.3427
vn 0.1349 0.9147 0.3811
vn 0.1230 0.6961 0.7074
vn 0.1030 0.6171 0.7802
vn 0.1112 0.7055 0.6999
vn 0.5846 0.0836 0.8070
vn 0.7034 0.0884 0.7053
vn 0.6942 0.0414 0.7186
vn 0.7575 0.1621 0.6323
vn 0.6734 0.1452 0.7248
vn 0.7756 0.0830 0.6258
vn 0.7726 0.0131 0.6348
vn 0.8018 0.1768 0.5708
vn 0.8033 -0.0173 0.5954
vn 0.8254 0.0740 0.5596
vn -0.0111 0.8069 0.5906
vn -0.0067 0.9332 0.3593
vn 0.0108 0.8461 0.5329
vn -0.0534 0.8384 0.5424
vn -0.0229 0.9288 0.3700
vn -0.0428 0.9501 0.3091
vn -0.0687 0.9369 0.3428
vn 0.0185 0.8101 0.5860
vn -0.0143 0.6979 0.7161
vn -0.0183 0.6322 0.7746
vn 0.1814 -0.5553 0.8116
vn 0.2028 -0.8001 0.5646
vn 0.1744 -0.5605 0.8096
vn 0.1897 -0.6290 0.7539
vn 0.2097 -0.7885 0.5782
vn 0.2182 -0.8722 0.4378
vn 0.2190 -0.8233 0.5236
vn 0.1433 -0.3439 0.9280
vn 0.1459 -0.3366 0.9303
vn 0.1523 -0.4439 0.8831
vn 0.2455 -0.5605 0.7909
vn 0.3187 -0.7749 0.5459
vn 0.2598 -0.6364 0.7263
vn 0.2615 -0.5546 0.7899
vn 0.3147 -0.7342 0.6017
vn 0.3662 -0.8072 0.4630
vn 0.3474 -0.7286 0.5903
vn 0.2414 -0.5662 0.7881
vn 0.2071 -0.4337 0.8769
vn 0.1733 -0.3814 0.9080
vn 0.3753 -0.2080 0.9033
vn 0.3658 -0.1674 0.9155
vn 0.3784 -0.1654 0.9107
vn 0.3740 -0.1458 0.9159
vn 0.3659 -0.1836 0.9124
vn 0.3658 -0.1371 0.9205
vn 0.3659 -0.1288 0.9217
vn 0.3642 -0.2629 0.8935
vn 0.3678 -0.2029 0.9075
vn 0.3763 -0.1545 0.9135
vn -0.6492 0.4717 0.5966
vn -0.5478 0.4390 0.7122
vn -0.5640 0.5429 0.6223
vn -0.7179 0.3407 0.6071
vn -0.6134 0.4091 0.6756
vn -0.5125 0.2945 0.8066
vn -0.6310 0.3111 0.7107
vn -0.5187 0.6058 0.6033
vn -0.6275 0.5141 0.5848
vn -0.7335 0.3663 0.5725
vn 0.3722 -0.0569 0.9264
vn 0.3630 -0.0492 0.9305
vn 0.3726 -0.0682 0.9255
vn 0.3653 -0.0393 0.9300
vn 0.3655 -0.0458 0.9297
vn 0.3441 -0.0218 0.9387
vn 0.3598 -0.0297 0.9325
vn 0.3727 -0.0870 0.9239
vn 0.3752 -0.0656 0.9246
vn 0.3688 -0.0493 0.9282
vn -0.5192 -0.5480 0.6558
vn -0.4477 -0.4197 0.7896
vn -0.5234 -0.4238 0.7392
vn -0.2550 -0.3270 0.9099
vn -0.4176 -0.4949 0.7620
vn -0.3066 -0.2601 0.9156
vn -0.3983 -0.2563 0.8807
vn -0.1500 -0.1934 0.9696
vn -0.3440 -0.1581 0.9256
vn -0.2170 -0.1549 0.9638
vn -0.3102 -0.7603 0.5707
vn -0.2801 -0.6167 0.7357
vn -0.3329 -0.6544 0.6789
vn -0.1485 -0.4342 0.8885
vn -0.2405 -0.6708 0.7015
vn -0.2045 -0.4087 0.8895
vn -0.2675 -0.4590 0.8472
vn -0.0991 -0.2692 0.9580
vn -0.2484 -0.3578 0.9002
vn -0.1653 -0.2864 0.9437
vn -0.1167 -0.9057 0.4076
vn -0.1273 -0.8418 0.5245
vn -0.1423 -0.8531 0.5020
vn -0.0746 -0.6399 0.7649
vn -0.1056 -0.8647 0.4911
vn -0.1086 -0.6543 0.7484
vn -0.1346 -0.6835 0.7174
vn -0.0469 -0.4188 0.9069
vn -0.1376 -0.5697 0.8103
vn -0.0977 -0.4955 0.8631
vn -0.7681 -0.0573 0.6378
vn -0.6794 -0.0345 0.7329
vn -0.7421 0.0197 0.6700
vn -0.7671 -0.1608 0.6211
vn -0.7156 -0.0797 0.6940
vn -0.5818 -0.1133 0.8054
vn -0.6893 -0.1493 0.7089
vn -0.7458 0.0915 0.6599
vn -0.7724 -0.0201 0.6348
vn -0.7898 -0.1388 0.5974
vn 0.0196 -0.9607 0.2769
vn 0.0083 -0.9240 0.3822
vn -0.0113 -0.9483 0.3172
vn 0.0776 -0.9608 0.2663
vn 0.0299 -0.9396 0.3409
vn 0.0512 -0.8710 0.4885
vn 0.0747 -0.9272 0.3670
vn -0.0322 -0.9465 0.3210
vn 0.0032 -0.9596 0.2814
vn 0.0617 -0.9691 0.2389
vn -0.1141 0.7628 0.6364
vn -0.0702 0.6278 0.7752
vn -0.0754 0.6870 0.7228
vn -0.0218 0.3847 0.9228
vn -0.0904 0.6409 0.7622
vn -0.0144 0.4332 0.9012
vn -0.0239 0.4958 0.8681
vn 0.0222 0.2138 0.9766
vn 0.0127 0.3544 0.9350
vn 0.0229 0.2913 0.9564
vn 0.3722 -0.6696 0.6428
vn 0.3459 -0.6456 0.6808
vn 0.2996 -0.7661 0.5686
vn 0.4134 -0.4875 0.7691
vn 0.4172 -0.5354 0.7343
vn 0.3839 -0.4654 0.7975
vn 0.3898 -0.6005 0.6982
vn 0.2517 -0.8265 0.5036
vn 0.3530 -0.7013 0.6194
vn 0.4038 -0.5288 0.7465
vn -0.2784 0.7627 0.5838
vn -0.2276 0.6698 0.7068
vn -0.2235 0.7465 0.6268
vn -0.3549 0.7422 0.5685
vn -0.2708 0.7015 0.6592
vn -0.2318 0.5380 0.8104
vn -0.3077 0.6588 0.6866
vn -0.1934 0.7591 0.6216
vn -0.2541 0.7685 0.5873
vn -0.3479 0.7710 0.5334
vn 0.0526 -0.4588 0.8870
vn 0.0217 -0.2029 0.9790
vn 0.0186 -0.1638 0.9863
vn 0.0134 -0.1452 0.9893
vn 0.0633 -0.5273 0.8473
vn 0.0439 -0.4565 0.8886
vn 0.0062 -0.0421 0.9991
vn 0.0810 -0.6601 0.7468
vn 0.0314 -0.4667 0.8839
vn 0.0706 -0.7015 0.7092
vn 0.0310 -0.4662 0.8842
vn 0.0147 -0.1305 0.9913
vn 0.0855 -0.7774 0.6232
vn 0.0016 0.0025 1.0000
vn 0.0040 -0.0047 1.0000
vn -0.5759 0.1065 0.8106
vn -0.1161 0.0020 0.9932
vn 0.0397 0.0347 0.9986
vn -0.3430 0.0892 0.9351
vn -0.9222 0.2246 0.3148
vn -0.4436 0.1445 0.8845
vn 0.0948 -0.0681 0.9932
vn 0.1745 -0.0505 0.9834
vn 0.2047 -0.0143 0.9787
vn -0.3240 0.0884 -0.9419
vn -0.3770 0.1192 -0.9185
vn -0.3507 0.1291 -0.9275
vn -0.7099 0.1613 -0.6855
vn -0.3492 0.0779 -0.9338
vn -0.7558 0.2462 -0.6067
vn -0.6772 0.2894 -0.6765
vn -0.8972 0.1814 -0.4027
vn -0.9106 0.3282 -0.2513
vn -0.7961 0.4076 -0.4473
vn 0.0693 0.0554 0.9961
vn -0.3941 0.1922 0.8988
vn -0.0269 0.0570 0.9980
vn 0.1014 0.1021 0.9896
vn -0.1912 0.1625 0.9680
vn -0.7936 0.3602 0.4904
vn -0.2584 0.2327 0.9376
vn 0.1112 -0.0042 0.9938
vn 0.1816 0.0102 0.9833
vn 0.2124 0.0441 0.9762
vn -0.3471 0.0039 -0.9378
vn -0.4658 0.0146 -0.8847
vn -0.3800 0.0367 -0.9243
vn -0.9206 0.0263 -0.3896
vn -0.4490 -0.0159 -0.8934
vn -0.9053 0.0997 -0.4128
vn -0.7903 0.1457 -0.5952
vn -0.9793 0.0608 0.1932
vn -0.8801 0.2621 -0.3959
vn -0.9803 0.1685 0.1031
vn -0.0683 0.0202 0.9975
vn -0.5207 0.6119 0.5953
vn -0.2359 0.2701 0.9335
vn 0.0205 0.0092 0.9997
vn -0.4354 0.4375 0.7867
vn -0.6948 0.5795 0.4260
vn -0.5027 0.3866 0.7732
vn -0.2121 0.1445 0.9665
vn 0.1216 -0.2980 0.9468
vn 0.2974 -0.2590 0.9190
vn 0.0656 0.1741 0.9825
vn -0.1999 0.2833 0.9380
vn 0.0287 0.1717 0.9847
vn 0.0317 0.2566 0.9660
vn -0.1267 0.2740 0.9533
vn -0.4248 0.3952 0.8145
vn -0.2239 0.3582 0.9064
vn 0.1293 0.1120 0.9853
vn 0.1542 0.1270 0.9798
vn -0.0351 0.2395 0.9703
vn 0.1268 0.1819 0.9751
vn -0.0242 0.2152 0.9763
vn -0.1985 0.3464 0.9168
vn -0.4196 0.4218 0.8038
vn -0.7459 0.6554 0.1190
vn -0.7178 0.6153 -0.3258
vn -0.6152 0.7721 -0.1593
vn -0.8901 0.4142 -0.1903
vn -0.8576 0.4171 0.3010
vn -0.8519 0.4055 -0.3313
vn -0.8254 0.5386 -0.1693
vn -0.5810 0.8138 0.0066
vn -0.7107 0.3182 0.6274
vn -0.6572 0.5459 0.5197
vn 0.6594 -0.4127 -0.6283
vn 0.6450 -0.4544 -0.6144
vn 0.5538 -0.4803 -0.6802
vn 0.7937 -0.3980 -0.4600
vn 0.7037 -0.3513 -0.6176
vn 0.6792 -0.5209 -0.5171
vn 0.5388 -0.5548 -0.6339
vn 0.7609 -0.4573 -0.4603
vn 0.4602 -0.5748 -0.6766
vn 0.5740 -0.5206 -0.6321
vn -0.7893 0.1005 0.6057
vn -0.9815 0.1146 -0.1535
vn -0.9039 0.1066 0.4143
vn -0.7195 0.1522 0.6777
vn -0.9811 0.1524 0.1190
vn -0.8628 0.1317 -0.4881
vn -0.9810 0.1926 0.0235
vn -0.7281 0.0745 0.6814
vn -0.5732 0.0677 0.8166
vn -0.4995 0.1006 0.8605
vn 0.7116 0.6700 -0.2114
vn 0.6689 0.5908 -0.4511
vn 0.7542 0.6112 -0.2401
vn 0.6574 0.7140 -0.2408
vn 0.6551 0.6288 -0.4189
vn 0.6088 0.6349 -0.4757
vn 0.6104 0.6573 -0.4419
vn 0.7898 0.6107 -0.0568
vn 0.7398 0.6728 -0.0045
vn 0.6726 0.7377 -0.0586
vn -0.6011 0.6451 0.4718
vn -0.6626 0.7429 -0.0952
vn -0.6711 0.7414 0.0014
vn -0.6251 0.7305 -0.2750
vn -0.6532 0.7548 0.0604
vn -0.6399 0.6781 -0.3616
vn -0.6484 0.6552 -0.3877
vn -0.6290 0.6492 0.4277
vn -0.6108 0.7003 -0.3694
vn -0.6347 0.7226 -0.2739
vn -0.6256 0.7105 -0.3222
vn -0.6687 0.7428 -0.0332
vn -0.6378 0.5893 -0.4960
vn -0.6292 0.6484 -0.4285
vn 0.1088 -0.9343 -0.3396
vn 0.1016 -0.9776 -0.1844
vn 0.0968 -0.9775 -0.1874
vn 0.1299 -0.9158 -0.3801
vn 0.1119 -0.9271 -0.3578
vn 0.1198 -0.9855 -0.1205
vn 0.1256 -0.9243 -0.3604
vn 0.0901 -0.9919 -0.0900
vn 0.1062 -0.9629 -0.2483
vn 0.1252 -0.9496 -0.2875
vn 0.9052 -0.0045 0.4249
vn 0.8946 -0.0216 0.4463
vn 0.8957 -0.0154 0.4445
vn 0.9091 -0.0003 0.4167
vn 0.9025 -0.0093 0.4305
vn 0.9059 -0.0061 0.4233
vn 0.8978 -0.0194 0.4400
vn 0.8928 -0.0035 0.4504
vn 0.9049 -0.0003 0.4257
vn 0.9109 0.0024 0.4127
vn 0.9097 0.0016 0.4154
vn 0.9101 0.0002 0.4144
vn 0.9040 -0.0242 0.4268
vn 0.9078 -0.0082 0.4192
vn -0.6681 0.2031 0.7158
vn -0.9533 0.2866 -0.0950
vn -0.8035 0.2159 0.5548
vn -0.5595 0.2420 0.7927
vn -0.9169 0.3361 0.2154
vn -0.7934 0.3195 -0.5180
vn -0.9040 0.4014 0.1473
vn -0.5442 0.1178 0.8306
vn -0.4324 0.1238 0.8931
vn -0.3744 0.1501 0.9150
vn 0.4178 0.8865 -0.1988
vn 0.4148 0.8366 -0.3578
vn 0.4517 0.8675 -0.2085
vn 0.3737 0.8932 -0.2503
vn 0.3943 0.8490 -0.3518
vn 0.3761 0.8572 -0.3517
vn 0.3604 0.8549 -0.3731
vn 0.4669 0.8821 -0.0626
vn 0.4368 0.8988 -0.0375
vn 0.3827 0.9182 -0.1021
vn -0.8078 0.5889 0.0259
vn -0.7349 0.5147 -0.4416
vn -0.7720 0.5241 -0.3596
vn -0.6564 0.4931 -0.5709
vn -0.7445 0.5662 -0.3537
vn -0.6797 0.4580 -0.5729
vn -0.7048 0.4449 -0.5526
vn -0.6416 0.4616 -0.6126
vn -0.7027 0.4016 -0.5873
vn -0.6822 0.4432 -0.5816
vn 0.1994 0.9693 -0.1439
vn 0.1852 0.9174 -0.3523
vn 0.2203 0.9564 -0.1917
vn 0.1726 0.9760 -0.1325
vn 0.1827 0.9390 -0.2914
vn 0.1557 0.9054 -0.3949
vn 0.1482 0.9372 -0.3158
vn 0.2437 0.9646 -0.1011
vn 0.2077 0.9782 0.0044
vn 0.1865 0.9821 0.0263
vn 0.1844 -0.8735 -0.4505
vn 0.1834 -0.8509 -0.4922
vn 0.1761 -0.8591 -0.4805
vn 0.2019 -0.8992 -0.3882
vn 0.1877 -0.8543 -0.4847
vn 0.2051 -0.8760 -0.4365
vn 0.2108 -0.8593 -0.4660
vn 0.1768 -0.8729 -0.4548
vn 0.1888 -0.8954 -0.4031
vn 0.2050 -0.9314 -0.3008
vn 0.9761 0.1092 -0.1877
vn 0.8341 0.0697 -0.5472
vn 0.9602 0.0301 -0.2776
vn 0.9588 0.1846 -0.2162
vn 0.8697 0.1076 -0.4817
vn 0.7934 0.1400 -0.5924
vn 0.8466 0.1638 -0.5065
vn 0.9980 0.0121 -0.0627
vn 0.9921 0.0859 0.0909
vn 0.9812 0.1910 0.0258
vn -0.0130 0.8419 -0.5394
vn 0.0004 0.8231 -0.5678
vn 0.0186 0.8100 -0.5861
vn -0.0360 0.8786 -0.4762
vn -0.0412 0.8414 -0.5389
vn 0.0103 0.8390 -0.5440
vn 0.0398 0.8066 -0.5897
vn -0.0109 0.8518 -0.5238
vn 0.0675 0.7787 -0.6237
vn 0.0257 0.7889 -0.6140
vn 0.3911 -0.8330 -0.3914
vn 0.3628 -0.8040 -0.4712
vn 0.3209 -0.7976 -0.5107
vn 0.4334 -0.8130 -0.3888
vn 0.4148 -0.7769 -0.4736
vn 0.3584 -0.8268 -0.4335
vn 0.2924 -0.8011 -0.5222
vn 0.3912 -0.8123 -0.4326
vn 0.2431 -0.7679 -0.5926
vn 0.3037 -0.7704 -0.5605
vn 0.0765 0.0033 0.9971
vn 0.1556 0.0165 0.9877
vn 0.1704 0.0005 0.9854
vn 0.0223 0.0046 0.9997
vn 0.0857 0.0083 0.9963
vn 0.0676 0.0375 0.9970
vn 0.0433 0.0143 0.9990
vn 0.0022 0.0010 1.0000
vn 0.0072 0.0032 1.0000
vn 0.0097 0.0132 0.9999
vn -0.6559 0.7233 -0.2159
vn -0.6677 0.7133 -0.2131
vn -0.6497 0.7218 -0.2387
vn -0.6798 0.7061 -0.1981
vn -0.6741 0.7101 -0.2032
vn -0.6700 0.7129 -0.2071
vn -0.6513 0.7208 -0.2372
vn -0.6755 0.7119 -0.1920
vn -0.6815 0.7050 -0.1963
vn -0.6843 0.7024 -0.1959
vn -0.6845 0.7022 -0.1959
vn -0.6824 0.7044 -0.1956
vn -0.6463 0.7213 -0.2493
vn -0.6689 0.7142 -0.2061
vn -0.9249 0.3760 0.0556
vn -0.9399 0.3415 -0.0031
vn -0.9491 0.3137 0.0292
vn -0.9182 0.3895 -0.0718
vn -0.9197 0.3927 -0.0011
vn -0.9446 0.3246 -0.0492
vn -0.9598 0.2803 -0.0136
vn -0.9226 0.3747 -0.0916
vn -0.9703 0.2415 -0.0130
vn -0.9516 0.3029 -0.0528
vn 0.4005 0.9102 -0.1051
vn 0.4308 0.9025 0.0025
vn 0.4596 0.8866 -0.0511
vn 0.3801 0.9190 0.1049
vn 0.3811 0.9245 -0.0004
vn 0.4468 0.8913 0.0777
vn 0.4936 0.8694 0.0231
vn 0.3966 0.9087 0.1304
vn 0.5409 0.8409 0.0186
vn 0.4703 0.8792 0.0763
vn 0.9787 0.1770 -0.1035
vn 0.9934 0.1145 0.0070
vn 0.9973 0.0596 -0.0421
vn 0.9705 0.2121 0.1144
vn 0.9761 0.2173 0.0012
vn 0.9939 0.0760 0.0804
vn 0.9993 -0.0208 0.0310
vn 0.9743 0.1756 0.1413
vn 0.9902 -0.1373 0.0254
vn 0.9968 0.0234 0.0762
vn 0.1696 0.9831 -0.0691
vn 0.1900 0.9818 0.0030
vn 0.2097 0.9773 -0.0289
vn 0.1566 0.9851 0.0716
vn 0.1544 0.9880 0.0002
vn 0.2036 0.9777 0.0523
vn 0.2381 0.9710 0.0200
vn 0.1719 0.9816 0.0828
vn 0.2794 0.9601 0.0124
vn 0.2224 0.9742 0.0393
vn -0.6968 0.7172 -0.0010
vn -0.6910 0.7229 0.0003
vn -0.6965 0.7175 -0.0004
vn -0.6965 0.7176 -0.0005
vn -0.6929 0.7210 -0.0008
vn -0.6847 0.7288 -0.0009
vn -0.6904 0.7234 -0.0012
vn -0.6952 0.7188 -0.0002
vn -0.6745 0.7383 -0.0002
vn -0.6867 0.7270 -0.0001
vn 0.8588 -0.4913 -0.1451
vn 0.8173 -0.5761 0.0100
vn 0.7678 -0.6373 -0.0658
vn 0.8816 -0.4446 0.1586
vn 0.8947 -0.4466 0.0012
vn 0.7817 -0.6128 0.1156
vn 0.7039 -0.7093 0.0372
vn 0.8523 -0.4828 0.2011
vn 0.6251 -0.7799 0.0310
vn 0.7402 -0.6622 0.1163
vn 0.6914 0.7151 -0.1032
vn 0.7401 0.6725 0.0040
vn 0.7785 0.6255 -0.0523
vn 0.6689 0.7357 0.1063
vn 0.6711 0.7413 -0.0017
vn 0.7637 0.6397 0.0870
vn 0.8306 0.5559 0.0316
vn 0.6847 0.7152 0.1401
vn 0.8884 0.4582 0.0297
vn 0.7950 0.5988 0.0970
vn 0.9216 -0.3153 0.2263
vn 0.9396 -0.3077 -0.1499
vn 0.9587 -0.2766 0.0661
vn 0.8744 -0.3740 0.3092
vn 0.9387 -0.3447 0.0097
vn 0.8842 -0.3523 -0.3067
vn 0.9152 -0.4031 -0.0013
vn 0.9727 -0.2301 0.0304
vn 0.9370 -0.2926 0.1908
vn 0.8554 -0.4018 0.3268
vn 0.8706 -0.3428 0.3530
vn 0.8714 -0.4100 0.2693
vn 0.8795 -0.3889 -0.2744
vn 0.9084 -0.4181 0.0021
vn -0.7153 -0.5915 -0.3722
vn -0.7586 -0.6034 0.2456
vn -0.8270 -0.5419 -0.1500
vn -0.5947 -0.6546 -0.4667
vn -0.7361 -0.6768 -0.0107
vn -0.6167 -0.6302 0.4718
vn -0.6596 -0.7516 0.0066
vn -0.9013 -0.4272 -0.0721
vn -0.7611 -0.5617 -0.3244
vn -0.5508 -0.6799 -0.4841
vn -0.5905 -0.5944 -0.5459
vn -0.5707 -0.7064 -0.4186
vn -0.5895 -0.6792 0.4373
vn -0.6376 -0.7703 0.0001
vn -0.9330 -0.0661 -0.3538
vn -0.9764 -0.0538 0.2093
vn -0.9878 0.0309 -0.1526
vn -0.8512 -0.1831 -0.4918
vn -0.9927 -0.1182 -0.0231
vn -0.8700 -0.1485 0.4702
vn -0.9718 -0.2359 -0.0031
vn -0.9834 0.1718 -0.0574
vn -0.9725 -0.0175 -0.2322
vn -0.8084 -0.2335 -0.5404
vn -0.8378 -0.1320 -0.5298
vn -0.8624 -0.2501 -0.4402
vn -0.8739 -0.2141 0.4364
vn -0.9648 -0.2630 -0.0064
vn -0.4239 -0.8398 -0.3392
vn -0.4489 -0.8618 0.2361
vn -0.4935 -0.8625 -0.1120
vn -0.3403 -0.8182 -0.4633
vn -0.4286 -0.9034 -0.0103
vn -0.3608 -0.8093 0.4635
vn -0.3702 -0.9289 0.0050
vn -0.5541 -0.8313 -0.0441
vn -0.4541 -0.8414 -0.2931
vn -0.3059 -0.8155 -0.4912
vn -0.3498 -0.7775 -0.5226
vn -0.3179 -0.8482 -0.4236
vn -0.3363 -0.8373 0.4312
vn -0.3587 -0.9334 -0.0102
vn 0.6906 -0.7232 -0.0022
vn 0.6914 -0.7225 -0.0013
vn 0.6835 -0.7299 -0.0042
vn 0.6968 -0.7173 -0.0000
vn 0.6939 -0.7201 -0.0000
vn 0.6972 -0.7169 0.0005
vn 0.6975 -0.7166 0.0006
vn 0.6730 -0.7396 -0.0020
vn 0.6867 -0.7269 0.0022
vn 0.6982 -0.7159 0.0005
vn 0.6951 -0.7189 0.0005
vn 0.6984 -0.7157 0.0007
vn 0.6984 -0.7157 0.0009
vn 0.6986 -0.7156 0.0008
vn 0.6843 -0.7292 0.0037
vn 0.6787 -0.7338 0.0295
vn 0.7107 -0.7028 0.0323
vn 0.6629 -0.7484 -0.0224
vn 0.6712 -0.7413 0.0062
vn 0.6575 -0.7529 0.0292
vn 0.6595 -0.7517 0.0015
vn 0.7477 -0.6640 0.0113
vn 0.6972 -0.7153 -0.0469
vn 0.6603 -0.7505 -0.0296
vn 0.6696 -0.7417 -0.0390
vn 0.6596 -0.7513 -0.0225
vn 0.6558 -0.7546 0.0241
vn 0.6576 -0.7534 0.0016
vn -0.1981 -0.9472 -0.2522
vn -0.2086 -0.9673 0.1443
vn -0.2395 -0.9655 -0.1026
vn -0.1487 -0.9281 -0.3413
vn -0.1891 -0.9818 -0.0156
vn -0.1633 -0.9307 0.3274
vn -0.1471 -0.9891 -0.0002
vn -0.2912 -0.9563 -0.0248
vn -0.2213 -0.9651 -0.1403
vn -0.1264 -0.9230 -0.3635
vn -0.1676 -0.9206 -0.3527
vn -0.1298 -0.9491 -0.2869
vn -0.1426 -0.9476 0.2858
vn -0.1404 -0.9900 -0.0133
vn -0.0629 0.9553 -0.2890
vn -0.0559 0.9730 0.2240
vn -0.0480 0.9974 -0.0531
vn -0.0915 0.9046 -0.4162
vn -0.0756 0.9971 -0.0065
vn -0.0777 0.9034 0.4218
vn -0.1097 0.9939 0.0049
vn -0.0386 0.9989 -0.0262
vn -0.0520 0.9534 -0.2971
vn -0.1078 0.8921 -0.4388
vn -0.0751 0.8752 -0.4779
vn -0.1105 0.9140 -0.3904
vn -0.0976 0.9130 0.3962
vn -0.1153 0.9933 -0.0117
vn -0.0136 -0.9804 -0.1965
vn -0.0190 -0.9951 0.0974
vn -0.0482 -0.9959 -0.0759
vn 0.0391 -0.9483 -0.3149
vn 0.0021 -0.9998 -0.0217
vn 0.0211 -0.9610 0.2756
vn 0.0567 -0.9983 -0.0103
vn -0.0906 -0.9958 -0.0139
vn -0.0326 -0.9969 -0.0722
vn 0.0689 -0.9284 -0.3652
vn 0.0124 -0.9597 -0.2807
vn 0.0720 -0.9629 -0.2599
vn 0.0537 -0.9686 0.2426
vn 0.0661 -0.9978 -0.0056
vn -0.1997 0.9471 -0.2513
vn -0.2000 0.9690 0.1451
vn -0.1838 0.9787 -0.0915
vn -0.2207 0.9033 -0.3678
vn -0.2161 0.9762 -0.0195
vn -0.2127 0.9154 0.3417
vn -0.2468 0.9691 -0.0053
vn -0.1544 0.9878 -0.0176
vn -0.1928 0.9711 -0.1405
vn -0.2329 0.8845 -0.4042
vn -0.2068 0.9077 -0.3651
vn -0.2435 0.9246 -0.2931
vn -0.2354 0.9302 0.2817
vn -0.2507 0.9678 -0.0217
vn 0.8226 -0.5566 0.1163
vn 0.8293 -0.5565 -0.0506
vn 0.8460 -0.5304 0.0545
vn 0.7906 -0.5890 0.1674
vn 0.8198 -0.5725 0.0125
vn 0.8007 -0.5805 -0.1480
vn 0.7966 -0.6045 0.0043
vn 0.8726 -0.4881 0.0166
vn 0.8377 -0.5447 0.0394
vn 0.7752 -0.6039 0.1855
vn 0.8044 -0.5733 0.1559
vn 0.7811 -0.6092 0.1366
vn 0.7895 -0.5999 -0.1296
vn 0.7916 -0.6110 0.0026
vn 0.6312 -0.6727 -0.3861
vn 0.6534 -0.7283 0.2066
vn 0.4314 -0.8837 -0.1814
vn 0.8481 -0.3694 -0.3798
vn 0.7950 -0.6065 -0.0147
vn 0.8353 -0.4125 0.3634
vn 0.9221 -0.3868 0.0049
vn 0.2244 -0.9697 -0.0971
vn 0.5314 -0.7689 -0.3554
vn 0.9067 -0.2965 -0.3001
vn 0.7829 -0.3985 -0.4778
vn 0.8915 -0.3024 -0.3373
vn 0.9496 -0.3134 0.0109
vn 0.8933 -0.3224 0.3131
vn -0.3702 0.8715 -0.3217
vn -0.3772 0.9083 0.1810
vn -0.3424 0.9316 -0.1219
vn -0.4128 0.7866 -0.4592
vn -0.4145 0.9096 -0.0291
vn -0.3994 0.8116 0.4265
vn -0.4843 0.8749 -0.0078
vn -0.2957 0.9549 -0.0282
vn -0.3601 0.9155 -0.1795
vn -0.4347 0.7439 -0.5075
vn -0.3819 0.8004 -0.4621
vn -0.4644 0.7932 -0.3939
vn -0.4468 0.8094 0.3812
vn -0.4964 0.8680 -0.0151
vn 0.9842 -0.1421 0.1057
vn 0.9863 -0.1321 -0.0990
vn 0.9892 -0.1464 -0.0094
vn 0.9692 -0.1609 0.1864
vn 0.9897 -0.1432 0.0003
vn 0.9715 -0.1448 -0.1878
vn 0.9859 -0.1671 -0.0007
vn 0.9833 -0.1820 0.0010
vn 0.9799 -0.1399 0.1422
vn 0.9628 -0.1762 0.2050
vn 0.9637 -0.1497 0.2211
vn 0.9705 -0.1775 0.1631
vn 0.9729 -0.1634 -0.1634
vn 0.9847 -0.1742 0.0018
vn -0.6987 0.5633 -0.4410
vn -0.7315 0.6162 0.2919
vn -0.6871 0.7072 -0.1668
vn -0.7067 0.3623 -0.6077
vn -0.8202 0.5715 -0.0254
vn -0.6937 0.4104 0.5919
vn -0.9057 0.4240 -0.0007
vn -0.6001 0.7971 -0.0675
vn -0.6832 0.6261 -0.3757
vn -0.7006 0.2724 -0.6596
vn -0.6292 0.3820 -0.6769
vn -0.7696 0.2972 -0.5651
vn -0.7480 0.3426 0.5684
vn -0.9245 0.3811 -0.0044
vn 0.2281 -0.9709 -0.0726
vn 0.2173 -0.9761 0.0046
vn 0.2047 -0.9784 -0.0299
vn 0.2388 -0.9678 0.0802
vn 0.2426 -0.9701 0.0022
vn 0.2093 -0.9764 0.0526
vn 0.1905 -0.9816 0.0148
vn 0.2263 -0.9703 0.0861
vn 0.1705 -0.9853 0.0041
vn 0.1988 -0.9793 0.0381
vn -0.6843 0.7292 -0.0027
vn -0.6782 0.7348 0.0071
vn -0.7061 0.7081 0.0048
vn -0.6640 0.7477 -0.0055
vn -0.6703 0.7421 -0.0001
vn -0.6603 0.7510 0.0060
vn -0.6600 0.7513 -0.0006
vn -0.7398 0.6728 0.0021
vn -0.6997 0.7145 -0.0039
vn -0.6696 0.7427 -0.0064
vn -0.0290 0.9982 -0.0527
vn -0.0014 1.0000 0.0035
vn 0.0176 0.9997 -0.0187
vn -0.0414 0.9965 0.0726
vn -0.0465 0.9989 0.0010
vn 0.0132 0.9991 0.0402
vn 0.0453 0.9989 0.0143
vn -0.0197 0.9970 0.0752
vn 0.0805 0.9967 0.0082
vn 0.0321 0.9992 0.0249
vn 0.4448 -0.8907 -0.0936
vn 0.4138 -0.9103 0.0079
vn 0.3849 -0.9223 -0.0357
vn 0.4655 -0.8787 0.1055
vn 0.4722 -0.8815 0.0041
vn 0.3926 -0.9169 0.0722
vn 0.3482 -0.9371 0.0255
vn 0.4392 -0.8905 0.1190
vn 0.3066 -0.9517 0.0153
vn 0.3675 -0.9285 0.0532
vn 0.0690 -0.9937 -0.0881
vn 0.0663 -0.9977 -0.0151
vn 0.0539 -0.9965 -0.0639
vn 0.1011 -0.9886 -0.1112
vn 0.0775 -0.9964 -0.0347
vn 0.0967 -0.9950 0.0244
vn 0.1050 -0.9940 -0.0303
vn 0.0422 -0.9964 -0.0734
vn 0.0587 -0.9945 -0.0867
vn 0.0895 -0.9876 -0.1287
vn -0.6982 0.7105 -0.0874
vn -0.6928 0.7191 0.0541
vn -0.4637 0.8852 -0.0382
vn -0.9050 0.4166 -0.0866
vn -0.7895 0.6135 0.0179
vn -0.9053 0.4246 0.0117
vn -0.8779 0.4741 0.0676
vn -0.2762 0.9602 -0.0407
vn -0.5957 0.7934 -0.1250
vn -0.8779 0.4614 -0.1279
vn 0.9978 -0.0661 -0.0103
vn 0.9978 -0.0645 -0.0115
vn 0.9977 -0.0671 -0.0100
vn 0.9979 -0.0633 -0.0124
vn 0.9979 -0.0639 -0.0120
vn 0.9979 -0.0642 -0.0121
vn 0.9977 -0.0671 -0.0111
vn 0.9979 -0.0636 -0.0096
vn 0.9979 -0.0632 -0.0117
vn 0.9979 -0.0630 -0.0125
vn -0.8277 0.5607 0.0209
vn -0.8297 0.5582 -0.0095
vn -0.8451 0.5346 0.0095
vn -0.8014 0.5972 0.0318
vn -0.8203 0.5719 0.0019
vn -0.8078 0.5888 -0.0285
vn -0.8006 0.5992 0.0001
vn -0.8664 0.4993 0.0066
vn -0.8379 0.5456 0.0165
vn -0.8093 0.5862 0.0376
vn -0.9894 0.1436 0.0230
vn -0.9909 0.1331 -0.0217
vn -0.9898 0.1427 -0.0020
vn -0.9859 0.1626 0.0404
vn -0.9900 0.1412 -0.0001
vn -0.9878 0.1521 -0.0341
vn -0.9869 0.1616 -0.0003
vn -0.9848 0.1734 0.0012
vn -0.9888 0.1465 0.0283
vn -0.9861 0.1580 0.0516
vt 0.216099 0.394082
vt 0.216822 0.392640
vt 0.215095 0.391792
vt 0.217711 0.396297
vt 0.216970 0.393941
vt 0.218727 0.393961
vt 0.218289 0.395226
vt 0.213849 0.391772
vt 0.215057 0.389940
vt 0.212469 0.388148
vt 0.215336 0.394601
vt 0.217135 0.391320
vt 0.219719 0.398133
vt 0.217148 0.397289
vt 0.219559 0.400002
vt 0.220144 0.396702
vt 0.215336 0.394601
vt 0.221368 0.394206
vt 0.220715 0.395386
vt 0.219263 0.392765
vt 0.220144 0.396702
vt 0.236205 0.409836
vt 0.234698 0.410827
vt 0.236144 0.411345
vt 0.233707 0.411309
vt 0.234121 0.409749
vt 0.232075 0.409952
vt 0.235498 0.412453
vt 0.238353 0.407793
vt 0.238115 0.410496
vt 0.235747 0.408052
vt 0.237783 0.412216
vt 0.230257 0.410247
vt 0.230815 0.408390
vt 0.227386 0.408119
vt 0.232414 0.411739
vt 0.233374 0.408279
vt 0.236339 0.414639
vt 0.234378 0.413073
vt 0.237236 0.413590
vt 0.131428 0.556925
vt 0.136657 0.557594
vt 0.132262 0.553409
vt 0.139263 0.557173
vt 0.138034 0.561101
vt 0.143757 0.562825
vt 0.133904 0.550380
vt 0.120992 0.553222
vt 0.124215 0.549384
vt 0.132001 0.561487
vt 0.126289 0.546183
vt 0.147596 0.562385
vt 0.147326 0.567978
vt 0.157662 0.570121
vt 0.141624 0.555923
vt 0.139786 0.565408
vt 0.127632 0.541769
vt 0.135719 0.547870
vt 0.127726 0.533899
vt 0.126289 0.546183
vt 0.226979 0.402420
vt 0.225247 0.403523
vt 0.226709 0.404036
vt 0.224204 0.404011
vt 0.224881 0.402363
vt 0.222957 0.402437
vt 0.225931 0.405311
vt 0.229497 0.400052
vt 0.229216 0.402736
vt 0.226708 0.400652
vt 0.228695 0.404633
vt 0.221260 0.402499
vt 0.222119 0.400715
vt 0.222877 0.404359
vt 0.224399 0.400845
vt 0.224716 0.406029
vt 0.228089 0.406322
vt 0.222877 0.404359
vt 0.200672 0.576576
vt 0.200893 0.580133
vt 0.205434 0.576367
vt 0.195621 0.576857
vt 0.198775 0.579046
vt 0.195312 0.582962
vt 0.194761 0.580042
vt 0.208784 0.572241
vt 0.209940 0.576600
vt 0.217473 0.568624
vt 0.202905 0.573412
vt 0.204026 0.581401
vt 0.191908 0.572654
vt 0.197636 0.573569
vt 0.190014 0.576927
vt 0.202905 0.573412
vt 0.187429 0.590109
vt 0.188797 0.584247
vt 0.197672 0.585405
vt 0.189320 0.580499
vt 0.221432 0.390561
vt 0.219192 0.390407
vt 0.220832 0.391217
vt 0.218096 0.390596
vt 0.218880 0.389684
vt 0.216600 0.389374
vt 0.220027 0.391880
vt 0.221973 0.389938
vt 0.223881 0.391857
vt 0.225835 0.391484
vt 0.218891 0.388969
vt 0.222863 0.392442
vt 0.215057 0.389940
vt 0.215951 0.388328
vt 0.217135 0.391320
vt 0.218891 0.388969
vt 0.221368 0.394206
vt 0.222068 0.393223
vt 0.217135 0.391320
vt 0.224830 0.548759
vt 0.226185 0.551325
vt 0.230060 0.543370
vt 0.219490 0.554168
vt 0.223487 0.552755
vt 0.221302 0.558852
vt 0.219595 0.557473
vt 0.232638 0.536040
vt 0.235082 0.538784
vt 0.241032 0.522331
vt 0.226471 0.543627
vt 0.230029 0.549140
vt 0.214553 0.554033
vt 0.220740 0.549337
vt 0.214075 0.559244
vt 0.215660 0.565211
vt 0.224722 0.558248
vt 0.214599 0.562520
vt 0.239622 0.512222
vt 0.238976 0.505447
vt 0.237723 0.512768
vt 0.238576 0.501104
vt 0.240454 0.502084
vt 0.240504 0.493059
vt 0.236466 0.510198
vt 0.237326 0.522779
vt 0.242056 0.508187
vt 0.235323 0.521817
vt 0.240180 0.485396
vt 0.242429 0.486084
vt 0.242253 0.473823
vt 0.238180 0.495378
vt 0.242377 0.497067
vt 0.232680 0.515934
vt 0.235908 0.505173
vt 0.233737 0.519749
vt 0.238180 0.495378
vt 0.168645 0.582755
vt 0.166329 0.586522
vt 0.173141 0.586524
vt 0.162656 0.579077
vt 0.165288 0.583803
vt 0.159160 0.585172
vt 0.160428 0.581908
vt 0.179087 0.585312
vt 0.174936 0.590613
vt 0.172697 0.581317
vt 0.166405 0.590142
vt 0.166200 0.576945
vt 0.155677 0.575414
vt 0.158041 0.588932
vt 0.151900 0.582515
vt 0.148197 0.586284
vt 0.154035 0.579131
vt 0.247674 0.456878
vt 0.245746 0.452572
vt 0.246161 0.459281
vt 0.244550 0.450597
vt 0.246425 0.448546
vt 0.244778 0.442189
vt 0.244514 0.460045
vt 0.250622 0.463681
vt 0.248300 0.466923
vt 0.249019 0.452609
vt 0.246390 0.468720
vt 0.243104 0.439166
vt 0.245376 0.435069
vt 0.242558 0.424562
vt 0.243138 0.449562
vt 0.247319 0.443639
vt 0.244452 0.470598
vt 0.242937 0.460273
vt 0.246390 0.468720
vt 0.243138 0.449562
vt 0.067841 0.382391
vt 0.072038 0.390067
vt 0.066623 0.375345
vt 0.075298 0.397268
vt 0.074824 0.399781
vt 0.081787 0.417043
vt 0.067917 0.375730
vt 0.064340 0.383063
vt 0.061764 0.367504
vt 0.070853 0.395407
vt 0.060794 0.359915
vt 0.088343 0.432694
vt 0.086837 0.434159
vt 0.096904 0.458781
vt 0.080155 0.408428
vt 0.078401 0.413141
vt 0.061823 0.351690
vt 0.071733 0.383263
vt 0.060991 0.356141
vt 0.080155 0.408428
vt 0.103398 0.493281
vt 0.108719 0.499198
vt 0.103718 0.488467
vt 0.111418 0.501430
vt 0.110375 0.505749
vt 0.116213 0.513872
vt 0.105095 0.486006
vt 0.094777 0.483530
vt 0.095565 0.476068
vt 0.104407 0.501099
vt 0.096680 0.471744
vt 0.120039 0.516870
vt 0.119648 0.524399
vt 0.113848 0.502138
vt 0.112259 0.513818
vt 0.097401 0.466848
vt 0.106749 0.484540
vt 0.096680 0.471745
vt 0.113848 0.502138
vt 0.249279 0.393980
vt 0.246576 0.395776
vt 0.248490 0.396493
vt 0.244995 0.396785
vt 0.246247 0.394053
vt 0.243353 0.394759
vt 0.247091 0.398613
vt 0.249361 0.391195
vt 0.252256 0.394941
vt 0.254005 0.390997
vt 0.250918 0.397801
vt 0.240846 0.395616
vt 0.242219 0.392454
vt 0.237741 0.393064
vt 0.243093 0.397734
vt 0.245776 0.391757
vt 0.247854 0.403384
vt 0.245271 0.399962
vt 0.249544 0.400511
vt 0.243093 0.397734
vt 0.121083 0.574534
vt 0.127242 0.575215
vt 0.122132 0.570798
vt 0.130855 0.574829
vt 0.128658 0.578932
vt 0.135423 0.580469
vt 0.124958 0.567951
vt 0.110180 0.570714
vt 0.112887 0.566358
vt 0.122161 0.579639
vt 0.115217 0.562944
vt 0.141316 0.580172
vt 0.139025 0.585689
vt 0.135460 0.574079
vt 0.130848 0.583703
vt 0.129316 0.566436
vt 0.115217 0.562944
vt 0.117696 0.558763
vt 0.135460 0.574079
vt 0.237606 0.384760
vt 0.235079 0.387211
vt 0.237162 0.387179
vt 0.233598 0.388524
vt 0.234473 0.385813
vt 0.231558 0.387150
vt 0.236038 0.389446
vt 0.237202 0.382445
vt 0.240885 0.384242
vt 0.242036 0.380335
vt 0.239909 0.387193
vt 0.229091 0.388441
vt 0.229884 0.385412
vt 0.225003 0.386572
vt 0.231811 0.389842
vt 0.233563 0.384020
vt 0.234406 0.391162
vt 0.238909 0.389992
vt 0.231811 0.389842
vt 0.204935 0.592907
vt 0.206098 0.596468
vt 0.211255 0.591930
vt 0.197846 0.594133
vt 0.203146 0.595748
vt 0.199540 0.600072
vt 0.198084 0.597524
vt 0.214798 0.587193
vt 0.217566 0.590788
vt 0.224978 0.582586
vt 0.207081 0.589228
vt 0.209841 0.597277
vt 0.199111 0.590182
vt 0.189804 0.595966
vt 0.207081 0.589228
vt 0.192366 0.605853
vt 0.191814 0.602924
vt 0.201531 0.602237
vt 0.191032 0.599735
vt 0.233138 0.560295
vt 0.235009 0.563199
vt 0.239277 0.554198
vt 0.226484 0.566713
vt 0.231826 0.564784
vt 0.229368 0.571794
vt 0.227215 0.570215
vt 0.241988 0.546119
vt 0.245417 0.547750
vt 0.250688 0.533448
vt 0.234772 0.554462
vt 0.239166 0.560865
vt 0.227260 0.561512
vt 0.219500 0.572959
vt 0.234772 0.554462
vt 0.222813 0.578958
vt 0.232249 0.572556
vt 0.221145 0.576177
vt 0.252625 0.505350
vt 0.254968 0.507053
vt 0.256447 0.495706
vt 0.248549 0.515787
vt 0.252661 0.510575
vt 0.252257 0.519187
vt 0.250086 0.518919
vt 0.256780 0.486341
vt 0.260367 0.485789
vt 0.262518 0.469111
vt 0.252487 0.498537
vt 0.257894 0.502230
vt 0.247910 0.509653
vt 0.243857 0.526844
vt 0.252487 0.498537
vt 0.248138 0.531021
vt 0.254775 0.518195
vt 0.246122 0.529172
vt 0.157810 0.600586
vt 0.162402 0.596686
vt 0.156738 0.597144
vt 0.164670 0.593914
vt 0.165453 0.598410
vt 0.171554 0.594883
vt 0.157148 0.593160
vt 0.149180 0.605977
vt 0.149154 0.600866
vt 0.160925 0.603524
vt 0.149208 0.596731
vt 0.174936 0.590613
vt 0.177745 0.596381
vt 0.166405 0.590142
vt 0.169581 0.600424
vt 0.149081 0.592100
vt 0.149208 0.596731
vt 0.166405 0.590142
vt 0.257638 0.457685
vt 0.255396 0.451297
vt 0.255680 0.458502
vt 0.254012 0.447592
vt 0.256265 0.447920
vt 0.254393 0.439953
vt 0.253715 0.456555
vt 0.257816 0.469191
vt 0.259419 0.453838
vt 0.255319 0.468443
vt 0.252266 0.433810
vt 0.255078 0.433440
vt 0.252113 0.423024
vt 0.252172 0.442965
vt 0.257286 0.443091
vt 0.251756 0.452379
vt 0.253069 0.466934
vt 0.252172 0.442965
vt 0.064045 0.406135
vt 0.062607 0.403952
vt 0.067199 0.427254
vt 0.061253 0.385882
vt 0.061617 0.395592
vt 0.058386 0.378810
vt 0.059003 0.378903
vt 0.071889 0.445863
vt 0.070765 0.450025
vt 0.077792 0.481592
vt 0.067754 0.419874
vt 0.064302 0.416180
vt 0.065092 0.398638
vt 0.059096 0.368796
vt 0.067754 0.419874
vt 0.058528 0.381708
vt 0.055166 0.357019
vt 0.053568 0.348265
vt 0.056526 0.361532
vt 0.256864 0.412021
vt 0.254084 0.411601
vt 0.255319 0.414294
vt 0.252511 0.411395
vt 0.254416 0.409525
vt 0.251926 0.408187
vt 0.253450 0.415421
vt 0.262273 0.411107
vt 0.258992 0.416981
vt 0.257843 0.408663
vt 0.256801 0.419366
vt 0.249660 0.407522
vt 0.251707 0.405182
vt 0.250677 0.411044
vt 0.254734 0.406778
vt 0.254711 0.421256
vt 0.251472 0.415332
vt 0.090054 0.501171
vt 0.097033 0.510467
vt 0.091938 0.498354
vt 0.101267 0.515076
vt 0.098054 0.516868
vt 0.105745 0.528078
vt 0.095718 0.499570
vt 0.082198 0.480148
vt 0.090169 0.508757
vt 0.085519 0.479981
vt 0.112743 0.535545
vt 0.108933 0.539345
vt 0.106687 0.520405
vt 0.099573 0.525629
vt 0.101005 0.504248
vt 0.089329 0.480376
vt 0.106687 0.520405
vt 0.056392 0.344516
vt 0.055029 0.346042
vt 0.056836 0.350011
vt 0.053766 0.344659
vt 0.054163 0.340980
vt 0.055194 0.350473
vt 0.057598 0.357075
vt 0.060991 0.356141
vt 0.055365 0.335822
vt 0.060794 0.359915
vt 0.052317 0.334901
vt 0.055166 0.357019
vt 0.052987 0.332273
vt 0.061764 0.367504
vt 0.059096 0.368796
vt 0.060794 0.359915
vt 0.056526 0.361532
vt 0.244552 0.403019
vt 0.242928 0.402660
vt 0.244255 0.404011
vt 0.242047 0.402567
vt 0.242484 0.401579
vt 0.240661 0.400692
vt 0.243575 0.404651
vt 0.246623 0.405005
vt 0.244323 0.401633
vt 0.245865 0.405961
vt 0.239319 0.400532
vt 0.239463 0.399028
vt 0.236690 0.397954
vt 0.241114 0.402722
vt 0.241817 0.400258
vt 0.245150 0.406917
vt 0.242720 0.405130
vt 0.244298 0.408225
vt 0.245865 0.405961
vt 0.241114 0.402722
vt 0.239168 0.403130
vt 0.240509 0.403247
vt 0.238965 0.401503
vt 0.239661 0.405229
vt 0.240191 0.403877
vt 0.241809 0.405387
vt 0.240853 0.405471
vt 0.237271 0.400232
vt 0.239319 0.400532
vt 0.237796 0.402332
vt 0.241114 0.402722
vt 0.238205 0.404660
vt 0.240286 0.407688
vt 0.237796 0.402332
vt 0.242720 0.405130
vt 0.242758 0.407841
vt 0.241565 0.407697
vt 0.234425 0.393782
vt 0.232885 0.393793
vt 0.234510 0.394522
vt 0.232116 0.393873
vt 0.232137 0.393132
vt 0.230276 0.392804
vt 0.234221 0.395093
vt 0.236989 0.394797
vt 0.233823 0.392811
vt 0.236664 0.395651
vt 0.229040 0.393001
vt 0.228697 0.391814
vt 0.231353 0.394232
vt 0.231151 0.392320
vt 0.236541 0.396478
vt 0.233684 0.395691
vt 0.236664 0.395652
vt 0.231353 0.394232
vt 0.229516 0.395517
vt 0.230900 0.394953
vt 0.228961 0.394035
vt 0.230448 0.397247
vt 0.230708 0.395718
vt 0.232802 0.396275
vt 0.231766 0.396850
vt 0.227071 0.393462
vt 0.229040 0.393001
vt 0.228046 0.395298
vt 0.231353 0.394232
vt 0.228883 0.397306
vt 0.231685 0.399122
vt 0.228046 0.395298
vt 0.233684 0.395691
vt 0.234547 0.397954
vt 0.231353 0.394232
vt 0.233126 0.398428
vt 0.238699 0.414777
vt 0.239826 0.414606
vt 0.239066 0.413445
vt 0.240369 0.414397
vt 0.239846 0.415956
vt 0.240825 0.416981
vt 0.239501 0.412165
vt 0.238348 0.415944
vt 0.237783 0.412216
vt 0.241748 0.417285
vt 0.240820 0.419164
vt 0.241038 0.413832
vt 0.239669 0.417284
vt 0.238115 0.410496
vt 0.240106 0.410972
vt 0.241038 0.413832
vt 0.065224 0.508462
vt 0.058978 0.475667
vt 0.061156 0.525346
vt 0.068207 0.481579
vt 0.062330 0.480258
vt 0.063146 0.452884
vt 0.058388 0.428450
vt 0.066062 0.567499
vt 0.056041 0.521999
vt 0.057994 0.626202
vt 0.070145 0.537399
vt 0.054586 0.459775
vt 0.077792 0.481592
vt 0.073973 0.509439
vt 0.070145 0.537399
vt 0.053682 0.404707
vt 0.075152 0.579657
vt 0.082490 0.561352
vt 0.076646 0.554615
vt 0.093181 0.566609
vt 0.084606 0.576403
vt 0.087042 0.549684
vt 0.080466 0.531726
vt 0.089947 0.591386
vt 0.079202 0.601938
vt 0.070145 0.537399
vt 0.110180 0.570714
vt 0.100061 0.581194
vt 0.101490 0.553979
vt 0.089947 0.591386
vt 0.085277 0.509519
vt 0.070145 0.537399
vt 0.093182 0.533615
vt 0.093987 0.609335
vt 0.108188 0.603558
vt 0.099088 0.600193
vt 0.116896 0.599620
vt 0.110552 0.609033
vt 0.125166 0.605785
vt 0.108284 0.591951
vt 0.099207 0.617647
vt 0.138692 0.601245
vt 0.136784 0.610573
vt 0.128733 0.594021
vt 0.120112 0.614190
vt 0.119247 0.583959
vt 0.100061 0.581194
vt 0.128733 0.594021
vt 0.048908 0.381233
vt 0.046627 0.400890
vt 0.050083 0.430138
vt 0.040790 0.345300
vt 0.044574 0.359915
vt 0.045439 0.413158
vt 0.050645 0.477286
vt 0.053682 0.404707
vt 0.047355 0.336400
vt 0.036969 0.331223
vt 0.037553 0.289134
vt 0.029960 0.232896
vt 0.042497 0.316093
vt 0.050986 0.527875
vt 0.043977 0.429549
vt 0.226452 0.606914
vt 0.219886 0.600837
vt 0.213964 0.604941
vt 0.234389 0.601246
vt 0.239420 0.607136
vt 0.226584 0.595932
vt 0.227340 0.603359
vt 0.206885 0.608098
vt 0.221486 0.610245
vt 0.250510 0.602848
vt 0.237178 0.612429
vt 0.267393 0.617922
vt 0.241568 0.595898
vt 0.224978 0.582586
vt 0.233235 0.589298
vt 0.241568 0.595898
vt 0.238977 0.580544
vt 0.247692 0.578088
vt 0.244081 0.570796
vt 0.253464 0.589819
vt 0.245910 0.586942
vt 0.252280 0.574905
vt 0.249255 0.561133
vt 0.233235 0.589298
vt 0.239166 0.560865
vt 0.260193 0.585425
vt 0.253832 0.549871
vt 0.250688 0.533448
vt 0.256921 0.566706
vt 0.262646 0.541380
vt 0.259672 0.552934
vt 0.262628 0.566757
vt 0.259569 0.523514
vt 0.261701 0.514123
vt 0.257163 0.536437
vt 0.260769 0.539576
vt 0.266175 0.580719
vt 0.260193 0.585425
vt 0.263737 0.506314
vt 0.262518 0.469111
vt 0.264956 0.543517
vt 0.253832 0.549871
vt 0.174840 0.616507
vt 0.159917 0.619826
vt 0.194115 0.618348
vt 0.154576 0.614141
vt 0.157849 0.617952
vt 0.138910 0.617008
vt 0.125111 0.620261
vt 0.218208 0.616356
vt 0.215044 0.619992
vt 0.191361 0.614740
vt 0.162694 0.622062
vt 0.168894 0.611966
vt 0.136784 0.610573
vt 0.110344 0.624132
vt 0.099207 0.617647
vt 0.120112 0.614190
vt 0.248425 0.418086
vt 0.246474 0.416071
vt 0.246913 0.418770
vt 0.245360 0.415211
vt 0.247138 0.414769
vt 0.245739 0.412665
vt 0.245214 0.418736
vt 0.249572 0.423349
vt 0.249514 0.416494
vt 0.247574 0.423547
vt 0.244334 0.411236
vt 0.246178 0.410647
vt 0.244058 0.414157
vt 0.247794 0.413133
vt 0.243586 0.417787
vt 0.245519 0.424026
vt 0.244058 0.414157
vt 0.221763 0.387875
vt 0.220204 0.388249
vt 0.222283 0.388700
vt 0.219463 0.388494
vt 0.218986 0.387625
vt 0.216941 0.387742
vt 0.222249 0.389323
vt 0.224918 0.388456
vt 0.220391 0.386732
vt 0.224958 0.389408
vt 0.215951 0.388328
vt 0.214592 0.386828
vt 0.218891 0.388969
vt 0.217234 0.386682
vt 0.225149 0.390215
vt 0.221973 0.389938
vt 0.224958 0.389408
vt 0.218891 0.388969
vt 0.240398 0.422136
vt 0.239402 0.421178
vt 0.239915 0.422898
vt 0.238768 0.420954
vt 0.239390 0.420358
vt 0.238218 0.419474
vt 0.239287 0.423470
vt 0.241067 0.425938
vt 0.240600 0.420984
vt 0.240318 0.426588
vt 0.236880 0.418925
vt 0.237782 0.418556
vt 0.235448 0.417462
vt 0.237903 0.420893
vt 0.239281 0.419537
vt 0.239650 0.427652
vt 0.238585 0.424036
vt 0.238995 0.429026
vt 0.240318 0.426588
vt 0.237903 0.420893
vt 0.144812 0.554298
vt 0.142518 0.554121
vt 0.147275 0.559208
vt 0.141183 0.547491
vt 0.142370 0.552195
vt 0.137634 0.547148
vt 0.139291 0.547055
vt 0.151626 0.562669
vt 0.147596 0.562385
vt 0.147685 0.556553
vt 0.141624 0.555923
vt 0.138040 0.536703
vt 0.143637 0.549051
vt 0.136627 0.538405
vt 0.147685 0.556553
vt 0.135719 0.547870
vt 0.132695 0.537936
vt 0.135068 0.538945
vt 0.048982 0.544317
vt 0.043827 0.497748
vt 0.048484 0.555479
vt 0.040756 0.469857
vt 0.042250 0.468015
vt 0.035948 0.399893
vt 0.046562 0.549178
vt 0.056297 0.628759
vt 0.047898 0.514578
vt 0.054600 0.631315
vt 0.029484 0.331660
vt 0.032505 0.344021
vt 0.022243 0.230070
vt 0.036725 0.433250
vt 0.040213 0.429465
vt 0.051206 0.636429
vt 0.043965 0.534839
vt 0.052903 0.633872
vt 0.234762 0.414942
vt 0.233498 0.414780
vt 0.234883 0.415556
vt 0.232603 0.414585
vt 0.232852 0.414118
vt 0.230945 0.413331
vt 0.234394 0.415830
vt 0.236587 0.415810
vt 0.234085 0.414056
vt 0.236512 0.416493
vt 0.228930 0.412490
vt 0.229590 0.412211
vt 0.226436 0.410588
vt 0.231354 0.414283
vt 0.231941 0.413260
vt 0.233572 0.415946
vt 0.236152 0.416974
vt 0.231354 0.414283
vt 0.193035 0.569033
vt 0.194642 0.566795
vt 0.191754 0.568512
vt 0.195723 0.565222
vt 0.196392 0.566214
vt 0.199290 0.562941
vt 0.191592 0.567279
vt 0.188746 0.571258
vt 0.195450 0.568743
vt 0.187499 0.570177
vt 0.202184 0.559146
vt 0.202269 0.560969
vt 0.207197 0.553916
vt 0.197168 0.563004
vt 0.198690 0.565276
vt 0.186395 0.567229
vt 0.191966 0.565646
vt 0.187499 0.570177
vt 0.186747 0.568928
vt 0.206796 0.383589
vt 0.208000 0.383817
vt 0.207099 0.382570
vt 0.207255 0.385195
vt 0.207475 0.384156
vt 0.208020 0.385361
vt 0.208994 0.385394
vt 0.207440 0.380273
vt 0.208489 0.382230
vt 0.205985 0.382911
vt 0.206111 0.381553
vt 0.209343 0.383742
vt 0.207600 0.387692
vt 0.206444 0.384698
vt 0.208310 0.387410
vt 0.205985 0.382911
vt 0.210538 0.385448
vt 0.210100 0.387480
vt 0.209343 0.383742
vt 0.209009 0.387303
vt 0.046078 0.254272
vt 0.049362 0.266232
vt 0.046539 0.251113
vt 0.051437 0.273563
vt 0.050323 0.274303
vt 0.054822 0.292626
vt 0.047860 0.252630
vt 0.040519 0.233048
vt 0.041755 0.232243
vt 0.046633 0.263159
vt 0.042991 0.231437
vt 0.059890 0.311411
vt 0.057399 0.308325
vt 0.067076 0.341250
vt 0.054231 0.283271
vt 0.051536 0.285076
vt 0.045462 0.229827
vt 0.049592 0.256266
vt 0.044227 0.230632
vt 0.054231 0.283271
vt 0.030666 0.226115
vt 0.031691 0.222311
vt 0.027563 0.222933
vt 0.032329 0.220071
vt 0.034960 0.223890
vt 0.038705 0.221288
vt 0.025401 0.219476
vt 0.026029 0.228319
vt 0.033813 0.228688
vt 0.022098 0.223741
vt 0.042566 0.218388
vt 0.043306 0.222987
vt 0.052010 0.219655
vt 0.033123 0.217121
vt 0.038213 0.225775
vt 0.018167 0.219164
vt 0.023679 0.215854
vt 0.014236 0.214586
vt 0.022098 0.223741
vt 0.224706 0.407927
vt 0.223336 0.407412
vt 0.224787 0.408481
vt 0.222560 0.406988
vt 0.222708 0.406651
vt 0.220934 0.405346
vt 0.224475 0.408622
vt 0.226958 0.409237
vt 0.224189 0.406999
vt 0.226753 0.409782
vt 0.219160 0.403894
vt 0.219723 0.403920
vt 0.216745 0.401034
vt 0.221563 0.406376
vt 0.221927 0.405671
vt 0.223980 0.408575
vt 0.226627 0.410163
vt 0.214407 0.549711
vt 0.215439 0.545858
vt 0.212788 0.550546
vt 0.216259 0.543031
vt 0.217337 0.543343
vt 0.219829 0.536747
vt 0.212293 0.549386
vt 0.210924 0.555716
vt 0.217088 0.546880
vt 0.209252 0.555916
vt 0.222243 0.529526
vt 0.222878 0.531411
vt 0.226601 0.518753
vt 0.217411 0.539037
vt 0.219849 0.539842
vt 0.212323 0.547197
vt 0.208158 0.555294
vt 0.214345 0.395505
vt 0.215060 0.395575
vt 0.213683 0.393249
vt 0.215610 0.398172
vt 0.215135 0.396522
vt 0.216651 0.398063
vt 0.216218 0.398459
vt 0.212376 0.391219
vt 0.213849 0.391772
vt 0.213301 0.394115
vt 0.215336 0.394601
vt 0.214663 0.397164
vt 0.217327 0.400903
vt 0.213301 0.394115
vt 0.217148 0.397289
vt 0.218405 0.400505
vt 0.217775 0.400793
vt 0.184081 0.624987
vt 0.183325 0.622994
vt 0.147220 0.624664
vt 0.225265 0.624927
vt 0.199025 0.623706
vt 0.224490 0.621545
vt 0.229595 0.623150
vt 0.118143 0.626558
vt 0.164112 0.626734
vt 0.272061 0.626923
vt 0.210311 0.626868
vt 0.270894 0.624673
vt 0.164112 0.626734
vt 0.267393 0.617922
vt 0.268560 0.620172
vt 0.269727 0.622423
vt 0.232821 0.508757
vt 0.233128 0.503201
vt 0.231661 0.510432
vt 0.233244 0.499432
vt 0.234253 0.499346
vt 0.235106 0.490486
vt 0.230914 0.509341
vt 0.230634 0.518470
vt 0.234387 0.504579
vt 0.229336 0.519417
vt 0.235692 0.481388
vt 0.236649 0.483235
vt 0.237400 0.468698
vt 0.233332 0.494261
vt 0.235642 0.494243
vt 0.230306 0.506867
vt 0.228100 0.519426
vt 0.070477 0.370724
vt 0.076582 0.384459
vt 0.070259 0.365997
vt 0.080678 0.393320
vt 0.079346 0.394435
vt 0.087985 0.415543
vt 0.072522 0.367892
vt 0.062185 0.345505
vt 0.073098 0.381817
vt 0.062989 0.342609
vt 0.096923 0.436306
vt 0.093647 0.433315
vt 0.107126 0.464458
vt 0.086301 0.405235
vt 0.083156 0.407591
vt 0.076079 0.372973
vt 0.064590 0.341467
vt 0.164702 0.569238
vt 0.168524 0.568780
vt 0.164572 0.568119
vt 0.170868 0.568300
vt 0.170274 0.569459
vt 0.175327 0.568891
vt 0.165764 0.567111
vt 0.158946 0.567571
vt 0.166652 0.570545
vt 0.159712 0.566305
vt 0.180344 0.567869
vt 0.178978 0.569330
vt 0.173987 0.567522
vt 0.172881 0.570226
vt 0.161337 0.563522
vt 0.167570 0.566101
vt 0.160503 0.564969
vt 0.241038 0.449171
vt 0.242040 0.450734
vt 0.241939 0.442460
vt 0.240094 0.458028
vt 0.241332 0.452903
vt 0.241751 0.460078
vt 0.240855 0.459643
vt 0.241549 0.435685
vt 0.243104 0.439166
vt 0.240682 0.444697
vt 0.243138 0.449561
vt 0.239552 0.454654
vt 0.239003 0.468534
vt 0.242937 0.460273
vt 0.240986 0.470359
vt 0.240045 0.468928
vt 0.117309 0.502057
vt 0.114738 0.500099
vt 0.120033 0.512173
vt 0.112358 0.486940
vt 0.114412 0.496556
vt 0.108534 0.484561
vt 0.110192 0.485035
vt 0.124759 0.521632
vt 0.120039 0.516870
vt 0.120839 0.508611
vt 0.115570 0.491846
vt 0.105143 0.466737
vt 0.120839 0.508611
vt 0.106749 0.484540
vt 0.101150 0.464978
vt 0.103592 0.467262
vt 0.221255 0.379447
vt 0.218932 0.381144
vt 0.221800 0.381374
vt 0.217544 0.382095
vt 0.217435 0.379923
vt 0.214273 0.380703
vt 0.221277 0.383207
vt 0.225131 0.376387
vt 0.225442 0.379172
vt 0.219509 0.377732
vt 0.225478 0.381509
vt 0.211991 0.381697
vt 0.211275 0.379264
vt 0.215864 0.383165
vt 0.215241 0.378511
vt 0.219918 0.384692
vt 0.225295 0.383811
vt 0.242999 0.412914
vt 0.241744 0.412826
vt 0.242511 0.415423
vt 0.243110 0.410380
vt 0.242286 0.411888
vt 0.242049 0.410018
vt 0.241038 0.410262
vt 0.243586 0.417787
vt 0.241748 0.417285
vt 0.242758 0.407841
vt 0.240105 0.410972
vt 0.201752 0.377421
vt 0.202534 0.377450
vt 0.201633 0.376616
vt 0.202071 0.378385
vt 0.202310 0.377765
vt 0.202776 0.378503
vt 0.203615 0.378500
vt 0.200891 0.376013
vt 0.201595 0.375840
vt 0.200568 0.374700
vt 0.201124 0.377016
vt 0.202876 0.377069
vt 0.201825 0.379641
vt 0.201396 0.378086
vt 0.202603 0.379541
vt 0.201124 0.377016
vt 0.204679 0.378481
vt 0.204598 0.379706
vt 0.202876 0.377069
vt 0.203392 0.379547
vt 0.221157 0.409015
vt 0.221884 0.408065
vt 0.220116 0.406578
vt 0.222513 0.411302
vt 0.222127 0.409319
vt 0.223766 0.409773
vt 0.223358 0.410753
vt 0.218465 0.405584
vt 0.219852 0.408612
vt 0.222937 0.414796
vt 0.221218 0.411367
vt 0.224340 0.413313
vt 0.226436 0.410588
vt 0.225799 0.411488
vt 0.225125 0.412383
vt 0.212816 0.540003
vt 0.214260 0.541383
vt 0.217479 0.535002
vt 0.207919 0.544932
vt 0.211870 0.542979
vt 0.210175 0.547425
vt 0.208542 0.546944
vt 0.219564 0.529309
vt 0.213988 0.536079
vt 0.201077 0.547159
vt 0.208327 0.541629
vt 0.203044 0.549470
vt 0.205665 0.552422
vt 0.204367 0.551191
vt 0.228563 0.367803
vt 0.227974 0.369477
vt 0.239968 0.368780
vt 0.216730 0.367118
vt 0.223230 0.368566
vt 0.214392 0.369900
vt 0.213598 0.368449
vt 0.249553 0.367802
vt 0.251928 0.369957
vt 0.269307 0.369215
vt 0.235374 0.366788
vt 0.234549 0.370699
vt 0.211136 0.365055
vt 0.222891 0.365895
vt 0.204482 0.366564
vt 0.235374 0.366788
vt 0.199792 0.372182
vt 0.199901 0.370205
vt 0.217171 0.371441
vt 0.201101 0.368306
vt 0.173308 0.563803
vt 0.172401 0.565727
vt 0.176826 0.565957
vt 0.169381 0.561121
vt 0.171224 0.564212
vt 0.167624 0.564315
vt 0.168043 0.562629
vt 0.180379 0.565397
vt 0.175865 0.563180
vt 0.166396 0.554693
vt 0.171504 0.560080
vt 0.164273 0.559873
vt 0.165354 0.557745
vt 0.175865 0.563180
vt 0.161337 0.563522
vt 0.163148 0.561536
vt 0.164273 0.559873
vt 0.228696 0.497827
vt 0.230694 0.498623
vt 0.232216 0.489648
vt 0.224828 0.506778
vt 0.228608 0.501836
vt 0.228088 0.508349
vt 0.226173 0.508741
vt 0.232757 0.482233
vt 0.228747 0.492534
vt 0.217661 0.514677
vt 0.224248 0.502521
vt 0.220598 0.516059
vt 0.228747 0.492534
vt 0.224446 0.517879
vt 0.222663 0.517149
vt 0.198436 0.377927
vt 0.198685 0.379511
vt 0.199191 0.378506
vt 0.198944 0.380437
vt 0.198007 0.379609
vt 0.197897 0.381257
vt 0.199888 0.379437
vt 0.197584 0.377753
vt 0.199026 0.376152
vt 0.198200 0.375149
vt 0.199884 0.377203
vt 0.198347 0.382739
vt 0.196790 0.381783
vt 0.196338 0.384703
vt 0.199562 0.381559
vt 0.197150 0.379742
vt 0.201825 0.379641
vt 0.200698 0.380563
vt 0.200806 0.378350
vt 0.199562 0.381559
vt 0.276434 0.475335
vt 0.274033 0.472962
vt 0.274303 0.516853
vt 0.278168 0.432216
vt 0.275655 0.455760
vt 0.274262 0.423306
vt 0.276424 0.420602
vt 0.275131 0.551984
vt 0.271846 0.560370
vt 0.271847 0.623930
vt 0.277489 0.500341
vt 0.271846 0.496810
vt 0.281520 0.412063
vt 0.279565 0.454878
vt 0.279736 0.387565
vt 0.271846 0.369689
vt 0.274718 0.370351
vt 0.271846 0.433249
vt 0.277408 0.374986
vt 0.152321 0.549133
vt 0.149972 0.550806
vt 0.153961 0.554712
vt 0.150017 0.541870
vt 0.150070 0.547933
vt 0.145894 0.544570
vt 0.147763 0.542816
vt 0.157465 0.556829
vt 0.155456 0.559648
vt 0.154998 0.550442
vt 0.149770 0.554143
vt 0.149470 0.528897
vt 0.152633 0.542355
vt 0.144643 0.534568
vt 0.146940 0.532396
vt 0.154998 0.550442
vt 0.141958 0.535657
vt 0.144043 0.546624
vt 0.194574 0.560875
vt 0.195057 0.562703
vt 0.198336 0.560186
vt 0.190485 0.561274
vt 0.193407 0.562345
vt 0.191084 0.564404
vt 0.190460 0.563028
vt 0.200616 0.557509
vt 0.195901 0.558959
vt 0.185003 0.558633
vt 0.191226 0.559357
vt 0.186544 0.563326
vt 0.186067 0.561322
vt 0.195901 0.558959
vt 0.186666 0.565045
vt 0.181607 0.637746
vt 0.183492 0.634140
vt 0.145809 0.636274
vt 0.218753 0.638574
vt 0.198371 0.635821
vt 0.226159 0.632516
vt 0.228619 0.635551
vt 0.115686 0.638927
vt 0.108274 0.634400
vt 0.053679 0.636892
vt 0.160195 0.640337
vt 0.162870 0.631908
vt 0.236277 0.642759
vt 0.199377 0.641581
vt 0.257206 0.639103
vt 0.160195 0.640337
vt 0.272061 0.626923
vt 0.271674 0.631098
vt 0.217465 0.629415
vt 0.267864 0.635187
vt 0.181844 0.536573
vt 0.183187 0.533297
vt 0.175462 0.534052
vt 0.188658 0.538147
vt 0.185539 0.535396
vt 0.192363 0.532885
vt 0.191548 0.535882
vt 0.169990 0.535390
vt 0.169177 0.530334
vt 0.157603 0.530721
vt 0.177980 0.538036
vt 0.179152 0.529877
vt 0.191804 0.541521
vt 0.185050 0.539943
vt 0.195801 0.539288
vt 0.177980 0.538036
vt 0.189950 0.529014
vt 0.202791 0.532550
vt 0.206019 0.527811
vt 0.199424 0.536337
vt 0.184412 0.513188
vt 0.188239 0.506437
vt 0.175105 0.507003
vt 0.196087 0.517901
vt 0.190605 0.511014
vt 0.201534 0.506853
vt 0.199897 0.512960
vt 0.163998 0.509138
vt 0.170916 0.499377
vt 0.143001 0.497583
vt 0.177457 0.516108
vt 0.187824 0.499928
vt 0.190341 0.521802
vt 0.209189 0.522038
vt 0.177457 0.516108
vt 0.202953 0.499744
vt 0.215048 0.507633
vt 0.217530 0.499178
vt 0.187825 0.499928
vt 0.212233 0.515283
vt 0.186624 0.438197
vt 0.176355 0.444705
vt 0.191986 0.446817
vt 0.179689 0.430283
vt 0.177843 0.439172
vt 0.170328 0.434760
vt 0.161568 0.440758
vt 0.204571 0.446253
vt 0.193313 0.456222
vt 0.223109 0.461036
vt 0.195336 0.436459
vt 0.173342 0.452495
vt 0.182386 0.414739
vt 0.187824 0.426920
vt 0.173366 0.423285
vt 0.195336 0.436459
vt 0.154009 0.448749
vt 0.151122 0.435089
vt 0.129585 0.443625
vt 0.173342 0.452495
vt 0.163111 0.429203
vt 0.213226 0.424041
vt 0.211595 0.421989
vt 0.209038 0.422466
vt 0.216502 0.423321
vt 0.217266 0.425243
vt 0.214844 0.422152
vt 0.213759 0.422958
vt 0.208028 0.424612
vt 0.204445 0.420475
vt 0.199989 0.419897
vt 0.208745 0.420927
vt 0.221329 0.426321
vt 0.217794 0.428490
vt 0.222202 0.430244
vt 0.220108 0.423912
vt 0.213200 0.426707
vt 0.215910 0.421845
vt 0.218361 0.422569
vt 0.212648 0.421350
vt 0.205169 0.477318
vt 0.195984 0.487278
vt 0.206873 0.484420
vt 0.191342 0.492928
vt 0.190037 0.484005
vt 0.177754 0.491418
vt 0.205273 0.492053
vt 0.222387 0.470690
vt 0.198708 0.470673
vt 0.221213 0.480447
vt 0.170916 0.499377
vt 0.164895 0.487077
vt 0.187824 0.499928
vt 0.181588 0.478910
vt 0.202953 0.499744
vt 0.219592 0.490035
vt 0.160040 0.423900
vt 0.155358 0.420319
vt 0.150791 0.427551
vt 0.169035 0.418668
vt 0.159986 0.419996
vt 0.161967 0.413713
vt 0.165727 0.415628
vt 0.143620 0.428048
vt 0.163111 0.429203
vt 0.151328 0.419391
vt 0.177907 0.412471
vt 0.173366 0.423285
vt 0.173551 0.409930
vt 0.163111 0.429203
vt 0.166082 0.404812
vt 0.169537 0.407312
vt 0.158680 0.411904
vt 0.173551 0.409930
vt 0.150118 0.416408
vt 0.147357 0.414718
vt 0.143588 0.422353
vt 0.156655 0.409678
vt 0.150676 0.413091
vt 0.152930 0.406930
vt 0.155158 0.407721
vt 0.137417 0.425541
vt 0.151328 0.419391
vt 0.143263 0.415332
vt 0.163340 0.402591
vt 0.158680 0.411904
vt 0.151328 0.419391
vt 0.158185 0.397548
vt 0.159551 0.398985
vt 0.149537 0.406558
vt 0.161216 0.400657
vt 0.143220 0.397288
vt 0.142342 0.395311
vt 0.137228 0.396573
vt 0.149775 0.397110
vt 0.145102 0.395956
vt 0.148352 0.394682
vt 0.149761 0.395614
vt 0.133352 0.399791
vt 0.131160 0.395149
vt 0.123592 0.395750
vt 0.140751 0.400550
vt 0.138728 0.394548
vt 0.148181 0.400266
vt 0.155884 0.395239
vt 0.156982 0.396315
vt 0.140752 0.400550
vt 0.153864 0.393346
vt 0.154856 0.394266
vt 0.146296 0.393947
vt 0.155884 0.395239
vt 0.077621 0.787372
vt 0.081653 0.782658
vt 0.080438 0.792182
vt 0.084725 0.779106
vt 0.080391 0.776666
vt 0.084407 0.766736
vt 0.084443 0.793754
vt 0.072737 0.792069
vt 0.075410 0.798641
vt 0.075507 0.781461
vt 0.079095 0.804681
vt 0.090040 0.757070
vt 0.083089 0.757896
vt 0.090576 0.738602
vt 0.089746 0.772995
vt 0.078755 0.770377
vt 0.083940 0.810387
vt 0.089929 0.790267
vt 0.090092 0.815958
vt 0.079095 0.804681
vt 0.089746 0.772995
vt 0.104476 0.801054
vt 0.114339 0.792958
vt 0.110847 0.807570
vt 0.120778 0.789611
vt 0.111949 0.782902
vt 0.121207 0.768654
vt 0.119001 0.810732
vt 0.097656 0.821530
vt 0.099697 0.791551
vt 0.106563 0.826991
vt 0.131957 0.762682
vt 0.119319 0.750777
vt 0.136943 0.718410
vt 0.129665 0.789545
vt 0.108616 0.771564
vt 0.116707 0.832169
vt 0.128536 0.813640
vt 0.127976 0.836892
vt 0.129665 0.789545
vt 0.218404 0.814543
vt 0.217488 0.823129
vt 0.208018 0.826081
vt 0.229871 0.810516
vt 0.230212 0.804597
vt 0.227886 0.816916
vt 0.221679 0.816496
vt 0.201125 0.821099
vt 0.201368 0.837276
vt 0.179346 0.849275
vt 0.214169 0.830496
vt 0.243094 0.795531
vt 0.228933 0.796200
vt 0.245993 0.788662
vt 0.240759 0.802361
vt 0.215279 0.807287
vt 0.237449 0.816164
vt 0.238906 0.809217
vt 0.225492 0.823837
vt 0.240759 0.802361
vt 0.220953 0.837899
vt 0.213898 0.836150
vt 0.223173 0.831135
vt 0.217570 0.844520
vt 0.215061 0.839601
vt 0.210093 0.844627
vt 0.203609 0.842748
vt 0.230316 0.828561
vt 0.225492 0.823837
vt 0.227007 0.836628
vt 0.214169 0.830496
vt 0.221409 0.850678
vt 0.224179 0.843801
vt 0.213502 0.851210
vt 0.227007 0.836628
vt 0.201368 0.837276
vt 0.191925 0.850580
vt 0.203492 0.851201
vt 0.151113 0.794522
vt 0.138862 0.795782
vt 0.142154 0.774293
vt 0.158827 0.819219
vt 0.146120 0.803687
vt 0.138781 0.818035
vt 0.149015 0.821280
vt 0.149228 0.754221
vt 0.158811 0.781539
vt 0.129665 0.789545
vt 0.168453 0.809543
vt 0.153109 0.844467
vt 0.166275 0.847233
vt 0.158811 0.781539
vt 0.127976 0.836892
vt 0.140219 0.841009
vt 0.128536 0.813640
vt 0.240863 0.745156
vt 0.235565 0.752264
vt 0.231449 0.737211
vt 0.249243 0.756294
vt 0.240878 0.752546
vt 0.241859 0.767062
vt 0.246294 0.762088
vt 0.231438 0.725761
vt 0.221173 0.737035
vt 0.211559 0.701962
vt 0.242498 0.738842
vt 0.228076 0.756659
vt 0.260979 0.763695
vt 0.252007 0.751247
vt 0.257259 0.768942
vt 0.242498 0.738842
vt 0.235188 0.773525
vt 0.249480 0.781755
vt 0.228076 0.756659
vt 0.253331 0.775071
vt 0.249244 0.732994
vt 0.246674 0.737211
vt 0.239194 0.726259
vt 0.259337 0.742616
vt 0.251143 0.738425
vt 0.255228 0.748251
vt 0.258040 0.746073
vt 0.235443 0.716130
vt 0.231438 0.725762
vt 0.248802 0.726415
vt 0.242498 0.738842
vt 0.271659 0.751919
vt 0.260177 0.737254
vt 0.269550 0.753927
vt 0.248802 0.726415
vt 0.252007 0.751247
vt 0.264262 0.759563
vt 0.260979 0.763695
vt 0.267101 0.756391
vt 0.259961 0.710542
vt 0.254583 0.716191
vt 0.250397 0.708855
vt 0.251378 0.720362
vt 0.261379 0.719858
vt 0.260993 0.728908
vt 0.240979 0.710632
vt 0.267888 0.714597
vt 0.257560 0.701015
vt 0.267188 0.705301
vt 0.244685 0.699390
vt 0.260177 0.737254
vt 0.268803 0.735777
vt 0.248802 0.726414
vt 0.268383 0.724496
vt 0.229155 0.699885
vt 0.235443 0.716130
vt 0.244685 0.699389
vt 0.248802 0.726414
vt 0.147629 0.393012
vt 0.143897 0.393659
vt 0.148297 0.393199
vt 0.141663 0.394043
vt 0.141719 0.393740
vt 0.136439 0.394434
vt 0.147609 0.393537
vt 0.154285 0.391849
vt 0.154180 0.392223
vt 0.145435 0.393025
vt 0.154075 0.392597
vt 0.132220 0.394705
vt 0.138812 0.393874
vt 0.153969 0.392972
vt 0.196360 0.418373
vt 0.194165 0.418317
vt 0.196707 0.418769
vt 0.192875 0.418205
vt 0.192940 0.417857
vt 0.189883 0.417275
vt 0.196310 0.418976
vt 0.200330 0.418271
vt 0.200167 0.418819
vt 0.195189 0.417826
vt 0.200095 0.419213
vt 0.186815 0.416580
vt 0.187523 0.416372
vt 0.191195 0.418013
vt 0.191353 0.417246
vt 0.195571 0.419099
vt 0.200063 0.419526
vt 0.191195 0.418013
vt 0.195748 0.540718
vt 0.197441 0.539138
vt 0.195346 0.540817
vt 0.198329 0.537981
vt 0.198482 0.538302
vt 0.200701 0.535617
vt 0.195466 0.540233
vt 0.192362 0.542946
vt 0.192358 0.542808
vt 0.196827 0.539996
vt 0.192302 0.542625
vt 0.202578 0.533599
vt 0.199826 0.537154
vt 0.191804 0.541521
vt 0.192082 0.542203
vt 0.176869 0.545341
vt 0.179219 0.545118
vt 0.176394 0.545202
vt 0.180693 0.544717
vt 0.180643 0.545061
vt 0.184024 0.544268
vt 0.176909 0.544787
vt 0.172962 0.544954
vt 0.172844 0.544910
vt 0.178377 0.545366
vt 0.172817 0.544761
vt 0.187372 0.543120
vt 0.186725 0.543793
vt 0.182666 0.544036
vt 0.182587 0.544914
vt 0.173303 0.543486
vt 0.177904 0.544185
vt 0.172962 0.544263
vt 0.209424 0.523923
vt 0.210644 0.520665
vt 0.208918 0.524525
vt 0.211340 0.518414
vt 0.211615 0.518633
vt 0.213397 0.513328
vt 0.208938 0.523654
vt 0.207196 0.528812
vt 0.206852 0.528983
vt 0.210520 0.521917
vt 0.206585 0.528995
vt 0.215076 0.509065
vt 0.217530 0.499178
vt 0.212905 0.515866
vt 0.206319 0.528590
vt 0.157666 0.395651
vt 0.156887 0.395420
vt 0.157602 0.395956
vt 0.156447 0.395329
vt 0.156649 0.395038
vt 0.155748 0.394618
vt 0.157339 0.396150
vt 0.159122 0.396211
vt 0.158830 0.396516
vt 0.157476 0.395186
vt 0.158610 0.396769
vt 0.155235 0.394002
vt 0.153864 0.393346
vt 0.156327 0.394549
vt 0.158426 0.397095
vt 0.163960 0.402021
vt 0.162575 0.401345
vt 0.163908 0.402394
vt 0.161939 0.401026
vt 0.162140 0.400736
vt 0.160766 0.399795
vt 0.163655 0.402532
vt 0.167000 0.403466
vt 0.166399 0.403710
vt 0.163642 0.401332
vt 0.166063 0.403945
vt 0.160013 0.398807
vt 0.161636 0.399960
vt 0.166022 0.404300
vt 0.161216 0.400657
vt 0.220320 0.491967
vt 0.220857 0.487321
vt 0.219959 0.492900
vt 0.221045 0.484387
vt 0.221375 0.484484
vt 0.221991 0.477624
vt 0.219757 0.491927
vt 0.218990 0.499680
vt 0.218748 0.499833
vt 0.220944 0.489075
vt 0.218506 0.499898
vt 0.222723 0.472147
vt 0.222028 0.480676
vt 0.218104 0.499681
vt 0.123983 0.404957
vt 0.124729 0.410623
vt 0.124035 0.403991
vt 0.125214 0.414072
vt 0.125009 0.413926
vt 0.126143 0.422212
vt 0.124290 0.405058
vt 0.122766 0.394984
vt 0.122973 0.395176
vt 0.124125 0.408165
vt 0.123179 0.395367
vt 0.127462 0.430739
vt 0.126874 0.428821
vt 0.125874 0.418639
vt 0.125337 0.418283
vt 0.123592 0.395751
vt 0.124644 0.407064
vt 0.123386 0.395559
vt 0.125874 0.418639
vt 0.224416 0.452985
vt 0.224092 0.448683
vt 0.224227 0.453798
vt 0.223773 0.446304
vt 0.224105 0.446272
vt 0.223564 0.440880
vt 0.223866 0.453122
vt 0.224610 0.461040
vt 0.224386 0.460912
vt 0.224498 0.450429
vt 0.224149 0.460882
vt 0.222863 0.435989
vt 0.223381 0.436740
vt 0.222202 0.430244
vt 0.223282 0.443300
vt 0.224075 0.443077
vt 0.223388 0.451781
vt 0.223733 0.460970
vt 0.130813 0.455068
vt 0.132626 0.461778
vt 0.130661 0.453519
vt 0.133890 0.465935
vt 0.133561 0.466007
vt 0.136327 0.475665
vt 0.131304 0.454783
vt 0.128176 0.443790
vt 0.128307 0.443324
vt 0.131700 0.459528
vt 0.128473 0.443033
vt 0.139265 0.485113
vt 0.138303 0.483466
vt 0.135653 0.471470
vt 0.134855 0.471697
vt 0.132360 0.457393
vt 0.128907 0.443148
vt 0.178932 0.412123
vt 0.176649 0.411319
vt 0.179263 0.412678
vt 0.175304 0.410742
vt 0.175434 0.410419
vt 0.172423 0.408866
vt 0.178777 0.412701
vt 0.182970 0.413220
vt 0.182795 0.413820
vt 0.177720 0.411078
vt 0.182697 0.414238
vt 0.170219 0.407248
vt 0.173828 0.409198
vt 0.182575 0.414487
vt 0.222239 0.425657
vt 0.221461 0.424334
vt 0.222170 0.425798
vt 0.220901 0.424030
vt 0.221159 0.423828
vt 0.219882 0.422969
vt 0.221825 0.425995
vt 0.222038 0.425186
vt 0.223167 0.428968
vt 0.223392 0.429505
vt 0.222953 0.428788
vt 0.219001 0.422364
vt 0.220739 0.423306
vt 0.222656 0.429321
vt 0.222953 0.428788
vt 0.145355 0.507874
vt 0.147467 0.512457
vt 0.145255 0.507115
vt 0.148716 0.514669
vt 0.148411 0.514843
vt 0.151182 0.520090
vt 0.145819 0.507493
vt 0.141574 0.498212
vt 0.142006 0.498813
vt 0.146204 0.510269
vt 0.142310 0.498991
vt 0.153975 0.524682
vt 0.153079 0.524079
vt 0.150349 0.517265
vt 0.149653 0.517846
vt 0.146699 0.508292
vt 0.142595 0.498465
vt 0.213843 0.420521
vt 0.211955 0.420648
vt 0.214231 0.420789
vt 0.210618 0.420759
vt 0.210742 0.420434
vt 0.207676 0.420441
vt 0.213682 0.421059
vt 0.216536 0.420431
vt 0.216739 0.420789
vt 0.212588 0.420225
vt 0.216789 0.421071
vt 0.205212 0.420107
vt 0.209061 0.420167
vt 0.216497 0.421410
vt 0.160062 0.535959
vt 0.162111 0.537750
vt 0.159878 0.535541
vt 0.163372 0.538477
vt 0.163141 0.538743
vt 0.166032 0.540536
vt 0.160402 0.535492
vt 0.156512 0.531799
vt 0.156770 0.531956
vt 0.161026 0.537031
vt 0.156979 0.531924
vt 0.169030 0.541858
vt 0.168169 0.541994
vt 0.165048 0.539233
vt 0.164516 0.539976
vt 0.161268 0.535543
vt 0.157221 0.531456
vt 0.165048 0.539233
vt 0.232264 0.373852
vt 0.236406 0.374343
vt 0.243433 0.373514
vt 0.223403 0.374787
vt 0.219989 0.374406
vt 0.228349 0.375109
vt 0.230854 0.374306
vt 0.250687 0.372560
vt 0.251055 0.373707
vt 0.267393 0.371847
vt 0.233981 0.373273
vt 0.241728 0.374639
vt 0.207122 0.375053
vt 0.217274 0.373987
vt 0.200568 0.374700
vt 0.213511 0.375433
vt 0.233981 0.373273
vt 0.219569 0.375869
vt 0.233332 0.375513
vt 0.244160 0.375310
vt 0.248257 0.376266
vt 0.251388 0.374879
vt 0.240212 0.376805
vt 0.237113 0.376094
vt 0.243671 0.377596
vt 0.244464 0.376051
vt 0.251055 0.373707
vt 0.257262 0.375486
vt 0.251918 0.377138
vt 0.230076 0.377024
vt 0.234470 0.377845
vt 0.241728 0.374639
vt 0.242036 0.380335
vt 0.238420 0.378924
vt 0.246956 0.378720
vt 0.258198 0.378224
vt 0.254260 0.380705
vt 0.256722 0.381448
vt 0.251825 0.382287
vt 0.253782 0.378868
vt 0.249573 0.380331
vt 0.254278 0.384452
vt 0.257262 0.375486
vt 0.262019 0.379477
vt 0.259198 0.383598
vt 0.245406 0.382155
vt 0.246956 0.378720
vt 0.248536 0.384476
vt 0.251918 0.377138
vt 0.254005 0.390997
vt 0.251408 0.387391
vt 0.256591 0.387323
vt 0.263170 0.384486
vt 0.261218 0.391096
vt 0.262803 0.391213
vt 0.258441 0.391095
vt 0.260645 0.387371
vt 0.260030 0.395028
vt 0.261743 0.398295
vt 0.266113 0.381662
vt 0.259198 0.383598
vt 0.262019 0.379477
vt 0.264833 0.391477
vt 0.256591 0.387323
vt 0.256327 0.395338
vt 0.263553 0.401292
vt 0.260388 0.405589
vt 0.262273 0.411107
vt 0.258430 0.400267
vt 0.269198 0.471016
vt 0.268236 0.471252
vt 0.268342 0.513716
vt 0.269965 0.423214
vt 0.268877 0.453266
vt 0.268326 0.422958
vt 0.269198 0.417597
vt 0.268661 0.547973
vt 0.267393 0.556404
vt 0.269620 0.494637
vt 0.267393 0.494885
vt 0.271846 0.369689
vt 0.270578 0.441094
vt 0.270733 0.370229
vt 0.269620 0.494637
vt 0.267393 0.371847
vt 0.268506 0.371308
vt 0.267393 0.433366
vt 0.269620 0.370768
vt 0.227438 0.372519
vt 0.227530 0.373066
vt 0.239066 0.372513
vt 0.214420 0.372635
vt 0.222622 0.372908
vt 0.214409 0.373575
vt 0.212918 0.373139
vt 0.248385 0.371933
vt 0.233866 0.372003
vt 0.199792 0.372182
vt 0.219279 0.372077
vt 0.199986 0.372812
vt 0.233866 0.372003
vt 0.200374 0.374070
vt 0.200180 0.373441
vt 0.088853 0.390424
vt 0.085062 0.391555
vt 0.093026 0.413547
vt 0.083626 0.364549
vt 0.084273 0.381259
vt 0.077130 0.365986
vt 0.079262 0.362066
vt 0.100426 0.430742
vt 0.094949 0.402691
vt 0.084742 0.336106
vt 0.089781 0.373678
vt 0.077341 0.337139
vt 0.094949 0.402691
vt 0.067076 0.341250
vt 0.069740 0.339328
vt 0.072965 0.337871
vt 0.203611 0.387301
vt 0.201493 0.387332
vt 0.202800 0.388234
vt 0.200308 0.387499
vt 0.201489 0.386465
vt 0.199497 0.386162
vt 0.201676 0.389041
vt 0.204000 0.386121
vt 0.205898 0.388826
vt 0.204681 0.389742
vt 0.197474 0.386117
vt 0.199241 0.384894
vt 0.198801 0.387804
vt 0.201521 0.385350
vt 0.202269 0.392400
vt 0.200379 0.389864
vt 0.203605 0.390862
vt 0.235179 0.448991
vt 0.237208 0.449251
vt 0.237165 0.442348
vt 0.233103 0.457319
vt 0.235755 0.452086
vt 0.236501 0.457938
vt 0.234686 0.458493
vt 0.236564 0.437200
vt 0.239174 0.436343
vt 0.238995 0.429026
vt 0.234444 0.445035
vt 0.239040 0.445707
vt 0.228028 0.467292
vt 0.231956 0.454151
vt 0.230833 0.467169
vt 0.234889 0.467860
vt 0.238485 0.456649
vt 0.232950 0.467353
vt 0.128107 0.499490
vt 0.124743 0.500924
vt 0.130135 0.512411
vt 0.124551 0.482863
vt 0.124897 0.494960
vt 0.118774 0.485012
vt 0.121351 0.482678
vt 0.134898 0.520244
vt 0.131533 0.523985
vt 0.132078 0.505055
vt 0.124333 0.508014
vt 0.122847 0.457727
vt 0.128568 0.486733
vt 0.119193 0.461709
vt 0.112344 0.464432
vt 0.116258 0.488327
vt 0.116061 0.463956
vt 0.031838 0.468185
vt 0.035945 0.471657
vt 0.030514 0.401541
vt 0.033979 0.537333
vt 0.035313 0.499367
vt 0.041237 0.551054
vt 0.038089 0.555664
vt 0.025189 0.345502
vt 0.027303 0.428358
vt 0.030918 0.569992
vt 0.029165 0.501300
vt 0.036559 0.608909
vt 0.027303 0.428358
vt 0.046541 0.635754
vt 0.041713 0.628705
vt 0.056610 0.250521
vt 0.063098 0.262272
vt 0.059372 0.247397
vt 0.067052 0.269438
vt 0.063078 0.270234
vt 0.070028 0.288246
vt 0.063299 0.248813
vt 0.045462 0.229827
vt 0.050048 0.228934
vt 0.055259 0.258589
vt 0.054634 0.228042
vt 0.077794 0.306675
vt 0.071518 0.303790
vt 0.072314 0.278931
vt 0.063007 0.280717
vt 0.063805 0.226258
vt 0.067815 0.252313
vt 0.059219 0.227150
vt 0.234917 0.422698
vt 0.234717 0.424844
vt 0.235970 0.424645
vt 0.233391 0.423048
vt 0.233438 0.421877
vt 0.233367 0.425197
vt 0.234410 0.423271
vt 0.236970 0.424090
vt 0.236333 0.428431
vt 0.235442 0.422100
vt 0.234703 0.428227
vt 0.231651 0.421572
vt 0.233637 0.421153
vt 0.230824 0.420512
vt 0.231988 0.423097
vt 0.235442 0.422100
vt 0.233170 0.428939
vt 0.231948 0.425751
vt 0.231645 0.430199
vt 0.234703 0.428227
vt 0.029392 0.183896
vt 0.023161 0.182364
vt 0.023001 0.192115
vt 0.034784 0.175158
vt 0.027669 0.179268
vt 0.024811 0.171558
vt 0.030366 0.171871
vt 0.024829 0.200186
vt 0.015683 0.200634
vt 0.014236 0.214586
vt 0.032069 0.189841
vt 0.017129 0.186682
vt 0.039791 0.166015
vt 0.038459 0.180734
vt 0.044521 0.172159
vt 0.033866 0.162270
vt 0.020022 0.158779
vt 0.027143 0.160125
vt 0.018576 0.172731
vt 0.212500 0.400485
vt 0.210188 0.399881
vt 0.211974 0.401673
vt 0.208813 0.399441
vt 0.209778 0.398478
vt 0.207169 0.396895
vt 0.210951 0.402136
vt 0.215135 0.402906
vt 0.212464 0.398641
vt 0.214166 0.404000
vt 0.204505 0.395452
vt 0.206152 0.394605
vt 0.207010 0.398823
vt 0.209259 0.396590
vt 0.212421 0.405489
vt 0.209683 0.402255
vt 0.213283 0.404812
vt 0.232470 0.417849
vt 0.230571 0.417987
vt 0.232004 0.418556
vt 0.229306 0.418017
vt 0.230227 0.417311
vt 0.227888 0.416896
vt 0.230907 0.419012
vt 0.234506 0.418525
vt 0.232323 0.416890
vt 0.233670 0.419245
vt 0.225361 0.416501
vt 0.226868 0.415707
vt 0.227570 0.418026
vt 0.229692 0.416359
vt 0.229434 0.419365
vt 0.232566 0.419850
vt 0.265388 0.468147
vt 0.266383 0.494065
vt 0.266160 0.457918
vt 0.264712 0.487910
vt 0.265739 0.490613
vt 0.265442 0.513555
vt 0.266336 0.535638
vt 0.265722 0.430394
vt 0.266996 0.452533
vt 0.266518 0.418599
vt 0.264923 0.444807
vt 0.267240 0.499970
vt 0.263315 0.484979
vt 0.264120 0.463584
vt 0.264067 0.513208
vt 0.267329 0.556410
vt 0.266153 0.580784
vt 0.267341 0.617350
vt 0.267240 0.499970
vt 0.265038 0.545606
vt 0.294723 0.766632
vt 0.295532 0.783123
vt 0.293342 0.790425
vt 0.297616 0.766591
vt 0.296353 0.764428
vt 0.294941 0.792519
vt 0.288274 0.811812
vt 0.291843 0.743063
vt 0.292795 0.769463
vt 0.294047 0.740918
vt 0.290752 0.795149
vt 0.299438 0.735345
vt 0.297757 0.737120
vt 0.298695 0.770971
vt 0.295989 0.738957
vt 0.281972 0.820442
vt 0.279379 0.833223
vt 0.251890 0.855349
vt 0.290752 0.795149
vt 0.293495 0.804347
vt 0.290703 0.770291
vt 0.288782 0.787845
vt 0.288376 0.771274
vt 0.286405 0.796513
vt 0.289550 0.793127
vt 0.284008 0.812698
vt 0.285680 0.775688
vt 0.289293 0.745496
vt 0.286333 0.748480
vt 0.277037 0.825402
vt 0.281972 0.820442
vt 0.282894 0.803746
vt 0.290752 0.795149
vt 0.278934 0.757324
vt 0.282386 0.781004
vt 0.282901 0.752321
vt 0.282894 0.803746
vt 0.275361 0.812887
vt 0.279864 0.805400
vt 0.276349 0.823352
vt 0.271235 0.797371
vt 0.277309 0.803524
vt 0.278550 0.785269
vt 0.274663 0.789931
vt 0.270646 0.836487
vt 0.272265 0.821702
vt 0.282894 0.803746
vt 0.260829 0.787551
vt 0.267933 0.805200
vt 0.265040 0.779189
vt 0.272265 0.821702
vt 0.282386 0.781004
vt 0.274438 0.763677
vt 0.278934 0.757324
vt 0.269692 0.771098
vt 0.266893 0.833988
vt 0.269394 0.825867
vt 0.269344 0.838815
vt 0.260758 0.824433
vt 0.266839 0.826369
vt 0.262153 0.817167
vt 0.264736 0.811433
vt 0.266481 0.849258
vt 0.265932 0.841845
vt 0.250521 0.820834
vt 0.259602 0.832005
vt 0.252276 0.812427
vt 0.257328 0.795865
vt 0.260829 0.787551
vt 0.254511 0.804131
vt 0.263176 0.854679
vt 0.264330 0.847126
vt 0.265906 0.854386
vt 0.256319 0.850922
vt 0.262229 0.849468
vt 0.256747 0.844726
vt 0.258095 0.838691
vt 0.263888 0.860280
vt 0.266481 0.849258
vt 0.262758 0.859847
vt 0.265932 0.841845
vt 0.245761 0.851274
vt 0.255702 0.856346
vt 0.246904 0.845030
vt 0.262758 0.859847
vt 0.249136 0.829339
vt 0.247980 0.837562
vt 0.257335 0.865905
vt 0.260790 0.863183
vt 0.261903 0.864565
vt 0.248813 0.864397
vt 0.257727 0.864443
vt 0.254080 0.860127
vt 0.251655 0.862573
vt 0.256089 0.865298
vt 0.263888 0.860280
vt 0.262758 0.859847
vt 0.237744 0.861333
vt 0.243653 0.865573
vt 0.231151 0.862613
vt 0.241879 0.859205
vt 0.252928 0.867021
vt 0.244302 0.855946
vt 0.245761 0.851274
vt 0.209415 0.668137
vt 0.178592 0.670926
vt 0.169245 0.669899
vt 0.193649 0.674273
vt 0.205756 0.670897
vt 0.160420 0.673653
vt 0.131953 0.675378
vt 0.244770 0.668635
vt 0.208754 0.665659
vt 0.251779 0.665931
vt 0.236262 0.671688
vt 0.156781 0.669149
vt 0.219078 0.682160
vt 0.225793 0.675568
vt 0.178024 0.678350
vt 0.236262 0.671688
vt 0.104788 0.679623
vt 0.105452 0.681864
vt 0.061699 0.700302
vt 0.140954 0.677569
vt 0.129452 0.681170
vt 0.107218 0.686496
vt 0.099248 0.684132
vt 0.145130 0.686746
vt 0.161772 0.682518
vt 0.125729 0.690936
vt 0.125762 0.684193
vt 0.105452 0.681864
vt 0.074783 0.690175
vt 0.088523 0.690684
vt 0.196097 0.686325
vt 0.178024 0.678350
vt 0.172571 0.691302
vt 0.140954 0.677569
vt 0.128818 0.702688
vt 0.149733 0.696840
vt 0.107234 0.695621
vt 0.172571 0.691302
vt 0.076987 0.695748
vt 0.063319 0.701766
vt 0.063573 0.695387
vt 0.081720 0.706092
vt 0.092914 0.700903
vt 0.071110 0.710489
vt 0.072617 0.700488
vt 0.074783 0.690175
vt 0.052527 0.700414
vt 0.054273 0.705773
vt 0.110807 0.708643
vt 0.107234 0.695621
vt 0.128818 0.702688
vt 0.095655 0.714689
vt 0.088523 0.690684
vt 0.072739 0.727176
vt 0.083066 0.720856
vt 0.061996 0.715369
vt 0.048255 0.712543
vt 0.041733 0.721857
vt 0.044134 0.710098
vt 0.055288 0.721472
vt 0.045814 0.719701
vt 0.050312 0.728071
vt 0.045628 0.734603
vt 0.052528 0.700414
vt 0.040111 0.717902
vt 0.036778 0.731175
vt 0.064408 0.733700
vt 0.072739 0.727176
vt 0.040577 0.745022
vt 0.053165 0.747951
vt 0.050016 0.756004
vt 0.036778 0.731175
vt 0.057923 0.740571
vt 0.034566 0.762269
vt 0.028209 0.766128
vt 0.031253 0.748847
vt 0.026665 0.768594
vt 0.030711 0.781118
vt 0.030906 0.796608
vt 0.031384 0.739882
vt 0.040577 0.745022
vt 0.039003 0.775509
vt 0.036778 0.731175
vt 0.034953 0.811088
vt 0.038142 0.816582
vt 0.061699 0.843541
vt 0.026038 0.771922
vt 0.034801 0.796207
vt 0.040111 0.717902
vt 0.034954 0.732755
vt 0.026038 0.771922
vt 0.043654 0.827409
vt 0.048780 0.834443
vt 0.045305 0.837764
vt 0.047523 0.814508
vt 0.046934 0.828024
vt 0.055657 0.825685
vt 0.051370 0.819576
vt 0.043314 0.833745
vt 0.052198 0.845675
vt 0.040872 0.822971
vt 0.053903 0.840796
vt 0.054454 0.799835
vt 0.044574 0.808479
vt 0.051213 0.791887
vt 0.058919 0.807138
vt 0.040872 0.822971
vt 0.061572 0.831819
vt 0.064787 0.814036
vt 0.072236 0.820768
vt 0.061844 0.845033
vt 0.073114 0.851273
vt 0.061352 0.850755
vt 0.069676 0.837052
vt 0.070042 0.846754
vt 0.078815 0.841822
vt 0.087743 0.847097
vt 0.052198 0.845675
vt 0.070090 0.855302
vt 0.053903 0.840796
vt 0.081669 0.855967
vt 0.081393 0.827500
vt 0.053903 0.840796
vt 0.098451 0.852102
vt 0.104454 0.840349
vt 0.118094 0.846048
vt 0.081669 0.855966
vt 0.092176 0.834096
vt 0.095679 0.859669
vt 0.112529 0.863761
vt 0.089084 0.860997
vt 0.111829 0.856112
vt 0.109820 0.861535
vt 0.125688 0.859314
vt 0.137770 0.862352
vt 0.070090 0.855302
vt 0.096491 0.862342
vt 0.123783 0.866529
vt 0.118094 0.846048
vt 0.132910 0.851015
vt 0.152066 0.865479
vt 0.164441 0.858512
vt 0.180258 0.860967
vt 0.123783 0.866529
vt 0.148509 0.855182
vt 0.228585 0.868224
vt 0.243882 0.867724
vt 0.243813 0.867548
vt 0.224187 0.866162
vt 0.212370 0.866239
vt 0.235013 0.866087
vt 0.233800 0.867756
vt 0.230583 0.867459
vt 0.256089 0.865299
vt 0.252928 0.867021
vt 0.195478 0.862531
vt 0.195428 0.866923
vt 0.209474 0.863268
vt 0.213604 0.869154
vt 0.221585 0.863266
vt 0.243653 0.865573
vt 0.059258 0.106247
vt 0.058144 0.108396
vt 0.058836 0.091587
vt 0.059620 0.122828
vt 0.058639 0.114623
vt 0.057802 0.128158
vt 0.058654 0.128698
vt 0.059932 0.076837
vt 0.058390 0.077471
vt 0.059668 0.058905
vt 0.060289 0.094416
vt 0.057546 0.099710
vt 0.061403 0.128048
vt 0.060799 0.111408
vt 0.059975 0.140673
vt 0.060289 0.094416
vt 0.056581 0.150307
vt 0.057628 0.149785
vt 0.056991 0.124396
vt 0.058738 0.147246
vt 0.066814 0.080247
vt 0.066511 0.089422
vt 0.068126 0.076045
vt 0.066366 0.094571
vt 0.065171 0.096863
vt 0.064047 0.109971
vt 0.069005 0.075780
vt 0.067254 0.063977
vt 0.068789 0.060955
vt 0.065225 0.088312
vt 0.070323 0.057933
vt 0.063167 0.121561
vt 0.062112 0.122236
vt 0.060769 0.137109
vt 0.066215 0.101078
vt 0.063565 0.106367
vt 0.071857 0.054912
vt 0.069695 0.077306
vt 0.073391 0.051890
vt 0.067912 0.069776
vt 0.065850 0.076232
vt 0.067778 0.061439
vt 0.064427 0.080696
vt 0.065280 0.086154
vt 0.062756 0.099408
vt 0.066723 0.058513
vt 0.070023 0.065030
vt 0.070650 0.051452
vt 0.067249 0.081923
vt 0.070329 0.041570
vt 0.060219 0.111399
vt 0.061543 0.114714
vt 0.058611 0.130613
vt 0.062484 0.086659
vt 0.064431 0.098545
vt 0.069378 0.034152
vt 0.065187 0.058233
vt 0.068110 0.027966
vt 0.070329 0.041570
vt 0.061841 0.081556
vt 0.062047 0.092677
vt 0.063009 0.079815
vt 0.062160 0.099329
vt 0.061012 0.098891
vt 0.060408 0.114471
vt 0.063947 0.082010
vt 0.061307 0.061875
vt 0.062794 0.062400
vt 0.060623 0.087632
vt 0.064281 0.062926
vt 0.059847 0.130110
vt 0.058931 0.126502
vt 0.057377 0.152155
vt 0.062316 0.108066
vt 0.059839 0.107074
vt 0.067254 0.063977
vt 0.064785 0.086021
vt 0.065768 0.063451
vt 0.066258 0.055536
vt 0.065834 0.065568
vt 0.066901 0.048732
vt 0.065455 0.072534
vt 0.065070 0.075280
vt 0.064034 0.092164
vt 0.067024 0.048617
vt 0.066274 0.046975
vt 0.067540 0.033925
vt 0.065136 0.067434
vt 0.068291 0.026220
vt 0.063041 0.108024
vt 0.062675 0.107966
vt 0.061351 0.128041
vt 0.064906 0.081953
vt 0.063947 0.087787
vt 0.068930 0.019723
vt 0.066889 0.051847
vt 0.068697 0.022080
vt 0.058446 0.114521
vt 0.058387 0.114592
vt 0.059270 0.098995
vt 0.057514 0.131850
vt 0.058066 0.120940
vt 0.057414 0.131973
vt 0.057366 0.133706
vt 0.060126 0.083983
vt 0.060058 0.084065
vt 0.061307 0.061875
vt 0.058944 0.106091
vt 0.058809 0.106256
vt 0.057763 0.128199
vt 0.056513 0.150389
vt 0.058944 0.106091
vt 0.056310 0.150637
vt 0.056378 0.150554
vt 0.057559 0.128446
vt 0.056446 0.150472
vt 0.233207 0.404823
vt 0.232723 0.406788
vt 0.234654 0.406311
vt 0.231368 0.403627
vt 0.232250 0.405629
vt 0.230484 0.406786
vt 0.230722 0.405207
vt 0.236089 0.405306
vt 0.235747 0.408052
vt 0.234234 0.403644
vt 0.233374 0.408279
vt 0.229216 0.402736
vt 0.232228 0.402065
vt 0.228695 0.404633
vt 0.234234 0.403644
vt 0.228089 0.406322
vt 0.230815 0.408390
vt 0.139892 0.573602
vt 0.141677 0.569890
vt 0.135306 0.567701
vt 0.145424 0.578523
vt 0.143158 0.573303
vt 0.148436 0.572449
vt 0.147818 0.576013
vt 0.129317 0.566436
vt 0.135460 0.574079
vt 0.141316 0.580172
vt 0.151900 0.582515
vt 0.155677 0.575414
vt 0.147326 0.567978
vt 0.224316 0.397776
vt 0.223873 0.399419
vt 0.225693 0.399087
vt 0.222626 0.396626
vt 0.223431 0.398366
vt 0.221848 0.399133
vt 0.222022 0.397780
vt 0.227009 0.398185
vt 0.226708 0.400652
vt 0.225183 0.396840
vt 0.224399 0.400845
vt 0.221368 0.394206
vt 0.223337 0.395549
vt 0.225183 0.396839
vt 0.222119 0.400715
vt 0.220144 0.396702
vt 0.209868 0.568931
vt 0.206237 0.568242
vt 0.204822 0.570500
vt 0.208946 0.563789
vt 0.209753 0.566224
vt 0.204522 0.567398
vt 0.200816 0.570497
vt 0.208784 0.572241
vt 0.215660 0.565211
vt 0.202905 0.573412
vt 0.207948 0.561718
vt 0.203075 0.566039
vt 0.214599 0.562520
vt 0.197636 0.573569
vt 0.198425 0.569338
vt 0.202905 0.573412
vt 0.203075 0.566039
vt 0.232827 0.532099
vt 0.228765 0.535499
vt 0.227840 0.539003
vt 0.230275 0.528792
vt 0.231870 0.529984
vt 0.226666 0.536568
vt 0.223436 0.543272
vt 0.237326 0.522779
vt 0.226471 0.543627
vt 0.228724 0.527889
vt 0.233737 0.519749
vt 0.235324 0.521817
vt 0.220740 0.549337
vt 0.220532 0.544582
vt 0.226471 0.543627
vt 0.224763 0.536710
vt 0.246659 0.489189
vt 0.244318 0.491353
vt 0.244629 0.499482
vt 0.247905 0.478147
vt 0.245759 0.486590
vt 0.244361 0.481407
vt 0.246182 0.478765
vt 0.245862 0.503723
vt 0.248205 0.490747
vt 0.242377 0.497067
vt 0.248300 0.466924
vt 0.249790 0.478112
vt 0.246390 0.468720
vt 0.244452 0.470598
vt 0.182265 0.582787
vt 0.179179 0.578875
vt 0.176435 0.579939
vt 0.183798 0.576876
vt 0.183623 0.579901
vt 0.177640 0.576614
vt 0.171710 0.576488
vt 0.179087 0.585312
vt 0.188797 0.584247
vt 0.172697 0.581317
vt 0.183616 0.574147
vt 0.190014 0.576927
vt 0.189320 0.580499
vt 0.166200 0.576945
vt 0.169280 0.573316
vt 0.176654 0.574147
vt 0.250376 0.438687
vt 0.248276 0.439009
vt 0.249948 0.446086
vt 0.250215 0.430767
vt 0.249022 0.435715
vt 0.246730 0.431334
vt 0.248375 0.429959
vt 0.251756 0.452379
vt 0.249019 0.452610
vt 0.247319 0.443639
vt 0.252266 0.433810
vt 0.249572 0.423349
vt 0.245519 0.424026
vt 0.245376 0.435069
vt 0.247574 0.423547
vt 0.080741 0.432586
vt 0.081531 0.426411
vt 0.075275 0.412861
vt 0.087669 0.454467
vt 0.083758 0.436660
vt 0.089150 0.445628
vt 0.089327 0.452238
vt 0.071062 0.407932
vt 0.070853 0.395407
vt 0.077656 0.431138
vt 0.078401 0.413141
vt 0.095565 0.476068
vt 0.085209 0.455904
vt 0.096680 0.471744
vt 0.077656 0.431138
vt 0.086837 0.434159
vt 0.096680 0.471745
vt 0.111774 0.525218
vt 0.114068 0.522117
vt 0.107440 0.512637
vt 0.117455 0.537942
vt 0.115394 0.528373
vt 0.120832 0.532096
vt 0.120152 0.536793
vt 0.104407 0.501099
vt 0.112259 0.513818
vt 0.112743 0.535545
vt 0.126289 0.546182
vt 0.124215 0.549384
vt 0.106687 0.520405
vt 0.119648 0.524399
vt 0.126289 0.546182
vt 0.248274 0.388496
vt 0.244791 0.387659
vt 0.245243 0.389423
vt 0.243883 0.384835
vt 0.246411 0.386279
vt 0.242682 0.387380
vt 0.242111 0.389921
vt 0.249361 0.391195
vt 0.245776 0.391757
vt 0.240885 0.384242
vt 0.242219 0.392454
vt 0.238909 0.389992
vt 0.239909 0.387193
vt 0.132894 0.593424
vt 0.133616 0.588847
vt 0.126554 0.586715
vt 0.140604 0.598299
vt 0.136043 0.592725
vt 0.141091 0.590701
vt 0.141707 0.594998
vt 0.122161 0.579639
vt 0.130848 0.583703
vt 0.149154 0.600866
vt 0.149081 0.592100
vt 0.139025 0.585689
vt 0.149208 0.596731
vt 0.232788 0.379750
vt 0.232458 0.382364
vt 0.235440 0.380796
vt 0.229397 0.379271
vt 0.231463 0.381176
vt 0.229112 0.383419
vt 0.228960 0.381390
vt 0.233563 0.384020
vt 0.225295 0.383811
vt 0.229884 0.385412
vt 0.225478 0.381509
vt 0.215790 0.583531
vt 0.210648 0.583227
vt 0.209128 0.585831
vt 0.213146 0.578310
vt 0.215171 0.580672
vt 0.207651 0.582564
vt 0.202913 0.586349
vt 0.214798 0.587193
vt 0.207081 0.589228
vt 0.209940 0.576600
vt 0.221145 0.576177
vt 0.199111 0.590182
vt 0.197672 0.585405
vt 0.207082 0.589228
vt 0.204026 0.581401
vt 0.242454 0.541196
vt 0.237375 0.545000
vt 0.236312 0.549055
vt 0.238862 0.537644
vt 0.241397 0.538512
vt 0.234169 0.546885
vt 0.230226 0.554679
vt 0.241988 0.546119
vt 0.234772 0.554462
vt 0.243857 0.526844
vt 0.235082 0.538784
vt 0.246122 0.529173
vt 0.224722 0.558248
vt 0.234772 0.554462
vt 0.230029 0.549140
vt 0.255616 0.481309
vt 0.252282 0.486996
vt 0.252384 0.491980
vt 0.251887 0.478321
vt 0.253918 0.478918
vt 0.250364 0.489489
vt 0.248895 0.500050
vt 0.256780 0.486341
vt 0.257816 0.469191
vt 0.252487 0.498537
vt 0.249790 0.478112
vt 0.247910 0.509653
vt 0.245862 0.503723
vt 0.248205 0.490747
vt 0.174889 0.606117
vt 0.174037 0.602343
vt 0.167144 0.605493
vt 0.183344 0.605092
vt 0.177540 0.603636
vt 0.181635 0.599054
vt 0.183517 0.602015
vt 0.160170 0.608547
vt 0.160925 0.603524
vt 0.171316 0.609219
vt 0.169581 0.600424
vt 0.182191 0.608239
vt 0.171316 0.609219
vt 0.189804 0.595966
vt 0.177745 0.596381
vt 0.260426 0.436204
vt 0.258232 0.437692
vt 0.260241 0.445949
vt 0.260061 0.425875
vt 0.258921 0.433370
vt 0.256404 0.429164
vt 0.258068 0.426645
vt 0.262457 0.454610
vt 0.262396 0.440109
vt 0.257286 0.443091
vt 0.262335 0.425608
vt 0.254711 0.421256
vt 0.255078 0.433440
vt 0.076038 0.455260
vt 0.075485 0.441709
vt 0.071907 0.432456
vt 0.082393 0.457706
vt 0.079538 0.458687
vt 0.075919 0.435373
vt 0.070143 0.415781
vt 0.071889 0.445863
vt 0.082198 0.480148
vt 0.067754 0.419874
vt 0.085209 0.455904
vt 0.085519 0.479981
vt 0.065092 0.398638
vt 0.071062 0.407932
vt 0.256408 0.400917
vt 0.254867 0.403797
vt 0.257536 0.404781
vt 0.253202 0.399681
vt 0.254631 0.397478
vt 0.252229 0.402297
vt 0.254853 0.401428
vt 0.254734 0.406778
vt 0.249544 0.400511
vt 0.098533 0.539002
vt 0.101245 0.535282
vt 0.093395 0.523008
vt 0.105200 0.553980
vt 0.102609 0.542705
vt 0.109396 0.547434
vt 0.108100 0.552437
vt 0.090169 0.508757
vt 0.099573 0.525629
vt 0.112887 0.566358
vt 0.093182 0.533615
vt 0.108933 0.539345
vt 0.115217 0.562944
vt 0.052634 0.319427
vt 0.049372 0.305168
vt 0.051112 0.318364
vt 0.047872 0.297560
vt 0.049475 0.300298
vt 0.046407 0.281019
vt 0.050098 0.317291
vt 0.054600 0.321282
vt 0.055365 0.335822
vt 0.052987 0.332273
vt 0.043195 0.260177
vt 0.046364 0.272837
vt 0.046106 0.287976
vt 0.050245 0.297625
vt 0.052317 0.334901
vt 0.049485 0.317115
vt 0.241477 0.398073
vt 0.241038 0.398991
vt 0.243149 0.399854
vt 0.239409 0.396345
vt 0.240412 0.398028
vt 0.238853 0.397807
vt 0.238792 0.396960
vt 0.245271 0.399962
vt 0.243093 0.397734
vt 0.240846 0.395616
vt 0.236989 0.394797
vt 0.236664 0.395651
vt 0.235716 0.399819
vt 0.235293 0.401340
vt 0.236401 0.401710
vt 0.233293 0.400852
vt 0.234404 0.400056
vt 0.234939 0.402346
vt 0.236576 0.403600
vt 0.237271 0.400232
vt 0.234547 0.397954
vt 0.237796 0.402331
vt 0.231685 0.399122
vt 0.234234 0.403644
vt 0.233126 0.398428
vt 0.238205 0.404660
vt 0.236089 0.405306
vt 0.234234 0.403644
vt 0.230284 0.390570
vt 0.230100 0.391494
vt 0.232289 0.391689
vt 0.227843 0.389458
vt 0.229268 0.390807
vt 0.227770 0.390952
vt 0.227453 0.390203
vt 0.234406 0.391162
vt 0.231811 0.389842
vt 0.229091 0.388441
vt 0.224918 0.388456
vt 0.225149 0.390215
vt 0.228697 0.391814
vt 0.224958 0.389408
vt 0.225592 0.393415
vt 0.225663 0.394840
vt 0.226681 0.395044
vt 0.223927 0.394546
vt 0.224570 0.393774
vt 0.225595 0.395736
vt 0.227216 0.396687
vt 0.227071 0.393462
vt 0.223881 0.391857
vt 0.223337 0.395549
vt 0.222068 0.393223
vt 0.221368 0.394206
vt 0.227009 0.398185
vt 0.225183 0.396840
vt 0.043088 0.279350
vt 0.041285 0.287257
vt 0.045302 0.303986
vt 0.040565 0.256156
vt 0.040836 0.273205
vt 0.037133 0.263312
vt 0.038373 0.255522
vt 0.047355 0.336400
vt 0.042497 0.316093
vt 0.040519 0.233048
vt 0.037879 0.233010
vt 0.032600 0.232934
vt 0.037553 0.289134
vt 0.035240 0.232972
vt 0.210948 0.611938
vt 0.198946 0.613315
vt 0.219929 0.614002
vt 0.197566 0.610076
vt 0.199922 0.612274
vt 0.187740 0.611018
vt 0.179247 0.611362
vt 0.218208 0.616356
vt 0.249186 0.410444
vt 0.248128 0.411334
vt 0.249671 0.413531
vt 0.248179 0.407593
vt 0.248210 0.409904
vt 0.246674 0.409139
vt 0.247264 0.408100
vt 0.249514 0.416494
vt 0.250677 0.411044
vt 0.247794 0.413133
vt 0.249660 0.407522
vt 0.246623 0.405005
vt 0.250677 0.411044
vt 0.245150 0.406917
vt 0.245865 0.405961
vt 0.214458 0.383981
vt 0.215210 0.385504
vt 0.217657 0.385343
vt 0.211223 0.382850
vt 0.213618 0.384505
vt 0.212720 0.385459
vt 0.211506 0.384067
vt 0.219918 0.384692
vt 0.215864 0.383165
vt 0.208489 0.382230
vt 0.211991 0.381697
vt 0.210538 0.385448
vt 0.214592 0.386828
vt 0.239275 0.417900
vt 0.239076 0.418697
vt 0.240119 0.419332
vt 0.237909 0.417357
vt 0.238115 0.416780
vt 0.237765 0.417913
vt 0.238819 0.418007
vt 0.239281 0.419537
vt 0.236587 0.415810
vt 0.239669 0.417284
vt 0.154131 0.563655
vt 0.152257 0.560071
vt 0.150322 0.558668
vt 0.155600 0.561721
vt 0.155341 0.563242
vt 0.151170 0.557603
vt 0.147148 0.553057
vt 0.151626 0.562669
vt 0.158946 0.567571
vt 0.147685 0.556553
vt 0.161337 0.563522
vt 0.160503 0.564969
vt 0.159712 0.566305
vt 0.147685 0.556553
vt 0.039871 0.391894
vt 0.038229 0.391652
vt 0.044531 0.459780
vt 0.034218 0.314718
vt 0.036745 0.363237
vt 0.031497 0.315357
vt 0.032143 0.306272
vt 0.047898 0.514578
vt 0.040213 0.429465
vt 0.029960 0.232896
vt 0.028031 0.232190
vt 0.024172 0.230776
vt 0.032505 0.344021
vt 0.026102 0.231483
vt 0.231216 0.411893
vt 0.231035 0.412458
vt 0.232834 0.413014
vt 0.229218 0.410626
vt 0.230351 0.411834
vt 0.228925 0.411484
vt 0.228789 0.410995
vt 0.234378 0.413073
vt 0.232414 0.411739
vt 0.231941 0.413260
vt 0.230257 0.410247
vt 0.226958 0.409237
vt 0.226627 0.410163
vt 0.229590 0.412211
vt 0.226753 0.409782
vt 0.202687 0.564593
vt 0.201053 0.564268
vt 0.198904 0.567166
vt 0.206761 0.560825
vt 0.203001 0.563295
vt 0.204247 0.560378
vt 0.205662 0.560426
vt 0.198425 0.569338
vt 0.198690 0.565276
vt 0.210924 0.555716
vt 0.209252 0.555916
vt 0.203075 0.566039
vt 0.208158 0.555294
vt 0.202269 0.560969
vt 0.209252 0.555916
vt 0.204914 0.380929
vt 0.204405 0.381628
vt 0.205094 0.382182
vt 0.203375 0.380808
vt 0.203956 0.380677
vt 0.204314 0.382156
vt 0.205386 0.383530
vt 0.206111 0.381553
vt 0.204598 0.379706
vt 0.205985 0.382911
vt 0.202973 0.381131
vt 0.202603 0.379541
vt 0.205819 0.385063
vt 0.204291 0.382908
vt 0.051810 0.300173
vt 0.052627 0.296133
vt 0.048770 0.280431
vt 0.056043 0.321594
vt 0.053605 0.305094
vt 0.057791 0.316723
vt 0.057161 0.320706
vt 0.046364 0.272837
vt 0.046633 0.263159
vt 0.050245 0.297625
vt 0.051536 0.285076
vt 0.054600 0.321282
vt 0.064590 0.341467
vt 0.057399 0.308325
vt 0.062989 0.342609
vt 0.038218 0.230417
vt 0.039933 0.227383
vt 0.036172 0.229983
vt 0.040672 0.230203
vt 0.040452 0.228465
vt 0.042984 0.227555
vt 0.044211 0.225155
vt 0.033813 0.228688
vt 0.038213 0.225775
vt 0.043392 0.229700
vt 0.035240 0.232972
vt 0.043306 0.222987
vt 0.049137 0.223003
vt 0.046264 0.226352
vt 0.221612 0.404325
vt 0.221198 0.404763
vt 0.223012 0.405750
vt 0.220074 0.402616
vt 0.220704 0.404042
vt 0.219290 0.403156
vt 0.219406 0.402777
vt 0.224716 0.406029
vt 0.224189 0.406998
vt 0.222877 0.404359
vt 0.221927 0.405671
vt 0.221260 0.402499
vt 0.218405 0.400505
vt 0.222877 0.404359
vt 0.217327 0.400903
vt 0.217775 0.400793
vt 0.224123 0.535392
vt 0.222355 0.536345
vt 0.220575 0.541769
vt 0.227564 0.527621
vt 0.224288 0.533457
vt 0.225054 0.528796
vt 0.226561 0.527719
vt 0.220532 0.544582
vt 0.217088 0.546880
vt 0.224763 0.536710
vt 0.230634 0.518470
vt 0.229336 0.519417
vt 0.228100 0.519426
vt 0.222878 0.531411
vt 0.229336 0.519417
vt 0.211108 0.390049
vt 0.211230 0.391652
vt 0.212140 0.392697
vt 0.209807 0.390043
vt 0.210201 0.389651
vt 0.211491 0.392753
vt 0.213178 0.395204
vt 0.212376 0.391219
vt 0.210100 0.387480
vt 0.209653 0.390828
vt 0.209009 0.387303
vt 0.214663 0.397164
vt 0.214309 0.397759
vt 0.213301 0.394115
vt 0.211917 0.394270
vt 0.102449 0.628638
vt 0.127786 0.630029
vt 0.143638 0.628577
vt 0.100318 0.632567
vt 0.096689 0.630684
vt 0.142959 0.630840
vt 0.180494 0.628901
vt 0.118143 0.626558
vt 0.056915 0.628874
vt 0.164112 0.626734
vt 0.053679 0.636892
vt 0.054758 0.634220
vt 0.055836 0.631547
vt 0.164112 0.626734
vt 0.238047 0.489867
vt 0.237020 0.489356
vt 0.236253 0.497877
vt 0.239663 0.480568
vt 0.238047 0.485844
vt 0.237977 0.479437
vt 0.238993 0.478484
vt 0.235908 0.505173
vt 0.238180 0.495378
vt 0.235642 0.494243
vt 0.240180 0.485396
vt 0.238180 0.495378
vt 0.239003 0.468534
vt 0.236649 0.483235
vt 0.085420 0.420494
vt 0.086872 0.420445
vt 0.078609 0.399889
vt 0.093161 0.442745
vt 0.089502 0.429624
vt 0.096026 0.443384
vt 0.095895 0.446734
vt 0.071733 0.383263
vt 0.080155 0.408428
vt 0.083156 0.407591
vt 0.088343 0.432694
vt 0.105143 0.466737
vt 0.093647 0.433315
vt 0.103592 0.467262
vt 0.177240 0.572525
vt 0.175921 0.571046
vt 0.171519 0.571821
vt 0.183148 0.572392
vt 0.178498 0.571652
vt 0.181224 0.570190
vt 0.182563 0.571218
vt 0.169280 0.573316
vt 0.166652 0.570545
vt 0.172881 0.570226
vt 0.183616 0.574147
vt 0.176654 0.574147
vt 0.186747 0.568928
vt 0.178978 0.569330
vt 0.240965 0.432713
vt 0.240213 0.437648
vt 0.240410 0.440507
vt 0.239785 0.433776
vt 0.240379 0.432219
vt 0.239721 0.441017
vt 0.239564 0.448331
vt 0.241549 0.435685
vt 0.241067 0.425937
vt 0.238995 0.429026
vt 0.239650 0.427652
vt 0.240318 0.426588
vt 0.239552 0.454654
vt 0.240682 0.444697
vt 0.128428 0.527182
vt 0.127212 0.520492
vt 0.124471 0.515455
vt 0.131480 0.527525
vt 0.130714 0.529191
vt 0.126055 0.515363
vt 0.120551 0.502740
vt 0.124759 0.521632
vt 0.132695 0.537936
vt 0.120839 0.508611
vt 0.136627 0.538405
vt 0.115570 0.491846
vt 0.120839 0.508611
vt 0.211845 0.376197
vt 0.212707 0.377435
vt 0.216145 0.376723
vt 0.206909 0.375957
vt 0.210613 0.376811
vt 0.208842 0.377980
vt 0.207279 0.376908
vt 0.219509 0.377732
vt 0.215241 0.378511
vt 0.200286 0.375754
vt 0.200103 0.376349
vt 0.200535 0.376631
vt 0.199388 0.375894
vt 0.199787 0.375726
vt 0.200006 0.376715
vt 0.200685 0.377468
vt 0.200891 0.376014
vt 0.199976 0.374812
vt 0.201124 0.377016
vt 0.198792 0.375037
vt 0.198200 0.375149
vt 0.199384 0.374924
vt 0.201396 0.378086
vt 0.201124 0.377016
vt 0.199884 0.377203
vt 0.217090 0.405671
vt 0.217413 0.407954
vt 0.218490 0.408250
vt 0.215522 0.407230
vt 0.216093 0.406281
vt 0.217589 0.409200
vt 0.219507 0.410586
vt 0.218465 0.405584
vt 0.215135 0.402906
vt 0.219852 0.408612
vt 0.213283 0.404812
vt 0.215137 0.408323
vt 0.214166 0.404000
vt 0.221218 0.411367
vt 0.220406 0.412906
vt 0.217802 0.410771
vt 0.219825 0.526112
vt 0.215720 0.529694
vt 0.215037 0.532446
vt 0.216649 0.524441
vt 0.218827 0.524628
vt 0.213119 0.531468
vt 0.210281 0.537101
vt 0.219564 0.529308
vt 0.224446 0.517879
vt 0.213988 0.536079
vt 0.213807 0.524761
vt 0.205309 0.541072
vt 0.209621 0.533583
vt 0.254470 0.366491
vt 0.246305 0.364924
vt 0.241663 0.365736
vt 0.254612 0.363552
vt 0.256037 0.365048
vt 0.241661 0.364020
vt 0.231232 0.364829
vt 0.269234 0.367225
vt 0.269017 0.361255
vt 0.269089 0.363245
vt 0.251820 0.362010
vt 0.269162 0.365235
vt 0.222891 0.365896
vt 0.221789 0.363832
vt 0.235713 0.362843
vt 0.182172 0.564341
vt 0.179577 0.562271
vt 0.178090 0.562682
vt 0.181830 0.561174
vt 0.182602 0.562974
vt 0.177920 0.560753
vt 0.174476 0.560236
vt 0.186544 0.563326
vt 0.186666 0.565045
vt 0.175865 0.563180
vt 0.186067 0.561322
vt 0.180448 0.559056
vt 0.186544 0.563326
vt 0.171504 0.560080
vt 0.170933 0.557174
vt 0.175688 0.558599
vt 0.232140 0.478096
vt 0.228875 0.483621
vt 0.228841 0.487403
vt 0.228710 0.477352
vt 0.230793 0.476523
vt 0.226744 0.487018
vt 0.225146 0.495533
vt 0.232757 0.482233
vt 0.234889 0.467860
vt 0.228747 0.492534
vt 0.230833 0.467169
vt 0.226177 0.479315
vt 0.232950 0.467354
vt 0.224248 0.502521
vt 0.221012 0.503468
vt 0.223844 0.491527
vt 0.195592 0.378991
vt 0.196307 0.379856
vt 0.196601 0.378187
vt 0.194598 0.380094
vt 0.195673 0.379938
vt 0.195866 0.381589
vt 0.195135 0.380985
vt 0.196848 0.376455
vt 0.197584 0.377753
vt 0.195496 0.377761
vt 0.197150 0.379742
vt 0.192792 0.380373
vt 0.194144 0.379067
vt 0.193597 0.381348
vt 0.195496 0.377761
vt 0.195337 0.383471
vt 0.194434 0.382367
vt 0.276735 0.570114
vt 0.279525 0.540507
vt 0.278631 0.523446
vt 0.281006 0.571025
vt 0.278739 0.576027
vt 0.281130 0.523667
vt 0.280600 0.485478
vt 0.274749 0.623930
vt 0.283454 0.623930
vt 0.280552 0.623930
vt 0.283424 0.561032
vt 0.277651 0.623930
vt 0.279565 0.454878
vt 0.282638 0.451126
vt 0.277489 0.500341
vt 0.283213 0.502106
vt 0.159753 0.557201
vt 0.159008 0.552959
vt 0.157351 0.551913
vt 0.161795 0.554047
vt 0.161112 0.556307
vt 0.158630 0.549964
vt 0.155598 0.545735
vt 0.164273 0.559873
vt 0.163148 0.561536
vt 0.154998 0.550442
vt 0.165354 0.557745
vt 0.162206 0.551010
vt 0.164273 0.559873
vt 0.152633 0.542355
vt 0.154017 0.538530
vt 0.154998 0.550442
vt 0.158171 0.545762
vt 0.201127 0.555659
vt 0.197758 0.555952
vt 0.197009 0.557273
vt 0.199030 0.553083
vt 0.200523 0.554296
vt 0.195768 0.555713
vt 0.193157 0.557652
vt 0.200616 0.557509
vt 0.204367 0.551191
vt 0.205665 0.552422
vt 0.195901 0.558959
vt 0.203044 0.549470
vt 0.197067 0.551811
vt 0.204367 0.551191
vt 0.191226 0.559357
vt 0.189206 0.557377
vt 0.193169 0.555160
vt 0.100215 0.642135
vt 0.125823 0.645147
vt 0.140421 0.643040
vt 0.099705 0.648771
vt 0.095264 0.645481
vt 0.140390 0.646893
vt 0.173159 0.644435
vt 0.115686 0.638927
vt 0.053864 0.641394
vt 0.160195 0.640337
vt 0.054419 0.654900
vt 0.054234 0.650398
vt 0.108442 0.652081
vt 0.054049 0.645896
vt 0.199377 0.641581
vt 0.202795 0.646097
vt 0.159042 0.649176
vt 0.170513 0.540159
vt 0.175652 0.539606
vt 0.168906 0.537715
vt 0.173806 0.542288
vt 0.174691 0.540770
vt 0.178120 0.542246
vt 0.181632 0.541386
vt 0.169990 0.535390
vt 0.185050 0.539943
vt 0.191804 0.541522
vt 0.160241 0.514134
vt 0.168925 0.521837
vt 0.172155 0.519353
vt 0.164241 0.525507
vt 0.160896 0.519956
vt 0.173742 0.525643
vt 0.182330 0.524353
vt 0.177457 0.516108
vt 0.169177 0.530334
vt 0.190341 0.521802
vt 0.189950 0.529014
vt 0.205163 0.434190
vt 0.199748 0.433870
vt 0.207403 0.440999
vt 0.200844 0.426840
vt 0.200836 0.431393
vt 0.196753 0.425645
vt 0.193029 0.425636
vt 0.214682 0.445409
vt 0.209909 0.436321
vt 0.195336 0.436459
vt 0.205275 0.428315
vt 0.209909 0.436321
vt 0.187824 0.426920
vt 0.195336 0.436459
vt 0.213451 0.436293
vt 0.214244 0.431072
vt 0.209930 0.429719
vt 0.218901 0.438737
vt 0.218004 0.443550
vt 0.218517 0.433281
vt 0.215554 0.435306
vt 0.209909 0.436321
vt 0.213200 0.426707
vt 0.209909 0.436321
vt 0.217794 0.428490
vt 0.168751 0.460997
vt 0.172148 0.472846
vt 0.184971 0.465107
vt 0.151222 0.458821
vt 0.164426 0.467766
vt 0.156652 0.479154
vt 0.152027 0.469369
vt 0.193313 0.456222
vt 0.181588 0.478910
vt 0.154009 0.448749
vt 0.173342 0.452495
vt 0.164895 0.487077
vt 0.131761 0.406485
vt 0.136463 0.411342
vt 0.138290 0.406014
vt 0.139349 0.413684
vt 0.131868 0.414471
vt 0.133704 0.421679
vt 0.144252 0.406275
vt 0.133352 0.399791
vt 0.140752 0.400550
vt 0.137417 0.425541
vt 0.148181 0.400266
vt 0.149537 0.406558
vt 0.140751 0.400550
vt 0.143263 0.415332
vt 0.072796 0.770082
vt 0.076817 0.766513
vt 0.073832 0.775865
vt 0.072669 0.762940
vt 0.075235 0.764823
vt 0.076339 0.758160
vt 0.079999 0.755937
vt 0.070918 0.784831
vt 0.075507 0.781461
vt 0.069749 0.777046
vt 0.068491 0.760563
vt 0.069012 0.768896
vt 0.072997 0.754977
vt 0.069749 0.777046
vt 0.083089 0.757896
vt 0.083634 0.743959
vt 0.077910 0.749430
vt 0.095998 0.764772
vt 0.104691 0.762827
vt 0.096963 0.778565
vt 0.097052 0.749658
vt 0.101611 0.757455
vt 0.112874 0.744339
vt 0.104902 0.744846
vt 0.089929 0.790267
vt 0.099697 0.791551
vt 0.089746 0.772995
vt 0.108616 0.771564
vt 0.090040 0.757070
vt 0.099115 0.733388
vt 0.119319 0.750778
vt 0.122052 0.723317
vt 0.109525 0.728301
vt 0.205791 0.776322
vt 0.213705 0.793262
vt 0.201498 0.801013
vt 0.219862 0.767635
vt 0.212508 0.753142
vt 0.225096 0.782946
vt 0.213178 0.779195
vt 0.188592 0.802270
vt 0.201125 0.821099
vt 0.195476 0.770816
vt 0.215279 0.807287
vt 0.202337 0.740379
vt 0.228076 0.756659
vt 0.195476 0.770816
vt 0.228933 0.796200
vt 0.228076 0.756659
vt 0.233659 0.834704
vt 0.230662 0.836918
vt 0.233180 0.830382
vt 0.233241 0.840395
vt 0.232123 0.837951
vt 0.231416 0.842423
vt 0.228678 0.843272
vt 0.236305 0.823250
vt 0.230316 0.828561
vt 0.235396 0.830455
vt 0.227007 0.836628
vt 0.233967 0.845060
vt 0.234642 0.837738
vt 0.232484 0.846758
vt 0.224179 0.843802
vt 0.226867 0.849684
vt 0.230338 0.848338
vt 0.160750 0.741822
vt 0.175523 0.755233
vt 0.167914 0.767064
vt 0.188894 0.735025
vt 0.174475 0.735348
vt 0.184333 0.762734
vt 0.177269 0.788181
vt 0.154234 0.713601
vt 0.158811 0.781539
vt 0.202337 0.740379
vt 0.192563 0.705129
vt 0.173114 0.709092
vt 0.275603 0.727418
vt 0.272845 0.728569
vt 0.272998 0.720221
vt 0.276499 0.736619
vt 0.274804 0.731466
vt 0.273006 0.738615
vt 0.275103 0.738732
vt 0.273235 0.712562
vt 0.267888 0.714597
vt 0.267188 0.705301
vt 0.276404 0.722224
vt 0.277942 0.745545
vt 0.277653 0.733485
vt 0.276552 0.747011
vt 0.276404 0.722224
vt 0.273482 0.750147
vt 0.268803 0.735777
vt 0.275089 0.748528
vt 0.135691 0.393863
vt 0.135834 0.394050
vt 0.141114 0.393355
vt 0.129540 0.394489
vt 0.133531 0.394204
vt 0.129924 0.394778
vt 0.129057 0.394707
vt 0.146406 0.392633
vt 0.145435 0.393025
vt 0.138526 0.393416
vt 0.122766 0.394984
vt 0.130646 0.394200
vt 0.132220 0.394705
vt 0.189897 0.416339
vt 0.189781 0.416680
vt 0.192848 0.417166
vt 0.186510 0.415244
vt 0.188586 0.416225
vt 0.186368 0.415823
vt 0.186062 0.415481
vt 0.195933 0.417480
vt 0.195188 0.417826
vt 0.191611 0.416417
vt 0.191353 0.417246
vt 0.187309 0.415018
vt 0.182795 0.413820
vt 0.187523 0.416372
vt 0.182697 0.414238
vt 0.201474 0.536292
vt 0.201232 0.536077
vt 0.198943 0.538512
vt 0.204147 0.533140
vt 0.202322 0.535182
vt 0.203680 0.532833
vt 0.204196 0.532763
vt 0.196548 0.540631
vt 0.196827 0.539996
vt 0.200338 0.537578
vt 0.199826 0.537154
vt 0.203848 0.533675
vt 0.206852 0.528983
vt 0.206319 0.528590
vt 0.184689 0.545158
vt 0.184587 0.544852
vt 0.181202 0.545419
vt 0.188535 0.544301
vt 0.186095 0.544774
vt 0.188279 0.543796
vt 0.188890 0.544013
vt 0.177792 0.545689
vt 0.178377 0.545366
vt 0.182786 0.545543
vt 0.182587 0.544914
vt 0.187718 0.544601
vt 0.192358 0.542808
vt 0.182786 0.545543
vt 0.192082 0.542203
vt 0.186725 0.543793
vt 0.192302 0.542625
vt 0.214543 0.513278
vt 0.214234 0.513174
vt 0.212386 0.518216
vt 0.216740 0.507082
vt 0.215223 0.511078
vt 0.216178 0.507012
vt 0.216746 0.506437
vt 0.210464 0.522911
vt 0.210520 0.521917
vt 0.213585 0.516028
vt 0.212905 0.515866
vt 0.216461 0.508255
vt 0.218748 0.499833
vt 0.218104 0.499681
vt 0.215076 0.509065
vt 0.218506 0.499898
vt 0.156075 0.393722
vt 0.155965 0.394038
vt 0.156877 0.394486
vt 0.155158 0.392971
vt 0.155671 0.393641
vt 0.155003 0.393530
vt 0.154978 0.393183
vt 0.157829 0.394949
vt 0.157476 0.395186
vt 0.156608 0.393834
vt 0.156327 0.394549
vt 0.154286 0.391849
vt 0.155435 0.392817
vt 0.155235 0.394002
vt 0.161313 0.398877
vt 0.161086 0.399156
vt 0.162590 0.400170
vt 0.160047 0.397626
vt 0.160666 0.398553
vt 0.159709 0.398124
vt 0.159720 0.397724
vt 0.164308 0.401266
vt 0.163642 0.401332
vt 0.162208 0.399341
vt 0.161636 0.399960
vt 0.160534 0.397665
vt 0.158830 0.396516
vt 0.162208 0.399341
vt 0.158426 0.397095
vt 0.160013 0.398807
vt 0.158610 0.396769
vt 0.223060 0.476886
vt 0.222736 0.476866
vt 0.221991 0.483673
vt 0.223901 0.469116
vt 0.223251 0.473987
vt 0.223340 0.469231
vt 0.223758 0.468255
vt 0.221087 0.490422
vt 0.220944 0.489075
vt 0.222729 0.480719
vt 0.222028 0.480676
vt 0.223905 0.470837
vt 0.125289 0.422672
vt 0.125588 0.422637
vt 0.124552 0.414507
vt 0.126487 0.432345
vt 0.125810 0.426047
vt 0.126976 0.432109
vt 0.126790 0.433168
vt 0.123641 0.406559
vt 0.124125 0.408165
vt 0.124707 0.418384
vt 0.125337 0.418283
vt 0.126155 0.430711
vt 0.128907 0.443148
vt 0.224334 0.439593
vt 0.224065 0.439710
vt 0.224509 0.445425
vt 0.223878 0.433837
vt 0.224043 0.437251
vt 0.223441 0.434172
vt 0.223622 0.433125
vt 0.224847 0.451620
vt 0.224675 0.442955
vt 0.224166 0.435449
vt 0.223167 0.428968
vt 0.222656 0.429321
vt 0.135805 0.477568
vt 0.136114 0.477454
vt 0.133447 0.467670
vt 0.138732 0.488326
vt 0.137061 0.481705
vt 0.139201 0.487931
vt 0.139322 0.489581
vt 0.130895 0.457709
vt 0.131700 0.459528
vt 0.134173 0.471903
vt 0.137801 0.485647
vt 0.142006 0.498813
vt 0.134173 0.471903
vt 0.142595 0.498465
vt 0.138303 0.483466
vt 0.142310 0.498991
vt 0.172405 0.407704
vt 0.172204 0.407996
vt 0.175317 0.409531
vt 0.169316 0.405691
vt 0.171028 0.407114
vt 0.169033 0.406212
vt 0.168715 0.405692
vt 0.178584 0.410999
vt 0.177720 0.411078
vt 0.174319 0.408506
vt 0.173828 0.409198
vt 0.170387 0.405931
vt 0.166399 0.403710
vt 0.166022 0.404300
vt 0.170219 0.407248
vt 0.166063 0.403945
vt 0.220482 0.422346
vt 0.220347 0.422626
vt 0.221462 0.423783
vt 0.218952 0.421363
vt 0.219976 0.422076
vt 0.218755 0.421882
vt 0.218795 0.421525
vt 0.222385 0.425386
vt 0.222038 0.425186
vt 0.221018 0.422794
vt 0.220739 0.423306
vt 0.219124 0.421289
vt 0.216497 0.421410
vt 0.219001 0.422364
vt 0.216789 0.421071
vt 0.150655 0.521238
vt 0.150912 0.521047
vt 0.148140 0.515360
vt 0.153578 0.526922
vt 0.151882 0.523442
vt 0.153942 0.526460
vt 0.154086 0.527452
vt 0.145326 0.509024
vt 0.149045 0.518108
vt 0.149653 0.517846
vt 0.152764 0.525641
vt 0.156770 0.531956
vt 0.157221 0.531456
vt 0.153079 0.524079
vt 0.156979 0.531924
vt 0.207464 0.419539
vt 0.207406 0.419894
vt 0.210357 0.419881
vt 0.203979 0.419203
vt 0.206156 0.419664
vt 0.203932 0.419803
vt 0.203541 0.419511
vt 0.213156 0.419838
vt 0.209164 0.419350
vt 0.204805 0.418862
vt 0.209164 0.419350
vt 0.200095 0.419213
vt 0.165808 0.541651
vt 0.165905 0.541352
vt 0.163086 0.539260
vt 0.169090 0.543622
vt 0.167009 0.542365
vt 0.169176 0.543064
vt 0.169444 0.543659
vt 0.160328 0.536739
vt 0.164287 0.540540
vt 0.164516 0.539976
vt 0.168471 0.543259
vt 0.172817 0.544761
vt 0.269274 0.566525
vt 0.270362 0.537294
vt 0.270041 0.518719
vt 0.270914 0.569423
vt 0.270041 0.573442
vt 0.271004 0.519787
vt 0.270898 0.476023
vt 0.268661 0.547973
vt 0.268507 0.619424
vt 0.271847 0.623930
vt 0.270733 0.622428
vt 0.269620 0.620926
vt 0.270578 0.441094
vt 0.253466 0.371364
vt 0.245535 0.371080
vt 0.240446 0.371481
vt 0.254347 0.370388
vt 0.255396 0.370843
vt 0.240784 0.370915
vt 0.228820 0.371486
vt 0.248385 0.371932
vt 0.267872 0.371189
vt 0.233866 0.372003
vt 0.269307 0.369215
vt 0.268828 0.369873
vt 0.268350 0.370531
vt 0.234549 0.370699
vt 0.106161 0.439824
vt 0.105176 0.424024
vt 0.100860 0.415016
vt 0.112093 0.437805
vt 0.110069 0.442235
vt 0.104385 0.413562
vt 0.096872 0.391509
vt 0.100426 0.430742
vt 0.112344 0.464432
vt 0.094949 0.402691
vt 0.119193 0.461709
vt 0.113321 0.429929
vt 0.116061 0.463956
vt 0.089781 0.373678
vt 0.093429 0.367409
vt 0.094949 0.402691
vt 0.103235 0.399253
vt 0.202736 0.383074
vt 0.201545 0.384156
vt 0.203568 0.384590
vt 0.201700 0.381760
vt 0.201580 0.383228
vt 0.199735 0.383605
vt 0.200578 0.382529
vt 0.201521 0.385350
vt 0.200698 0.380563
vt 0.204291 0.382908
vt 0.199562 0.381559
vt 0.235439 0.434261
vt 0.233440 0.438246
vt 0.233848 0.441048
vt 0.232713 0.434550
vt 0.234157 0.433313
vt 0.232168 0.441279
vt 0.231818 0.448160
vt 0.236564 0.437200
vt 0.236333 0.428431
vt 0.234444 0.445035
vt 0.231645 0.430199
vt 0.233170 0.428939
vt 0.231160 0.436917
vt 0.234703 0.428227
vt 0.231956 0.454152
vt 0.229429 0.455916
vt 0.230447 0.445640
vt 0.138683 0.523984
vt 0.138748 0.515368
vt 0.135941 0.510993
vt 0.143054 0.521370
vt 0.141397 0.524443
vt 0.138576 0.509274
vt 0.133587 0.497003
vt 0.134898 0.520244
vt 0.141958 0.535657
vt 0.132078 0.505055
vt 0.146940 0.532396
vt 0.144272 0.516440
vt 0.144643 0.534568
vt 0.128568 0.486733
vt 0.131143 0.481296
vt 0.138224 0.500720
vt 0.020560 0.316737
vt 0.019474 0.364430
vt 0.022846 0.391580
vt 0.013629 0.315851
vt 0.016683 0.307553
vt 0.018827 0.391560
vt 0.024025 0.452529
vt 0.017605 0.230457
vt 0.027303 0.428358
vt 0.003690 0.231617
vt 0.008328 0.231230
vt 0.010903 0.332145
vt 0.012966 0.230844
vt 0.029165 0.501300
vt 0.024680 0.507706
vt 0.030918 0.569992
vt 0.027303 0.428358
vt 0.017954 0.426299
vt 0.058960 0.292259
vt 0.062801 0.291177
vt 0.056226 0.273459
vt 0.063552 0.314345
vt 0.062751 0.299351
vt 0.069873 0.312125
vt 0.067000 0.315405
vt 0.055259 0.258589
vt 0.063007 0.280717
vt 0.067076 0.341250
vt 0.069740 0.339328
vt 0.072965 0.337871
vt 0.236854 0.420675
vt 0.235823 0.421276
vt 0.237206 0.422416
vt 0.235959 0.419422
vt 0.235990 0.420555
vt 0.235085 0.419922
vt 0.234292 0.420512
vt 0.236970 0.424090
vt 0.235442 0.422100
vt 0.233637 0.421153
vt 0.235442 0.422100
vt 0.233670 0.419245
vt 0.029702 0.204868
vt 0.038332 0.199560
vt 0.035445 0.195416
vt 0.043397 0.206928
vt 0.036128 0.207042
vt 0.043333 0.196550
vt 0.041485 0.187911
vt 0.024829 0.200186
vt 0.032069 0.189841
vt 0.051134 0.205782
vt 0.052010 0.219655
vt 0.038459 0.180734
vt 0.047788 0.181234
vt 0.049860 0.192708
vt 0.209927 0.393691
vt 0.208772 0.394697
vt 0.211460 0.396267
vt 0.208023 0.391097
vt 0.208449 0.393298
vt 0.206119 0.392831
vt 0.206754 0.391642
vt 0.212464 0.398641
vt 0.209259 0.396590
vt 0.203605 0.390862
vt 0.206152 0.394605
vt 0.204681 0.389742
vt 0.229864 0.414438
vt 0.229143 0.415347
vt 0.231364 0.415723
vt 0.227920 0.413048
vt 0.228716 0.414530
vt 0.226737 0.414600
vt 0.227114 0.413701
vt 0.232323 0.416890
vt 0.229692 0.416358
vt 0.225799 0.411488
vt 0.226868 0.415707
vt 0.265121 0.414876
vt 0.264086 0.422127
vt 0.264450 0.429267
vt 0.263455 0.416263
vt 0.264373 0.410775
vt 0.263432 0.430266
vt 0.263674 0.444868
vt 0.266518 0.418599
vt 0.265722 0.430394
vt 0.264761 0.397241
vt 0.265756 0.401168
vt 0.264923 0.444807
vt 0.262382 0.411892
vt 0.263610 0.402316
vt 0.262434 0.426690
vt 0.264120 0.463584
vt 0.262828 0.461844
vt 0.263315 0.484979
vt 0.264923 0.444807
vt 0.262558 0.442877
vt 0.268359 0.669609
vt 0.269450 0.672362
vt 0.258074 0.672187
vt 0.282441 0.672642
vt 0.280170 0.670863
vt 0.266453 0.674155
vt 0.249055 0.675296
vt 0.251779 0.665931
vt 0.244770 0.668634
vt 0.279163 0.667257
vt 0.236262 0.671688
vt 0.298762 0.673124
vt 0.298187 0.670989
vt 0.279954 0.674719
vt 0.293143 0.668988
vt 0.225793 0.675568
vt 0.240557 0.678972
vt 0.260701 0.676580
vt 0.042037 0.791792
vt 0.037189 0.803421
vt 0.041082 0.784641
vt 0.042890 0.800351
vt 0.038645 0.804199
vt 0.039012 0.813939
vt 0.038623 0.820602
vt 0.048358 0.764796
vt 0.039003 0.775508
vt 0.048078 0.773993
vt 0.034801 0.796207
vt 0.049067 0.783167
vt 0.044574 0.808479
vt 0.038142 0.816582
vt 0.043314 0.833745
vt 0.161447 0.872260
vt 0.188545 0.871002
vt 0.200058 0.870865
vt 0.144718 0.869888
vt 0.123903 0.868231
vt 0.170610 0.868892
vt 0.164944 0.871886
vt 0.208800 0.868665
vt 0.230583 0.867459
vt 0.156795 0.871874
vt 0.213604 0.869154
vt 0.096491 0.862342
vt 0.104789 0.863868
vt 0.156795 0.871874
vt 0.152066 0.865479
vt 0.195428 0.866923
vt 0.123783 0.866529
vt 0.061423 0.064231
vt 0.062756 0.071095
vt 0.061595 0.081536
vt 0.064977 0.052286
vt 0.063151 0.055460
vt 0.063660 0.075761
vt 0.062207 0.095472
vt 0.059932 0.076837
vt 0.061477 0.044825
vt 0.060289 0.094416
vt 0.066890 0.051847
vt 0.066253 0.026458
vt 0.063720 0.034418
vt 0.063063 0.108027
vt 0.061403 0.128048
vt 0.064913 0.081954
vt 0.061634 0.116691
vt 0.062140 0.115837
vt 0.063460 0.101251
vt 0.059701 0.134036
vt 0.061173 0.122844
vt 0.060692 0.130975
vt 0.059875 0.135216
vt 0.065225 0.088312
vt 0.063565 0.106367
vt 0.057377 0.152155
vt 0.057684 0.152505
vt 0.060769 0.137109
vt 0.059164 0.146627
vt 0.062112 0.122236
vt 0.058208 0.151211
vt 0.063866 0.112796
vt 0.063454 0.110127
vt 0.065891 0.096316
vt 0.061117 0.132121
vt 0.062634 0.118461
vt 0.060735 0.125948
vt 0.060515 0.132052
vt 0.068238 0.083124
vt 0.067249 0.081923
vt 0.065505 0.104914
vt 0.058461 0.154653
vt 0.062141 0.129167
vt 0.057951 0.153249
vt 0.057807 0.143071
vt 0.057660 0.150002
vt 0.058573 0.114946
vt 0.058941 0.115290
vt 0.059548 0.099711
vt 0.057588 0.132361
vt 0.058399 0.121564
vt 0.058115 0.132626
vt 0.057723 0.134460
vt 0.060623 0.087632
vt 0.059839 0.107074
vt 0.056577 0.151016
vt 0.058809 0.106256
vt 0.057110 0.151775
vt 0.056844 0.151396
vt 0.061770 0.101651
vt 0.062674 0.099983
vt 0.063607 0.082884
vt 0.059670 0.124464
vt 0.061615 0.109081
vt 0.061382 0.119511
vt 0.060325 0.125453
vt 0.064376 0.066560
vt 0.065136 0.067434
vt 0.066274 0.046975
vt 0.061962 0.091491
vt 0.056274 0.150264
vt 0.059204 0.119987
vt 0.057397 0.149753
vt 0.061962 0.091491
vt 0.061351 0.128041
vt 0.059877 0.140659
vt 0.058578 0.147224
vt 0.059650 0.077043
vt 0.058671 0.086010
vt 0.058789 0.094691
vt 0.058468 0.071090
vt 0.059123 0.072113
vt 0.058101 0.091227
vt 0.057894 0.109898
vt 0.060511 0.057869
vt 0.057738 0.071964
vt 0.058920 0.049856
vt 0.058124 0.045850
vt 0.059716 0.053862
vt 0.056967 0.124192
vt 0.057353 0.098078
vt 0.217135 0.391320
vt 0.233374 0.408279
vt 0.224399 0.400845
vt 0.228695 0.404633
vt 0.189320 0.580499
vt 0.204026 0.581401
vt 0.222863 0.392442
vt 0.214599 0.562520
vt 0.242377 0.497067
vt 0.235324 0.521817
vt 0.245776 0.391757
vt 0.250918 0.397801
vt 0.130848 0.583703
vt 0.233563 0.384020
vt 0.191032 0.599736
vt 0.246122 0.529173
vt 0.169581 0.600424
vt 0.255319 0.468443
vt 0.254734 0.406778
vt 0.085519 0.479981
vt 0.056526 0.361532
vt 0.241817 0.400258
vt 0.241565 0.407697
vt 0.241114 0.402722
vt 0.247574 0.423547
vt 0.217234 0.386682
vt 0.239281 0.419537
vt 0.040213 0.429465
vt 0.231941 0.413260
vt 0.236512 0.416493
vt 0.198690 0.565276
vt 0.209009 0.387303
vt 0.051536 0.285076
vt 0.221927 0.405671
vt 0.226753 0.409782
vt 0.219849 0.539842
vt 0.235641 0.494243
vt 0.229336 0.519417
vt 0.083155 0.407591
vt 0.240045 0.468928
vt 0.243138 0.449562
vt 0.113848 0.502138
vt 0.225478 0.381509
vt 0.241565 0.407697
vt 0.241038 0.413832
vt 0.203392 0.379547
vt 0.225125 0.412383
vt 0.201101 0.368307
vt 0.197150 0.379742
vt 0.277408 0.374986
vt 0.179152 0.529877
vt 0.163111 0.429203
vt 0.213200 0.426707
vt 0.151328 0.419391
vt 0.078755 0.770377
vt 0.108616 0.771565
vt 0.203492 0.851201
vt 0.214169 0.830496
vt 0.267102 0.756391
vt 0.268383 0.724496
vt 0.138812 0.393874
vt 0.191353 0.417246
vt 0.200095 0.419213
vt 0.182587 0.544914
vt 0.156327 0.394549
vt 0.158610 0.396769
vt 0.161636 0.399960
vt 0.224075 0.443077
vt 0.182697 0.414238
vt 0.220739 0.423306
vt 0.149653 0.517846
vt 0.142310 0.498991
vt 0.209061 0.420167
vt 0.216789 0.421071
vt 0.241728 0.374639
vt 0.251918 0.377138
vt 0.251918 0.377138
vt 0.259198 0.383598
vt 0.269620 0.370768
vt 0.200180 0.373441
vt 0.072965 0.337871
vt 0.232950 0.467353
vt 0.041713 0.628705
vt 0.209259 0.396590
vt 0.229692 0.416358
vt 0.265038 0.545606
vt 0.295989 0.738957
vt 0.290752 0.795149
vt 0.286333 0.748480
vt 0.269692 0.771098
vt 0.140954 0.677570
vt 0.140954 0.677569
vt 0.088523 0.690684
vt 0.088523 0.690684
vt 0.054273 0.705773
vt 0.034801 0.796207
vt 0.053903 0.840796
vt 0.092176 0.834096
vt 0.213604 0.869154
vt 0.252928 0.867021
vt 0.057546 0.099710
vt 0.063565 0.106367
vt 0.059839 0.107074
vt 0.063947 0.087787
vt 0.068291 0.026220
vt 0.056446 0.150472
vt 0.224399 0.400845
vt 0.214599 0.562520
vt 0.235324 0.521817
vt 0.242377 0.497067
vt 0.247574 0.423547
vt 0.247319 0.443639
vt 0.239909 0.387193
vt 0.225478 0.381509
vt 0.204026 0.581401
vt 0.255319 0.468443
vt 0.077656 0.431138
vt 0.254734 0.406778
vt 0.099573 0.525629
vt 0.236664 0.395651
vt 0.233126 0.398428
vt 0.222863 0.392443
vt 0.225183 0.396840
vt 0.217234 0.386682
vt 0.239669 0.417284
vt 0.239281 0.419537
vt 0.040213 0.429465
vt 0.231941 0.413260
vt 0.198690 0.565276
vt 0.203392 0.379547
vt 0.051536 0.285076
vt 0.046264 0.226352
vt 0.038213 0.225775
vt 0.217775 0.400793
vt 0.219849 0.539842
vt 0.240045 0.468928
vt 0.172881 0.570226
vt 0.215241 0.378511
vt 0.199384 0.374924
vt 0.214166 0.404000
vt 0.209621 0.533583
vt 0.269162 0.365235
vt 0.194434 0.382367
vt 0.158171 0.545762
vt 0.193169 0.555160
vt 0.179152 0.529877
vt 0.213200 0.426707
vt 0.181588 0.478910
vt 0.077910 0.749430
vt 0.078755 0.770377
vt 0.109525 0.728301
vt 0.108616 0.771564
vt 0.195476 0.770816
vt 0.275089 0.748528
vt 0.268383 0.724496
vt 0.182697 0.414238
vt 0.206585 0.528995
vt 0.199826 0.537154
vt 0.192302 0.542625
vt 0.158610 0.396769
vt 0.222028 0.480676
vt 0.128473 0.443033
vt 0.222953 0.428788
vt 0.224075 0.443077
vt 0.142310 0.498991
vt 0.134855 0.471697
vt 0.156979 0.531924
vt 0.149653 0.517846
vt 0.116061 0.463956
vt 0.103235 0.399253
vt 0.201521 0.385350
vt 0.230447 0.445640
vt 0.144643 0.534568
vt 0.012966 0.230844
vt 0.017954 0.426299
vt 0.072965 0.337871
vt 0.209259 0.396590
vt 0.293143 0.668988
vt 0.260701 0.676580
vt 0.034801 0.796207
vt 0.213604 0.869154
vt 0.064913 0.081954
vt 0.058208 0.151211
vt 0.056844 0.151396
vt 0.057353 0.098078
s 1
g Puerta_Material
usemtl Material
f 1271/1/1 1275/2/2 1270/3/3
f 1272/4/4 1269/5/5 1271/1/1
f 1274/6/6 1269/5/5 1273/7/7
f 3199/8/8 3203/9/9 3120/10/10
f 3198/11/11 1270/3/3 3199/8/8
f 1270/3/3 3204/12/12 3203/9/9
f 230/13/13 3197/14/14 3113/15/15
f 229/16/16 1272/4/4 230/13/13
f 1272/4/4 3198/17/11 3197/14/14
f 3193/18/17 1274/6/6 228/19/18
f 3205/20/19 1275/2/2 1274/6/6
f 228/19/18 1273/7/7 229/21/16
f 1277/22/20 1276/23/21 1282/24/22
f 1280/25/23 1278/26/24 1279/27/25
f 1281/28/26 1276/23/21 1280/25/23
f 3189/29/27 1277/22/20 258/30/28
f 944/31/29 1278/26/24 1277/22/20
f 258/30/28 1282/24/22 259/32/30
f 3108/33/31 942/34/32 3109/35/33
f 3107/36/34 1279/27/25 3108/33/31
f 1279/27/25 943/37/35 942/34/32
f 3105/38/36 1281/28/26 3106/39/37
f 260/40/38 1282/24/22 1281/28/26
f 3106/39/37 1280/25/23 3107/36/34
s 2
f 1284/41/39 1283/42/40 1289/43/41
f 1287/44/42 1285/45/43 1286/46/44
f 1288/47/45 1283/42/40 1287/44/42
f 34/48/46 1284/41/39 264/49/47
f 947/50/48 1285/45/43 1284/41/39
f 264/49/47 1289/43/41 265/51/49
f 3081/52/50 945/53/51 3082/54/52
f 3080/55/53 1286/46/44 3081/52/50
f 1286/46/44 946/56/54 945/53/51
f 266/57/55 3079/58/56 3078/59/57
f 265/60/49 1288/47/45 266/57/55
f 3079/58/56 1287/44/42 3080/55/53
s 1
f 1291/61/58 1290/62/59 1296/63/60
f 1294/64/61 1292/65/62 1293/66/63
f 1295/67/64 1290/62/59 1294/64/61
f 3185/68/65 1291/61/58 216/69/66
f 950/70/67 1292/65/62 1291/61/58
f 216/69/66 1296/63/60 217/71/68
f 3112/72/69 948/73/70 3113/15/15
f 3111/74/71 1293/66/63 3112/72/69
f 1293/66/63 949/75/72 948/73/70
f 3109/35/33 1295/67/64 3110/76/73
f 218/77/74 1296/63/60 1295/67/64
f 3110/76/73 1294/64/61 3111/78/71
s 2
f 1299/79/75 1303/80/76 1298/81/77
f 1300/82/78 1297/83/79 1299/79/75
f 1302/84/80 1297/83/79 1301/85/81
f 953/86/82 3145/87/83 3144/88/84
f 952/89/85 1298/81/77 953/86/82
f 1298/81/77 3146/90/86 3145/87/83
f 3083/91/87 1300/82/78 951/92/88
f 275/93/89 1301/85/81 1300/82/78
f 951/92/88 1299/79/75 952/94/85
f 37/95/90 1302/84/80 273/96/91
f 3147/97/92 1303/80/76 1302/84/80
f 1302/84/80 274/98/93 273/96/91
s 3
f 1305/99/94 1304/100/95 1310/101/96
f 1308/102/97 1306/103/98 1307/104/99
f 1309/105/100 1304/100/95 1308/102/97
f 3115/106/101 341/107/102 3114/108/103
f 3116/109/104 1305/99/94 3115/106/101
f 1305/99/94 340/110/105 341/107/102
f 366/111/106 3117/112/107 3118/10/108
f 367/113/109 1307/104/99 366/111/106
f 1307/104/99 3116/114/104 3117/112/107
f 47/115/110 1309/105/100 368/20/111
f 339/116/112 1310/101/96 1309/105/100
f 368/20/111 1308/102/97 367/117/109
s 2
f 1313/118/113 1317/119/114 1312/120/115
f 1314/121/116 1311/122/117 1313/118/113
f 1316/123/118 1311/122/117 1315/124/119
f 956/125/120 3153/126/121 3152/127/122
f 955/128/123 1312/120/115 956/125/120
f 1312/120/115 3154/129/124 3153/126/121
f 3087/130/125 1314/121/116 954/131/126
f 233/132/127 1315/124/119 1314/121/116
f 954/131/126 1313/118/113 955/128/123
f 3144/88/84 1316/123/118 231/133/128
f 3155/134/129 1317/119/114 1316/123/118
f 1316/123/118 232/135/130 231/133/128
f 1319/136/131 1318/137/132 1324/138/133
f 1322/139/134 1320/140/135 1321/141/136
f 1323/142/137 1318/137/132 1322/139/134
f 3152/127/122 1319/136/131 240/143/138
f 959/144/139 1320/140/135 1319/136/131
f 240/143/138 1324/138/133 241/145/140
f 3094/146/141 957/147/142 3095/148/143
f 3093/149/144 1321/141/136 3094/146/141
f 1321/141/136 958/150/145 957/147/142
f 3091/151/146 1323/142/137 3092/152/147
f 242/153/148 1324/138/133 1323/142/137
f 3092/152/147 1322/139/134 3093/154/144
f 1327/155/149 1331/156/150 1326/157/151
f 1328/158/152 1325/159/153 1327/155/149
f 1330/160/154 1325/159/153 1329/161/155
f 962/162/156 3160/163/157 37/95/90
f 961/164/158 1326/157/151 962/162/156
f 1326/157/151 3161/165/159 3160/163/157
f 3082/54/52 1328/158/152 960/166/160
f 224/167/161 1329/161/155 1328/158/152
f 960/166/160 1327/155/149 961/164/158
f 3162/168/162 222/169/163 3135/170/164
f 3162/168/162 1331/156/150 1330/160/154
f 1330/160/154 223/171/165 222/169/163
f 1333/172/166 1332/173/167 1338/174/168
f 1336/175/169 1334/176/170 1335/177/171
f 1337/178/172 1332/173/167 1336/175/169
f 3156/179/173 1333/172/166 243/180/174
f 965/181/175 1334/176/170 1333/172/166
f 243/180/174 1338/174/168 244/182/176
f 3098/183/177 963/184/178 3099/185/179
f 3097/186/180 1335/177/171 3098/183/177
f 1335/177/171 964/187/181 963/184/178
f 245/188/182 3096/189/183 3095/148/143
f 244/190/176 1337/178/172 245/188/182
f 3096/189/183 1336/175/169 3097/191/180
f 1340/192/184 1339/193/185 1345/194/186
f 1343/195/187 1341/196/188 1342/197/189
f 1344/198/190 1339/193/185 1343/195/187
f 43/199/191 1340/192/184 288/200/192
f 968/201/193 1341/196/188 1340/192/184
f 288/200/192 1345/194/186 289/202/194
f 3073/203/195 966/204/196 3074/205/197
f 3072/206/198 1342/197/189 3073/203/195
f 1342/197/189 967/207/199 966/204/196
f 3070/208/200 1344/198/190 3071/209/201
f 289/202/194 1344/198/190 290/210/202
f 3071/209/201 1343/195/187 3072/211/198
f 1347/212/203 1346/213/204 1352/214/205
f 1350/215/206 1348/216/207 1349/217/208
f 1351/218/209 1346/213/204 1350/215/206
f 3167/219/210 1347/212/203 249/220/211
f 971/221/212 1348/216/207 1347/212/203
f 249/220/211 1352/214/205 250/222/213
f 3077/223/214 969/224/215 3078/59/57
f 3076/225/216 1349/217/208 3077/223/214
f 1349/217/208 970/226/217 969/224/215
f 251/227/218 3075/228/219 3074/205/197
f 250/229/213 1351/218/209 251/227/218
f 3075/228/219 1350/215/206 3076/230/216
f 1354/231/220 1353/232/221 1359/233/222
f 1357/234/223 1355/235/224 1356/236/225
f 1358/237/226 1353/232/221 1357/234/223
f 974/238/227 221/239/228 14/240/229
f 974/238/227 1355/235/224 1354/231/220
f 1354/231/220 220/241/230 221/239/228
f 3131/242/231 972/243/232 3130/244/233
f 3132/245/234 1356/236/225 3131/242/231
f 1356/236/225 973/246/235 972/243/232
f 3134/247/236 1358/237/226 3133/248/237
f 219/249/238 1359/233/222 1358/237/226
f 3133/248/237 1357/234/223 3132/250/234
f 1361/251/239 1360/252/240 1366/253/241
f 1364/254/242 1362/255/243 1363/256/244
f 1365/257/245 1360/252/240 1364/254/242
f 8/258/246 1361/251/239 227/259/247
f 977/260/248 1362/255/243 1361/251/239
f 227/259/247 1366/253/241 226/261/249
f 3136/262/250 975/263/251 33/170/252
f 3137/264/253 1363/256/244 3136/262/250
f 1363/256/244 976/265/254 975/263/251
f 3139/48/255 1365/257/245 3138/266/256
f 226/267/249 1365/257/245 225/268/257
f 3138/266/256 1364/254/242 3137/269/253
f 1368/270/258 1367/271/259 1373/272/260
f 1371/273/261 1369/274/262 1370/275/263
f 1372/276/264 1367/271/259 1371/273/261
f 980/277/265 257/278/266 15/279/267
f 980/277/265 1369/274/262 1368/270/258
f 1368/270/258 256/280/268 257/278/266
f 3141/281/269 978/282/270 3140/283/271
f 3142/284/272 1370/275/263 3141/281/269
f 1370/275/263 979/285/273 978/282/270
f 3130/244/233 1372/276/264 3143/286/274
f 255/287/275 1373/272/260 1372/276/264
f 3143/286/274 1371/273/261 3142/288/272
f 1376/289/276 1380/290/277 1375/291/278
f 1377/292/279 1374/293/280 1376/289/276
f 1379/294/281 1374/293/280 1378/295/282
f 983/296/283 3042/297/284 3043/298/285
f 982/299/286 1375/291/278 983/296/283
f 1375/291/278 3041/300/287 3042/297/284
f 3148/95/288 1377/292/279 981/301/289
f 234/302/290 1378/295/282 1377/292/279
f 981/301/289 1376/289/276 982/303/286
f 3039/304/291 1379/294/281 236/305/292
f 3040/306/293 1380/290/277 1379/294/281
f 236/305/292 1378/295/282 235/307/294
f 1383/308/295 1387/309/296 1382/310/297
f 1384/311/298 1381/312/299 1383/308/295
f 1386/313/300 1381/312/299 1385/314/301
f 986/315/302 3046/316/303 3047/317/304
f 985/318/305 1382/310/297 986/315/302
f 1382/310/297 3045/319/306 3046/316/303
f 36/88/307 1384/311/298 984/320/308
f 270/321/309 1385/314/301 1384/311/298
f 984/320/308 1383/308/295 985/322/305
f 3043/298/285 1386/313/300 272/323/310
f 3044/324/311 1387/309/296 1386/313/300
f 272/323/310 1385/314/301 271/325/312
f 1390/326/313 1394/327/314 1389/328/315
f 1391/329/316 1388/330/317 1390/326/313
f 1393/331/318 1388/330/317 1392/332/319
f 989/333/320 3050/334/321 3051/335/322
f 988/336/323 1389/328/315 989/333/320
f 1389/328/315 3049/337/324 3050/334/321
f 39/127/325 1391/329/316 987/338/326
f 276/339/327 1392/332/319 1391/329/316
f 987/338/326 1390/326/313 988/340/323
f 3047/317/304 1393/331/318 278/341/328
f 3048/342/329 1394/327/314 1393/331/318
f 278/341/328 1392/332/319 277/343/330
f 1396/344/331 1395/345/332 1401/346/333
f 1399/347/334 1397/348/335 1398/349/336
f 1400/350/337 1395/345/332 1399/347/334
f 9/351/338 1396/344/331 263/352/339
f 992/353/340 1397/348/335 1396/344/331
f 263/352/339 1401/346/333 262/354/341
f 312/355/342 990/356/343 3148/95/288
f 313/357/344 1398/349/336 312/355/342
f 1398/349/336 991/358/345 990/356/343
f 261/359/346 314/168/347 33/170/252
f 262/360/341 1400/350/337 261/359/346
f 314/168/347 1399/347/334 313/361/344
f 1403/362/348 1402/363/349 1408/364/350
f 1406/365/351 1404/366/352 1405/367/353
f 1407/368/354 1402/363/349 1406/365/351
f 3051/335/322 1403/362/348 281/369/355
f 995/370/356 1404/366/352 1403/362/348
f 1403/362/348 280/371/357 281/369/355
f 3164/372/358 993/373/359 41/374/360
f 3165/375/361 1405/367/353 3164/372/358
f 1405/367/353 994/376/362 993/373/359
f 40/179/363 1407/368/354 3166/377/364
f 279/378/365 1408/364/350 1407/368/354
f 3166/377/364 1406/365/351 3165/379/361
f 1411/380/366 1415/381/367 1410/382/368
f 1412/383/369 1409/384/370 1411/380/366
f 1414/385/371 1409/384/370 1413/386/372
f 998/387/373 3029/388/374 3030/389/375
f 997/390/376 1410/382/368 998/387/373
f 1410/382/368 3028/391/377 3029/388/374
f 43/199/191 1412/383/369 996/392/378
f 252/393/379 1413/386/372 1412/383/369
f 996/392/378 1411/380/366 997/394/376
f 3027/395/380 254/396/381 3026/397/382
f 3027/395/380 1415/381/367 1414/385/371
f 1414/385/371 253/398/383 254/396/381
f 1417/399/384 1416/400/385 1422/401/386
f 1420/402/387 1418/403/388 1419/404/389
f 1421/405/390 1416/400/385 1420/402/387
f 3055/406/391 1417/399/384 284/407/392
f 1001/408/393 1418/403/388 1417/399/384
f 284/407/392 1422/401/386 283/409/394
f 3171/410/395 999/411/396 3134/247/236
f 3172/412/397 1419/404/389 3171/410/395
f 1419/404/389 1000/413/398 999/411/396
f 282/414/399 3173/415/400 41/374/360
f 283/409/394 1421/405/390 282/414/399
f 3173/415/400 1420/402/387 3172/412/397
f 1424/416/401 1423/417/402 1429/418/403
f 1427/419/404 1425/420/405 1426/421/406
f 1428/422/407 1423/417/402 1427/419/404
f 3030/389/375 1424/416/401 287/423/408
f 1004/424/409 1425/420/405 1424/416/401
f 287/423/408 1429/418/403 286/425/410
f 3174/426/411 1002/427/412 3139/48/255
f 3175/428/413 1426/421/406 3174/426/411
f 1426/421/406 1003/429/414 1002/427/412
f 42/219/415 1428/422/407 3176/430/416
f 285/431/417 1429/418/403 1428/422/407
f 3176/430/416 1427/419/404 3175/432/413
f 1431/433/418 1430/434/419 1436/435/420
f 1433/436/421 1430/434/419 1432/437/422
f 1436/435/420 1434/438/423 1435/439/424
f 3070/208/200 1431/433/418 290/440/202
f 1007/441/425 1432/437/422 1431/433/418
f 290/440/202 1436/435/420 289/442/194
f 3026/397/382 1433/436/421 1005/443/426
f 254/444/381 1434/438/423 1433/436/421
f 1005/443/426 1432/437/422 1006/445/427
f 288/446/192 252/447/379 43/199/191
f 289/448/194 1435/439/424 288/446/192
f 1435/439/424 253/449/383 252/447/379
f 1438/450/428 1437/451/429 1443/452/430
f 1441/453/431 1439/454/432 1440/455/433
f 1442/456/434 1437/451/429 1441/453/431
f 32/247/435 1438/450/428 344/457/436
f 1010/458/437 1439/454/432 1438/450/428
f 344/457/436 1443/452/430 343/459/438
f 3181/460/439 1008/461/440 3180/462/441
f 3182/463/442 1440/455/433 3181/460/439
f 1440/455/433 1009/464/443 1008/461/440
f 342/465/444 3183/466/445 3184/467/446
f 343/468/438 1442/456/434 342/465/444
f 3183/466/445 1441/453/431 3182/469/442
s 3
f 1446/470/447 1450/471/448 1445/472/449
f 1447/473/450 1444/474/451 1446/470/447
f 1449/475/452 1444/474/451 1448/476/453
f 1013/477/454 348/478/455 44/462/456
f 1012/479/457 1445/472/449 1013/477/454
f 1445/472/449 349/480/458 348/478/455
f 49/29/459 1447/473/450 1011/481/460
f 345/482/461 1448/476/453 1447/473/450
f 1011/481/460 1446/470/447 1012/483/457
f 350/484/462 347/485/463 48/467/464
f 350/484/462 1450/471/448 1449/475/452
f 1449/475/452 346/486/465 347/485/463
s 2
f 1452/487/466 1451/488/467 1457/489/468
f 1455/490/469 1453/491/470 1454/492/471
f 1456/493/472 1451/488/467 1455/490/469
f 31/244/473 1452/487/466 332/494/474
f 1016/495/475 1453/491/470 1452/487/466
f 332/494/474 1457/489/468 331/496/476
f 3190/497/477 1014/498/478 46/108/479
f 3191/499/480 1454/492/471 3190/497/477
f 1454/492/471 1015/500/481 1014/498/478
f 330/501/482 3192/502/483 3180/462/441
f 331/503/476 1456/493/472 330/501/482
f 3192/502/483 1455/490/469 3191/504/480
s 3
f 1460/505/484 1464/506/485 1459/507/486
f 1461/508/487 1458/509/488 1460/505/484
f 1463/510/489 1458/509/488 1462/511/490
f 1019/512/491 354/513/492 3114/108/103
f 1018/514/493 1459/507/486 1019/512/491
f 1459/507/486 355/515/494 354/513/492
f 45/68/495 1461/508/487 1017/516/496
f 333/517/497 1462/511/490 1461/508/487
f 1017/516/496 1460/505/484 1018/518/493
f 356/519/498 335/520/499 44/462/456
f 355/521/494 1463/510/489 356/519/498
f 1463/510/489 334/522/500 335/520/499
s 1
f 1466/523/501 1465/524/502 1471/525/503
f 1469/526/504 1467/527/505 1468/528/506
f 1471/525/503 1469/526/504 1470/529/507
f 3105/38/36 1466/523/501 260/40/38
f 3104/530/508 1467/527/505 1466/523/501
f 260/40/38 1471/525/503 259/531/30
f 3314/532/509 3102/533/510 3100/185/511
f 3315/534/512 1468/528/506 3314/532/509
f 1468/528/506 3103/535/513 3102/533/510
f 258/536/28 3316/537/514 3189/29/27
f 259/32/30 1470/529/507 258/536/28
f 1470/529/507 3315/538/512 3316/537/514
s 2
f 1474/539/515 1478/540/515 1473/541/515
f 1475/542/515 1472/543/515 1474/539/515
f 1478/540/515 1476/544/515 1477/545/515
f 377/546/515 374/547/515 3010/548/515
f 376/549/515 1473/541/515 377/546/515
f 374/547/515 1478/540/515 373/550/515
f 7/551/515 1475/542/515 375/552/515
f 149/388/515 1476/544/515 1475/542/515
f 375/552/515 1474/539/515 376/553/515
f 372/554/515 147/395/515 6/397/515
f 373/550/515 1477/545/515 372/554/515
f 1477/545/515 148/391/515 147/395/515
f 1480/555/515 1479/556/515 1485/557/515
f 1482/558/515 1479/556/515 1481/559/515
f 1485/557/515 1483/560/515 1484/561/515
f 3010/548/515 1480/555/515 377/546/515
f 379/562/515 1480/555/515 380/563/515
f 377/546/515 1485/557/515 376/564/515
f 3034/565/515 1482/558/515 378/566/515
f 3033/567/515 1483/560/515 1482/558/515
f 378/566/515 1481/559/515 379/568/515
f 375/552/515 3031/569/515 7/551/515
f 376/570/515 1484/561/515 375/552/515
f 1484/561/515 3032/571/515 3031/569/515
f 1487/572/515 1486/573/515 1492/574/515
f 1490/575/515 1488/576/515 1489/577/515
f 1491/578/515 1486/573/515 1490/575/515
f 3010/548/515 1487/572/515 380/563/515
f 383/579/515 1488/576/515 1487/572/515
f 1487/572/515 379/568/515 380/563/515
f 3037/580/515 381/581/515 3038/351/515
f 3036/582/515 1489/577/515 3037/580/515
f 1489/577/515 382/583/515 381/581/515
f 3034/565/515 1491/578/515 3035/584/515
f 378/585/515 1492/574/515 1491/578/515
f 3035/584/515 1490/575/515 3036/586/515
f 1494/587/515 1493/588/515 1499/589/515
f 1496/590/515 1493/588/515 1495/591/515
f 1499/589/515 1497/592/515 1498/593/515
f 6/397/515 1494/587/515 372/594/515
f 1022/595/515 1495/591/515 1494/587/515
f 372/594/515 1499/589/515 373/550/515
f 3007/596/515 1020/597/515 3005/598/515
f 3007/596/515 1497/592/515 1496/590/515
f 1496/590/515 1021/599/515 1020/597/515
f 374/547/515 3009/600/515 3010/548/515
f 373/550/515 1498/593/515 374/547/515
f 1498/593/515 3008/601/515 3009/600/515
f 1502/602/515 1506/603/515 1501/604/515
f 1504/605/515 1502/602/515 1503/606/515
f 1505/607/515 1500/608/515 1504/605/515
f 384/609/515 156/306/515 17/304/515
f 385/610/515 1501/604/515 384/609/515
f 1501/604/515 157/300/515 156/306/515
f 389/611/515 386/612/515 3021/613/515
f 388/614/515 1503/606/515 389/611/515
f 386/612/515 1502/602/515 385/610/515
f 10/615/515 1505/607/515 387/616/515
f 158/297/515 1506/603/515 1505/607/515
f 387/616/515 1504/605/515 388/617/515
f 1508/618/515 1507/619/515 1513/620/515
f 1510/621/515 1507/619/515 1509/622/515
f 1513/620/515 1511/623/515 1512/624/515
f 10/615/515 1508/618/515 159/324/515
f 387/625/515 1509/622/515 1508/618/515
f 159/324/515 1513/620/515 160/626/515
f 3021/613/515 1510/621/515 389/611/515
f 395/627/515 1511/623/515 1510/621/515
f 1510/621/515 388/614/515 389/611/515
f 161/316/515 393/628/515 11/629/515
f 160/319/515 1512/624/515 161/316/515
f 1512/624/515 394/630/515 393/628/515
f 1516/631/515 1520/632/515 1515/633/515
f 1518/634/515 1516/631/515 1517/635/515
f 1519/636/515 1514/637/515 1518/634/515
f 390/638/515 395/639/515 3021/613/515
f 390/638/515 1516/631/515 1515/633/515
f 1515/633/515 394/630/515 395/639/515
f 164/334/515 392/640/515 12/641/515
f 163/337/515 1517/635/515 164/334/515
f 1517/635/515 391/642/515 392/640/515
f 11/629/515 1519/636/515 162/342/515
f 393/643/515 1520/632/515 1519/636/515
f 162/342/515 1518/634/515 163/337/515
f 1523/644/515 1527/645/515 1522/646/515
f 1524/647/515 1521/648/515 1523/644/515
f 1527/645/515 1525/649/515 1526/650/515
f 1025/651/515 3020/652/515 3021/613/515
f 1024/653/515 1522/646/515 1025/651/515
f 1522/646/515 3019/654/515 3020/652/515
f 3038/351/515 1524/647/515 1023/655/515
f 381/656/515 1525/649/515 1524/647/515
f 1023/655/515 1523/644/515 1024/653/515
f 3018/657/515 383/658/515 3010/548/515
f 3019/654/515 1526/650/515 3018/657/515
f 1526/650/515 382/659/515 383/658/515
f 1529/660/516 1528/661/517 1534/662/518
f 1532/663/519 1530/664/520 1531/665/521
f 1533/666/522 1528/661/517 1532/663/519
f 3163/374/523 1529/660/516 246/667/524
f 1028/668/525 1530/664/520 1529/660/516
f 246/667/524 1534/662/518 247/669/526
f 3200/670/527 1026/671/528 3184/467/446
f 3201/672/529 1531/665/521 3200/670/527
f 1531/665/521 1027/673/530 1026/671/528
f 3099/185/179 1533/666/522 3202/674/531
f 248/675/532 1534/662/518 1533/666/522
f 3202/674/531 1532/663/519 3201/676/529
f 1536/677/533 1535/678/534 1541/679/535
f 1539/680/536 1537/681/537 1538/682/538
f 1540/683/539 1535/678/534 1539/680/536
f 35/283/540 1536/677/533 338/684/541
f 1031/685/542 1537/681/537 1536/677/533
f 338/684/541 1541/679/535 337/686/543
f 212/687/544 1029/688/545 29/10/546
f 211/689/547 1538/682/538 212/687/544
f 1538/682/538 1030/690/548 1029/688/545
f 336/691/549 210/692/550 46/108/479
f 337/693/543 1540/683/539 336/691/549
f 210/692/550 1539/680/536 211/694/547
s 4
f 1543/695/551 1542/696/552 1548/697/553
f 1546/698/554 1544/699/555 1545/700/556
f 1547/701/557 1542/696/552 1546/698/554
f 3101/185/558 1543/695/551 461/702/559
f 1034/703/560 1544/699/555 1543/695/551
f 461/702/559 1548/697/553 460/704/561
f 3269/705/562 1032/706/563 3270/707/564
f 3268/708/565 1545/700/556 3269/705/562
f 1545/700/556 1033/709/566 1032/706/563
f 459/710/567 3267/711/568 63/712/569
f 460/713/561 1547/701/557 459/710/567
f 3267/711/568 1546/698/554 3268/714/565
f 1551/715/570 1555/716/571 1550/717/572
f 1552/718/573 1549/719/574 1551/715/570
f 1554/720/575 1549/719/574 1553/721/576
f 1037/722/577 188/723/578 21/54/579
f 1036/724/580 1550/717/572 1037/722/577
f 1550/717/572 187/725/581 188/723/578
f 58/726/582 1552/718/573 1035/727/583
f 465/728/584 1553/721/576 1552/718/573
f 1035/727/583 1551/715/570 1036/729/580
f 186/730/585 467/731/586 20/59/587
f 186/730/585 1555/716/571 1554/720/575
f 1554/720/575 466/732/588 467/731/586
s 5
f 1557/733/589 1556/734/590 1562/735/590
f 1560/736/590 1558/737/590 1559/738/590
f 1561/739/590 1556/734/590 1560/736/590
f 3011/548/590 1557/733/589 3302/740/590
f 1040/741/589 1558/737/590 1557/733/589
f 3302/740/590 1562/735/590 3301/742/590
f 3218/743/590 1038/744/590 3215/745/589
f 3219/746/590 1559/738/590 3218/743/590
f 1559/738/590 1039/747/589 1038/744/590
f 3221/748/590 1561/739/590 3220/749/590
f 3300/750/590 1562/735/590 1561/739/590
f 3220/749/590 1560/736/590 3219/746/590
s 4
f 1564/751/591 1563/752/592 1569/753/593
f 1567/754/594 1565/755/595 1566/756/596
f 1568/757/597 1563/752/592 1567/754/594
f 26/38/598 1564/751/591 456/758/599
f 1043/759/600 1565/755/595 1564/751/591
f 456/758/599 1569/753/593 457/760/601
f 3273/761/602 1041/762/603 3274/763/604
f 3272/764/605 1566/756/596 3273/761/602
f 1566/756/596 1042/765/606 1041/762/603
f 3270/707/564 1568/757/597 3271/766/607
f 458/767/608 1569/753/593 1568/757/597
f 3271/766/607 1567/754/594 3272/768/605
f 1571/769/609 1570/770/610 1576/771/611
f 1574/772/612 1572/773/613 1573/774/614
f 1575/775/615 1570/770/610 1574/772/612
f 30/91/616 1571/769/609 482/776/617
f 1046/777/618 1572/773/613 1571/769/609
f 482/776/617 1576/771/611 481/778/619
f 3253/779/620 1044/780/621 3254/781/622
f 3252/782/623 1573/774/614 3253/779/620
f 1573/774/614 1045/783/624 1044/780/621
f 3250/784/625 1575/775/615 3251/785/626
f 481/786/619 1575/775/615 480/787/627
f 3251/785/626 1574/772/612 3252/782/623
f 1579/788/628 1583/789/629 1578/790/630
f 1580/791/631 1577/792/632 1579/788/628
f 1583/789/629 1581/793/633 1582/794/634
f 3124/795/635 1578/790/630 3127/796/636
f 1048/797/637 1578/790/630 1049/798/638
f 3127/796/636 1583/789/629 3128/799/639
f 3287/800/640 1580/791/631 1047/801/641
f 489/802/642 1581/793/633 1580/791/631
f 1047/801/641 1579/788/628 1048/803/637
f 3129/804/643 491/805/644 3119/10/645
f 3128/806/639 1582/794/634 3129/804/643
f 1582/794/634 490/807/646 491/805/644
f 1585/808/647 1584/809/648 1590/810/649
f 1588/811/650 1586/812/651 1587/813/652
f 1589/814/653 1584/809/648 1588/811/650
f 3014/815/654 1585/808/647 3313/816/655
f 1052/817/656 1586/812/651 1585/808/647
f 3313/816/655 1590/810/649 3312/818/657
f 3290/819/658 1050/820/659 3237/821/660
f 3289/822/661 1587/813/652 3290/819/658
f 1587/813/652 1051/823/662 1050/820/659
f 3225/824/663 1589/814/653 3288/825/664
f 3311/826/665 1590/810/649 1589/814/653
f 3288/825/664 1588/811/650 3289/827/661
s 6
f 1592/828/666 1591/829/667 1597/830/668
f 1595/831/669 1593/832/670 1594/833/671
f 1596/834/672 1591/829/667 1595/831/669
f 3006/598/673 1592/828/666 3297/835/674
f 1055/836/675 1593/832/670 1592/828/666
f 3297/835/674 1597/830/668 3298/837/676
f 3226/838/677 1053/839/678 3224/840/679
f 3227/841/680 1594/833/671 3226/838/677
f 1594/833/671 1054/842/681 1053/839/678
f 3299/843/682 3228/844/683 3216/845/684
f 3298/846/676 1596/834/672 3299/843/682
f 1596/834/672 3227/841/680 3228/844/683
s 4
f 1599/847/685 1598/848/686 1604/849/687
f 1602/850/688 1600/851/689 1601/852/690
f 1603/853/691 1598/848/686 1602/850/688
f 27/35/692 1599/847/685 474/854/693
f 1058/855/694 1600/851/689 1599/847/685
f 474/854/693 1604/849/687 475/856/695
f 3277/857/696 1056/858/697 3278/859/698
f 3276/860/699 1601/852/690 3277/857/696
f 1601/852/690 1057/861/700 1056/858/697
f 3274/763/604 1603/853/691 3275/862/701
f 476/863/702 1604/849/687 1603/853/691
f 3275/862/701 1602/850/688 3276/860/699
f 1606/864/703 1605/865/704 1611/866/705
f 1609/867/706 1607/868/707 1608/869/708
f 1610/870/709 1605/865/704 1609/867/706
f 22/130/710 1606/864/703 477/871/711
f 1061/872/712 1607/868/707 1606/864/703
f 477/871/711 1611/866/705 478/873/713
f 3257/874/714 1059/875/715 3258/876/716
f 3256/877/717 1608/869/708 3257/874/714
f 1608/869/708 1060/878/718 1059/875/715
f 3254/781/622 1610/870/709 3255/879/719
f 479/880/720 1611/866/705 1610/870/709
f 3255/879/719 1609/867/706 3256/877/717
f 1614/881/721 1618/882/722 1613/883/723
f 1615/884/724 1612/885/725 1614/881/721
f 1617/886/726 1612/885/725 1616/887/727
f 1064/888/728 362/889/729 3119/10/645
f 1063/890/730 1613/883/723 1064/888/728
f 1613/883/723 361/891/731 362/889/729
f 3278/859/698 1615/884/724 1062/892/732
f 500/893/733 1616/887/727 1615/884/724
f 1062/892/732 1614/881/721 1063/894/730
f 360/895/734 498/896/735 28/15/736
f 360/895/734 1618/882/722 1617/886/726
f 1617/886/726 499/897/737 498/896/735
s 7
f 1621/898/738 1625/899/738 1620/900/738
f 1622/901/738 1619/902/738 1621/898/738
f 1624/903/738 1619/902/738 1623/904/738
f 1067/905/738 141/657/738 3/548/738
f 1066/906/738 1620/900/738 1067/905/738
f 1620/900/738 142/654/738 141/657/738
f 3214/907/738 1622/901/738 1065/908/738
f 3296/909/738 1623/904/738 1622/901/738
f 1065/908/738 1621/898/738 1066/910/738
f 3022/911/738 1624/903/738 3294/912/738
f 143/652/738 1625/899/738 1624/903/738
f 3294/912/738 1623/904/738 3295/913/738
s 4
f 1627/914/739 1626/915/740 1632/916/741
f 1630/917/742 1628/918/743 1629/919/744
f 1631/920/745 1626/915/740 1630/917/742
f 23/151/746 1627/914/739 501/921/747
f 1070/922/748 1628/918/743 1627/914/739
f 501/921/747 1632/916/741 502/923/749
f 3261/924/750 1068/925/751 3262/926/752
f 3260/927/753 1629/919/744 3261/924/750
f 1629/919/744 1069/928/754 1068/925/751
f 3258/876/716 1631/920/745 3259/929/755
f 503/930/756 1632/916/741 1631/920/745
f 3259/929/755 1630/917/742 3260/927/753
f 1634/931/757 1633/932/758 1639/933/759
f 1637/934/760 1635/935/761 1636/936/762
f 1638/937/763 1633/932/758 1637/934/760
f 18/208/764 1634/931/757 492/938/765
f 1073/939/766 1635/935/761 1634/931/757
f 492/938/765 1639/933/759 493/940/767
f 3240/941/768 1071/942/769 3241/943/770
f 3239/944/771 1636/936/762 3240/941/768
f 1636/936/762 1072/945/772 1071/942/769
f 3237/821/660 1638/937/763 3238/946/773
f 494/947/774 1639/933/759 1638/937/763
f 3238/946/773 1637/934/760 3239/944/771
f 1641/948/775 1640/949/776 1646/950/777
f 1644/951/778 1642/952/779 1643/953/780
f 1645/954/781 1640/949/776 1644/951/778
f 21/54/579 1641/948/775 462/955/782
f 1076/956/783 1642/952/779 1641/948/775
f 462/955/782 1646/950/777 463/957/784
f 3279/958/785 1074/959/786 3250/784/625
f 3280/960/787 1643/953/780 3279/958/785
f 1643/953/780 1075/961/788 1074/959/786
f 59/962/789 1645/954/781 3281/963/790
f 464/964/791 1646/950/777 1645/954/781
f 3281/963/790 1644/951/778 3280/960/787
f 1649/965/792 1653/966/793 1648/967/794
f 1650/968/795 1647/969/796 1649/965/792
f 1652/970/797 1647/969/796 1651/971/798
f 1079/972/799 200/973/800 3101/185/558
f 1078/974/801 1648/967/794 1079/972/799
f 1648/967/794 199/975/802 200/973/800
f 3262/926/752 1650/968/795 1077/976/803
f 506/977/804 1651/971/798 1650/968/795
f 1077/976/803 1649/965/792 1078/974/801
f 198/978/805 504/979/806 24/148/807
f 198/978/805 1653/966/793 1652/970/797
f 1652/970/797 505/980/808 504/979/806
f 1656/981/809 1660/982/810 1655/983/811
f 1657/984/812 1654/985/813 1656/981/809
f 1659/986/814 1654/985/813 1658/987/815
f 1082/988/816 185/989/817 20/59/587
f 1081/990/818 1655/983/811 1082/988/816
f 1655/983/811 184/225/819 185/989/817
f 3241/943/770 1657/984/812 1080/991/820
f 509/992/821 1658/987/815 1657/984/812
f 1080/991/820 1656/981/809 1081/993/818
f 183/994/822 507/995/823 19/205/824
f 183/994/822 1660/982/810 1659/986/814
f 1659/986/814 508/996/825 507/995/823
s 2
f 1662/997/826 1661/998/827 1667/999/828
f 1665/1000/829 1663/1001/830 1664/1002/831
f 1666/1003/832 1661/998/827 1665/1000/829
f 16/1004/833 1662/997/826 269/1005/834
f 1085/1006/835 1663/1001/830 1662/997/826
f 269/1005/834 1667/999/828 268/1007/836
f 3149/1008/837 1083/1009/838 3125/795/839
f 3150/1010/840 1664/1002/831 3149/1008/837
f 1664/1002/831 1084/1011/841 1083/1009/838
f 3140/283/271 1666/1003/832 3151/1012/842
f 267/1013/843 1667/999/828 1666/1003/832
f 3151/1012/842 1665/1000/829 3150/1010/840
s 3
f 1670/1014/844 1674/1015/845 1669/1016/846
f 1671/1017/847 1668/1018/848 1670/1014/844
f 1674/1015/845 1672/1019/849 1673/1020/850
f 365/1021/851 510/1022/852 25/185/853
f 364/676/854 1669/1016/846 365/1021/851
f 1669/1016/846 511/538/855 510/1022/852
f 48/467/464 1671/1017/847 363/670/856
f 347/1023/463 1672/1019/849 1671/1017/847
f 363/670/856 1670/1014/844 364/672/854
f 512/1024/857 345/482/461 49/29/459
f 512/1024/857 1674/1015/845 1673/1020/850
f 1673/1020/850 346/486/465 345/482/461
s 8
f 1677/1025/858 1681/1026/859 1676/1027/860
f 1678/1028/861 1675/1029/862 1677/1025/858
f 1681/1026/859 1679/1030/863 1680/1031/864
f 1088/1032/865 3319/1033/866 4/1034/867
f 1087/1035/868 1676/1027/860 1088/1032/865
f 1676/1027/860 3318/1036/869 3319/1033/866
f 3283/1037/870 1678/1028/861 1086/1038/871
f 3310/1039/872 1679/1030/863 1678/1028/861
f 1086/1038/871 1677/1025/858 1087/1040/868
f 3317/1041/873 3308/1042/874 3126/795/875
f 3318/1043/869 1680/1031/864 3317/1041/873
f 1680/1031/864 3309/1044/876 3308/1042/874
s 9
f 1684/1045/877 1688/1046/878 1683/1047/879
f 1685/1048/880 1682/1049/881 1684/1045/877
f 1687/1050/882 1682/1049/881 1686/1051/883
f 1091/1052/884 440/857/885 66/859/886
f 1090/1053/887 1683/1047/879 1091/1052/884
f 1683/1047/879 439/860/888 440/857/885
f 80/1054/889 1685/1048/880 1089/1055/890
f 552/1056/891 1686/1051/883 1685/1048/880
f 1089/1055/890 1684/1045/877 1090/1053/887
f 65/1057/892 1687/1050/882 554/1058/893
f 438/862/894 1688/1046/878 1687/1050/882
f 554/1058/893 1686/1051/883 553/1059/895
f 1691/1060/896 1695/1061/897 1690/1062/898
f 1692/1063/899 1689/1064/900 1691/1060/896
f 1694/1065/901 1689/1064/900 1693/1066/902
f 1094/1067/903 425/874/904 61/876/905
f 1093/1068/906 1690/1062/898 1094/1067/903
f 1690/1062/898 424/877/907 425/874/904
f 77/1069/908 1692/1063/899 1092/1070/909
f 558/1071/910 1693/1066/902 1692/1063/899
f 1092/1070/909 1691/1060/896 1093/1068/906
f 60/781/911 1694/1065/901 560/1072/912
f 423/879/913 1695/1061/897 1694/1065/901
f 560/1072/912 1693/1066/902 559/1073/914
f 1698/1074/915 1702/1075/915 1697/1076/915
f 1699/1077/915 1696/1078/915 1698/1074/915
f 1701/1079/915 1696/1078/915 1700/1080/915
f 1097/1081/915 3236/1082/915 3207/1083/915
f 1096/1084/915 1697/1076/915 1097/1081/915
f 1697/1076/915 3235/1085/915 3236/1082/915
f 73/1086/916 1699/1077/915 1095/1087/915
f 564/1088/917 1700/1080/915 1699/1077/915
f 1095/1087/915 1698/1074/915 1096/1089/915
f 3232/1090/918 1701/1079/915 566/1091/919
f 3234/1092/915 1702/1075/915 1701/1079/915
f 566/1091/919 1700/1080/915 565/1093/920
f 1705/1094/921 1709/1095/922 1704/1096/923
f 1706/1097/924 1703/1098/925 1705/1094/921
f 1708/1099/926 1703/1098/925 1707/1100/927
f 1100/1101/928 441/958/929 68/784/930
f 1099/1102/931 1704/1096/923 1100/1101/928
f 1704/1096/923 442/960/932 441/958/929
f 76/1103/933 1706/1097/924 1098/1104/934
f 571/1105/935 1706/1097/924 570/1106/936
f 1098/1104/934 1705/1094/921 1099/1107/931
f 3249/1108/937 1708/1099/926 572/1109/938
f 443/963/939 1709/1095/922 1708/1099/926
f 572/1109/938 1707/1100/927 571/1110/935
f 1712/1111/940 1716/1112/941 1711/1113/942
f 1713/1114/943 1710/1115/944 1712/1111/940
f 1715/1116/945 1710/1115/944 1714/1117/946
f 1103/1118/947 428/924/948 62/926/949
f 1102/1119/950 1711/1113/942 1103/1118/947
f 1711/1113/942 427/927/951 428/924/948
f 78/1120/952 1713/1114/943 1101/1121/953
f 557/1122/954 1714/1117/946 1713/1114/943
f 1101/1121/953 1712/1111/940 1102/1123/950
f 61/876/905 1715/1116/945 555/1124/955
f 426/929/956 1716/1112/941 1715/1116/945
f 555/1124/955 1714/1117/946 556/1125/957
f 1718/1126/958 1717/1127/959 1723/1128/960
f 1721/1129/961 1719/1130/962 1720/1131/963
f 1722/1132/964 1717/1127/959 1721/1129/961
f 1106/1133/965 3322/1134/966 3232/1135/918
f 1106/1133/965 1719/1130/962 1718/1126/958
f 1718/1126/958 3321/1136/967 3322/1134/966
f 576/1137/968 1104/1138/969 83/1139/970
f 577/1140/971 1720/1131/963 576/1137/968
f 1720/1131/963 1105/1141/972 1104/1138/969
f 69/1142/973 1722/1132/964 578/1143/974
f 3320/1144/975 1723/1128/960 1722/1132/964
f 578/1143/974 1721/1129/961 577/1145/971
s 10
f 1726/1146/976 1730/1147/976 1725/1148/976
f 1727/1149/976 1724/1150/976 1726/1146/976
f 1729/1151/976 1724/1150/976 1728/1152/976
f 1109/1153/976 3211/1154/976 3212/1155/976
f 1108/1156/976 1725/1148/976 1109/1153/976
f 1725/1148/976 3210/1157/976 3211/1154/976
f 3323/1158/976 1727/1149/976 1107/1159/976
f 3371/1160/976 1728/1152/976 1727/1149/976
f 1107/1159/976 1726/1146/976 1108/1156/976
f 3206/1161/976 1729/1151/976 3369/1162/976
f 3209/1163/976 1730/1147/976 1729/1151/976
f 3369/1162/976 1728/1152/976 3370/1164/976
s 9
f 1733/1165/977 1737/1166/978 1732/1167/979
f 1734/1168/980 1731/1169/981 1733/1165/977
f 1736/1170/982 1731/1169/981 1735/1171/983
f 1112/1172/984 3248/1173/985 3249/1108/937
f 1111/1174/986 1732/1167/979 1112/1172/984
f 1732/1167/979 3247/1175/987 3248/1173/985
f 75/1176/988 1734/1168/980 1110/1177/989
f 583/1178/990 1734/1168/980 584/1179/991
f 1110/1177/989 1733/1165/977 1111/1180/986
f 3245/726/992 1736/1170/982 582/1181/993
f 3246/1182/994 1737/1166/978 1736/1170/982
f 582/1181/993 1735/1171/983 583/1178/990
f 1740/1183/995 1744/1184/996 1739/1185/997
f 1741/1186/998 1738/1187/999 1740/1183/995
f 1743/1188/1000 1738/1187/999 1742/1189/1001
f 1115/1190/1002 422/779/1003 60/781/911
f 1114/1191/1004 1739/1185/997 1115/1190/1002
f 1739/1185/997 421/782/1005 422/779/1003
f 82/1192/1006 1741/1186/998 1113/1193/1007
f 568/1194/1008 1741/1186/998 569/1195/1009
f 1113/1193/1007 1740/1183/995 1114/1196/1004
f 68/784/930 1743/1188/1000 567/1197/1010
f 420/785/1011 1744/1184/996 1743/1188/1000
f 567/1197/1010 1742/1189/1001 568/1194/1008
s 11
f 1747/1198/1012 1751/1199/1012 1746/1200/1012
f 1748/1201/1012 1745/1202/1012 1747/1198/1012
f 1750/1203/1012 1745/1202/1012 1749/1204/1012
f 1118/1205/1012 3229/1206/1012 3222/1207/1012
f 1117/1208/1012 1746/1200/1012 1118/1205/1012
f 1746/1200/1012 3230/1209/1012 3229/1206/1012
f 71/1210/1012 1748/1201/1012 1116/1211/1012
f 3374/1212/1012 1749/1204/1012 1748/1201/1012
f 1116/1211/1012 1747/1198/1012 1117/1213/1012
f 3213/1214/1012 1750/1203/1012 3372/1215/1012
f 3231/1216/1012 1751/1199/1012 1750/1203/1012
f 3372/1215/1012 1749/1204/1012 3373/1217/1012
s 2
f 1978/1778/515 1982/1779/515 1977/1780/515
f 1980/1781/515 1978/1778/515 1979/1782/515
f 1981/1783/515 1976/1784/515 1980/1781/515
f 3603/1785/515 789/1786/515 3597/1787/515
f 3602/1788/515 1977/1780/515 3603/1785/515
f 1977/1780/515 790/1789/515 789/1786/515
f 369/1790/1301 3601/1791/515 3303/1792/1302
f 370/1793/1303 1979/1782/515 369/1790/1301
f 1979/1782/515 3602/1794/515 3601/1791/515
f 16/1004/833 1981/1783/515 371/1795/1304
f 791/1796/515 1982/1779/515 1981/1783/515
f 371/1795/1304 1980/1781/515 370/1793/1303
f 1985/1797/515 1989/1798/515 1984/1799/515
f 1987/1800/515 1985/1797/515 1986/1801/515
f 1988/1802/515 1983/1803/515 1987/1800/515
f 789/1804/515 792/1805/515 3597/1787/515
f 789/1804/515 1985/1797/515 1984/1799/515
f 1984/1799/515 793/1806/515 792/1805/515
f 3066/1807/515 791/1796/515 16/1004/833
f 3065/1808/515 1986/1801/515 3066/1807/515
f 1986/1801/515 790/1809/515 791/1796/515
f 3063/1810/515 1988/1802/515 3064/1811/515
f 794/1812/515 1989/1798/515 1988/1802/515
f 3064/1811/515 1987/1800/515 3065/1808/515
f 1991/1813/515 1990/1814/515 1996/1815/515
f 1994/1816/515 1992/1817/515 1993/1818/515
f 1995/1819/515 1990/1814/515 1994/1816/515
f 792/1820/515 795/1821/515 3597/1787/515
f 792/1820/515 1992/1817/515 1991/1813/515
f 1991/1813/515 796/1822/515 795/1821/515
f 3062/1823/515 794/1824/515 3063/1810/515
f 3061/1825/515 1993/1818/515 3062/1823/515
f 1993/1818/515 793/1826/515 794/1824/515
f 3059/1827/515 1995/1819/515 3060/1828/515
f 797/1829/515 1996/1815/515 1995/1819/515
f 3060/1828/515 1994/1816/515 3061/1825/515
f 1998/1830/515 1997/1831/515 2003/1832/515
f 2000/1833/515 1997/1831/515 1999/1834/515
f 2003/1832/515 2001/1835/515 2002/1836/515
f 3597/1787/515 1998/1830/515 798/1837/515
f 796/1838/515 1998/1830/515 795/1839/515
f 798/1837/515 2003/1832/515 799/1840/515
f 3059/1827/515 2000/1833/515 797/1841/515
f 3058/1842/515 2001/1835/515 2000/1833/515
f 797/1841/515 1999/1834/515 796/1838/515
f 800/1843/515 3056/1844/515 13/1845/515
f 799/1840/515 2002/1836/515 800/1843/515
f 2002/1836/515 3057/1846/515 3056/1844/515
s 30
f 2006/1847/1305 2010/1848/1305 2005/1849/1306
f 2007/1850/1305 2004/1851/1305 2006/1847/1305
f 2009/1852/1305 2004/1851/1305 2008/1853/1305
f 1205/1854/1306 3600/1855/1305 1/613/1305
f 1204/1856/1306 2005/1849/1306 1205/1854/1306
f 2005/1849/1306 3599/1857/1306 3600/1855/1305
f 3208/1858/1305 2007/1850/1305 1203/1859/1305
f 3604/1860/1305 2008/1853/1305 2007/1850/1305
f 1203/1859/1305 2006/1847/1305 1204/1861/1306
f 3596/1862/1305 2009/1852/1305 3606/1863/1306
f 3598/1864/1306 2010/1848/1305 2009/1852/1305
f 3606/1863/1306 2008/1853/1305 3605/1865/1305
s 31
f 2013/1866/1307 2017/1867/1307 2012/1868/1307
f 2014/1869/1307 2011/1870/1307 2013/1866/1307
f 2016/1871/1307 2011/1870/1307 2015/1872/1307
f 1208/1873/1307 788/1785/1307 84/1787/1307
f 1207/1874/1307 2012/1868/1307 1208/1873/1307
f 2012/1868/1307 787/1788/1307 788/1785/1307
f 3233/1875/1307 2014/1869/1307 1206/1876/1307
f 3307/1877/1307 2015/1872/1307 2014/1869/1307
f 1206/1876/1307 2013/1866/1307 1207/1878/1307
f 3304/1792/1308 2016/1871/1307 3305/1879/1307
f 786/1791/1307 2017/1867/1307 2016/1871/1307
f 3305/1879/1307 2015/1872/1307 3306/1880/1307
s 9
f 2020/1881/1309 2024/1882/1310 2019/1883/1311
f 2021/1884/1312 2018/1885/1313 2020/1881/1309
f 2023/1886/1314 2018/1885/1313 2022/1887/1315
f 1211/1888/1316 413/941/1317 57/943/1318
f 1210/1889/1319 2019/1883/1311 1211/1888/1316
f 2019/1883/1311 412/944/1320 413/941/1317
f 118/1890/1321 2021/1884/1312 1209/1891/1322
f 831/1892/1323 2022/1887/1315 2021/1884/1312
f 1209/1891/1322 2020/1881/1309 1210/1893/1319
f 56/1894/1324 2023/1886/1314 833/1895/1325
f 411/946/1326 2024/1882/1310 2023/1886/1314
f 833/1895/1325 2022/1887/1315 832/1896/1327
f 2026/1897/1328 2025/1898/1329 2031/1899/1330
f 2029/1900/1331 2027/1901/1332 2028/1902/1333
f 2030/1903/1334 2025/1898/1329 2029/1900/1331
f 1214/1904/1335 836/1905/1336 67/800/1337
f 1214/1904/1335 2027/1901/1332 2026/1897/1328
f 2026/1897/1328 835/1906/1338 836/1905/1336
f 3625/1907/1339 1212/1908/1340 83/1139/970
f 3626/1909/1341 2028/1902/1333 3625/1907/1339
f 2028/1902/1333 1213/1910/1342 1212/1908/1340
f 3628/1911/1343 2030/1903/1334 3627/1912/1344
f 834/1913/1345 2031/1899/1330 2030/1903/1334
f 3627/1912/1344 2029/1900/1331 3626/1909/1341
f 2034/1914/1346 2038/1915/1347 2033/1916/1348
f 2035/1917/1349 2032/1918/1350 2034/1914/1346
f 2037/1919/1351 2032/1918/1350 2036/1920/1352
f 1217/1921/1353 3265/1922/1354 3266/1923/1355
f 1216/1924/1356 2033/1916/1348 1217/1921/1353
f 2033/1916/1348 3264/1925/1357 3265/1922/1354
f 79/1926/1358 2035/1917/1349 1215/1927/1359
f 575/1928/1360 2036/1920/1352 2035/1917/1349
f 1215/1927/1359 2034/1914/1346 1216/1924/1356
f 62/926/949 2037/1919/1351 573/1929/1361
f 3263/1930/1362 2038/1915/1347 2037/1919/1351
f 573/1929/1361 2036/1920/1352 574/1931/1363
f 2041/1932/1364 2045/1933/1365 2040/1934/1366
f 2042/1935/1367 2039/1936/1368 2041/1932/1364
f 2044/1937/1369 2039/1936/1368 2043/1938/1370
f 1220/1939/1371 3244/1940/1372 3245/726/992
f 1219/1941/1373 2040/1934/1366 1220/1939/1371
f 2040/1934/1366 3243/1942/1374 3244/1940/1372
f 119/1943/1375 2042/1935/1367 1218/1944/1376
f 830/1945/1377 2043/1938/1370 2042/1935/1367
f 1218/1944/1376 2041/1932/1364 1219/1941/1373
f 57/943/1318 2044/1937/1369 828/1946/1378
f 3242/1947/1379 2045/1933/1365 2044/1937/1369
f 828/1946/1378 2043/1938/1370 829/1948/1380
s 32
f 2048/1949/1381 2052/1950/1381 2047/1951/1381
f 2049/1952/1381 2046/1953/1381 2048/1949/1381
f 2051/1954/1381 2046/1953/1381 2050/1955/1381
f 1223/1956/1381 399/743/1381 52/745/1381
f 1222/1957/1381 2047/1951/1381 1223/1956/1381
f 2047/1951/1381 400/746/1381 399/743/1381
f 3331/1958/1381 2049/1952/1381 1221/1959/1381
f 3375/1960/1381 2050/1955/1381 2049/1952/1381
f 1221/1959/1381 2048/1949/1381 1222/1961/1381
f 3223/748/1381 2051/1954/1381 3377/1962/1381
f 401/749/1381 2052/1950/1381 2051/1954/1381
f 3377/1962/1381 2050/1955/1381 3376/1963/1381
s 9
f 2054/1964/1382 2053/1965/1383 2059/1966/1384
f 2057/1967/1385 2055/1968/1386 2056/1969/1387
f 2058/1970/1388 2053/1965/1383 2057/1967/1385
f 55/1971/1389 2054/1964/1382 590/1972/1390
f 1226/1973/1391 2055/1968/1386 2054/1964/1382
f 590/1972/1390 2059/1966/1384 589/1974/1392
f 3631/1975/1393 1224/1976/1394 118/1890/1321
f 3630/1977/1395 2056/1969/1387 3631/1975/1393
f 2056/1969/1387 1225/1978/1396 1224/1976/1394
f 3612/1979/1397 2058/1970/1388 3629/1980/1398
f 588/1981/1399 2059/1966/1384 2058/1970/1388
f 3629/1980/1398 2057/1967/1385 3630/1977/1395
f 2062/1982/1400 2066/1983/1401 2061/1984/1402
f 2064/1985/1403 2062/1982/1400 2063/1986/1404
f 2065/1987/1405 2060/1988/1406 2064/1985/1403
f 1229/1989/1407 837/1990/1408 3266/1923/1355
f 1228/1991/1409 2061/1984/1402 1229/1989/1407
f 2061/1984/1402 838/1992/1410 837/1990/1408
f 3594/1993/1411 1227/1994/1412 3595/1995/1413
f 3593/1996/1414 2063/1986/1404 3594/1993/1411
f 2063/1986/1404 1228/1997/1409 1227/1994/1412
f 839/1998/1415 3592/1999/1416 3591/2000/1417
f 838/2001/1410 2065/1987/1405 839/1998/1415
f 3592/1999/1416 2064/1985/1403 3593/1996/1414
f 2069/2002/1418 2073/2003/1419 2068/2004/1420
f 2070/2005/1421 2067/2006/1422 2069/2002/1418
f 2072/2007/1423 2067/2006/1422 2071/2008/1424
f 1232/2009/1425 3635/2010/1426 3217/2011/1427
f 1231/2012/1428 2068/2004/1420 1232/2009/1425
f 2068/2004/1420 3636/2013/1429 3635/2010/1426
f 3613/2014/1430 1230/2015/1431 3612/2016/1397
f 3614/2017/1432 2070/2005/1421 3613/2014/1430
f 1230/2015/1431 2069/2002/1418 1231/2012/1428
f 3608/2018/1433 2072/2007/1423 3615/2019/1434
f 3637/2020/1435 2073/2003/1419 2072/2007/1423
f 3615/2019/1434 2071/2008/1424 3614/2017/1432
f 2075/2021/1436 2074/2022/1437 2080/2023/1438
f 2078/2024/1439 2076/2025/1440 2077/2026/1441
f 2079/2027/1442 2074/2022/1437 2078/2024/1439
f 66/859/886 2075/2021/1436 549/2028/1443
f 1235/2029/1444 2076/2025/1440 2075/2021/1436
f 549/2028/1443 2080/2023/1438 550/2030/1445
f 3634/2031/1446 1233/2032/1447 3628/1911/1343
f 3633/2033/1448 2077/2026/1441 3634/2031/1446
f 2077/2026/1441 1234/2034/1449 1233/2032/1447
f 81/2035/1450 2079/2027/1442 3632/2036/1451
f 551/2037/1452 2080/2023/1438 2079/2027/1442
f 3632/2036/1451 2078/2024/1439 3633/2033/1448
f 2082/2038/1453 2081/2039/1454 2087/2040/1455
f 2085/2041/1456 2083/2042/1457 2084/2043/1458
f 2086/2044/1459 2081/2039/1454 2085/2041/1456
f 64/707/1460 2082/2038/1453 843/2045/1461
f 1238/2046/1462 2083/2042/1457 2082/2038/1453
f 2082/2038/1453 844/2047/1463 843/2045/1461
f 3624/2048/1464 1236/2049/1465 80/1054/889
f 3623/2050/1466 2084/2043/1458 3624/2048/1464
f 2084/2043/1458 1237/2051/1467 1236/2049/1465
f 3595/1995/1413 2086/2044/1459 3622/2052/1468
f 845/2053/1469 2087/2040/1455 2086/2044/1459
f 3622/2052/1468 2085/2041/1456 3623/2050/1466
s 2
f 2090/2054/515 2094/2055/515 2089/2056/515
f 2091/2057/515 2088/2058/515 2090/2054/515
f 2094/2055/515 2092/2059/515 2093/2060/515
f 1241/2061/515 783/2062/515 3597/2063/515
f 1240/2064/515 2089/2056/515 1241/2061/515
f 2089/2056/515 784/2065/515 783/2062/515
f 12/2066/515 2091/2057/515 1239/2067/515
f 392/2068/515 2092/2059/515 2091/2057/515
f 1239/2067/515 2090/2054/515 1240/2064/515
f 785/2069/515 390/2070/515 3021/2071/515
f 784/2072/515 2093/2060/515 785/2069/515
f 2093/2060/515 391/2073/515 390/2070/515
s 33
f 2096/2074/1013 2095/2075/1013 2101/2076/1013
f 2098/2077/1013 2095/2075/1013 2097/2078/1013
f 2101/2076/1013 2099/2079/1013 2100/2080/1013
f 3365/2081/1013 2096/2074/1013 848/2082/1013
f 3366/2083/1013 2097/2078/1013 2096/2074/1013
f 848/2082/1013 2101/2076/1013 847/2084/1013
f 3335/2085/1013 2098/2077/1013 3368/2086/1013
f 3336/2087/1013 2099/2079/1013 2098/2077/1013
f 3368/2086/1013 2097/2078/1013 3367/2088/1013
f 846/2089/1013 3338/2090/1013 3324/2091/1013
f 847/2092/1013 2100/2080/1013 846/2089/1013
f 2100/2080/1013 3337/2093/1013 3338/2090/1013
f 2103/2094/1013 2102/2095/1013 2108/2096/1013
f 2106/2097/1013 2104/2098/1013 2105/2099/1013
f 2107/2100/1013 2102/2095/1013 2106/2097/1013
f 848/2082/1013 819/2101/1013 3365/2081/1013
f 848/2082/1013 2104/2098/1013 2103/2094/1013
f 2103/2094/1013 820/2102/1013 819/2101/1013
f 851/2103/1013 846/2104/1013 3324/2091/1013
f 850/2105/1013 2105/2099/1013 851/2103/1013
f 2105/2099/1013 847/2106/1013 846/2104/1013
f 122/2107/1013 2107/2100/1013 849/2108/1013
f 821/2109/1013 2108/2096/1013 2107/2100/1013
f 849/2108/1013 2106/2097/1013 850/2110/1013
f 2111/2111/1013 2115/2112/1013 2110/2113/1013
f 2112/2114/1013 2109/2115/1013 2111/2111/1013
f 2114/2116/1013 2109/2115/1013 2113/2117/1013
f 854/2118/1013 851/2103/1013 3324/2091/1013
f 853/2119/1013 2110/2113/1013 854/2118/1013
f 2110/2113/1013 850/2120/1013 851/2103/1013
f 3361/2121/1013 2112/2114/1013 852/2122/1013
f 825/2123/1013 2113/2117/1013 2112/2114/1013
f 852/2122/1013 2111/2111/1013 853/2124/1013
f 849/2125/1013 827/2126/1013 122/2127/1013
f 850/2105/1013 2114/2116/1013 849/2125/1013
f 2114/2116/1013 826/2128/1013 827/2126/1013
f 2118/2129/1013 2122/2130/1013 2117/2131/1013
f 2119/2132/1013 2116/2133/1013 2118/2129/1013
f 2122/2130/1013 2120/2134/1013 2121/2135/1013
f 857/2136/1013 854/2118/1013 3324/2091/1013
f 856/2137/1013 2117/2131/1013 857/2136/1013
f 2117/2131/1013 853/2124/1013 854/2118/1013
f 3357/2138/1013 2119/2132/1013 855/2139/1013
f 3358/2140/1013 2120/2134/1013 2119/2132/1013
f 855/2139/1013 2118/2129/1013 856/2137/1013
f 852/2122/1013 3360/2141/1013 3361/2142/1013
f 853/2119/1013 2121/2135/1013 852/2122/1013
f 2121/2135/1013 3359/2143/1013 3360/2141/1013
f 2125/2144/1013 2129/2145/1013 2124/2146/1013
f 2126/2147/1013 2123/2148/1013 2125/2144/1013
f 2129/2145/1013 2127/2149/1013 2128/2150/1013
f 860/2151/1013 857/2152/1013 3324/2091/1013
f 859/2153/1013 2124/2146/1013 860/2151/1013
f 2124/2146/1013 856/2154/1013 857/2152/1013
f 121/2155/1013 2126/2147/1013 858/2156/1013
f 816/2157/1013 2127/2149/1013 2126/2147/1013
f 858/2156/1013 2125/2144/1013 859/2158/1013
f 855/2139/1013 818/2159/1013 3357/2138/1013
f 856/2137/1013 2128/2150/1013 855/2139/1013
f 2128/2150/1013 817/2160/1013 818/2159/1013
f 2132/2161/1013 2136/2162/1013 2131/2163/1013
f 2133/2164/1013 2130/2165/1013 2132/2161/1013
f 2135/2166/1013 2130/2165/1013 2134/2167/1013
f 863/2168/1013 860/2169/1013 3324/2091/1013
f 863/2168/1013 2132/2161/1013 2131/2163/1013
f 2131/2163/1013 859/2170/1013 860/2169/1013
f 780/2171/1013 861/2172/1013 120/2173/1013
f 781/2174/1013 2133/2164/1013 780/2171/1013
f 2133/2164/1013 862/2175/1013 861/2172/1013
f 858/2156/1013 782/2176/1013 121/2177/1013
f 858/2156/1013 2136/2162/1013 2135/2166/1013
f 782/2176/1013 2134/2167/1013 781/2174/1013
f 2138/2178/1013 2137/2179/1013 2143/2180/1013
f 2140/2181/1013 2137/2179/1013 2139/2182/1013
f 2143/2180/1013 2141/2183/1013 2142/2184/1013
f 1244/2185/1013 3609/2186/1013 3607/2187/1013
f 1243/2188/1013 2138/2178/1013 1244/2185/1013
f 3609/2186/1013 2143/2180/1013 3610/2189/1013
f 3586/2190/1013 2140/2181/1013 1242/2191/1013
f 866/2192/1013 2141/2183/1013 2140/2181/1013
f 1242/2191/1013 2139/2182/1013 1243/2193/1013
f 3611/2194/1013 864/2195/1013 3330/2196/1013
f 3610/2189/1013 2142/2184/1013 3611/2194/1013
f 2142/2184/1013 865/2197/1013 864/2195/1013
f 2146/2198/1013 2150/2199/1013 2145/2200/1013
f 2148/2201/1013 2146/2198/1013 2147/2202/1013
f 2149/2203/1013 2144/2204/1013 2148/2201/1013
f 864/2205/1013 869/2206/1013 3330/2196/1013
f 864/2205/1013 2146/2198/1013 2145/2200/1013
f 2145/2200/1013 868/2207/1013 869/2206/1013
f 3587/2208/1013 866/2209/1013 3586/2190/1013
f 3588/2210/1013 2147/2202/1013 3587/2208/1013
f 2147/2202/1013 865/2211/1013 866/2209/1013
f 3590/2212/1013 2149/2203/1013 3589/2213/1013
f 867/2214/1013 2150/2199/1013 2149/2203/1013
f 3589/2213/1013 2148/2201/1013 3588/2215/1013
f 2153/2216/1013 2157/2217/1013 2152/2218/1013
f 2155/2219/1013 2153/2216/1013 2154/2220/1013
f 2156/2221/1013 2151/2222/1013 2155/2219/1013
f 869/2223/1013 872/2224/1013 3330/2196/1013
f 869/2223/1013 2153/2216/1013 2152/2218/1013
f 2152/2218/1013 871/2225/1013 872/2224/1013
f 3616/2226/1013 867/2227/1013 3590/2228/1013
f 3617/2229/1013 2154/2220/1013 3616/2226/1013
f 2154/2220/1013 868/2230/1013 867/2227/1013
f 3339/2231/1013 2156/2221/1013 3618/2232/1013
f 870/2233/1013 2157/2217/1013 2156/2221/1013
f 3618/2232/1013 2155/2219/1013 3617/2229/1013
f 2160/2234/1013 2164/2235/1013 2159/2236/1013
f 2161/2237/1013 2158/2238/1013 2160/2234/1013
f 2164/2235/1013 2162/2239/1013 2163/2240/1013
f 872/2241/1013 875/2242/1013 3330/2196/1013
f 871/2225/1013 2159/2236/1013 872/2241/1013
f 875/2242/1013 2164/2235/1013 874/2243/1013
f 3340/2244/1013 870/2233/1013 3339/2245/1013
f 3340/2244/1013 2162/2239/1013 2161/2237/1013
f 870/2233/1013 2160/2234/1013 871/2225/1013
f 873/2246/1013 3342/2247/1013 3343/2248/1013
f 874/2249/1013 2163/2240/1013 873/2246/1013
f 2163/2240/1013 3341/2250/1013 3342/2247/1013
f 2166/2251/1013 2165/2252/1013 2171/2253/1013
f 2169/2254/1013 2167/2255/1013 2168/2256/1013
f 2171/2253/1013 2169/2254/1013 2170/2257/1013
f 3343/2248/1013 2166/2251/1013 873/2258/1013
f 1247/2259/1013 2167/2255/1013 2166/2251/1013
f 873/2258/1013 2171/2253/1013 874/2260/1013
f 3334/2261/1013 1245/2262/1013 3329/2263/1013
f 3333/2264/1013 2168/2256/1013 3334/2261/1013
f 2168/2256/1013 1246/2265/1013 1245/2262/1013
f 875/2266/1013 3332/2267/1013 3330/2196/1013
f 874/2249/1013 2170/2257/1013 875/2266/1013
f 2170/2257/1013 3333/2268/1013 3332/2267/1013
f 2174/2269/1013 2178/2270/1013 2173/2271/1013
f 2175/2272/1013 2172/2273/1013 2174/2269/1013
f 2177/2274/1013 2172/2273/1013 2176/2275/1013
f 876/2276/1013 881/2277/1013 3329/2263/1013
f 877/2278/1013 2173/2271/1013 876/2276/1013
f 2173/2271/1013 880/2279/1013 881/2277/1013
f 3345/2280/1013 878/2281/1013 3344/2282/1013
f 3346/2283/1013 2175/2272/1013 3345/2280/1013
f 2175/2272/1013 877/2284/1013 878/2281/1013
f 879/2285/1013 3347/2286/1013 3348/2287/1013
f 879/2285/1013 2178/2270/1013 2177/2274/1013
f 3347/2286/1013 2176/2275/1013 3346/2283/1013
f 2181/2288/1013 2185/2289/1013 2180/2290/1013
f 2182/2291/1013 2179/2292/1013 2181/2288/1013
f 2185/2289/1013 2183/2293/1013 2184/2294/1013
f 881/2295/1013 884/2296/1013 3329/2263/1013
f 880/2297/1013 2180/2290/1013 881/2295/1013
f 884/2296/1013 2185/2289/1013 883/2298/1013
f 3348/2287/1013 2182/2291/1013 879/2285/1013
f 3349/2299/1013 2183/2293/1013 2182/2291/1013
f 879/2285/1013 2181/2288/1013 880/2300/1013
f 882/2301/1013 3351/2302/1013 3352/2303/1013
f 883/2304/1013 2184/2294/1013 882/2301/1013
f 2184/2294/1013 3350/2305/1013 3351/2302/1013
f 2188/2306/1013 2192/2307/1013 2187/2308/1013
f 2189/2309/1013 2186/2310/1013 2188/2306/1013
f 2192/2307/1013 2190/2311/1013 2191/2312/1013
f 884/2313/1013 887/2314/1013 3329/2263/1013
f 883/2298/1013 2187/2308/1013 884/2313/1013
f 887/2314/1013 2192/2307/1013 886/2315/1013
f 3352/2316/1013 2189/2309/1013 882/2301/1013
f 3353/2317/1013 2190/2311/1013 2189/2309/1013
f 882/2301/1013 2188/2306/1013 883/2298/1013
f 885/2318/1013 3355/2319/1013 3356/2320/1013
f 886/2321/1013 2191/2312/1013 885/2318/1013
f 2191/2312/1013 3354/2322/1013 3355/2319/1013
f 2195/2323/1013 2199/2324/1013 2194/2325/1013
f 2197/2326/1013 2195/2323/1013 2196/2327/1013
f 2198/2328/1013 2193/2329/1013 2197/2326/1013
f 1250/2330/1013 863/2331/1013 3324/2091/1013
f 1250/2330/1013 2195/2323/1013 2194/2325/1013
f 2194/2325/1013 862/2332/1013 863/2331/1013
f 3619/2333/1013 1248/2334/1013 3356/2320/1013
f 3620/2335/1013 2196/2327/1013 3619/2333/1013
f 2196/2327/1013 1249/2336/1013 1248/2334/1013
f 120/2173/1013 2198/2328/1013 3621/2337/1013
f 861/2338/1013 2199/2324/1013 2198/2328/1013
f 3621/2337/1013 2197/2326/1013 3620/2335/1013
s 34
f 2202/2339/1013 2206/2340/1013 2201/2341/1013
f 2203/2342/1013 2200/2343/1013 2202/2339/1013
f 2205/2344/1013 2200/2343/1013 2204/2345/1013
f 1253/2346/1013 929/2347/1013 127/2348/1013
f 1252/2349/1013 2201/2341/1013 1253/2346/1013
f 2201/2341/1013 928/2350/1013 929/2347/1013
f 134/2351/1470 2203/2342/1013 1251/2352/1013
f 920/2353/1013 2204/2345/1013 2203/2342/1013
f 1251/2352/1013 2202/2339/1013 1252/2354/1013
f 133/2355/1013 2205/2344/1013 918/2356/1013
f 927/2357/1013 2206/2340/1013 2205/2344/1013
f 918/2356/1013 2204/2345/1013 919/2358/1013
f 2208/2359/515 2207/2360/515 2213/2361/515
f 2211/2362/515 2209/2363/515 2210/2364/515
f 2212/2365/515 2207/2360/515 2211/2362/515
f 123/2366/1471 2208/2359/515 893/2367/515
f 1256/2368/515 2209/2363/515 2208/2359/515
f 893/2367/515 2213/2361/515 892/2369/515
f 933/2370/515 1254/2371/515 131/2372/515
f 934/2373/515 2210/2364/515 933/2370/515
f 2210/2364/515 1255/2374/515 1254/2371/515
f 891/2375/515 935/2376/515 125/2377/515
f 892/2369/515 2212/2365/515 891/2375/515
f 935/2376/515 2211/2362/515 934/2373/515
f 2215/2378/515 2214/2379/515 2220/2380/515
f 2218/2381/515 2216/2382/515 2217/2383/515
f 2219/2384/515 2214/2379/515 2218/2381/515
f 125/2385/515 2215/2378/515 888/2386/515
f 1259/2387/515 2216/2382/515 2215/2378/515
f 888/2386/515 2220/2380/515 889/2388/515
f 936/2389/1472 1257/2390/515 130/2391/1472
f 937/2392/1472 2217/2383/515 936/2389/1472
f 2217/2383/515 1258/2393/515 1257/2390/515
f 890/2394/515 938/2395/1472 124/2396/1473
f 889/2397/515 2219/2384/515 890/2394/515
f 938/2395/1472 2218/2381/515 937/2392/1472
f 2222/2398/915 2221/2399/915 2227/2400/915
f 2225/2401/915 2223/2402/915 2224/2403/915
f 2226/2404/915 2221/2399/915 2225/2401/915
f 126/2405/1474 2222/2398/915 897/2406/915
f 1262/2407/915 2223/2402/915 2222/2398/915
f 897/2406/915 2227/2400/915 898/2408/915
f 932/2409/1475 1260/2410/915 129/2411/1475
f 931/2412/1475 2224/2403/915 932/2409/1475
f 2224/2403/915 1261/2413/915 1260/2410/915
f 123/2414/1471 2226/2404/915 930/2415/1475
f 899/2416/915 2227/2400/915 2226/2404/915
f 930/2415/1475 2225/2401/915 931/2412/1475
f 2229/2417/1012 2228/2418/1012 2234/2419/1012
f 2232/2420/1012 2230/2421/1012 2231/2422/1012
f 2233/2423/1012 2228/2418/1012 2232/2420/1012
f 124/2424/1473 2229/2417/1012 905/2425/1012
f 1265/2426/1012 2230/2421/1012 2229/2417/1012
f 905/2425/1012 2234/2419/1012 904/2427/1012
f 926/2428/1470 1263/2429/1012 134/2430/1470
f 925/2431/1470 2231/2422/1012 926/2428/1470
f 2231/2422/1012 1264/2432/1012 1263/2429/1012
f 128/2433/1476 2233/2423/1012 924/2434/1470
f 903/2435/1012 2234/2419/1012 2233/2423/1012
f 924/2434/1470 2232/2420/1012 925/2431/1470
f 2237/2436/1013 2241/2437/1013 2236/2438/1013
f 2238/2439/1013 2235/2440/1013 2237/2436/1013
f 2240/2441/1013 2235/2440/1013 2239/2442/1013
f 1268/2443/1013 939/2444/1477 126/2445/1474
f 1267/2446/1013 2236/2438/1013 1268/2443/1013
f 2236/2438/1013 940/2447/1477 939/2444/1477
f 133/2355/1013 2238/2439/1013 1266/2448/1013
f 912/2449/1013 2239/2442/1013 2238/2439/1013
f 1266/2448/1013 2237/2436/1013 1267/2450/1013
f 132/2451/1477 2240/2441/1013 914/2452/1013
f 941/2453/1477 2241/2437/1013 2240/2441/1013
f 914/2452/1013 2239/2442/1013 913/2454/1013
s 1
f 2244/2455/1478 2248/2456/1479 2243/2457/1480
f 2245/2458/1481 2242/2459/1482 2244/2455/1478
f 2247/2460/1483 2242/2459/1482 2246/2461/1484
f 3188/2462/1485 944/2463/29 3189/29/27
f 3187/2464/1486 2243/2457/1480 3188/2462/1485
f 2243/2457/1480 943/2465/35 944/2463/29
f 216/2466/66 3186/2467/1487 3185/68/65
f 217/2468/68 2245/2458/1481 216/2466/66
f 3186/2467/1487 2244/2455/1478 3187/2469/1486
f 3109/35/33 2247/2460/1483 218/2470/74
f 942/2471/32 2248/2456/1479 2247/2460/1483
f 218/2470/74 2246/2461/1484 217/71/68
s 2
f 2251/2472/1488 2255/2473/1489 2250/2474/1490
f 2252/2475/1491 2249/2476/1492 2251/2472/1488
f 2254/2477/1493 2249/2476/1492 2253/2478/1494
f 296/2479/1495 947/50/48 34/48/46
f 295/2480/1496 2250/2474/1490 296/2479/1495
f 2250/2474/1490 946/56/54 947/50/48
f 3135/170/164 2252/2475/1491 294/2481/1497
f 222/2482/163 2253/2478/1494 2252/2475/1491
f 294/2481/1497 2251/2472/1488 295/264/1496
f 3082/54/52 2254/2477/1493 224/2483/161
f 945/2484/51 2255/2473/1489 2254/2477/1493
f 224/2483/161 2253/2478/1494 223/171/165
s 1
f 2258/2485/1498 2262/2486/1499 2257/2487/1500
f 2259/2488/1501 2256/2489/1502 2258/2485/1498
f 2261/2490/1503 2256/2489/1502 2260/2491/1504
f 3196/2492/1505 950/2493/67 3185/68/65
f 3195/2494/1506 2257/2487/1500 3196/2492/1505
f 2257/2487/1500 949/2495/72 950/2493/67
f 3193/2496/17 2259/2488/1501 3194/2497/1507
f 228/19/18 2260/2491/1504 2259/2488/1501
f 3194/2497/1507 2258/2485/1498 3195/2498/1506
f 3113/15/15 2261/2490/1503 230/13/13
f 948/2499/70 2262/2486/1499 2261/2490/1503
f 230/13/13 2260/2491/1504 229/2500/16
s 2
f 2264/2501/1508 2263/2502/1509 2269/2503/1510
f 2266/2504/1511 2263/2502/1509 2265/2505/1512
f 2269/2503/1510 2267/2506/1513 2268/2507/1514
f 3144/88/84 2264/2501/1508 953/2508/82
f 231/2509/128 2265/2505/1512 2264/2501/1508
f 953/2508/82 2269/2503/1510 952/2510/85
f 3086/2511/1515 233/132/127 3087/130/125
f 3085/2512/1516 2266/2504/1511 3086/2511/1515
f 2266/2504/1511 232/2513/130 233/132/127
f 951/2514/88 3084/2515/1517 3083/91/87
f 952/2516/85 2268/2507/1514 951/2514/88
f 2268/2507/1514 3085/2517/1516 3084/2515/1517
f 2271/2518/1518 2270/2519/1519 2276/2520/1520
f 2273/2521/1521 2270/2519/1519 2272/2522/1522
f 2276/2520/1520 2274/2523/1523 2275/2524/1524
f 3152/127/122 2271/2518/1518 956/125/120
f 240/2525/138 2272/2522/1522 2271/2518/1518
f 956/125/120 2276/2520/1520 955/2526/123
f 3090/2527/1525 242/2528/148 3091/151/146
f 3090/2527/1525 2274/2523/1523 2273/2521/1521
f 2273/2521/1521 241/2529/140 242/2528/148
f 954/2530/126 3088/2531/1526 3087/130/125
f 955/2532/123 2275/2524/1524 954/2530/126
f 2275/2524/1524 3089/2533/1527 3088/2531/1526
f 2279/2534/1528 2283/2535/1529 2278/2536/1530
f 2280/2537/1531 2277/2538/1532 2279/2534/1528
f 2282/2539/1533 2277/2538/1532 2281/2540/1534
f 3159/2541/1535 959/144/139 3152/127/122
f 3158/2542/1536 2278/2536/1530 3159/2541/1535
f 2278/2536/1530 958/2543/145 959/144/139
f 243/2544/174 3157/2545/1537 3156/179/173
f 244/2546/176 2280/2537/1531 243/2544/174
f 3157/2545/1537 2279/2534/1528 3158/2542/1536
f 3095/148/143 2282/2539/1533 245/2547/182
f 957/147/142 2283/2535/1529 2282/2539/1533
f 245/2547/182 2281/2540/1534 244/190/176
f 2285/2548/1538 2284/2549/1539 2290/2550/1540
f 2287/2551/1541 2284/2549/1539 2286/2552/1542
f 2290/2550/1540 2288/2553/1543 2289/2554/1544
f 37/95/90 2285/2548/1538 962/2555/156
f 273/2556/91 2286/2552/1542 2285/2548/1538
f 962/2555/156 2290/2550/1540 961/2557/158
f 3121/2558/1545 275/2559/89 3083/91/87
f 3121/2558/1545 2288/2553/1543 2287/2551/1541
f 2287/2551/1541 274/2560/93 275/2559/89
f 960/2561/160 3123/2562/1546 3082/54/52
f 961/2557/158 2289/2554/1544 960/2561/160
f 2289/2554/1544 3122/2563/1547 3123/2562/1546
f 2293/2564/1548 2297/2565/1549 2292/2566/1550
f 2294/2567/1551 2291/2568/1552 2293/2564/1548
f 2296/2569/1553 2291/2568/1552 2295/2570/1554
f 317/2571/1555 965/2572/175 3156/179/173
f 316/375/1556 2292/2566/1550 317/2571/1555
f 2292/2566/1550 964/2573/181 965/2572/175
f 3163/374/523 2294/2567/1551 315/2574/1557
f 246/2575/524 2295/2570/1554 2294/2567/1551
f 315/2574/1557 2293/2564/1548 316/379/1556
f 3099/185/179 2296/2569/1553 248/2576/532
f 963/2577/178 2297/2565/1549 2296/2569/1553
f 248/2576/532 2295/2570/1554 247/2578/526
f 2300/2579/1558 2304/2580/1559 2299/2581/1560
f 2301/2582/1561 2298/2583/1562 2300/2579/1558
f 2303/2584/1563 2298/2583/1562 2302/2585/1564
f 3170/2586/1565 968/2587/193 43/199/191
f 3169/2588/1566 2299/2581/1560 3170/2586/1565
f 2299/2581/1560 967/2589/199 968/2587/193
f 249/2590/211 3168/2591/1567 3167/219/210
f 250/2592/213 2301/2582/1561 249/2590/211
f 3168/2591/1567 2300/2579/1558 3169/2593/1566
f 3074/205/197 2303/2584/1563 251/227/218
f 966/2594/196 2304/2580/1559 2303/2584/1563
f 251/227/218 2302/2585/1564 250/2595/213
f 2307/2596/1568 2311/2597/1569 2306/2598/1570
f 2308/2599/1571 2305/2600/1572 2307/2596/1568
f 2310/2601/1573 2305/2600/1572 2309/2602/1574
f 326/430/1575 971/2603/212 3167/219/210
f 325/432/1576 2306/2598/1570 326/430/1575
f 2306/2598/1570 970/2604/217 971/2603/212
f 34/48/46 2308/2599/1571 324/2605/1577
f 265/2606/49 2308/2599/1571 264/2607/47
f 324/2605/1577 2307/2596/1568 325/2608/1576
f 3078/59/57 2310/2601/1573 266/57/55
f 969/2609/215 2311/2597/1569 2310/2601/1573
f 266/57/55 2309/2602/1574 265/2610/49
f 2313/2611/1578 2312/2612/1579 2318/2613/1580
f 2315/2614/1581 2312/2612/1579 2314/2615/1582
f 2318/2613/1580 2316/2616/1583 2317/2617/1584
f 171/1828/1585 974/2618/227 14/240/229
f 172/1825/1586 2313/2611/1578 171/1828/1585
f 2313/2611/1578 973/2619/235 974/2618/227
f 15/279/267 2315/2614/1581 173/1823/1587
f 257/2620/266 2316/2616/1583 2315/2614/1581
f 173/1823/1587 2314/2615/1582 172/1825/1586
f 972/2621/232 255/2622/275 3130/244/233
f 973/246/235 2317/2617/1584 972/2621/232
f 2317/2617/1584 256/2623/268 255/2622/275
f 2321/2624/1588 2325/2625/1589 2320/2626/1590
f 2322/2627/1591 2319/2628/1592 2321/2624/1588
f 2324/2629/1593 2319/2628/1592 2323/2630/1594
f 153/584/1595 977/2631/248 8/258/246
f 154/586/1596 2320/2626/1590 153/584/1595
f 2320/2626/1590 976/2632/254 977/2631/248
f 263/2633/339 155/580/1597 9/351/338
f 262/354/341 2322/2627/1591 263/2633/339
f 155/580/1597 2321/2624/1588 154/582/1596
f 33/170/252 2324/2629/1593 261/2634/346
f 975/2635/251 2325/2625/1589 2324/2629/1593
f 261/2634/346 2323/2630/1594 262/2636/341
f 2328/2637/1598 2332/2638/1599 2327/2639/1600
f 2329/2640/1601 2326/2641/1602 2328/2637/1598
f 2331/2642/1603 2326/2641/1602 2330/2643/1604
f 174/1811/1605 980/277/265 15/279/267
f 175/1808/1606 2327/2639/1600 174/1811/1605
f 2327/2639/1600 979/2644/273 980/277/265
f 16/1004/833 2329/2640/1601 176/1807/1607
f 269/1005/834 2330/2643/1604 2329/2640/1601
f 176/1807/1607 2328/2637/1598 175/1808/1606
f 3140/283/271 2331/2642/1603 267/2645/843
f 978/2646/270 2332/2638/1599 2331/2642/1603
f 2331/2642/1603 268/2647/836 267/2645/843
f 2334/2648/1608 2333/2649/1609 2339/2650/1610
f 2336/2651/1611 2333/2649/1609 2335/2652/1612
f 2339/2650/1610 2337/2653/1613 2338/2654/1614
f 3043/298/285 2334/2648/1608 983/2655/283
f 272/323/310 2335/2652/1612 2334/2648/1608
f 983/2655/283 2339/2650/1610 982/2656/286
f 36/88/307 2336/2651/1611 270/321/309
f 300/2657/1615 2337/2653/1613 2336/2651/1611
f 2336/2651/1611 271/2658/312 270/321/309
f 981/2659/289 302/2660/1616 3148/95/288
f 982/2661/286 2338/2654/1614 981/2659/289
f 2338/2654/1614 301/2662/1617 302/2660/1616
f 2341/2663/1618 2340/2664/1619 2346/2665/1620
f 2343/2666/1621 2340/2664/1619 2342/2667/1622
f 2346/2665/1620 2344/2668/1623 2345/2669/1624
f 3047/317/304 2341/2663/1618 986/2670/302
f 278/341/328 2342/2667/1622 2341/2663/1618
f 986/2670/302 2346/2665/1620 985/2671/305
f 39/127/325 2343/2666/1621 276/2672/327
f 306/2673/1625 2344/2668/1623 2343/2666/1621
f 2343/2666/1621 277/2674/330 276/2672/327
f 984/320/308 308/2675/1626 36/88/307
f 985/2676/305 2345/2669/1624 984/320/308
f 2345/2669/1624 307/2677/1627 308/2675/1626
f 2348/2678/1628 2347/2679/1629 2353/2680/1630
f 2350/2681/1631 2347/2679/1629 2349/2682/1632
f 2353/2680/1630 2351/2683/1633 2352/2684/1634
f 3051/335/322 2348/2678/1628 989/2685/320
f 281/2686/355 2349/2682/1632 2348/2678/1628
f 989/2685/320 2353/2680/1630 988/2687/323
f 309/2688/1635 279/378/365 40/179/363
f 309/2688/1635 2351/2683/1633 2350/2681/1631
f 2350/2681/1631 280/371/357 279/378/365
f 987/2689/326 311/2690/1636 39/127/325
f 988/2687/323 2352/2684/1634 987/2689/326
f 2352/2684/1634 310/2691/1637 311/2690/1636
f 2356/2692/1638 2360/2693/1639 2355/2694/1640
f 2357/2695/1641 2354/2696/1642 2356/2692/1638
f 2359/2697/1643 2354/2696/1642 2358/2698/1644
f 3069/2699/1645 992/2700/340 9/351/338
f 3068/2701/1646 2355/2694/1640 3069/2699/1645
f 2355/2694/1640 991/2702/345 992/2700/340
f 3039/304/291 2357/2695/1641 3067/2703/1647
f 236/305/292 2358/2698/1644 2357/2695/1641
f 3067/2703/1647 2356/2692/1638 3068/2704/1646
f 3148/95/288 2359/2697/1643 234/2705/290
f 990/2706/343 2360/2693/1639 2359/2697/1643
f 234/2705/290 2358/2698/1644 235/307/294
f 2363/2707/1648 2367/2708/1649 2362/2709/1650
f 2364/2710/1651 2361/2711/1652 2363/2707/1648
f 2366/2712/1653 2361/2711/1652 2365/2713/1654
f 3052/2714/1655 995/370/356 3051/335/322
f 3053/2715/1656 2362/2709/1650 3052/2714/1655
f 2362/2709/1650 994/2716/362 995/370/356
f 3055/406/391 2364/2710/1651 3054/2717/1657
f 283/409/394 2364/2710/1651 284/407/392
f 3054/2717/1657 2363/2707/1648 3053/2715/1656
f 41/374/360 2366/2712/1653 282/2718/399
f 993/2719/359 2367/2708/1649 2366/2712/1653
f 282/2718/399 2365/2713/1654 283/409/394
f 2369/2720/1658 2368/2721/1659 2374/2722/1660
f 2371/2723/1661 2368/2721/1659 2370/2724/1662
f 2374/2722/1660 2372/2725/1663 2373/2726/1664
f 3030/389/375 2369/2720/1658 998/2727/373
f 287/2728/408 2370/2724/1662 2369/2720/1658
f 998/2727/373 2374/2722/1660 997/2729/376
f 318/2730/1665 285/431/417 42/219/415
f 318/2730/1665 2372/2725/1663 2371/2723/1661
f 2371/2723/1661 286/2731/410 285/431/417
f 996/2732/378 320/2733/1666 43/199/191
f 997/2729/376 2373/2726/1664 996/2732/378
f 2373/2726/1664 319/2588/1667 320/2733/1666
f 2377/2734/1668 2381/2735/1669 2376/2736/1670
f 2379/2737/1671 2377/2734/1668 2378/2738/1672
f 2380/2739/1673 2375/2740/1674 2379/2737/1671
f 168/1844/1675 1001/408/393 3055/406/391
f 169/1846/1676 2376/2736/1670 168/1844/1675
f 2376/2736/1670 1000/2741/398 1001/408/393
f 221/239/228 170/1842/1677 14/240/229
f 220/241/230 2378/2738/1672 221/239/228
f 2378/2738/1672 169/1846/1676 170/1842/1677
f 3134/247/236 2380/2739/1673 219/2742/238
f 999/411/396 2381/2735/1669 2380/2739/1673
f 219/2742/238 2379/2737/1671 220/241/230
f 2384/2743/1678 2388/2744/1679 2383/2745/1680
f 2385/2746/1681 2382/2747/1682 2384/2743/1678
f 2387/2748/1683 2382/2747/1682 2386/2749/1684
f 150/569/1685 1004/2750/409 3030/389/375
f 151/571/1686 2383/2745/1680 150/569/1685
f 2383/2745/1680 1003/2751/414 1004/2750/409
f 8/258/246 2385/2746/1681 152/567/1687
f 226/261/249 2385/2746/1681 227/2752/247
f 152/567/1687 2384/2743/1678 151/2753/1686
f 3139/48/255 2387/2748/1683 225/268/257
f 1002/2754/412 2388/2744/1679 2387/2748/1683
f 225/268/257 2386/2749/1684 226/2755/249
f 2390/2756/1688 2389/2757/1689 2395/2758/1690
f 2393/2759/1691 2391/2760/1692 2392/2761/1693
f 2394/2762/1694 2389/2757/1689 2393/2759/1691
f 3179/2763/1695 1007/2764/425 3070/208/200
f 3179/2763/1695 2391/2760/1692 2390/2756/1688
f 2390/2756/1688 1006/2765/427 1007/2764/425
f 3023/2766/1696 3177/2767/1697 3013/815/1698
f 3024/2768/1699 2392/2761/1693 3023/2766/1696
f 2392/2761/1693 3178/2769/1700 3177/2767/1697
f 1005/2770/426 3025/2771/1701 3026/397/382
f 1006/445/427 2394/2762/1694 1005/2770/426
f 3025/2771/1701 2393/2759/1691 3024/2768/1699
f 2398/2772/1702 2402/2773/1703 2397/2774/1704
f 2399/2775/1705 2396/2776/1706 2398/2772/1702
f 2401/2777/1707 2396/2776/1706 2400/2778/1708
f 293/2779/1709 1010/458/437 32/247/435
f 292/2780/1710 2397/2774/1704 293/2779/1709
f 2397/2774/1704 1009/464/443 1010/458/437
f 31/244/473 2399/2775/1705 291/2781/1711
f 332/2782/474 2400/2778/1708 2399/2775/1705
f 291/2781/1711 2398/2772/1702 292/2780/1710
f 3180/462/441 2401/2777/1707 330/501/482
f 1008/461/440 2402/2773/1703 2401/2777/1707
f 330/501/482 2400/2778/1708 331/2783/476
s 3
f 2404/2784/1712 2403/2785/1713 2409/2786/1714
f 2406/2787/1715 2403/2785/1713 2405/2788/1716
f 2409/2786/1714 2407/2789/1717 2408/2790/1718
f 44/462/456 2404/2784/1712 1013/2791/454
f 335/2792/499 2405/2788/1716 2404/2784/1712
f 1013/2791/454 2409/2786/1714 1012/2793/457
f 351/2467/1719 333/2794/497 45/68/495
f 352/2795/1720 2406/2787/1715 351/2467/1719
f 2406/2787/1715 334/2796/500 333/2794/497
f 1011/2797/460 353/2798/1721 49/29/459
f 1012/479/457 2408/2790/1718 1011/2797/460
f 2408/2790/1718 352/2799/1720 353/2798/1721
s 2
f 2412/2800/1722 2416/2801/1723 2411/2802/1724
f 2413/2803/1725 2410/2804/1726 2412/2800/1722
f 2415/2805/1727 2410/2804/1726 2414/2806/1728
f 299/2807/1729 1016/495/475 31/244/473
f 298/2808/1730 2411/2802/1724 299/2807/1729
f 2411/2802/1724 1015/500/481 1016/495/475
f 35/283/540 2413/2803/1725 297/2809/1731
f 337/686/543 2413/2803/1725 338/2810/541
f 297/2809/1731 2412/2800/1722 298/288/1730
f 46/108/479 2415/2805/1727 336/2811/549
f 1014/2812/478 2416/2801/1723 2415/2805/1727
f 336/2811/549 2414/2806/1728 337/2813/543
s 3
f 2418/2814/1732 2417/2815/1733 2423/2816/1734
f 2420/2817/1735 2417/2815/1733 2419/2818/1736
f 2423/2816/1734 2421/2819/1737 2422/2820/1738
f 3114/108/103 2418/2814/1732 1019/2821/491
f 341/2822/102 2419/2818/1736 2418/2814/1732
f 1019/2821/491 2423/2816/1734 1018/514/493
f 357/2823/1739 339/2824/112 47/2825/110
f 357/2823/1739 2421/2819/1737 2420/2817/1735
f 2420/2817/1735 340/110/105 339/2824/112
f 1017/516/496 359/2826/1740 45/68/495
f 1018/514/493 2422/2820/1738 1017/516/496
f 2422/2820/1738 358/2827/1741 359/2826/1740
s 2
f 2426/2828/515 2430/2829/515 2425/2830/515
f 2427/2831/515 2424/2832/515 2426/2828/515
f 2429/2833/515 2424/2832/515 2428/2834/515
f 146/2771/515 1022/2835/515 6/397/515
f 145/2768/515 2425/2830/515 146/2771/515
f 2425/2830/515 1021/2836/515 1022/2835/515
f 3012/2837/515 2427/2831/515 144/2766/515
f 3015/2838/515 2428/2834/515 2427/2831/515
f 144/2766/515 2426/2828/515 145/2768/515
f 3005/598/515 2429/2833/515 3017/2839/515
f 1020/2840/515 2430/2829/515 2429/2833/515
f 3017/2839/515 2428/2834/515 3016/2841/515
f 2433/2842/515 2437/2843/515 2432/2844/515
f 2434/2845/515 2431/2846/515 2433/2842/515
f 2437/2843/515 2435/2847/515 2436/2848/515
f 386/612/515 1025/2849/515 3021/613/515
f 385/610/515 2432/2844/515 386/612/515
f 1025/2849/515 2437/2843/515 1024/653/515
f 17/304/515 2434/2845/515 384/609/515
f 177/2703/515 2435/2847/515 2434/2845/515
f 384/609/515 2433/2842/515 385/610/515
f 1023/655/515 179/2699/515 3038/351/515
f 1024/653/515 2436/2848/515 1023/655/515
f 2436/2848/515 178/2701/515 179/2699/515
f 2440/2850/1742 2444/2851/1743 2439/2852/1744
f 2441/2853/1745 2438/2854/1746 2440/2850/1742
f 2443/2855/1747 2438/2854/1746 2442/2856/1748
f 323/415/1749 1028/2857/525 3163/374/523
f 322/2858/1750 2439/2852/1744 323/415/1749
f 2439/2852/1744 1027/2859/530 1028/2857/525
f 32/247/435 2441/2853/1745 321/2860/1751
f 343/468/438 2441/2853/1745 344/2861/436
f 321/2860/1751 2440/2850/1742 322/2862/1750
f 3184/467/446 2443/2855/1747 342/2863/444
f 1026/671/528 2444/2851/1743 2443/2855/1747
f 342/2863/444 2442/2856/1748 343/2864/438
f 2447/2865/1752 2451/2866/1753 2446/2867/1754
f 2448/2868/1755 2445/2869/1756 2447/2865/1752
f 2450/2870/1757 2445/2869/1756 2449/2871/1758
f 305/2872/1759 1031/685/542 35/283/540
f 304/2873/1760 2446/2867/1754 305/2872/1759
f 2446/2867/1754 1030/690/548 1031/685/542
f 237/2874/1761 303/2875/1762 38/795/1763
f 238/799/1764 2448/2868/1755 237/2874/1761
f 303/2875/1762 2447/2865/1752 304/2873/1760
f 29/10/546 2450/2870/1757 239/2876/1765
f 1029/2877/545 2451/2866/1753 2450/2870/1757
f 239/2876/1765 2449/2871/1758 238/806/1764
s 4
f 2454/2878/1766 2458/2879/1767 2453/2880/1768
f 2456/2881/1769 2454/2878/1766 2455/2882/1770
f 2457/2883/1771 2452/2884/1772 2456/2881/1769
f 201/533/1773 1034/703/560 3101/185/558
f 201/533/1773 2454/2878/1766 2453/2880/1768
f 2453/2880/1768 1033/2885/566 1034/703/560
f 456/2886/599 203/530/1774 26/38/598
f 457/760/601 2455/2882/1770 456/2886/599
f 2455/2882/1770 202/2887/1775 203/530/1774
f 3270/707/564 2457/2883/1771 458/767/608
f 1032/706/563 2458/2879/1767 2457/2883/1771
f 458/767/608 2456/2881/1769 457/760/601
f 2460/2888/1776 2459/2889/1777 2465/2890/1778
f 2462/2891/1779 2459/2889/1777 2461/2892/1780
f 2465/2890/1778 2463/2893/1781 2464/2894/1782
f 21/54/579 2460/2888/1776 1037/2895/577
f 462/2896/782 2461/2892/1780 2460/2888/1776
f 1037/2895/577 2465/2890/1778 1036/2897/580
f 59/2898/789 2462/2891/1779 464/2899/791
f 419/1173/1783 2463/2893/1781 2462/2891/1779
f 464/2899/791 2461/2892/1780 463/2900/784
f 1035/727/583 417/1182/1784 58/726/582
f 1036/2901/580 2464/2894/1782 1035/727/583
f 2464/2894/1782 418/1175/1785 417/1182/1784
s 5
f 2468/2902/589 2472/2903/590 2467/2904/590
f 2469/2905/590 2466/2906/590 2468/2902/589
f 2471/2907/590 2466/2906/590 2470/2908/589
f 137/600/590 1040/2909/589 3011/548/590
f 136/601/589 2467/2904/590 137/600/590
f 2467/2904/590 1039/2910/589 1040/2909/589
f 2/2911/590 2469/2905/590 135/596/589
f 468/2912/590 2470/2908/589 2469/2905/590
f 135/596/589 2468/2902/589 136/601/589
f 3215/745/589 2471/2907/590 470/2913/590
f 1038/2914/590 2472/2903/590 2471/2907/590
f 470/2913/590 2470/2908/589 469/2915/590
s 4
f 2475/2916/1786 2479/2917/1787 2474/2918/1788
f 2476/2919/1789 2473/2920/1790 2475/2916/1786
f 2478/2921/1791 2473/2920/1790 2477/2922/1792
f 204/2923/1793 1043/759/600 26/38/598
f 205/2924/1794 2474/2918/1788 204/2923/1793
f 2474/2918/1788 1042/2925/606 1043/759/600
f 27/35/692 2476/2919/1789 206/2926/1795
f 474/2927/693 2477/2922/1792 2476/2919/1789
f 206/2926/1795 2475/2916/1786 205/36/1794
f 3274/763/604 2478/2921/1791 476/2928/702
f 1041/2929/603 2479/2917/1787 2478/2921/1791
f 476/2928/702 2477/2922/1792 475/2930/695
f 2482/2931/1796 2486/2932/1797 2481/2933/1798
f 2483/2934/1799 2480/2935/1800 2482/2931/1796
f 2485/2936/1801 2480/2935/1800 2484/2937/1802
f 189/2938/1803 1046/777/618 30/91/616
f 190/2517/1804 2481/2933/1798 189/2938/1803
f 2481/2933/1798 1045/2939/624 1046/777/618
f 477/2940/711 191/2511/1805 22/130/710
f 478/2941/713 2483/2934/1799 477/2940/711
f 191/2511/1805 2482/2931/1796 190/2942/1804
f 3254/781/622 2485/2936/1801 479/2943/720
f 1044/2944/621 2486/2932/1797 2485/2936/1801
f 479/2943/720 2484/2937/1802 478/2945/713
f 2488/2946/1806 2487/2947/1807 2493/2948/1808
f 2490/2949/1809 2487/2947/1807 2489/2950/1810
f 2493/2948/1808 2491/2951/1811 2492/2952/1812
f 3124/795/635 2488/2946/1806 1049/2953/638
f 486/2954/1813 2489/2950/1810 2488/2946/1806
f 1049/2953/638 2493/2948/1808 1048/2955/637
f 3284/2956/1814 488/2957/1815 3282/1037/1816
f 3284/2956/1814 2491/2951/1811 2490/2949/1809
f 2490/2949/1809 487/1044/1817 488/2957/1815
f 1047/801/641 3286/2958/1818 3287/800/640
f 1048/803/637 2492/2952/1812 1047/801/641
f 2492/2952/1812 3285/2959/1819 3286/2958/1818
f 2496/2960/1820 2500/2961/1821 2495/2962/1822
f 2497/2963/1823 2494/2964/1824 2496/2960/1820
f 2499/2965/1825 2494/2964/1824 2498/2966/1826
f 327/2967/1827 1052/2968/656 3014/815/654
f 328/2969/1828 2495/2962/1822 327/2967/1827
f 2495/2962/1822 1051/2970/662 1052/2968/656
f 492/938/765 329/2971/1829 18/208/764
f 493/940/767 2497/2963/1823 492/938/765
f 329/2971/1829 2496/2960/1820 328/2769/1828
f 3237/821/660 2499/2965/1825 494/2972/774
f 1050/2973/659 2500/2961/1821 2499/2965/1825
f 494/2972/774 2498/2966/1826 493/2974/767
s 6
f 2503/2975/1830 2507/2976/1831 2502/2977/1832
f 2504/2978/1833 2501/2979/1834 2503/2975/1830
f 2507/2976/1831 2505/2980/1835 2506/2981/1836
f 140/2839/1837 1055/2982/675 3006/598/673
f 139/2841/1838 2502/2977/1832 140/2839/1837
f 2502/2977/1832 1054/2983/681 1055/2982/675
f 5/2837/1839 2504/2978/1833 138/2838/1840
f 497/2984/1841 2505/2980/1835 2504/2978/1833
f 138/2838/1840 2503/2975/1830 139/2985/1838
f 1053/2986/678 495/2987/1842 3224/840/679
f 1053/2986/678 2507/2976/1831 2506/2981/1836
f 2506/2981/1836 496/2988/1843 495/2987/1842
s 4
f 2510/2989/1844 2514/2990/1845 2509/2991/1846
f 2511/2992/1847 2508/2993/1848 2510/2989/1844
f 2513/2994/1849 2508/2993/1848 2512/2995/1850
f 207/2996/1851 1058/2997/694 27/35/692
f 208/2998/1852 2509/2991/1846 207/2996/1851
f 2509/2991/1846 1057/2999/700 1058/2997/694
f 28/15/736 2511/2992/1847 209/3000/1853
f 498/3001/735 2512/2995/1850 2511/2992/1847
f 209/3000/1853 2510/2989/1844 208/3002/1852
f 3278/859/698 2513/2994/1849 500/3003/733
f 1056/858/697 2514/2990/1845 2513/2994/1849
f 500/3003/733 2512/2995/1850 499/3004/737
f 2517/3005/1854 2521/3006/1855 2516/3007/1856
f 2518/3008/1857 2515/3009/1858 2517/3005/1854
f 2520/3010/1859 2515/3009/1858 2519/3011/1860
f 192/3012/1861 1061/3013/712 22/130/710
f 193/3014/1862 2516/3007/1856 192/3012/1861
f 2516/3007/1856 1060/878/718 1061/3013/712
f 501/3015/747 194/2527/1863 23/151/746
f 502/3016/749 2518/3008/1857 501/3015/747
f 194/2527/1863 2517/3005/1854 193/3014/1862
f 3258/876/716 2520/3010/1859 503/3017/756
f 1059/3018/715 2521/3006/1855 2520/3010/1859
f 503/3017/756 2519/3011/1860 502/3019/749
f 2523/3020/1864 2522/3021/1865 2528/3022/1866
f 2525/3023/1867 2522/3021/1865 2524/3024/1868
f 2528/3022/1866 2526/3025/1869 2527/3026/1870
f 3119/10/645 2523/3020/1864 1064/3027/728
f 491/3028/644 2524/3024/1868 2523/3020/1864
f 1064/3027/728 2528/3022/1866 1063/894/730
f 3287/800/640 2525/3023/1867 489/802/642
f 3293/3029/1871 2526/3025/1869 2525/3023/1867
f 2525/3023/1867 490/3030/646 489/802/642
f 1062/3031/732 3291/3032/1872 3278/859/698
f 1063/3033/730 2527/3026/1870 1062/3031/732
f 2527/3026/1870 3292/3034/1873 3291/3032/1872
s 7
f 2530/3035/738 2529/3036/738 2535/3037/738
f 2532/3038/738 2529/3036/738 2531/3039/738
f 2535/3037/738 2533/3040/738 2534/3041/738
f 3/548/738 2530/3035/738 1067/3042/738
f 473/3043/738 2531/3039/738 2530/3035/738
f 1067/3042/738 2535/3037/738 1066/3044/738
f 53/3045/738 2532/3038/738 471/3046/738
f 405/1206/738 2533/3040/738 2532/3038/738
f 471/3046/738 2531/3039/738 472/3047/738
f 1065/908/738 407/1216/738 3214/907/738
f 1066/3048/738 2534/3041/738 1065/908/738
f 2534/3041/738 406/1209/738 407/1216/738
s 4
f 2538/3049/1874 2542/3050/1875 2537/3051/1876
f 2539/3052/1877 2536/3053/1878 2538/3049/1874
f 2541/3054/1879 2536/3053/1878 2540/3055/1880
f 195/3056/1881 1070/922/748 23/151/746
f 196/3057/1882 2537/3051/1876 195/3056/1881
f 2537/3051/1876 1069/3058/754 1070/922/748
f 24/148/807 2539/3052/1877 197/3059/1883
f 504/979/806 2540/3055/1880 2539/3052/1877
f 197/3059/1883 2538/3049/1874 196/3060/1882
f 3262/926/752 2541/3054/1879 506/3061/804
f 1068/3062/751 2542/3050/1875 2541/3054/1879
f 506/3061/804 2540/3055/1880 505/980/808
f 2545/3063/1884 2549/3064/1885 2544/3065/1886
f 2546/3066/1887 2543/3067/1888 2545/3063/1884
f 2548/3068/1889 2543/3067/1888 2547/3069/1890
f 180/3070/1891 1073/939/766 18/208/764
f 181/3071/1892 2544/3065/1886 180/3070/1891
f 2544/3065/1886 1072/3072/772 1073/939/766
f 19/205/824 2546/3066/1887 182/3073/1893
f 507/995/823 2547/3069/1890 2546/3066/1887
f 182/3073/1893 2545/3063/1884 181/3071/1892
f 3241/943/770 2548/3068/1889 509/3074/821
f 1071/3075/769 2549/3064/1885 2548/3068/1889
f 509/3074/821 2547/3069/1890 508/3076/825
f 2552/3077/1894 2556/3078/1895 2551/3079/1896
f 2553/3080/1897 2550/3081/1898 2552/3077/1894
f 2555/3082/1899 2550/3081/1898 2554/3083/1900
f 215/3084/1901 1076/3085/783 21/54/579
f 214/2563/1902 2551/3079/1896 215/3084/1901
f 2551/3079/1896 1075/3086/788 1076/3085/783
f 482/776/617 213/3087/1903 30/91/616
f 481/786/619 2553/3080/1897 482/776/617
f 213/3087/1903 2552/3077/1894 214/3088/1902
f 3250/784/625 2555/3082/1899 480/3089/627
f 1074/3090/786 2556/3078/1895 2555/3082/1899
f 480/3089/627 2554/3083/1900 481/786/619
f 2558/3091/1904 2557/3092/1905 2563/3093/1906
f 2560/3094/1907 2557/3092/1905 2559/3095/1908
f 2563/3093/1906 2561/3096/1909 2562/3097/1910
f 3101/185/558 2558/3091/1904 1079/3098/799
f 461/3099/559 2559/3095/1908 2558/3091/1904
f 1079/3098/799 2563/3093/1906 1078/974/801
f 63/3100/569 2560/3094/1907 459/3101/567
f 431/1922/1911 2561/3096/1909 2560/3094/1907
f 459/3101/567 2559/3095/1908 460/3102/561
f 1077/3103/803 429/1930/1912 3262/926/752
f 1078/3104/801 2562/3097/1910 1077/3103/803
f 2562/3097/1910 430/1925/1913 429/1930/1912
f 2565/3105/1914 2564/3106/1915 2570/3107/1916
f 2567/3108/1917 2564/3106/1915 2566/3109/1918
f 2570/3107/1916 2568/3110/1919 2569/3111/1920
f 20/59/587 2565/3105/1914 1082/3112/816
f 467/3113/586 2566/3109/1918 2565/3105/1914
f 1082/3112/816 2570/3107/1916 1081/3114/818
f 58/726/582 2567/3108/1917 465/3115/584
f 416/1940/1921 2568/3110/1919 2567/3108/1917
f 2567/3108/1917 466/732/588 465/3115/584
f 1080/3116/820 414/1947/1922 3241/943/770
f 1081/3117/818 2569/3111/1920 1080/3116/820
f 2569/3111/1920 415/1942/1923 414/1947/1922
s 2
f 2573/3118/1924 2577/3119/1925 2572/3120/1926
f 2574/3121/1927 2571/3122/1928 2573/3118/1924
f 2576/3123/1929 2571/3122/1928 2575/3124/1930
f 371/1795/1304 1085/3125/835 16/1004/833
f 370/1793/1303 2572/3120/1926 371/1795/1304
f 2572/3120/1926 1084/3126/841 1085/3125/835
f 515/1033/1931 369/1790/1301 3303/1792/1302
f 514/1036/1932 2574/3121/1927 515/1033/1931
f 369/1790/1301 2573/3118/1924 370/1793/1303
f 3125/795/839 2576/3123/1929 513/1041/1933
f 1083/1009/838 2577/3119/1925 2576/3123/1929
f 513/1041/1933 2575/3124/1930 514/1043/1932
s 8
f 2579/3127/1934 2578/3128/1935 2584/3129/1936
f 2581/3130/1937 2578/3128/1935 2580/3131/1938
f 2584/3129/1936 2582/3132/1939 2583/3133/1940
f 4/1034/867 2579/3127/1934 1088/3134/865
f 483/3135/1941 2580/3131/1938 2579/3127/1934
f 1088/3134/865 2584/3129/1936 1087/3136/868
f 518/1134/1942 485/3137/1943 54/3138/1944
f 518/1134/1942 2582/3132/1939 2581/3130/1937
f 2581/3130/1937 484/3139/1945 485/3137/1943
f 1086/3140/871 516/1144/1946 3283/1037/870
f 1087/3141/868 2583/3133/1940 1086/3140/871
f 2583/3133/1940 517/3142/1947 516/1144/1946
s 9
f 2586/3143/1948 2585/3144/1949 2591/3145/1950
f 2588/3146/1951 2585/3144/1949 2587/3147/1952
f 2591/3145/1950 2589/3148/1953 2590/3149/1954
f 66/859/886 2586/3143/1948 1091/3150/884
f 549/3151/1443 2587/3147/1952 2586/3143/1948
f 1091/3150/884 2591/3145/1950 1090/3152/887
f 81/2035/1450 2588/3146/1951 551/3153/1452
f 542/3154/1955 2589/3148/1953 2588/3146/1951
f 551/3153/1452 2587/3147/1952 550/3155/1445
f 1089/3156/890 540/3157/1956 80/1054/889
f 1090/3152/887 2590/3149/1954 1089/3156/890
f 2590/3149/1954 541/3158/1957 540/3157/1956
f 2593/3159/1958 2592/3160/1959 2598/3161/1960
f 2595/3162/1961 2592/3160/1959 2594/3163/1962
f 2598/3161/1960 2596/3164/1963 2597/3165/1964
f 61/876/905 2593/3159/1958 1094/3166/903
f 555/3167/955 2594/3163/1962 2593/3159/1958
f 1094/3166/903 2598/3161/1960 1093/3168/906
f 78/1120/952 2595/3162/1961 557/1122/954
f 536/3169/1965 2596/3164/1963 2595/3162/1961
f 557/1122/954 2594/3163/1962 556/1125/957
f 1092/1070/909 534/3170/1966 77/1069/908
f 1093/1068/906 2597/3165/1964 1092/1070/909
f 2597/3165/1964 535/3171/1967 534/3170/1966
f 2600/3172/915 2599/3173/915 2605/3174/915
f 2602/3175/915 2599/3173/915 2601/3176/915
f 2605/3174/915 2603/3177/915 2604/3178/915
f 3207/1083/915 2600/3172/915 1097/1081/915
f 561/3179/915 2601/3176/915 2600/3172/915
f 1097/1081/915 2605/3174/915 1096/1084/915
f 70/3180/915 2602/3175/915 563/3181/915
f 527/3182/915 2603/3177/915 2602/3175/915
f 563/3181/915 2601/3176/915 562/3183/915
f 1095/3184/915 525/3185/915 73/1086/916
f 1096/1089/915 2604/3178/915 1095/3184/915
f 2604/3178/915 526/3186/915 525/3185/915
f 2607/3187/1968 2606/3188/1969 2612/3189/1970
f 2609/3190/1971 2606/3188/1969 2608/3191/1972
f 2612/3189/1970 2610/3192/1973 2611/3193/1974
f 68/784/930 2607/3187/1968 1100/1101/928
f 568/3194/1008 2607/3187/1968 567/3195/1010
f 1100/1101/928 2612/3189/1970 1099/3196/931
f 82/1192/1006 2609/3190/1971 569/3197/1009
f 3362/3198/1975 2610/3192/1973 2609/3190/1971
f 569/3197/1009 2608/3191/1972 568/3199/1008
f 1098/3200/934 3364/3201/1976 76/1103/933
f 1099/1102/931 2611/3193/1974 1098/3200/934
f 2611/3193/1974 3363/3202/1977 3364/3201/1976
f 2614/3203/1978 2613/3204/1979 2619/3205/1980
f 2616/3206/1981 2613/3204/1979 2615/3207/1982
f 2619/3205/1980 2617/3208/1983 2618/3209/1984
f 62/926/949 2614/3203/1978 1103/3210/947
f 573/3211/1361 2615/3207/1982 2614/3203/1978
f 1103/3210/947 2619/3205/1980 1102/3212/950
f 79/1926/1358 2616/3206/1981 575/3213/1360
f 539/3214/1985 2617/3208/1983 2616/3206/1981
f 575/3213/1360 2615/3207/1982 574/3215/1363
f 1101/3216/953 537/3217/1986 78/1120/952
f 1102/1123/950 2618/3209/1984 1101/3216/953
f 2618/3209/1984 538/3218/1987 537/3217/1986
f 2622/3219/1988 2626/3220/1989 2621/3221/1990
f 2623/3222/1991 2620/3223/1992 2622/3219/1988
f 2625/3224/1993 2620/3223/1992 2624/3225/1994
f 566/3226/919 1106/3227/965 3232/1135/918
f 565/3228/920 2621/3221/1990 566/3226/919
f 2621/3221/1990 1105/3229/972 1106/3227/965
f 73/3230/916 2623/3222/1991 564/3231/917
f 548/3232/1995 2624/3225/1994 2623/3222/1991
f 564/3231/917 2622/3219/1988 565/3233/920
f 1104/1138/969 546/3234/1996 83/1139/970
f 1104/1138/969 2626/3220/1989 2625/3224/1993
f 2625/3224/1993 547/3235/1997 546/3234/1996
s 10
f 2628/3236/976 2627/3237/976 2633/3238/976
f 2630/3239/976 2627/3237/976 2629/3240/976
f 2633/3238/976 2631/3241/976 2632/3242/976
f 3212/1155/976 2628/3236/976 1109/1153/976
f 579/3243/976 2629/3240/976 2628/3236/976
f 1109/1153/976 2633/3238/976 1108/1156/976
f 3328/3244/976 2630/3239/976 581/3245/976
f 3327/3246/976 2631/3241/976 2630/3239/976
f 581/3245/976 2629/3240/976 580/3247/976
f 1107/3248/976 3325/3249/976 3323/1158/976
f 1108/3250/976 2632/3242/976 1107/3248/976
f 2632/3242/976 3326/3251/976 3325/3249/976
s 9
f 2635/3252/1998 2634/3253/1999 2640/3254/2000
f 2637/3255/2001 2634/3253/1999 2636/3256/2002
f 2640/3254/2000 2638/3257/2003 2639/3258/2004
f 3249/1108/937 2635/3252/1998 1112/1172/984
f 571/3259/935 2635/3252/1998 572/3260/938
f 1112/1172/984 2640/3254/2000 1111/3261/986
f 76/1103/933 2637/3255/2001 570/3262/936
f 530/3263/2005 2638/3257/2003 2637/3255/2001
f 570/3262/936 2636/3256/2002 571/3264/935
f 1110/3265/989 528/3266/2006 75/1176/988
f 1111/3267/986 2639/3258/2004 1110/3265/989
f 2639/3258/2004 529/3268/2007 528/3266/2006
f 2642/3269/2008 2641/3270/2009 2647/3271/2010
f 2644/3272/2011 2641/3270/2009 2643/3273/2012
f 2647/3271/2010 2645/3274/2013 2646/3275/2014
f 60/781/911 2642/3269/2008 1115/3276/1002
f 559/3277/914 2642/3269/2008 560/3278/912
f 1115/3276/1002 2647/3271/2010 1114/3279/1004
f 77/1069/908 2644/3272/2011 558/3280/910
f 533/3281/2015 2645/3274/2013 2644/3272/2011
f 558/3280/910 2643/3273/2012 559/3282/914
f 1113/3283/1007 531/3284/2016 82/1192/1006
f 1114/1191/1004 2646/3275/2014 1113/3283/1007
f 2646/3275/2014 532/3285/2017 531/3284/2016
s 11
f 2649/3286/1012 2648/3287/1012 2654/3288/1012
f 2651/3289/1012 2648/3287/1012 2650/3290/1012
f 2654/3288/1012 2652/3291/1012 2653/3292/1012
f 3222/1207/1012 2649/3286/1012 1118/3293/1012
f 587/3294/1012 2650/3290/1012 2649/3286/1012
f 1118/3293/1012 2654/3288/1012 1117/3295/1012
f 72/3296/1012 2651/3289/1012 585/3297/1012
f 522/3298/1012 2652/3291/1012 2651/3289/1012
f 585/3297/1012 2650/3290/1012 586/3299/1012
f 1116/3300/1012 524/3301/1012 71/1210/1012
f 1117/1213/1012 2653/3292/1012 1116/3300/1012
f 2653/3292/1012 523/3302/1012 524/3301/1012
s 30
f 2852/3700/1305 2851/3701/1305 2857/3702/1305
f 2854/3703/1305 2851/3701/1305 2853/3704/1305
f 2857/3702/1305 2855/3705/1305 2856/3706/1305
f 1/613/1305 2852/3700/1305 1205/3707/1306
f 453/3708/1305 2853/3704/1305 2852/3700/1305
f 1205/3707/1306 2857/3702/1305 1204/1856/1306
f 51/3709/1306 2854/3703/1305 455/3710/1306
f 398/1154/1305 2855/3705/1305 2854/3703/1305
f 455/3710/1306 2853/3704/1305 454/3711/1305
f 1203/3712/1305 396/1163/1306 3208/1858/1305
f 1204/1861/1306 2856/3706/1305 1203/3712/1305
f 2856/3706/1305 397/1157/1305 396/1163/1306
s 31
f 2859/3713/1307 2858/3714/1307 2864/3715/1307
f 2861/3716/1307 2858/3714/1307 2860/3717/1308
f 2864/3715/1307 2862/3718/1307 2863/3719/1307
f 84/1787/1307 2859/3713/1307 1208/3720/1307
f 803/3721/1307 2860/3717/1308 2859/3713/1307
f 1208/3720/1307 2864/3715/1307 1207/3722/1307
f 50/3723/1307 2861/3716/1307 801/3724/1307
f 410/1082/1308 2862/3718/1307 2861/3716/1307
f 801/3724/1307 2860/3717/1308 802/3725/1307
f 1206/1876/1307 408/1092/1307 3233/1875/1307
f 1207/1878/1307 2863/3719/1307 1206/1876/1307
f 2863/3719/1307 409/3726/1307 408/1092/1307
s 9
f 2866/3727/2228 2865/3728/2229 2871/3729/2230
f 2868/3730/2231 2865/3728/2229 2867/3731/2232
f 2871/3729/2230 2869/3732/2233 2870/3733/2234
f 57/943/1318 2866/3727/2228 1211/3734/1316
f 828/3735/1378 2867/3731/2232 2866/3727/2228
f 1211/3734/1316 2871/3729/2230 1210/3736/1319
f 119/1943/1375 2868/3730/2231 830/3737/1377
f 779/3738/2235 2869/3732/2233 2868/3730/2231
f 830/3737/1377 2867/3731/2232 829/3739/1380
f 1209/3740/1322 777/3741/2236 118/1890/1321
f 1210/3742/1319 2870/3733/2234 1209/3740/1322
f 2870/3733/2234 778/3743/2237 777/3741/2236
f 2874/3744/2238 2878/3745/2239 2873/3746/2240
f 2875/3747/2241 2872/3748/2242 2874/3744/2238
f 2877/3749/2243 2872/3748/2242 2876/3750/2244
f 446/2958/2245 1214/1904/1335 67/800/1337
f 445/2959/2246 2873/3746/2240 446/2958/2245
f 2873/3746/2240 1213/3751/1342 1214/1904/1335
f 69/1037/973 2875/3747/2241 444/2956/2247
f 578/3752/974 2876/3750/2244 2875/3747/2241
f 444/2956/2247 2874/3744/2238 445/3753/2246
f 1212/1908/1340 576/1137/968 83/1139/970
f 1212/1908/1340 2878/3745/2239 2877/3749/2243
f 2877/3749/2243 577/3754/971 576/1137/968
f 2880/3755/2248 2879/3756/2249 2885/3757/2250
f 2882/3758/2251 2879/3756/2249 2881/3759/2252
f 2885/3757/2250 2883/3760/2253 2884/3761/2254
f 3266/1923/1355 2880/3755/2248 1217/3762/1353
f 837/3763/1408 2881/3759/2252 2880/3755/2248
f 1217/3762/1353 2885/3757/2250 1216/3764/1356
f 3591/3765/1417 2882/3758/2251 839/3766/1415
f 815/3767/2255 2883/3760/2253 2882/3758/2251
f 839/3766/1415 2881/3759/2252 838/3768/1410
f 1215/3769/1359 813/3770/2256 79/1926/1358
f 1216/1924/1356 2884/3761/2254 1215/3769/1359
f 2884/3761/2254 814/3771/2257 813/3770/2256
f 2887/3772/2258 2886/3773/2259 2892/3774/2260
f 2889/3775/2261 2886/3773/2259 2888/3776/2262
f 2892/3774/2260 2890/3777/2263 2891/3778/2264
f 3245/726/992 2887/3772/2258 1220/3779/1371
f 582/3780/993 2888/3776/2262 2887/3772/2258
f 1220/3779/1371 2892/3774/2260 1219/3781/1373
f 75/1176/988 2889/3775/2261 584/3782/991
f 812/3783/2265 2890/3777/2263 2889/3775/2261
f 584/3782/991 2888/3776/2262 583/3784/990
f 1218/3785/1376 810/3786/2266 119/1943/1375
f 1219/3781/1373 2891/3778/2264 1218/3785/1376
f 2891/3778/2264 811/3787/2267 810/3786/2266
s 32
f 2894/3788/1381 2893/3789/1381 2899/3790/1381
f 2896/3791/1381 2893/3789/1381 2895/3792/1381
f 2899/3790/1381 2897/3793/1381 2898/3794/1381
f 52/745/1381 2894/3788/1381 1223/1956/1381
f 840/3795/1381 2895/3792/1381 2894/3788/1381
f 1223/1956/1381 2899/3790/1381 1222/3796/1381
f 117/3797/1381 2896/3791/1381 842/3798/1381
f 804/3799/1381 2897/3793/1381 2896/3791/1381
f 842/3798/1381 2895/3792/1381 841/3800/1381
f 1221/3801/1381 806/3802/1381 3331/3803/1381
f 1222/3804/1381 2898/3794/1381 1221/3801/1381
f 2898/3794/1381 805/3805/1381 806/3802/1381
s 9
f 2902/3806/2268 2906/3807/2269 2901/3808/2270
f 2903/3809/2271 2900/3810/2272 2902/3806/2268
f 2905/3811/2273 2900/3810/2272 2904/3812/2274
f 447/825/2275 1226/3813/1391 55/1971/1389
f 448/827/2276 2901/3808/2270 447/825/2275
f 2901/3808/2270 1225/3814/1396 1226/3813/1391
f 56/3815/1324 2903/3809/2271 449/819/2277
f 833/3816/1325 2904/3812/2274 2903/3809/2271
f 449/819/2277 2902/3806/2268 448/822/2276
f 118/1890/1321 2905/3811/2273 831/1892/1323
f 1224/1976/1394 2906/3807/2269 2905/3811/2273
f 831/1892/1323 2904/3812/2274 832/3817/1327
f 2909/3818/2278 2913/3819/2279 2908/3820/2280
f 2910/3821/2281 2907/3822/2282 2909/3818/2278
f 2913/3819/2279 2911/3823/2283 2912/3824/2284
f 432/711/2285 1229/3825/1407 3266/1923/1355
f 433/714/2286 2908/3820/2280 432/711/2285
f 2908/3820/2280 1228/3826/1409 1229/3825/1407
f 64/707/1460 2910/3821/2281 434/705/2287
f 843/2045/1461 2911/3823/2283 2910/3821/2281
f 434/705/2287 2909/3818/2278 433/708/2286
f 1227/3827/1412 845/2053/1469 3595/1995/1413
f 1228/3828/1409 2912/3824/2284 1227/3827/1412
f 2912/3824/2284 844/3829/1463 845/2053/1469
f 2915/3830/2288 2914/3831/2289 2920/3832/2290
f 2917/3833/2291 2914/3831/2289 2916/3834/2292
f 2920/3832/2290 2918/3835/2293 2919/3836/2294
f 404/844/2295 1232/3837/1425 3217/2011/1427
f 403/841/2296 2915/3830/2288 404/844/2295
f 1232/3837/1425 2920/3832/2290 1231/3838/1428
f 590/3839/1390 402/838/2297 55/3840/1389
f 590/3839/1390 2918/3835/2293 2917/3833/2291
f 402/838/2297 2916/3834/2292 403/841/2296
f 1230/3841/1431 588/3842/1399 3612/2016/1397
f 1231/2012/1428 2919/3836/2294 1230/3841/1431
f 2919/3836/2294 589/3843/1392 588/3842/1399
f 2923/3844/2298 2927/3845/2299 2922/3846/2300
f 2924/3847/2301 2921/3848/2302 2923/3844/2298
f 2926/3849/2303 2921/3848/2302 2925/3850/2304
f 450/3032/2305 1235/3851/1444 66/859/886
f 451/3034/2306 2922/3846/2300 450/3032/2305
f 2922/3846/2300 1234/3852/1449 1235/3851/1444
f 67/800/1337 2924/3847/2301 452/3029/2307
f 836/1905/1336 2925/3850/2304 2924/3847/2301
f 452/3029/2307 2923/3844/2298 451/3034/2306
f 3628/1911/1343 2926/3849/2303 834/3853/1345
f 1233/3854/1447 2927/3845/2299 2926/3849/2303
f 2926/3849/2303 835/3855/1338 834/3853/1345
f 2930/3856/2308 2934/3857/2309 2929/3858/2310
f 2931/3859/2311 2928/3860/2312 2930/3856/2308
f 2933/3861/2313 2928/3860/2312 2932/3862/2314
f 435/766/2315 1238/3863/1462 64/707/1460
f 436/768/2316 2929/3858/2310 435/766/2315
f 2929/3858/2310 1237/3864/1467 1238/3863/1462
f 65/1057/892 2931/3859/2311 437/761/2317
f 554/3865/893 2932/3862/2314 2931/3859/2311
f 437/761/2317 2930/3856/2308 436/764/2316
f 80/1054/889 2933/3861/2313 552/1056/891
f 1236/3866/1465 2934/3857/2309 2933/3861/2313
f 552/1056/891 2932/3862/2314 553/1059/895
s 2
f 2936/3867/515 2935/3868/515 2941/3869/515
f 2938/3870/515 2935/3868/515 2937/3871/515
f 2941/3869/515 2939/3872/515 2940/3873/515
f 3597/3874/515 2936/3867/515 1241/3875/515
f 799/3876/515 2936/3867/515 798/3877/515
f 1241/3875/515 2941/3869/515 1240/3878/515
f 13/3879/515 2938/3870/515 800/3880/515
f 167/3881/515 2939/3872/515 2938/3870/515
f 800/3880/515 2937/3871/515 799/3876/515
f 1239/3882/515 165/3883/515 12/3884/515
f 1240/3885/515 2940/3873/515 1239/3882/515
f 2940/3873/515 166/3886/515 165/3883/515
s 33
f 2943/3887/1013 2942/3888/1013 2948/3889/1013
f 2945/3890/1013 2942/3888/1013 2944/3891/1013
f 2948/3889/1013 2946/3892/1013 2947/3893/1013
f 3607/3894/1013 2943/3887/1013 1244/3895/1013
f 809/3896/1013 2944/3891/1013 2943/3887/1013
f 1244/3895/1013 2948/3889/1013 1243/3897/1013
f 74/3898/1013 2945/3890/1013 807/3899/1013
f 822/3900/1013 2946/3892/1013 2945/3890/1013
f 807/3899/1013 2944/3891/1013 808/3901/1013
f 1242/3902/1013 824/3903/1013 3586/2190/1013
f 1243/3897/1013 2947/3893/1013 1242/3902/1013
f 2947/3893/1013 823/3904/1013 824/3903/1013
f 2951/3905/1013 2955/3906/1013 2950/3907/1013
f 2952/3908/1013 2949/3909/1013 2951/3905/1013
f 2955/3906/1013 2953/3910/1013 2954/3911/1013
f 545/3912/1013 1247/3913/1013 3343/2248/1013
f 544/3914/1013 2950/3907/1013 545/3912/1013
f 2950/3907/1013 1246/3915/1013 1247/3913/1013
f 3344/2282/1013 2952/3908/1013 543/3916/1013
f 878/3917/1013 2953/3910/1013 2952/3908/1013
f 543/3916/1013 2951/3905/1013 544/3914/1013
f 1245/3918/1013 876/3919/1013 3329/2263/1013
f 1245/3918/1013 2955/3906/1013 2954/3911/1013
f 2954/3911/1013 877/2278/1013 876/3919/1013
f 2958/3920/1013 2962/3921/1013 2957/3922/1013
f 2960/3923/1013 2958/3920/1013 2959/3924/1013
f 2961/3925/1013 2956/3926/1013 2960/3923/1013
f 519/3927/1013 1250/3928/1013 3324/2091/1013
f 520/3929/1013 2957/3922/1013 519/3927/1013
f 2957/3922/1013 1249/3930/1013 1250/3928/1013
f 887/3931/1013 521/3932/1013 3329/2263/1013
f 886/2315/1013 2959/3924/1013 887/3931/1013
f 2959/3924/1013 520/3933/1013 521/3932/1013
f 3356/2320/1013 2961/3925/1013 885/3934/1013
f 1248/3935/1013 2962/3921/1013 2961/3925/1013
f 885/3934/1013 2960/3923/1013 886/3936/1013
s 34
f 2964/3937/1013 2963/3938/1013 2969/3939/1013
f 2966/3940/1013 2963/3938/1013 2965/3941/1013
f 2969/3939/1013 2967/3942/1013 2968/3943/1013
f 127/2348/1013 2964/3937/1013 1253/3944/1013
f 900/3945/1013 2965/3941/1013 2964/3937/1013
f 1253/3944/1013 2969/3939/1013 1252/3946/1013
f 924/3947/1470 902/3948/1013 128/2433/1476
f 924/3947/1470 2967/3942/1013 2966/3940/1013
f 2966/3940/1013 901/3949/1013 902/3948/1013
f 1251/2352/1013 926/3950/1470 134/3951/1470
f 1252/3946/1013 2968/3943/1013 1251/2352/1013
f 2968/3943/1013 925/3952/1470 926/3950/1470
f 2972/3953/515 2976/3954/515 2971/3955/515
f 2973/3956/515 2970/3957/515 2972/3953/515
f 2975/3958/515 2970/3957/515 2974/3959/515
f 930/2415/1475 1256/3960/515 123/2366/1471
f 931/2412/1475 2971/3955/515 930/2415/1475
f 2971/3955/515 1255/3961/515 1256/3960/515
f 129/3962/1475 2973/3956/515 932/2409/1475
f 911/3963/515 2974/3959/515 2973/3956/515
f 932/2409/1475 2972/3953/515 931/2412/1475
f 131/3964/515 2975/3958/515 909/3965/515
f 1254/3966/515 2976/3954/515 2975/3958/515
f 909/3965/515 2974/3959/515 910/3967/515
f 2979/3968/515 2983/3969/515 2978/3970/515
f 2980/3971/515 2977/3972/515 2979/3968/515
f 2982/3973/515 2977/3972/515 2981/3974/515
f 935/3975/515 1259/3976/515 125/2385/515
f 934/3977/515 2978/3970/515 935/3975/515
f 2978/3970/515 1258/2393/515 1259/3976/515
f 131/3978/515 2980/3971/515 933/3979/515
f 906/3980/515 2981/3974/515 2980/3971/515
f 933/3979/515 2979/3968/515 934/3977/515
f 130/2391/1472 2982/3973/515 908/3981/515
f 1257/2390/515 2983/3969/515 2982/3973/515
f 908/3981/515 2981/3974/515 907/3982/515
f 2986/3983/915 2990/3984/915 2985/3985/915
f 2987/3986/915 2984/3987/915 2986/3983/915
f 2989/3988/915 2984/3987/915 2988/3989/915
f 939/2444/1477 1262/3990/915 126/2405/1474
f 940/2447/1477 2985/3985/915 939/2444/1477
f 2985/3985/915 1261/3991/915 1262/3990/915
f 132/2451/1477 2987/3986/915 941/2453/1477
f 915/3992/915 2988/3989/915 2987/3986/915
f 941/2453/1477 2986/3983/915 940/3993/1477
f 129/2411/1475 2989/3988/915 917/3994/915
f 1260/2410/915 2990/3984/915 2989/3988/915
f 917/3994/915 2988/3989/915 916/3995/915
f 2993/3996/1012 2997/3997/1012 2992/3998/1012
f 2994/3999/1012 2991/4000/1012 2993/3996/1012
f 2996/4001/1012 2991/4000/1012 2995/4002/1012
f 938/4003/1472 1265/4004/1012 124/4005/1473
f 937/4006/1472 2992/3998/1012 938/4003/1472
f 2992/3998/1012 1264/2432/1012 1265/4004/1012
f 130/4007/1472 2994/3999/1012 936/4008/1472
f 923/4009/1012 2995/4002/1012 2994/3999/1012
f 936/4008/1472 2993/3996/1012 937/4010/1472
f 134/4011/1470 2996/4001/1012 921/4012/1012
f 1263/2429/1012 2997/3997/1012 2996/4001/1012
f 921/4012/1012 2995/4002/1012 922/4013/1012
f 2999/4014/1013 2998/4015/1013 3004/4016/1013
f 3001/4017/1013 2998/4015/1013 3000/4018/1013
f 3004/4016/1013 3002/4019/1013 3003/4020/1013
f 126/2445/1474 2999/4014/1013 1268/2443/1013
f 896/4021/1013 3000/4018/1013 2999/4014/1013
f 1268/2443/1013 3004/4016/1013 1267/2446/1013
f 929/4022/1013 894/4023/1013 127/4024/1013
f 929/4022/1013 3002/4019/1013 3001/4017/1013
f 3001/4017/1013 895/4025/1013 894/4023/1013
f 1266/2448/1013 927/4026/1013 133/2355/1013
f 1267/2450/1013 3003/4020/1013 1266/2448/1013
f 3003/4020/1013 928/4027/1013 927/4026/1013
s 1
f 1271/1/1 1269/5/5 1275/2/2
f 1272/4/4 1273/7/7 1269/5/5
f 1274/6/6 1275/2/2 1269/5/5
f 3199/8/8 1270/3/3 3203/9/9
f 3198/11/11 1271/1/1 1270/3/3
f 1270/3/3 1275/2/2 3204/12/12
f 230/13/13 1272/4/4 3197/14/14
f 229/16/16 1273/7/7 1272/4/4
f 1272/4/4 1271/1/1 3198/17/11
f 3193/18/17 3205/20/19 1274/6/6
f 3205/20/19 3204/4028/12 1275/2/2
f 228/19/18 1274/6/6 1273/7/7
f 1277/22/20 1278/26/24 1276/23/21
f 1280/25/23 1276/23/21 1278/26/24
f 1281/28/26 1282/24/22 1276/23/21
f 3189/29/27 944/31/29 1277/22/20
f 944/31/29 943/4029/35 1278/26/24
f 258/30/28 1277/22/20 1282/24/22
f 3108/33/31 1279/27/25 942/34/32
f 3107/36/34 1280/25/23 1279/27/25
f 1279/27/25 1278/26/24 943/37/35
f 3105/38/36 260/40/38 1281/28/26
f 260/40/38 259/32/30 1282/24/22
f 3106/39/37 1281/28/26 1280/25/23
s 2
f 1284/41/39 1285/45/43 1283/42/40
f 1287/44/42 1283/42/40 1285/45/43
f 1288/47/45 1289/43/41 1283/42/40
f 34/48/46 947/50/48 1284/41/39
f 947/50/48 946/56/54 1285/45/43
f 264/49/47 1284/41/39 1289/43/41
f 3081/52/50 1286/46/44 945/53/51
f 3080/55/53 1287/44/42 1286/46/44
f 1286/46/44 1285/45/43 946/56/54
f 266/57/55 1288/47/45 3079/58/56
f 265/60/49 1289/43/41 1288/47/45
f 3079/58/56 1288/47/45 1287/44/42
s 1
f 1291/61/58 1292/65/62 1290/62/59
f 1294/64/61 1290/62/59 1292/65/62
f 1295/67/64 1296/63/60 1290/62/59
f 3185/68/65 950/70/67 1291/61/58
f 950/70/67 949/4030/72 1292/65/62
f 216/69/66 1291/61/58 1296/63/60
f 3112/72/69 1293/66/63 948/73/70
f 3111/74/71 1294/64/61 1293/66/63
f 1293/66/63 1292/65/62 949/75/72
f 3109/35/33 218/77/74 1295/67/64
f 218/77/74 217/4031/68 1296/63/60
f 3110/76/73 1295/67/64 1294/64/61
s 2
f 1299/79/75 1297/83/79 1303/80/76
f 1300/82/78 1301/85/81 1297/83/79
f 1302/84/80 1303/80/76 1297/83/79
f 953/86/82 1298/81/77 3145/87/83
f 952/89/85 1299/79/75 1298/81/77
f 1298/81/77 1303/80/76 3146/90/86
f 3083/91/87 275/93/89 1300/82/78
f 275/93/89 274/4032/93 1301/85/81
f 951/92/88 1300/82/78 1299/79/75
f 37/95/90 3147/97/92 1302/84/80
f 3147/97/92 3146/4033/86 1303/80/76
f 1302/84/80 1301/85/81 274/98/93
s 3
f 1305/99/94 1306/103/98 1304/100/95
f 1308/102/97 1304/100/95 1306/103/98
f 1309/105/100 1310/101/96 1304/100/95
f 3115/106/101 1305/99/94 341/107/102
f 3116/109/104 1306/103/98 1305/99/94
f 1305/99/94 1310/101/96 340/110/105
f 366/111/106 1307/104/99 3117/112/107
f 367/113/109 1308/102/97 1307/104/99
f 1307/104/99 1306/103/98 3116/114/104
f 47/115/110 339/116/112 1309/105/100
f 339/116/112 340/4034/105 1310/101/96
f 368/20/111 1309/105/100 1308/102/97
s 2
f 1313/118/113 1311/122/117 1317/119/114
f 1314/121/116 1315/124/119 1311/122/117
f 1316/123/118 1317/119/114 1311/122/117
f 956/125/120 1312/120/115 3153/126/121
f 955/128/123 1313/118/113 1312/120/115
f 1312/120/115 1317/119/114 3154/129/124
f 3087/130/125 233/132/127 1314/121/116
f 233/132/127 232/4035/130 1315/124/119
f 954/131/126 1314/121/116 1313/118/113
f 3144/88/84 3155/134/129 1316/123/118
f 3155/134/129 3154/2677/124 1317/119/114
f 1316/123/118 1315/124/119 232/135/130
f 1319/136/131 1320/140/135 1318/137/132
f 1322/139/134 1318/137/132 1320/140/135
f 1323/142/137 1324/138/133 1318/137/132
f 3152/127/122 959/144/139 1319/136/131
f 959/144/139 958/4036/145 1320/140/135
f 240/143/138 1319/136/131 1324/138/133
f 3094/146/141 1321/141/136 957/147/142
f 3093/149/144 1322/139/134 1321/141/136
f 1321/141/136 1320/140/135 958/150/145
f 3091/151/146 242/153/148 1323/142/137
f 242/153/148 241/4037/140 1324/138/133
f 3092/152/147 1323/142/137 1322/139/134
f 1327/155/149 1325/159/153 1331/156/150
f 1328/158/152 1329/161/155 1325/159/153
f 1330/160/154 1331/156/150 1325/159/153
f 962/162/156 1326/157/151 3160/163/157
f 961/164/158 1327/155/149 1326/157/151
f 1326/157/151 1331/156/150 3161/165/159
f 3082/54/52 224/167/161 1328/158/152
f 224/167/161 223/171/165 1329/161/155
f 960/166/160 1328/158/152 1327/155/149
f 3162/168/162 1330/160/154 222/169/163
f 3162/168/162 3161/165/159 1331/156/150
f 1330/160/154 1329/161/155 223/171/165
f 1333/172/166 1334/176/170 1332/173/167
f 1336/175/169 1332/173/167 1334/176/170
f 1337/178/172 1338/174/168 1332/173/167
f 3156/179/173 965/181/175 1333/172/166
f 965/181/175 964/2573/181 1334/176/170
f 243/180/174 1333/172/166 1338/174/168
f 3098/183/177 1335/177/171 963/184/178
f 3097/186/180 1336/175/169 1335/177/171
f 1335/177/171 1334/176/170 964/187/181
f 245/188/182 1337/178/172 3096/189/183
f 244/190/176 1338/174/168 1337/178/172
f 3096/189/183 1337/178/172 1336/175/169
f 1340/192/184 1341/196/188 1339/193/185
f 1343/195/187 1339/193/185 1341/196/188
f 1344/198/190 1345/194/186 1339/193/185
f 43/199/191 968/201/193 1340/192/184
f 968/201/193 967/2589/199 1341/196/188
f 288/200/192 1340/192/184 1345/194/186
f 3073/203/195 1342/197/189 966/204/196
f 3072/206/198 1343/195/187 1342/197/189
f 1342/197/189 1341/196/188 967/207/199
f 3070/208/200 290/210/202 1344/198/190
f 289/202/194 1345/194/186 1344/198/190
f 3071/209/201 1344/198/190 1343/195/187
f 1347/212/203 1348/216/207 1346/213/204
f 1350/215/206 1346/213/204 1348/216/207
f 1351/218/209 1352/214/205 1346/213/204
f 3167/219/210 971/221/212 1347/212/203
f 971/221/212 970/226/217 1348/216/207
f 249/220/211 1347/212/203 1352/214/205
f 3077/223/214 1349/217/208 969/224/215
f 3076/225/216 1350/215/206 1349/217/208
f 1349/217/208 1348/216/207 970/226/217
f 251/227/218 1351/218/209 3075/228/219
f 250/229/213 1352/214/205 1351/218/209
f 3075/228/219 1351/218/209 1350/215/206
f 1354/231/220 1355/235/224 1353/232/221
f 1357/234/223 1353/232/221 1355/235/224
f 1358/237/226 1359/233/222 1353/232/221
f 974/238/227 1354/231/220 221/239/228
f 974/238/227 973/4038/235 1355/235/224
f 1354/231/220 1359/233/222 220/241/230
f 3131/242/231 1356/236/225 972/243/232
f 3132/245/234 1357/234/223 1356/236/225
f 1356/236/225 1355/235/224 973/246/235
f 3134/247/236 219/249/238 1358/237/226
f 219/249/238 220/4039/230 1359/233/222
f 3133/248/237 1358/237/226 1357/234/223
f 1361/251/239 1362/255/243 1360/252/240
f 1364/254/242 1360/252/240 1362/255/243
f 1365/257/245 1366/253/241 1360/252/240
f 8/258/246 977/260/248 1361/251/239
f 977/260/248 976/4040/254 1362/255/243
f 227/259/247 1361/251/239 1366/253/241
f 3136/262/250 1363/256/244 975/263/251
f 3137/264/253 1364/254/242 1363/256/244
f 1363/256/244 1362/255/243 976/265/254
f 3139/48/255 225/268/257 1365/257/245
f 226/267/249 1366/253/241 1365/257/245
f 3138/266/256 1365/257/245 1364/254/242
f 1368/270/258 1369/274/262 1367/271/259
f 1371/273/261 1367/271/259 1369/274/262
f 1372/276/264 1373/272/260 1367/271/259
f 980/277/265 1368/270/258 257/278/266
f 980/277/265 979/4041/273 1369/274/262
f 1368/270/258 1373/272/260 256/280/268
f 3141/281/269 1370/275/263 978/282/270
f 3142/284/272 1371/273/261 1370/275/263
f 1370/275/263 1369/274/262 979/285/273
f 3130/244/233 255/287/275 1372/276/264
f 255/287/275 256/2623/268 1373/272/260
f 3143/286/274 1372/276/264 1371/273/261
f 1376/289/276 1374/293/280 1380/290/277
f 1377/292/279 1378/295/282 1374/293/280
f 1379/294/281 1380/290/277 1374/293/280
f 983/296/283 1375/291/278 3042/297/284
f 982/299/286 1376/289/276 1375/291/278
f 1375/291/278 1380/290/277 3041/300/287
f 3148/95/288 234/302/290 1377/292/279
f 234/302/290 235/4042/294 1378/295/282
f 981/301/289 1377/292/279 1376/289/276
f 3039/304/291 3040/306/293 1379/294/281
f 3040/306/293 3041/300/287 1380/290/277
f 236/305/292 1379/294/281 1378/295/282
f 1383/308/295 1381/312/299 1387/309/296
f 1384/311/298 1385/314/301 1381/312/299
f 1386/313/300 1387/309/296 1381/312/299
f 986/315/302 1382/310/297 3046/316/303
f 985/318/305 1383/308/295 1382/310/297
f 1382/310/297 1387/309/296 3045/319/306
f 36/88/307 270/321/309 1384/311/298
f 270/321/309 271/325/312 1385/314/301
f 984/320/308 1384/311/298 1383/308/295
f 3043/298/285 3044/324/311 1386/313/300
f 3044/324/311 3045/626/306 1387/309/296
f 272/323/310 1386/313/300 1385/314/301
f 1390/326/313 1388/330/317 1394/327/314
f 1391/329/316 1392/332/319 1388/330/317
f 1393/331/318 1394/327/314 1388/330/317
f 989/333/320 1389/328/315 3050/334/321
f 988/336/323 1390/326/313 1389/328/315
f 1389/328/315 1394/327/314 3049/337/324
f 39/127/325 276/339/327 1391/329/316
f 276/339/327 277/4043/330 1392/332/319
f 987/338/326 1391/329/316 1390/326/313
f 3047/317/304 3048/342/329 1393/331/318
f 3048/342/329 3049/337/324 1394/327/314
f 278/341/328 1393/331/318 1392/332/319
f 1396/344/331 1397/348/335 1395/345/332
f 1399/347/334 1395/345/332 1397/348/335
f 1400/350/337 1401/346/333 1395/345/332
f 9/351/338 992/353/340 1396/344/331
f 992/353/340 991/4044/345 1397/348/335
f 263/352/339 1396/344/331 1401/346/333
f 312/355/342 1398/349/336 990/356/343
f 313/357/344 1399/347/334 1398/349/336
f 1398/349/336 1397/348/335 991/358/345
f 261/359/346 1400/350/337 314/168/347
f 262/360/341 1401/346/333 1400/350/337
f 314/168/347 1400/350/337 1399/347/334
f 1403/362/348 1404/366/352 1402/363/349
f 1406/365/351 1402/363/349 1404/366/352
f 1407/368/354 1408/364/350 1402/363/349
f 3051/335/322 995/370/356 1403/362/348
f 995/370/356 994/2716/362 1404/366/352
f 1403/362/348 1408/364/350 280/371/357
f 3164/372/358 1405/367/353 993/373/359
f 3165/375/361 1406/365/351 1405/367/353
f 1405/367/353 1404/366/352 994/376/362
f 40/179/363 279/378/365 1407/368/354
f 279/378/365 280/4045/357 1408/364/350
f 3166/377/364 1407/368/354 1406/365/351
f 1411/380/366 1409/384/370 1415/381/367
f 1412/383/369 1413/386/372 1409/384/370
f 1414/385/371 1415/381/367 1409/384/370
f 998/387/373 1410/382/368 3029/388/374
f 997/390/376 1411/380/366 1410/382/368
f 1410/382/368 1415/381/367 3028/391/377
f 43/199/191 252/393/379 1412/383/369
f 252/393/379 253/398/383 1413/386/372
f 996/392/378 1412/383/369 1411/380/366
f 3027/395/380 1414/385/371 254/396/381
f 3027/395/380 3028/391/377 1415/381/367
f 1414/385/371 1413/386/372 253/398/383
f 1417/399/384 1418/403/388 1416/400/385
f 1420/402/387 1416/400/385 1418/403/388
f 1421/405/390 1422/401/386 1416/400/385
f 3055/406/391 1001/408/393 1417/399/384
f 1001/408/393 1000/4046/398 1418/403/388
f 284/407/392 1417/399/384 1422/401/386
f 3171/410/395 1419/404/389 999/411/396
f 3172/412/397 1420/402/387 1419/404/389
f 1419/404/389 1418/403/388 1000/413/398
f 282/414/399 1421/405/390 3173/415/400
f 283/409/394 1422/401/386 1421/405/390
f 3173/415/400 1421/405/390 1420/402/387
f 1424/416/401 1425/420/405 1423/417/402
f 1427/419/404 1423/417/402 1425/420/405
f 1428/422/407 1429/418/403 1423/417/402
f 3030/389/375 1004/424/409 1424/416/401
f 1004/424/409 1003/2751/414 1425/420/405
f 287/423/408 1424/416/401 1429/418/403
f 3174/426/411 1426/421/406 1002/427/412
f 3175/428/413 1427/419/404 1426/421/406
f 1426/421/406 1425/420/405 1003/429/414
f 42/219/415 285/431/417 1428/422/407
f 285/431/417 286/4047/410 1429/418/403
f 3176/430/416 1428/422/407 1427/419/404
f 1431/433/418 1432/437/422 1430/434/419
f 1433/436/421 1434/438/423 1430/434/419
f 1436/435/420 1430/434/419 1434/438/423
f 3070/208/200 1007/441/425 1431/433/418
f 1007/441/425 1006/2765/427 1432/437/422
f 290/440/202 1431/433/418 1436/435/420
f 3026/397/382 254/444/381 1433/436/421
f 254/444/381 253/4048/383 1434/438/423
f 1005/443/426 1433/436/421 1432/437/422
f 288/446/192 1435/439/424 252/447/379
f 289/448/194 1436/435/420 1435/439/424
f 1435/439/424 1434/438/423 253/449/383
f 1438/450/428 1439/454/432 1437/451/429
f 1441/453/431 1437/451/429 1439/454/432
f 1442/456/434 1443/452/430 1437/451/429
f 32/247/435 1010/458/437 1438/450/428
f 1010/458/437 1009/4049/443 1439/454/432
f 344/457/436 1438/450/428 1443/452/430
f 3181/460/439 1440/455/433 1008/461/440
f 3182/463/442 1441/453/431 1440/455/433
f 1440/455/433 1439/454/432 1009/464/443
f 342/465/444 1442/456/434 3183/466/445
f 343/468/438 1443/452/430 1442/456/434
f 3183/466/445 1442/456/434 1441/453/431
s 3
f 1446/470/447 1444/474/451 1450/471/448
f 1447/473/450 1448/476/453 1444/474/451
f 1449/475/452 1450/471/448 1444/474/451
f 1013/477/454 1445/472/449 348/478/455
f 1012/479/457 1446/470/447 1445/472/449
f 1445/472/449 1450/471/448 349/480/458
f 49/29/459 345/482/461 1447/473/450
f 345/482/461 346/4050/465 1448/476/453
f 1011/481/460 1447/473/450 1446/470/447
f 350/484/462 1449/475/452 347/485/463
f 350/484/462 349/4051/458 1450/471/448
f 1449/475/452 1448/476/453 346/486/465
s 2
f 1452/487/466 1453/491/470 1451/488/467
f 1455/490/469 1451/488/467 1453/491/470
f 1456/493/472 1457/489/468 1451/488/467
f 31/244/473 1016/495/475 1452/487/466
f 1016/495/475 1015/500/481 1453/491/470
f 332/494/474 1452/487/466 1457/489/468
f 3190/497/477 1454/492/471 1014/498/478
f 3191/499/480 1455/490/469 1454/492/471
f 1454/492/471 1453/491/470 1015/500/481
f 330/501/482 1456/493/472 3192/502/483
f 331/503/476 1457/489/468 1456/493/472
f 3192/502/483 1456/493/472 1455/490/469
s 3
f 1460/505/484 1458/509/488 1464/506/485
f 1461/508/487 1462/511/490 1458/509/488
f 1463/510/489 1464/506/485 1458/509/488
f 1019/512/491 1459/507/486 354/513/492
f 1018/514/493 1460/505/484 1459/507/486
f 1459/507/486 1464/506/485 355/515/494
f 45/68/495 333/517/497 1461/508/487
f 333/517/497 334/522/500 1462/511/490
f 1017/516/496 1461/508/487 1460/505/484
f 356/519/498 1463/510/489 335/520/499
f 355/521/494 1464/506/485 1463/510/489
f 1463/510/489 1462/511/490 334/522/500
s 1
f 1466/523/501 1467/527/505 1465/524/502
f 1469/526/504 1465/524/502 1467/527/505
f 1471/525/503 1465/524/502 1469/526/504
f 3105/38/36 3104/530/508 1466/523/501
f 3104/530/508 3103/2887/513 1467/527/505
f 260/40/38 1466/523/501 1471/525/503
f 3314/532/509 1468/528/506 3102/533/510
f 3315/534/512 1469/526/504 1468/528/506
f 1468/528/506 1467/527/505 3103/535/513
f 258/536/28 1470/529/507 3316/537/514
f 259/32/30 1471/525/503 1470/529/507
f 1470/529/507 1469/526/504 3315/538/512
s 2
f 1474/539/515 1472/543/515 1478/540/515
f 1475/542/515 1476/544/515 1472/543/515
f 1478/540/515 1472/543/515 1476/544/515
f 377/546/515 1473/541/515 374/547/515
f 376/549/515 1474/539/515 1473/541/515
f 374/547/515 1473/541/515 1478/540/515
f 7/551/515 149/388/515 1475/542/515
f 149/388/515 148/391/515 1476/544/515
f 375/552/515 1475/542/515 1474/539/515
f 372/554/515 1477/545/515 147/395/515
f 373/550/515 1478/540/515 1477/545/515
f 1477/545/515 1476/544/515 148/391/515
f 1480/555/515 1481/559/515 1479/556/515
f 1482/558/515 1483/560/515 1479/556/515
f 1485/557/515 1479/556/515 1483/560/515
f 3010/548/515 380/563/515 1480/555/515
f 379/562/515 1481/559/515 1480/555/515
f 377/546/515 1480/555/515 1485/557/515
f 3034/565/515 3033/567/515 1482/558/515
f 3033/567/515 3032/2753/515 1483/560/515
f 378/566/515 1482/558/515 1481/559/515
f 375/552/515 1484/561/515 3031/569/515
f 376/570/515 1485/557/515 1484/561/515
f 1484/561/515 1483/560/515 3032/571/515
f 1487/572/515 1488/576/515 1486/573/515
f 1490/575/515 1486/573/515 1488/576/515
f 1491/578/515 1492/574/515 1486/573/515
f 3010/548/515 383/579/515 1487/572/515
f 383/579/515 382/659/515 1488/576/515
f 1487/572/515 1492/574/515 379/568/515
f 3037/580/515 1489/577/515 381/581/515
f 3036/582/515 1490/575/515 1489/577/515
f 1489/577/515 1488/576/515 382/583/515
f 3034/565/515 378/585/515 1491/578/515
f 378/585/515 379/568/515 1492/574/515
f 3035/584/515 1491/578/515 1490/575/515
f 1494/587/515 1495/591/515 1493/588/515
f 1496/590/515 1497/592/515 1493/588/515
f 1499/589/515 1493/588/515 1497/592/515
f 6/397/515 1022/595/515 1494/587/515
f 1022/595/515 1021/599/515 1495/591/515
f 372/594/515 1494/587/515 1499/589/515
f 3007/596/515 1496/590/515 1020/597/515
f 3007/596/515 3008/601/515 1497/592/515
f 1496/590/515 1495/591/515 1021/599/515
f 374/547/515 1498/593/515 3009/600/515
f 373/550/515 1499/589/515 1498/593/515
f 1498/593/515 1497/592/515 3008/601/515
f 1502/602/515 1500/608/515 1506/603/515
f 1504/605/515 1500/608/515 1502/602/515
f 1505/607/515 1506/603/515 1500/608/515
f 384/609/515 1501/604/515 156/306/515
f 385/610/515 1502/602/515 1501/604/515
f 1501/604/515 1506/603/515 157/300/515
f 389/611/515 1503/606/515 386/612/515
f 388/614/515 1504/605/515 1503/606/515
f 386/612/515 1503/606/515 1502/602/515
f 10/615/515 158/297/515 1505/607/515
f 158/297/515 157/300/515 1506/603/515
f 387/616/515 1505/607/515 1504/605/515
f 1508/618/515 1509/622/515 1507/619/515
f 1510/621/515 1511/623/515 1507/619/515
f 1513/620/515 1507/619/515 1511/623/515
f 10/615/515 387/625/515 1508/618/515
f 387/625/515 388/614/515 1509/622/515
f 159/324/515 1508/618/515 1513/620/515
f 3021/613/515 395/627/515 1510/621/515
f 395/627/515 394/630/515 1511/623/515
f 1510/621/515 1509/622/515 388/614/515
f 161/316/515 1512/624/515 393/628/515
f 160/319/515 1513/620/515 1512/624/515
f 1512/624/515 1511/623/515 394/630/515
f 1516/631/515 1514/637/515 1520/632/515
f 1518/634/515 1514/637/515 1516/631/515
f 1519/636/515 1520/632/515 1514/637/515
f 390/638/515 1515/633/515 395/639/515
f 390/638/515 391/642/515 1516/631/515
f 1515/633/515 1520/632/515 394/630/515
f 164/334/515 1517/635/515 392/640/515
f 163/337/515 1518/634/515 1517/635/515
f 1517/635/515 1516/631/515 391/642/515
f 11/629/515 393/643/515 1519/636/515
f 393/643/515 394/630/515 1520/632/515
f 162/342/515 1519/636/515 1518/634/515
f 1523/644/515 1521/648/515 1527/645/515
f 1524/647/515 1525/649/515 1521/648/515
f 1527/645/515 1521/648/515 1525/649/515
f 1025/651/515 1522/646/515 3020/652/515
f 1024/653/515 1523/644/515 1522/646/515
f 1522/646/515 1527/645/515 3019/654/515
f 3038/351/515 381/656/515 1524/647/515
f 381/656/515 382/583/515 1525/649/515
f 1023/655/515 1524/647/515 1523/644/515
f 3018/657/515 1526/650/515 383/658/515
f 3019/654/515 1527/645/515 1526/650/515
f 1526/650/515 1525/649/515 382/659/515
f 1529/660/516 1530/664/520 1528/661/517
f 1532/663/519 1528/661/517 1530/664/520
f 1533/666/522 1534/662/518 1528/661/517
f 3163/374/523 1028/668/525 1529/660/516
f 1028/668/525 1027/673/530 1530/664/520
f 246/667/524 1529/660/516 1534/662/518
f 3200/670/527 1531/665/521 1026/671/528
f 3201/672/529 1532/663/519 1531/665/521
f 1531/665/521 1530/664/520 1027/673/530
f 3099/185/179 248/675/532 1533/666/522
f 248/675/532 247/4052/526 1534/662/518
f 3202/674/531 1533/666/522 1532/663/519
f 1536/677/533 1537/681/537 1535/678/534
f 1539/680/536 1535/678/534 1537/681/537
f 1540/683/539 1541/679/535 1535/678/534
f 35/283/540 1031/685/542 1536/677/533
f 1031/685/542 1030/4053/548 1537/681/537
f 338/684/541 1536/677/533 1541/679/535
f 212/687/544 1538/682/538 1029/688/545
f 211/689/547 1539/680/536 1538/682/538
f 1538/682/538 1537/681/537 1030/690/548
f 336/691/549 1540/683/539 210/692/550
f 337/693/543 1541/679/535 1540/683/539
f 210/692/550 1540/683/539 1539/680/536
s 4
f 1543/695/551 1544/699/555 1542/696/552
f 1546/698/554 1542/696/552 1544/699/555
f 1547/701/557 1548/697/553 1542/696/552
f 3101/185/558 1034/703/560 1543/695/551
f 1034/703/560 1033/4054/566 1544/699/555
f 461/702/559 1543/695/551 1548/697/553
f 3269/705/562 1545/700/556 1032/706/563
f 3268/708/565 1546/698/554 1545/700/556
f 1545/700/556 1544/699/555 1033/709/566
f 459/710/567 1547/701/557 3267/711/568
f 460/713/561 1548/697/553 1547/701/557
f 3267/711/568 1547/701/557 1546/698/554
f 1551/715/570 1549/719/574 1555/716/571
f 1552/718/573 1553/721/576 1549/719/574
f 1554/720/575 1555/716/571 1549/719/574
f 1037/722/577 1550/717/572 188/723/578
f 1036/724/580 1551/715/570 1550/717/572
f 1550/717/572 1555/716/571 187/725/581
f 58/726/582 465/728/584 1552/718/573
f 465/728/584 466/732/588 1553/721/576
f 1035/727/583 1552/718/573 1551/715/570
f 186/730/585 1554/720/575 467/731/586
f 186/730/585 187/55/581 1555/716/571
f 1554/720/575 1553/721/576 466/732/588
s 5
f 1557/733/589 1558/737/590 1556/734/590
f 1560/736/590 1556/734/590 1558/737/590
f 1561/739/590 1562/735/590 1556/734/590
f 3011/548/590 1040/741/589 1557/733/589
f 1040/741/589 1039/4055/589 1558/737/590
f 3302/740/590 1557/733/589 1562/735/590
f 3218/743/590 1559/738/590 1038/744/590
f 3219/746/590 1560/736/590 1559/738/590
f 1559/738/590 1558/737/590 1039/747/589
f 3221/748/590 3300/750/590 1561/739/590
f 3300/750/590 3301/742/590 1562/735/590
f 3220/749/590 1561/739/590 1560/736/590
s 4
f 1564/751/591 1565/755/595 1563/752/592
f 1567/754/594 1563/752/592 1565/755/595
f 1568/757/597 1569/753/593 1563/752/592
f 26/38/598 1043/759/600 1564/751/591
f 1043/759/600 1042/4056/606 1565/755/595
f 456/758/599 1564/751/591 1569/753/593
f 3273/761/602 1566/756/596 1041/762/603
f 3272/764/605 1567/754/594 1566/756/596
f 1566/756/596 1565/755/595 1042/765/606
f 3270/707/564 458/767/608 1568/757/597
f 458/767/608 457/4057/601 1569/753/593
f 3271/766/607 1568/757/597 1567/754/594
f 1571/769/609 1572/773/613 1570/770/610
f 1574/772/612 1570/770/610 1572/773/613
f 1575/775/615 1576/771/611 1570/770/610
f 30/91/616 1046/777/618 1571/769/609
f 1046/777/618 1045/4058/624 1572/773/613
f 482/776/617 1571/769/609 1576/771/611
f 3253/779/620 1573/774/614 1044/780/621
f 3252/782/623 1574/772/612 1573/774/614
f 1573/774/614 1572/773/613 1045/783/624
f 3250/784/625 480/787/627 1575/775/615
f 481/786/619 1576/771/611 1575/775/615
f 3251/785/626 1575/775/615 1574/772/612
f 1579/788/628 1577/792/632 1583/789/629
f 1580/791/631 1581/793/633 1577/792/632
f 1583/789/629 1577/792/632 1581/793/633
f 3124/795/635 1049/798/638 1578/790/630
f 1048/797/637 1579/788/628 1578/790/630
f 3127/796/636 1578/790/630 1583/789/629
f 3287/800/640 489/802/642 1580/791/631
f 489/802/642 490/4059/646 1581/793/633
f 1047/801/641 1580/791/631 1579/788/628
f 3129/804/643 1582/794/634 491/805/644
f 3128/806/639 1583/789/629 1582/794/634
f 1582/794/634 1581/793/633 490/807/646
f 1585/808/647 1586/812/651 1584/809/648
f 1588/811/650 1584/809/648 1586/812/651
f 1589/814/653 1590/810/649 1584/809/648
f 3014/815/654 1052/817/656 1585/808/647
f 1052/817/656 1051/4060/662 1586/812/651
f 3313/816/655 1585/808/647 1590/810/649
f 3290/819/658 1587/813/652 1050/820/659
f 3289/822/661 1588/811/650 1587/813/652
f 1587/813/652 1586/812/651 1051/823/662
f 3225/824/663 3311/826/665 1589/814/653
f 3311/826/665 3312/818/657 1590/810/649
f 3288/825/664 1589/814/653 1588/811/650
s 6
f 1592/828/666 1593/832/670 1591/829/667
f 1595/831/669 1591/829/667 1593/832/670
f 1596/834/672 1597/830/668 1591/829/667
f 3006/598/673 1055/836/675 1592/828/666
f 1055/836/675 1054/2983/681 1593/832/670
f 3297/835/674 1592/828/666 1597/830/668
f 3226/838/677 1594/833/671 1053/839/678
f 3227/841/680 1595/831/669 1594/833/671
f 1594/833/671 1593/832/670 1054/842/681
f 3299/843/682 1596/834/672 3228/844/683
f 3298/846/676 1597/830/668 1596/834/672
f 1596/834/672 1595/831/669 3227/841/680
s 4
f 1599/847/685 1600/851/689 1598/848/686
f 1602/850/688 1598/848/686 1600/851/689
f 1603/853/691 1604/849/687 1598/848/686
f 27/35/692 1058/855/694 1599/847/685
f 1058/855/694 1057/4061/700 1600/851/689
f 474/854/693 1599/847/685 1604/849/687
f 3277/857/696 1601/852/690 1056/858/697
f 3276/860/699 1602/850/688 1601/852/690
f 1601/852/690 1600/851/689 1057/861/700
f 3274/763/604 476/863/702 1603/853/691
f 476/863/702 475/4062/695 1604/849/687
f 3275/862/701 1603/853/691 1602/850/688
f 1606/864/703 1607/868/707 1605/865/704
f 1609/867/706 1605/865/704 1607/868/707
f 1610/870/709 1611/866/705 1605/865/704
f 22/130/710 1061/872/712 1606/864/703
f 1061/872/712 1060/4063/718 1607/868/707
f 477/871/711 1606/864/703 1611/866/705
f 3257/874/714 1608/869/708 1059/875/715
f 3256/877/717 1609/867/706 1608/869/708
f 1608/869/708 1607/868/707 1060/878/718
f 3254/781/622 479/880/720 1610/870/709
f 479/880/720 478/2945/713 1611/866/705
f 3255/879/719 1610/870/709 1609/867/706
f 1614/881/721 1612/885/725 1618/882/722
f 1615/884/724 1616/887/727 1612/885/725
f 1617/886/726 1618/882/722 1612/885/725
f 1064/888/728 1613/883/723 362/889/729
f 1063/890/730 1614/881/721 1613/883/723
f 1613/883/723 1618/882/722 361/891/731
f 3278/859/698 500/893/733 1615/884/724
f 500/893/733 499/3004/737 1616/887/727
f 1062/892/732 1615/884/724 1614/881/721
f 360/895/734 1617/886/726 498/896/735
f 360/895/734 361/11/731 1618/882/722
f 1617/886/726 1616/887/727 499/897/737
s 7
f 1621/898/738 1619/902/738 1625/899/738
f 1622/901/738 1623/904/738 1619/902/738
f 1624/903/738 1625/899/738 1619/902/738
f 1067/905/738 1620/900/738 141/657/738
f 1066/906/738 1621/898/738 1620/900/738
f 1620/900/738 1625/899/738 142/654/738
f 3214/907/738 3296/909/738 1622/901/738
f 3296/909/738 3295/913/738 1623/904/738
f 1065/908/738 1622/901/738 1621/898/738
f 3022/911/738 143/652/738 1624/903/738
f 143/652/738 142/654/738 1625/899/738
f 3294/912/738 1624/903/738 1623/904/738
s 4
f 1627/914/739 1628/918/743 1626/915/740
f 1630/917/742 1626/915/740 1628/918/743
f 1631/920/745 1632/916/741 1626/915/740
f 23/151/746 1070/922/748 1627/914/739
f 1070/922/748 1069/4064/754 1628/918/743
f 501/921/747 1627/914/739 1632/916/741
f 3261/924/750 1629/919/744 1068/925/751
f 3260/927/753 1630/917/742 1629/919/744
f 1629/919/744 1628/918/743 1069/928/754
f 3258/876/716 503/930/756 1631/920/745
f 503/930/756 502/4065/749 1632/916/741
f 3259/929/755 1631/920/745 1630/917/742
f 1634/931/757 1635/935/761 1633/932/758
f 1637/934/760 1633/932/758 1635/935/761
f 1638/937/763 1639/933/759 1633/932/758
f 18/208/764 1073/939/766 1634/931/757
f 1073/939/766 1072/4066/772 1635/935/761
f 492/938/765 1634/931/757 1639/933/759
f 3240/941/768 1636/936/762 1071/942/769
f 3239/944/771 1637/934/760 1636/936/762
f 1636/936/762 1635/935/761 1072/945/772
f 3237/821/660 494/947/774 1638/937/763
f 494/947/774 493/940/767 1639/933/759
f 3238/946/773 1638/937/763 1637/934/760
f 1641/948/775 1642/952/779 1640/949/776
f 1644/951/778 1640/949/776 1642/952/779
f 1645/954/781 1646/950/777 1640/949/776
f 21/54/579 1076/956/783 1641/948/775
f 1076/956/783 1075/3086/788 1642/952/779
f 462/955/782 1641/948/775 1646/950/777
f 3279/958/785 1643/953/780 1074/959/786
f 3280/960/787 1644/951/778 1643/953/780
f 1643/953/780 1642/952/779 1075/961/788
f 59/962/789 464/964/791 1645/954/781
f 464/964/791 463/957/784 1646/950/777
f 3281/963/790 1645/954/781 1644/951/778
f 1649/965/792 1647/969/796 1653/966/793
f 1650/968/795 1651/971/798 1647/969/796
f 1652/970/797 1653/966/793 1647/969/796
f 1079/972/799 1648/967/794 200/973/800
f 1078/974/801 1649/965/792 1648/967/794
f 1648/967/794 1653/966/793 199/975/802
f 3262/926/752 506/977/804 1650/968/795
f 506/977/804 505/4067/808 1651/971/798
f 1077/976/803 1650/968/795 1649/965/792
f 198/978/805 1652/970/797 504/979/806
f 198/978/805 199/4068/802 1653/966/793
f 1652/970/797 1651/971/798 505/980/808
f 1656/981/809 1654/985/813 1660/982/810
f 1657/984/812 1658/987/815 1654/985/813
f 1659/986/814 1660/982/810 1654/985/813
f 1082/988/816 1655/983/811 185/989/817
f 1081/990/818 1656/981/809 1655/983/811
f 1655/983/811 1660/982/810 184/225/819
f 3241/943/770 509/992/821 1657/984/812
f 509/992/821 508/3076/825 1658/987/815
f 1080/991/820 1657/984/812 1656/981/809
f 183/994/822 1659/986/814 507/995/823
f 183/994/822 184/4069/819 1660/982/810
f 1659/986/814 1658/987/815 508/996/825
s 2
f 1662/997/826 1663/1001/830 1661/998/827
f 1665/1000/829 1661/998/827 1663/1001/830
f 1666/1003/832 1667/999/828 1661/998/827
f 16/1004/833 1085/1006/835 1662/997/826
f 1085/1006/835 1084/3126/841 1663/1001/830
f 269/1005/834 1662/997/826 1667/999/828
f 3149/1008/837 1664/1002/831 1083/1009/838
f 3150/1010/840 1665/1000/829 1664/1002/831
f 1664/1002/831 1663/1001/830 1084/1011/841
f 3140/283/271 267/1013/843 1666/1003/832
f 267/1013/843 268/4070/836 1667/999/828
f 3151/1012/842 1666/1003/832 1665/1000/829
s 3
f 1670/1014/844 1668/1018/848 1674/1015/845
f 1671/1017/847 1672/1019/849 1668/1018/848
f 1674/1015/845 1668/1018/848 1672/1019/849
f 365/1021/851 1669/1016/846 510/1022/852
f 364/676/854 1670/1014/844 1669/1016/846
f 1669/1016/846 1674/1015/845 511/538/855
f 48/467/464 347/1023/463 1671/1017/847
f 347/1023/463 346/4071/465 1672/1019/849
f 363/670/856 1671/1017/847 1670/1014/844
f 512/1024/857 1673/1020/850 345/482/461
f 512/1024/857 511/4072/855 1674/1015/845
f 1673/1020/850 1672/1019/849 346/486/465
s 8
f 1677/1025/858 1675/1029/862 1681/1026/859
f 1678/1028/861 1679/1030/863 1675/1029/862
f 1681/1026/859 1675/1029/862 1679/1030/863
f 1088/1032/865 1676/1027/860 3319/1033/866
f 1087/1035/868 1677/1025/858 1676/1027/860
f 1676/1027/860 1681/1026/859 3318/1036/869
f 3283/1037/870 3310/1039/872 1678/1028/861
f 3310/1039/872 3309/4073/876 1679/1030/863
f 1086/1038/871 1678/1028/861 1677/1025/858
f 3317/1041/873 1680/1031/864 3308/1042/874
f 3318/1043/869 1681/1026/859 1680/1031/864
f 1680/1031/864 1679/1030/863 3309/1044/876
s 9
f 1684/1045/877 1682/1049/881 1688/1046/878
f 1685/1048/880 1686/1051/883 1682/1049/881
f 1687/1050/882 1688/1046/878 1682/1049/881
f 1091/1052/884 1683/1047/879 440/857/885
f 1090/1053/887 1684/1045/877 1683/1047/879
f 1683/1047/879 1688/1046/878 439/860/888
f 80/1054/889 552/1056/891 1685/1048/880
f 552/1056/891 553/4074/895 1686/1051/883
f 1089/1055/890 1685/1048/880 1684/1045/877
f 65/1057/892 438/862/894 1687/1050/882
f 438/862/894 439/860/888 1688/1046/878
f 554/1058/893 1687/1050/882 1686/1051/883
f 1691/1060/896 1689/1064/900 1695/1061/897
f 1692/1063/899 1693/1066/902 1689/1064/900
f 1694/1065/901 1695/1061/897 1689/1064/900
f 1094/1067/903 1690/1062/898 425/874/904
f 1093/1068/906 1691/1060/896 1690/1062/898
f 1690/1062/898 1695/1061/897 424/877/907
f 77/1069/908 558/1071/910 1692/1063/899
f 558/1071/910 559/1073/914 1693/1066/902
f 1092/1070/909 1692/1063/899 1691/1060/896
f 60/781/911 423/879/913 1694/1065/901
f 423/879/913 424/877/907 1695/1061/897
f 560/1072/912 1694/1065/901 1693/1066/902
f 1698/1074/915 1696/1078/915 1702/1075/915
f 1699/1077/915 1700/1080/915 1696/1078/915
f 1701/1079/915 1702/1075/915 1696/1078/915
f 1097/1081/915 1697/1076/915 3236/1082/915
f 1096/1084/915 1698/1074/915 1697/1076/915
f 1697/1076/915 1702/1075/915 3235/1085/915
f 73/1086/916 564/1088/917 1699/1077/915
f 564/1088/917 565/4075/920 1700/1080/915
f 1095/1087/915 1699/1077/915 1698/1074/915
f 3232/1090/918 3234/1092/915 1701/1079/915
f 3234/1092/915 3235/3726/915 1702/1075/915
f 566/1091/919 1701/1079/915 1700/1080/915
f 1705/1094/921 1703/1098/925 1709/1095/922
f 1706/1097/924 1707/1100/927 1703/1098/925
f 1708/1099/926 1709/1095/922 1703/1098/925
f 1100/1101/928 1704/1096/923 441/958/929
f 1099/1102/931 1705/1094/921 1704/1096/923
f 1704/1096/923 1709/1095/922 442/960/932
f 76/1103/933 570/1106/936 1706/1097/924
f 571/1105/935 1707/1100/927 1706/1097/924
f 1098/1104/934 1706/1097/924 1705/1094/921
f 3249/1108/937 443/963/939 1708/1099/926
f 443/963/939 442/960/932 1709/1095/922
f 572/1109/938 1708/1099/926 1707/1100/927
f 1712/1111/940 1710/1115/944 1716/1112/941
f 1713/1114/943 1714/1117/946 1710/1115/944
f 1715/1116/945 1716/1112/941 1710/1115/944
f 1103/1118/947 1711/1113/942 428/924/948
f 1102/1119/950 1712/1111/940 1711/1113/942
f 1711/1113/942 1716/1112/941 427/927/951
f 78/1120/952 557/1122/954 1713/1114/943
f 557/1122/954 556/1125/957 1714/1117/946
f 1101/1121/953 1713/1114/943 1712/1111/940
f 61/876/905 426/929/956 1715/1116/945
f 426/929/956 427/927/951 1716/1112/941
f 555/1124/955 1715/1116/945 1714/1117/946
f 1718/1126/958 1719/1130/962 1717/1127/959
f 1721/1129/961 1717/1127/959 1719/1130/962
f 1722/1132/964 1723/1128/960 1717/1127/959
f 1106/1133/965 1718/1126/958 3322/1134/966
f 1106/1133/965 1105/4076/972 1719/1130/962
f 1718/1126/958 1723/1128/960 3321/1136/967
f 576/1137/968 1720/1131/963 1104/1138/969
f 577/1140/971 1721/1129/961 1720/1131/963
f 1720/1131/963 1719/1130/962 1105/1141/972
f 69/1142/973 3320/1144/975 1722/1132/964
f 3320/1144/975 3321/3142/967 1723/1128/960
f 578/1143/974 1722/1132/964 1721/1129/961
s 10
f 1726/1146/976 1724/1150/976 1730/1147/976
f 1727/1149/976 1728/1152/976 1724/1150/976
f 1729/1151/976 1730/1147/976 1724/1150/976
f 1109/1153/976 1725/1148/976 3211/1154/976
f 1108/1156/976 1726/1146/976 1725/1148/976
f 1725/1148/976 1730/1147/976 3210/1157/976
f 3323/1158/976 3371/1160/976 1727/1149/976
f 3371/1160/976 3370/4077/976 1728/1152/976
f 1107/1159/976 1727/1149/976 1726/1146/976
f 3206/1161/976 3209/1163/976 1729/1151/976
f 3209/1163/976 3210/1157/976 1730/1147/976
f 3369/1162/976 1729/1151/976 1728/1152/976
s 9
f 1733/1165/977 1731/1169/981 1737/1166/978
f 1734/1168/980 1735/1171/983 1731/1169/981
f 1736/1170/982 1737/1166/978 1731/1169/981
f 1112/1172/984 1732/1167/979 3248/1173/985
f 1111/1174/986 1733/1165/977 1732/1167/979
f 1732/1167/979 1737/1166/978 3247/1175/987
f 75/1176/988 584/1179/991 1734/1168/980
f 583/1178/990 1735/1171/983 1734/1168/980
f 1110/1177/989 1734/1168/980 1733/1165/977
f 3245/726/992 3246/1182/994 1736/1170/982
f 3246/1182/994 3247/1175/987 1737/1166/978
f 582/1181/993 1736/1170/982 1735/1171/983
f 1740/1183/995 1738/1187/999 1744/1184/996
f 1741/1186/998 1742/1189/1001 1738/1187/999
f 1743/1188/1000 1744/1184/996 1738/1187/999
f 1115/1190/1002 1739/1185/997 422/779/1003
f 1114/1191/1004 1740/1183/995 1739/1185/997
f 1739/1185/997 1744/1184/996 421/782/1005
f 82/1192/1006 569/1195/1009 1741/1186/998
f 568/1194/1008 1742/1189/1001 1741/1186/998
f 1113/1193/1007 1741/1186/998 1740/1183/995
f 68/784/930 420/785/1011 1743/1188/1000
f 420/785/1011 421/782/1005 1744/1184/996
f 567/1197/1010 1743/1188/1000 1742/1189/1001
s 11
f 1747/1198/1012 1745/1202/1012 1751/1199/1012
f 1748/1201/1012 1749/1204/1012 1745/1202/1012
f 1750/1203/1012 1751/1199/1012 1745/1202/1012
f 1118/1205/1012 1746/1200/1012 3229/1206/1012
f 1117/1208/1012 1747/1198/1012 1746/1200/1012
f 1746/1200/1012 1751/1199/1012 3230/1209/1012
f 71/1210/1012 3374/1212/1012 1748/1201/1012
f 3374/1212/1012 3373/1217/1012 1749/1204/1012
f 1116/1211/1012 1748/1201/1012 1747/1198/1012
f 3213/1214/1012 3231/1216/1012 1750/1203/1012
f 3231/1216/1012 3230/1209/1012 1751/1199/1012
f 3372/1215/1012 1750/1203/1012 1749/1204/1012
s 2
f 1978/1778/515 1976/1784/515 1982/1779/515
f 1980/1781/515 1976/1784/515 1978/1778/515
f 1981/1783/515 1982/1779/515 1976/1784/515
f 3603/1785/515 1977/1780/515 789/1786/515
f 3602/1788/515 1978/1778/515 1977/1780/515
f 1977/1780/515 1982/1779/515 790/1789/515
f 369/1790/1301 1979/1782/515 3601/1791/515
f 370/1793/1303 1980/1781/515 1979/1782/515
f 1979/1782/515 1978/1778/515 3602/1794/515
f 16/1004/833 791/1796/515 1981/1783/515
f 791/1796/515 790/1789/515 1982/1779/515
f 371/1795/1304 1981/1783/515 1980/1781/515
f 1985/1797/515 1983/1803/515 1989/1798/515
f 1987/1800/515 1983/1803/515 1985/1797/515
f 1988/1802/515 1989/1798/515 1983/1803/515
f 789/1804/515 1984/1799/515 792/1805/515
f 789/1804/515 790/4102/515 1985/1797/515
f 1984/1799/515 1989/1798/515 793/1806/515
f 3066/1807/515 1986/1801/515 791/1796/515
f 3065/1808/515 1987/1800/515 1986/1801/515
f 1986/1801/515 1985/1797/515 790/1809/515
f 3063/1810/515 794/1812/515 1988/1802/515
f 794/1812/515 793/4103/515 1989/1798/515
f 3064/1811/515 1988/1802/515 1987/1800/515
f 1991/1813/515 1992/1817/515 1990/1814/515
f 1994/1816/515 1990/1814/515 1992/1817/515
f 1995/1819/515 1996/1815/515 1990/1814/515
f 792/1820/515 1991/1813/515 795/1821/515
f 792/1820/515 793/4104/515 1992/1817/515
f 1991/1813/515 1996/1815/515 796/1822/515
f 3062/1823/515 1993/1818/515 794/1824/515
f 3061/1825/515 1994/1816/515 1993/1818/515
f 1993/1818/515 1992/1817/515 793/1826/515
f 3059/1827/515 797/1829/515 1995/1819/515
f 797/1829/515 796/4105/515 1996/1815/515
f 3060/1828/515 1995/1819/515 1994/1816/515
f 1998/1830/515 1999/1834/515 1997/1831/515
f 2000/1833/515 2001/1835/515 1997/1831/515
f 2003/1832/515 1997/1831/515 2001/1835/515
f 3597/1787/515 795/1839/515 1998/1830/515
f 796/1838/515 1999/1834/515 1998/1830/515
f 798/1837/515 1998/1830/515 2003/1832/515
f 3059/1827/515 3058/1842/515 2000/1833/515
f 3058/1842/515 3057/1846/515 2001/1835/515
f 797/1841/515 2000/1833/515 1999/1834/515
f 800/1843/515 2002/1836/515 3056/1844/515
f 799/1840/515 2003/1832/515 2002/1836/515
f 2002/1836/515 2001/1835/515 3057/1846/515
s 30
f 2006/1847/1305 2004/1851/1305 2010/1848/1305
f 2007/1850/1305 2008/1853/1305 2004/1851/1305
f 2009/1852/1305 2010/1848/1305 2004/1851/1305
f 1205/1854/1306 2005/1849/1306 3600/1855/1305
f 1204/1856/1306 2006/1847/1305 2005/1849/1306
f 2005/1849/1306 2010/1848/1305 3599/1857/1306
f 3208/1858/1305 3604/1860/1305 2007/1850/1305
f 3604/1860/1305 3605/4106/1305 2008/1853/1305
f 1203/1859/1305 2007/1850/1305 2006/1847/1305
f 3596/1862/1305 3598/1864/1306 2009/1852/1305
f 3598/1864/1306 3599/1857/1306 2010/1848/1305
f 3606/1863/1306 2009/1852/1305 2008/1853/1305
s 31
f 2013/1866/1307 2011/1870/1307 2017/1867/1307
f 2014/1869/1307 2015/1872/1307 2011/1870/1307
f 2016/1871/1307 2017/1867/1307 2011/1870/1307
f 1208/1873/1307 2012/1868/1307 788/1785/1307
f 1207/1874/1307 2013/1866/1307 2012/1868/1307
f 2012/1868/1307 2017/1867/1307 787/1788/1307
f 3233/1875/1307 3307/1877/1307 2014/1869/1307
f 3307/1877/1307 3306/4107/1307 2015/1872/1307
f 1206/1876/1307 2014/1869/1307 2013/1866/1307
f 3304/1792/1308 786/1791/1307 2016/1871/1307
f 786/1791/1307 787/1794/1307 2017/1867/1307
f 3305/1879/1307 2016/1871/1307 2015/1872/1307
s 9
f 2020/1881/1309 2018/1885/1313 2024/1882/1310
f 2021/1884/1312 2022/1887/1315 2018/1885/1313
f 2023/1886/1314 2024/1882/1310 2018/1885/1313
f 1211/1888/1316 2019/1883/1311 413/941/1317
f 1210/1889/1319 2020/1881/1309 2019/1883/1311
f 2019/1883/1311 2024/1882/1310 412/944/1320
f 118/1890/1321 831/1892/1323 2021/1884/1312
f 831/1892/1323 832/4108/1327 2022/1887/1315
f 1209/1891/1322 2021/1884/1312 2020/1881/1309
f 56/1894/1324 411/946/1326 2023/1886/1314
f 411/946/1326 412/944/1320 2024/1882/1310
f 833/1895/1325 2023/1886/1314 2022/1887/1315
f 2026/1897/1328 2027/1901/1332 2025/1898/1329
f 2029/1900/1331 2025/1898/1329 2027/1901/1332
f 2030/1903/1334 2031/1899/1330 2025/1898/1329
f 1214/1904/1335 2026/1897/1328 836/1905/1336
f 1214/1904/1335 1213/1910/1342 2027/1901/1332
f 2026/1897/1328 2031/1899/1330 835/1906/1338
f 3625/1907/1339 2028/1902/1333 1212/1908/1340
f 3626/1909/1341 2029/1900/1331 2028/1902/1333
f 2028/1902/1333 2027/1901/1332 1213/1910/1342
f 3628/1911/1343 834/1913/1345 2030/1903/1334
f 834/1913/1345 835/3855/1338 2031/1899/1330
f 3627/1912/1344 2030/1903/1334 2029/1900/1331
f 2034/1914/1346 2032/1918/1350 2038/1915/1347
f 2035/1917/1349 2036/1920/1352 2032/1918/1350
f 2037/1919/1351 2038/1915/1347 2032/1918/1350
f 1217/1921/1353 2033/1916/1348 3265/1922/1354
f 1216/1924/1356 2034/1914/1346 2033/1916/1348
f 2033/1916/1348 2038/1915/1347 3264/1925/1357
f 79/1926/1358 575/1928/1360 2035/1917/1349
f 575/1928/1360 574/4109/1363 2036/1920/1352
f 1215/1927/1359 2035/1917/1349 2034/1914/1346
f 62/926/949 3263/1930/1362 2037/1919/1351
f 3263/1930/1362 3264/1925/1357 2038/1915/1347
f 573/1929/1361 2037/1919/1351 2036/1920/1352
f 2041/1932/1364 2039/1936/1368 2045/1933/1365
f 2042/1935/1367 2043/1938/1370 2039/1936/1368
f 2044/1937/1369 2045/1933/1365 2039/1936/1368
f 1220/1939/1371 2040/1934/1366 3244/1940/1372
f 1219/1941/1373 2041/1932/1364 2040/1934/1366
f 2040/1934/1366 2045/1933/1365 3243/1942/1374
f 119/1943/1375 830/1945/1377 2042/1935/1367
f 830/1945/1377 829/1948/1380 2043/1938/1370
f 1218/1944/1376 2042/1935/1367 2041/1932/1364
f 57/943/1318 3242/1947/1379 2044/1937/1369
f 3242/1947/1379 3243/1942/1374 2045/1933/1365
f 828/1946/1378 2044/1937/1369 2043/1938/1370
s 32
f 2048/1949/1381 2046/1953/1381 2052/1950/1381
f 2049/1952/1381 2050/1955/1381 2046/1953/1381
f 2051/1954/1381 2052/1950/1381 2046/1953/1381
f 1223/1956/1381 2047/1951/1381 399/743/1381
f 1222/1957/1381 2048/1949/1381 2047/1951/1381
f 2047/1951/1381 2052/1950/1381 400/746/1381
f 3331/1958/1381 3375/1960/1381 2049/1952/1381
f 3375/1960/1381 3376/4110/1381 2050/1955/1381
f 1221/1959/1381 2049/1952/1381 2048/1949/1381
f 3223/748/1381 401/749/1381 2051/1954/1381
f 401/749/1381 400/746/1381 2052/1950/1381
f 3377/1962/1381 2051/1954/1381 2050/1955/1381
s 9
f 2054/1964/1382 2055/1968/1386 2053/1965/1383
f 2057/1967/1385 2053/1965/1383 2055/1968/1386
f 2058/1970/1388 2059/1966/1384 2053/1965/1383
f 55/1971/1389 1226/1973/1391 2054/1964/1382
f 1226/1973/1391 1225/1978/1396 2055/1968/1386
f 590/1972/1390 2054/1964/1382 2059/1966/1384
f 3631/1975/1393 2056/1969/1387 1224/1976/1394
f 3630/1977/1395 2057/1967/1385 2056/1969/1387
f 2056/1969/1387 2055/1968/1386 1225/1978/1396
f 3612/1979/1397 588/1981/1399 2058/1970/1388
f 588/1981/1399 589/1974/1392 2059/1966/1384
f 3629/1980/1398 2058/1970/1388 2057/1967/1385
f 2062/1982/1400 2060/1988/1406 2066/1983/1401
f 2064/1985/1403 2060/1988/1406 2062/1982/1400
f 2065/1987/1405 2066/1983/1401 2060/1988/1406
f 1229/1989/1407 2061/1984/1402 837/1990/1408
f 1228/1991/1409 2062/1982/1400 2061/1984/1402
f 2061/1984/1402 2066/1983/1401 838/1992/1410
f 3594/1993/1411 2063/1986/1404 1227/1994/1412
f 3593/1996/1414 2064/1985/1403 2063/1986/1404
f 2063/1986/1404 2062/1982/1400 1228/1997/1409
f 839/1998/1415 2065/1987/1405 3592/1999/1416
f 838/2001/1410 2066/1983/1401 2065/1987/1405
f 3592/1999/1416 2065/1987/1405 2064/1985/1403
f 2069/2002/1418 2067/2006/1422 2073/2003/1419
f 2070/2005/1421 2071/2008/1424 2067/2006/1422
f 2072/2007/1423 2073/2003/1419 2067/2006/1422
f 1232/2009/1425 2068/2004/1420 3635/2010/1426
f 1231/2012/1428 2069/2002/1418 2068/2004/1420
f 2068/2004/1420 2073/2003/1419 3636/2013/1429
f 3613/2014/1430 2070/2005/1421 1230/2015/1431
f 3614/2017/1432 2071/2008/1424 2070/2005/1421
f 1230/2015/1431 2070/2005/1421 2069/2002/1418
f 3608/2018/1433 3637/2020/1435 2072/2007/1423
f 3637/2020/1435 3636/2013/1429 2073/2003/1419
f 3615/2019/1434 2072/2007/1423 2071/2008/1424
f 2075/2021/1436 2076/2025/1440 2074/2022/1437
f 2078/2024/1439 2074/2022/1437 2076/2025/1440
f 2079/2027/1442 2080/2023/1438 2074/2022/1437
f 66/859/886 1235/2029/1444 2075/2021/1436
f 1235/2029/1444 1234/4111/1449 2076/2025/1440
f 549/2028/1443 2075/2021/1436 2080/2023/1438
f 3634/2031/1446 2077/2026/1441 1233/2032/1447
f 3633/2033/1448 2078/2024/1439 2077/2026/1441
f 2077/2026/1441 2076/2025/1440 1234/2034/1449
f 81/2035/1450 551/2037/1452 2079/2027/1442
f 551/2037/1452 550/2030/1445 2080/2023/1438
f 3632/2036/1451 2079/2027/1442 2078/2024/1439
f 2082/2038/1453 2083/2042/1457 2081/2039/1454
f 2085/2041/1456 2081/2039/1454 2083/2042/1457
f 2086/2044/1459 2087/2040/1455 2081/2039/1454
f 64/707/1460 1238/2046/1462 2082/2038/1453
f 1238/2046/1462 1237/4112/1467 2083/2042/1457
f 2082/2038/1453 2087/2040/1455 844/2047/1463
f 3624/2048/1464 2084/2043/1458 1236/2049/1465
f 3623/2050/1466 2085/2041/1456 2084/2043/1458
f 2084/2043/1458 2083/2042/1457 1237/2051/1467
f 3595/1995/1413 845/2053/1469 2086/2044/1459
f 845/2053/1469 844/2047/1463 2087/2040/1455
f 3622/2052/1468 2086/2044/1459 2085/2041/1456
s 2
f 2090/2054/515 2088/2058/515 2094/2055/515
f 2091/2057/515 2092/2059/515 2088/2058/515
f 2094/2055/515 2088/2058/515 2092/2059/515
f 1241/2061/515 2089/2056/515 783/2062/515
f 1240/2064/515 2090/2054/515 2089/2056/515
f 2089/2056/515 2094/2055/515 784/2065/515
f 12/2066/515 392/2068/515 2091/2057/515
f 392/2068/515 391/4113/515 2092/2059/515
f 1239/2067/515 2091/2057/515 2090/2054/515
f 785/2069/515 2093/2060/515 390/2070/515
f 784/2072/515 2094/2055/515 2093/2060/515
f 2093/2060/515 2092/2059/515 391/2073/515
s 33
f 2096/2074/1013 2097/2078/1013 2095/2075/1013
f 2098/2077/1013 2099/2079/1013 2095/2075/1013
f 2101/2076/1013 2095/2075/1013 2099/2079/1013
f 3365/2081/1013 3366/2083/1013 2096/2074/1013
f 3366/2083/1013 3367/4114/1013 2097/2078/1013
f 848/2082/1013 2096/2074/1013 2101/2076/1013
f 3335/2085/1013 3336/2087/1013 2098/2077/1013
f 3336/2087/1013 3337/2093/1013 2099/2079/1013
f 3368/2086/1013 2098/2077/1013 2097/2078/1013
f 846/2089/1013 2100/2080/1013 3338/2090/1013
f 847/2092/1013 2101/2076/1013 2100/2080/1013
f 2100/2080/1013 2099/2079/1013 3337/2093/1013
f 2103/2094/1013 2104/2098/1013 2102/2095/1013
f 2106/2097/1013 2102/2095/1013 2104/2098/1013
f 2107/2100/1013 2108/2096/1013 2102/2095/1013
f 848/2082/1013 2103/2094/1013 819/2101/1013
f 848/2082/1013 847/4115/1013 2104/2098/1013
f 2103/2094/1013 2108/2096/1013 820/2102/1013
f 851/2103/1013 2105/2099/1013 846/2104/1013
f 850/2105/1013 2106/2097/1013 2105/2099/1013
f 2105/2099/1013 2104/2098/1013 847/2106/1013
f 122/2107/1013 821/2109/1013 2107/2100/1013
f 821/2109/1013 820/4116/1013 2108/2096/1013
f 849/2108/1013 2107/2100/1013 2106/2097/1013
f 2111/2111/1013 2109/2115/1013 2115/2112/1013
f 2112/2114/1013 2113/2117/1013 2109/2115/1013
f 2114/2116/1013 2115/2112/1013 2109/2115/1013
f 854/2118/1013 2110/2113/1013 851/2103/1013
f 853/2119/1013 2111/2111/1013 2110/2113/1013
f 2110/2113/1013 2115/2112/1013 850/2120/1013
f 3361/2121/1013 825/2123/1013 2112/2114/1013
f 825/2123/1013 826/4117/1013 2113/2117/1013
f 852/2122/1013 2112/2114/1013 2111/2111/1013
f 849/2125/1013 2114/2116/1013 827/2126/1013
f 850/2105/1013 2115/2112/1013 2114/2116/1013
f 2114/2116/1013 2113/2117/1013 826/2128/1013
f 2118/2129/1013 2116/2133/1013 2122/2130/1013
f 2119/2132/1013 2120/2134/1013 2116/2133/1013
f 2122/2130/1013 2116/2133/1013 2120/2134/1013
f 857/2136/1013 2117/2131/1013 854/2118/1013
f 856/2137/1013 2118/2129/1013 2117/2131/1013
f 2117/2131/1013 2122/2130/1013 853/2124/1013
f 3357/2138/1013 3358/2140/1013 2119/2132/1013
f 3358/2140/1013 3359/2143/1013 2120/2134/1013
f 855/2139/1013 2119/2132/1013 2118/2129/1013
f 852/2122/1013 2121/2135/1013 3360/2141/1013
f 853/2119/1013 2122/2130/1013 2121/2135/1013
f 2121/2135/1013 2120/2134/1013 3359/2143/1013
f 2125/2144/1013 2123/2148/1013 2129/2145/1013
f 2126/2147/1013 2127/2149/1013 2123/2148/1013
f 2129/2145/1013 2123/2148/1013 2127/2149/1013
f 860/2151/1013 2124/2146/1013 857/2152/1013
f 859/2153/1013 2125/2144/1013 2124/2146/1013
f 2124/2146/1013 2129/2145/1013 856/2154/1013
f 121/2155/1013 816/2157/1013 2126/2147/1013
f 816/2157/1013 817/2160/1013 2127/2149/1013
f 858/2156/1013 2126/2147/1013 2125/2144/1013
f 855/2139/1013 2128/2150/1013 818/2159/1013
f 856/2137/1013 2129/2145/1013 2128/2150/1013
f 2128/2150/1013 2127/2149/1013 817/2160/1013
f 2132/2161/1013 2130/2165/1013 2136/2162/1013
f 2133/2164/1013 2134/2167/1013 2130/2165/1013
f 2135/2166/1013 2136/2162/1013 2130/2165/1013
f 863/2168/1013 2131/2163/1013 860/2169/1013
f 863/2168/1013 862/2332/1013 2132/2161/1013
f 2131/2163/1013 2136/2162/1013 859/2170/1013
f 780/2171/1013 2133/2164/1013 861/2172/1013
f 781/2174/1013 2134/2167/1013 2133/2164/1013
f 2133/2164/1013 2132/2161/1013 862/2175/1013
f 858/2156/1013 2135/2166/1013 782/2176/1013
f 858/2156/1013 859/2158/1013 2136/2162/1013
f 782/2176/1013 2135/2166/1013 2134/2167/1013
f 2138/2178/1013 2139/2182/1013 2137/2179/1013
f 2140/2181/1013 2141/2183/1013 2137/2179/1013
f 2143/2180/1013 2137/2179/1013 2141/2183/1013
f 1244/2185/1013 2138/2178/1013 3609/2186/1013
f 1243/2188/1013 2139/2182/1013 2138/2178/1013
f 3609/2186/1013 2138/2178/1013 2143/2180/1013
f 3586/2190/1013 866/2192/1013 2140/2181/1013
f 866/2192/1013 865/4118/1013 2141/2183/1013
f 1242/2191/1013 2140/2181/1013 2139/2182/1013
f 3611/2194/1013 2142/2184/1013 864/2195/1013
f 3610/2189/1013 2143/2180/1013 2142/2184/1013
f 2142/2184/1013 2141/2183/1013 865/2197/1013
f 2146/2198/1013 2144/2204/1013 2150/2199/1013
f 2148/2201/1013 2144/2204/1013 2146/2198/1013
f 2149/2203/1013 2150/2199/1013 2144/2204/1013
f 864/2205/1013 2145/2200/1013 869/2206/1013
f 864/2205/1013 865/4119/1013 2146/2198/1013
f 2145/2200/1013 2150/2199/1013 868/2207/1013
f 3587/2208/1013 2147/2202/1013 866/2209/1013
f 3588/2210/1013 2148/2201/1013 2147/2202/1013
f 2147/2202/1013 2146/2198/1013 865/2211/1013
f 3590/2212/1013 867/2214/1013 2149/2203/1013
f 867/2214/1013 868/4120/1013 2150/2199/1013
f 3589/2213/1013 2149/2203/1013 2148/2201/1013
f 2153/2216/1013 2151/2222/1013 2157/2217/1013
f 2155/2219/1013 2151/2222/1013 2153/2216/1013
f 2156/2221/1013 2157/2217/1013 2151/2222/1013
f 869/2223/1013 2152/2218/1013 872/2224/1013
f 869/2223/1013 868/4121/1013 2153/2216/1013
f 2152/2218/1013 2157/2217/1013 871/2225/1013
f 3616/2226/1013 2154/2220/1013 867/2227/1013
f 3617/2229/1013 2155/2219/1013 2154/2220/1013
f 2154/2220/1013 2153/2216/1013 868/2230/1013
f 3339/2231/1013 870/2233/1013 2156/2221/1013
f 870/2233/1013 871/4122/1013 2157/2217/1013
f 3618/2232/1013 2156/2221/1013 2155/2219/1013
f 2160/2234/1013 2158/2238/1013 2164/2235/1013
f 2161/2237/1013 2162/2239/1013 2158/2238/1013
f 2164/2235/1013 2158/2238/1013 2162/2239/1013
f 872/2241/1013 2159/2236/1013 875/2242/1013
f 871/2225/1013 2160/2234/1013 2159/2236/1013
f 875/2242/1013 2159/2236/1013 2164/2235/1013
f 3340/2244/1013 2161/2237/1013 870/2233/1013
f 3340/2244/1013 3341/2250/1013 2162/2239/1013
f 870/2233/1013 2161/2237/1013 2160/2234/1013
f 873/2246/1013 2163/2240/1013 3342/2247/1013
f 874/2249/1013 2164/2235/1013 2163/2240/1013
f 2163/2240/1013 2162/2239/1013 3341/2250/1013
f 2166/2251/1013 2167/2255/1013 2165/2252/1013
f 2169/2254/1013 2165/2252/1013 2167/2255/1013
f 2171/2253/1013 2165/2252/1013 2169/2254/1013
f 3343/2248/1013 1247/2259/1013 2166/2251/1013
f 1247/2259/1013 1246/4123/1013 2167/2255/1013
f 873/2258/1013 2166/2251/1013 2171/2253/1013
f 3334/2261/1013 2168/2256/1013 1245/2262/1013
f 3333/2264/1013 2169/2254/1013 2168/2256/1013
f 2168/2256/1013 2167/2255/1013 1246/2265/1013
f 875/2266/1013 2170/2257/1013 3332/2267/1013
f 874/2249/1013 2171/2253/1013 2170/2257/1013
f 2170/2257/1013 2169/2254/1013 3333/2268/1013
f 2174/2269/1013 2172/2273/1013 2178/2270/1013
f 2175/2272/1013 2176/2275/1013 2172/2273/1013
f 2177/2274/1013 2178/2270/1013 2172/2273/1013
f 876/2276/1013 2173/2271/1013 881/2277/1013
f 877/2278/1013 2174/2269/1013 2173/2271/1013
f 2173/2271/1013 2178/2270/1013 880/2279/1013
f 3345/2280/1013 2175/2272/1013 878/2281/1013
f 3346/2283/1013 2176/2275/1013 2175/2272/1013
f 2175/2272/1013 2174/2269/1013 877/2284/1013
f 879/2285/1013 2177/2274/1013 3347/2286/1013
f 879/2285/1013 880/4124/1013 2178/2270/1013
f 3347/2286/1013 2177/2274/1013 2176/2275/1013
f 2181/2288/1013 2179/2292/1013 2185/2289/1013
f 2182/2291/1013 2183/2293/1013 2179/2292/1013
f 2185/2289/1013 2179/2292/1013 2183/2293/1013
f 881/2295/1013 2180/2290/1013 884/2296/1013
f 880/2297/1013 2181/2288/1013 2180/2290/1013
f 884/2296/1013 2180/2290/1013 2185/2289/1013
f 3348/2287/1013 3349/2299/1013 2182/2291/1013
f 3349/2299/1013 3350/4125/1013 2183/2293/1013
f 879/2285/1013 2182/2291/1013 2181/2288/1013
f 882/2301/1013 2184/2294/1013 3351/2302/1013
f 883/2304/1013 2185/2289/1013 2184/2294/1013
f 2184/2294/1013 2183/2293/1013 3350/2305/1013
f 2188/2306/1013 2186/2310/1013 2192/2307/1013
f 2189/2309/1013 2190/2311/1013 2186/2310/1013
f 2192/2307/1013 2186/2310/1013 2190/2311/1013
f 884/2313/1013 2187/2308/1013 887/2314/1013
f 883/2298/1013 2188/2306/1013 2187/2308/1013
f 887/2314/1013 2187/2308/1013 2192/2307/1013
f 3352/2316/1013 3353/2317/1013 2189/2309/1013
f 3353/2317/1013 3354/2322/1013 2190/2311/1013
f 882/2301/1013 2189/2309/1013 2188/2306/1013
f 885/2318/1013 2191/2312/1013 3355/2319/1013
f 886/2321/1013 2192/2307/1013 2191/2312/1013
f 2191/2312/1013 2190/2311/1013 3354/2322/1013
f 2195/2323/1013 2193/2329/1013 2199/2324/1013
f 2197/2326/1013 2193/2329/1013 2195/2323/1013
f 2198/2328/1013 2199/2324/1013 2193/2329/1013
f 1250/2330/1013 2194/2325/1013 863/2331/1013
f 1250/2330/1013 1249/4126/1013 2195/2323/1013
f 2194/2325/1013 2199/2324/1013 862/2332/1013
f 3619/2333/1013 2196/2327/1013 1248/2334/1013
f 3620/2335/1013 2197/2326/1013 2196/2327/1013
f 2196/2327/1013 2195/2323/1013 1249/2336/1013
f 120/2173/1013 861/2338/1013 2198/2328/1013
f 861/2338/1013 862/4127/1013 2199/2324/1013
f 3621/2337/1013 2198/2328/1013 2197/2326/1013
s 34
f 2202/2339/1013 2200/2343/1013 2206/2340/1013
f 2203/2342/1013 2204/2345/1013 2200/2343/1013
f 2205/2344/1013 2206/2340/1013 2200/2343/1013
f 1253/2346/1013 2201/2341/1013 929/2347/1013
f 1252/2349/1013 2202/2339/1013 2201/2341/1013
f 2201/2341/1013 2206/2340/1013 928/2350/1013
f 134/2351/1470 920/2353/1013 2203/2342/1013
f 920/2353/1013 919/2358/1013 2204/2345/1013
f 1251/2352/1013 2203/2342/1013 2202/2339/1013
f 133/2355/1013 927/2357/1013 2205/2344/1013
f 927/2357/1013 928/4128/1013 2206/2340/1013
f 918/2356/1013 2205/2344/1013 2204/2345/1013
f 2208/2359/515 2209/2363/515 2207/2360/515
f 2211/2362/515 2207/2360/515 2209/2363/515
f 2212/2365/515 2213/2361/515 2207/2360/515
f 123/2366/1471 1256/2368/515 2208/2359/515
f 1256/2368/515 1255/4129/515 2209/2363/515
f 893/2367/515 2208/2359/515 2213/2361/515
f 933/2370/515 2210/2364/515 1254/2371/515
f 934/2373/515 2211/2362/515 2210/2364/515
f 2210/2364/515 2209/2363/515 1255/2374/515
f 891/2375/515 2212/2365/515 935/2376/515
f 892/2369/515 2213/2361/515 2212/2365/515
f 935/2376/515 2212/2365/515 2211/2362/515
f 2215/2378/515 2216/2382/515 2214/2379/515
f 2218/2381/515 2214/2379/515 2216/2382/515
f 2219/2384/515 2220/2380/515 2214/2379/515
f 125/2385/515 1259/2387/515 2215/2378/515
f 1259/2387/515 1258/2393/515 2216/2382/515
f 888/2386/515 2215/2378/515 2220/2380/515
f 936/2389/1472 2217/2383/515 1257/2390/515
f 937/2392/1472 2218/2381/515 2217/2383/515
f 2217/2383/515 2216/2382/515 1258/2393/515
f 890/2394/515 2219/2384/515 938/2395/1472
f 889/2397/515 2220/2380/515 2219/2384/515
f 938/2395/1472 2219/2384/515 2218/2381/515
f 2222/2398/915 2223/2402/915 2221/2399/915
f 2225/2401/915 2221/2399/915 2223/2402/915
f 2226/2404/915 2227/2400/915 2221/2399/915
f 126/2405/1474 1262/2407/915 2222/2398/915
f 1262/2407/915 1261/4130/915 2223/2402/915
f 897/2406/915 2222/2398/915 2227/2400/915
f 932/2409/1475 2224/2403/915 1260/2410/915
f 931/2412/1475 2225/2401/915 2224/2403/915
f 2224/2403/915 2223/2402/915 1261/2413/915
f 123/2414/1471 899/2416/915 2226/2404/915
f 899/2416/915 898/2408/915 2227/2400/915
f 930/2415/1475 2226/2404/915 2225/2401/915
f 2229/2417/1012 2230/2421/1012 2228/2418/1012
f 2232/2420/1012 2228/2418/1012 2230/2421/1012
f 2233/2423/1012 2234/2419/1012 2228/2418/1012
f 124/2424/1473 1265/2426/1012 2229/2417/1012
f 1265/2426/1012 1264/4131/1012 2230/2421/1012
f 905/2425/1012 2229/2417/1012 2234/2419/1012
f 926/2428/1470 2231/2422/1012 1263/2429/1012
f 925/2431/1470 2232/2420/1012 2231/2422/1012
f 2231/2422/1012 2230/2421/1012 1264/2432/1012
f 128/2433/1476 903/2435/1012 2233/2423/1012
f 903/2435/1012 904/4132/1012 2234/2419/1012
f 924/2434/1470 2233/2423/1012 2232/2420/1012
f 2237/2436/1013 2235/2440/1013 2241/2437/1013
f 2238/2439/1013 2239/2442/1013 2235/2440/1013
f 2240/2441/1013 2241/2437/1013 2235/2440/1013
f 1268/2443/1013 2236/2438/1013 939/2444/1477
f 1267/2446/1013 2237/2436/1013 2236/2438/1013
f 2236/2438/1013 2241/2437/1013 940/2447/1477
f 133/2355/1013 912/2449/1013 2238/2439/1013
f 912/2449/1013 913/4133/1013 2239/2442/1013
f 1266/2448/1013 2238/2439/1013 2237/2436/1013
f 132/2451/1477 941/2453/1477 2240/2441/1013
f 941/2453/1477 940/3993/1477 2241/2437/1013
f 914/2452/1013 2240/2441/1013 2239/2442/1013
s 1
f 2244/2455/1478 2242/2459/1482 2248/2456/1479
f 2245/2458/1481 2246/2461/1484 2242/2459/1482
f 2247/2460/1483 2248/2456/1479 2242/2459/1482
f 3188/2462/1485 2243/2457/1480 944/2463/29
f 3187/2464/1486 2244/2455/1478 2243/2457/1480
f 2243/2457/1480 2248/2456/1479 943/2465/35
f 216/2466/66 2245/2458/1481 3186/2467/1487
f 217/2468/68 2246/2461/1484 2245/2458/1481
f 3186/2467/1487 2245/2458/1481 2244/2455/1478
f 3109/35/33 942/2471/32 2247/2460/1483
f 942/2471/32 943/2465/35 2248/2456/1479
f 218/2470/74 2247/2460/1483 2246/2461/1484
s 2
f 2251/2472/1488 2249/2476/1492 2255/2473/1489
f 2252/2475/1491 2253/2478/1494 2249/2476/1492
f 2254/2477/1493 2255/2473/1489 2249/2476/1492
f 296/2479/1495 2250/2474/1490 947/50/48
f 295/2480/1496 2251/2472/1488 2250/2474/1490
f 2250/2474/1490 2255/2473/1489 946/56/54
f 3135/170/164 222/2482/163 2252/2475/1491
f 222/2482/163 223/171/165 2253/2478/1494
f 294/2481/1497 2252/2475/1491 2251/2472/1488
f 3082/54/52 945/2484/51 2254/2477/1493
f 945/2484/51 946/56/54 2255/2473/1489
f 224/2483/161 2254/2477/1493 2253/2478/1494
s 1
f 2258/2485/1498 2256/2489/1502 2262/2486/1499
f 2259/2488/1501 2260/2491/1504 2256/2489/1502
f 2261/2490/1503 2262/2486/1499 2256/2489/1502
f 3196/2492/1505 2257/2487/1500 950/2493/67
f 3195/2494/1506 2258/2485/1498 2257/2487/1500
f 2257/2487/1500 2262/2486/1499 949/2495/72
f 3193/2496/17 228/19/18 2259/2488/1501
f 228/19/18 229/21/16 2260/2491/1504
f 3194/2497/1507 2259/2488/1501 2258/2485/1498
f 3113/15/15 948/2499/70 2261/2490/1503
f 948/2499/70 949/4134/72 2262/2486/1499
f 230/13/13 2261/2490/1503 2260/2491/1504
s 2
f 2264/2501/1508 2265/2505/1512 2263/2502/1509
f 2266/2504/1511 2267/2506/1513 2263/2502/1509
f 2269/2503/1510 2263/2502/1509 2267/2506/1513
f 3144/88/84 231/2509/128 2264/2501/1508
f 231/2509/128 232/4135/130 2265/2505/1512
f 953/2508/82 2264/2501/1508 2269/2503/1510
f 3086/2511/1515 2266/2504/1511 233/132/127
f 3085/2512/1516 2267/2506/1513 2266/2504/1511
f 2266/2504/1511 2265/2505/1512 232/2513/130
f 951/2514/88 2268/2507/1514 3084/2515/1517
f 952/2516/85 2269/2503/1510 2268/2507/1514
f 2268/2507/1514 2267/2506/1513 3085/2517/1516
f 2271/2518/1518 2272/2522/1522 2270/2519/1519
f 2273/2521/1521 2274/2523/1523 2270/2519/1519
f 2276/2520/1520 2270/2519/1519 2274/2523/1523
f 3152/127/122 240/2525/138 2271/2518/1518
f 240/2525/138 241/4136/140 2272/2522/1522
f 956/125/120 2271/2518/1518 2276/2520/1520
f 3090/2527/1525 2273/2521/1521 242/2528/148
f 3090/2527/1525 3089/3014/1527 2274/2523/1523
f 2273/2521/1521 2272/2522/1522 241/2529/140
f 954/2530/126 2275/2524/1524 3088/2531/1526
f 955/2532/123 2276/2520/1520 2275/2524/1524
f 2275/2524/1524 2274/2523/1523 3089/2533/1527
f 2279/2534/1528 2277/2538/1532 2283/2535/1529
f 2280/2537/1531 2281/2540/1534 2277/2538/1532
f 2282/2539/1533 2283/2535/1529 2277/2538/1532
f 3159/2541/1535 2278/2536/1530 959/144/139
f 3158/2542/1536 2279/2534/1528 2278/2536/1530
f 2278/2536/1530 2283/2535/1529 958/2543/145
f 243/2544/174 2280/2537/1531 3157/2545/1537
f 244/2546/176 2281/2540/1534 2280/2537/1531
f 3157/2545/1537 2280/2537/1531 2279/2534/1528
f 3095/148/143 957/147/142 2282/2539/1533
f 957/147/142 958/4137/145 2283/2535/1529
f 245/2547/182 2282/2539/1533 2281/2540/1534
f 2285/2548/1538 2286/2552/1542 2284/2549/1539
f 2287/2551/1541 2288/2553/1543 2284/2549/1539
f 2290/2550/1540 2284/2549/1539 2288/2553/1543
f 37/95/90 273/2556/91 2285/2548/1538
f 273/2556/91 274/4032/93 2286/2552/1542
f 962/2555/156 2285/2548/1538 2290/2550/1540
f 3121/2558/1545 2287/2551/1541 275/2559/89
f 3121/2558/1545 3122/3088/1547 2288/2553/1543
f 2287/2551/1541 2286/2552/1542 274/2560/93
f 960/2561/160 2289/2554/1544 3123/2562/1546
f 961/2557/158 2290/2550/1540 2289/2554/1544
f 2289/2554/1544 2288/2553/1543 3122/2563/1547
f 2293/2564/1548 2291/2568/1552 2297/2565/1549
f 2294/2567/1551 2295/2570/1554 2291/2568/1552
f 2296/2569/1553 2297/2565/1549 2291/2568/1552
f 317/2571/1555 2292/2566/1550 965/2572/175
f 316/375/1556 2293/2564/1548 2292/2566/1550
f 2292/2566/1550 2297/2565/1549 964/2573/181
f 3163/374/523 246/2575/524 2294/2567/1551
f 246/2575/524 247/4138/526 2295/2570/1554
f 315/2574/1557 2294/2567/1551 2293/2564/1548
f 3099/185/179 963/2577/178 2296/2569/1553
f 963/2577/178 964/4139/181 2297/2565/1549
f 248/2576/532 2296/2569/1553 2295/2570/1554
f 2300/2579/1558 2298/2583/1562 2304/2580/1559
f 2301/2582/1561 2302/2585/1564 2298/2583/1562
f 2303/2584/1563 2304/2580/1559 2298/2583/1562
f 3170/2586/1565 2299/2581/1560 968/2587/193
f 3169/2588/1566 2300/2579/1558 2299/2581/1560
f 2299/2581/1560 2304/2580/1559 967/2589/199
f 249/2590/211 2301/2582/1561 3168/2591/1567
f 250/2592/213 2302/2585/1564 2301/2582/1561
f 3168/2591/1567 2301/2582/1561 2300/2579/1558
f 3074/205/197 966/2594/196 2303/2584/1563
f 966/2594/196 967/207/199 2304/2580/1559
f 251/227/218 2303/2584/1563 2302/2585/1564
f 2307/2596/1568 2305/2600/1572 2311/2597/1569
f 2308/2599/1571 2309/2602/1574 2305/2600/1572
f 2310/2601/1573 2311/2597/1569 2305/2600/1572
f 326/430/1575 2306/2598/1570 971/2603/212
f 325/432/1576 2307/2596/1568 2306/2598/1570
f 2306/2598/1570 2311/2597/1569 970/2604/217
f 34/48/46 264/2607/47 2308/2599/1571
f 265/2606/49 2309/2602/1574 2308/2599/1571
f 324/2605/1577 2308/2599/1571 2307/2596/1568
f 3078/59/57 969/2609/215 2310/2601/1573
f 969/2609/215 970/226/217 2311/2597/1569
f 266/57/55 2310/2601/1573 2309/2602/1574
f 2313/2611/1578 2314/2615/1582 2312/2612/1579
f 2315/2614/1581 2316/2616/1583 2312/2612/1579
f 2318/2613/1580 2312/2612/1579 2316/2616/1583
f 171/1828/1585 2313/2611/1578 974/2618/227
f 172/1825/1586 2314/2615/1582 2313/2611/1578
f 2313/2611/1578 2318/2613/1580 973/2619/235
f 15/279/267 257/2620/266 2315/2614/1581
f 257/2620/266 256/4140/268 2316/2616/1583
f 173/1823/1587 2315/2614/1581 2314/2615/1582
f 972/2621/232 2317/2617/1584 255/2622/275
f 973/246/235 2318/2613/1580 2317/2617/1584
f 2317/2617/1584 2316/2616/1583 256/2623/268
f 2321/2624/1588 2319/2628/1592 2325/2625/1589
f 2322/2627/1591 2323/2630/1594 2319/2628/1592
f 2324/2629/1593 2325/2625/1589 2319/2628/1592
f 153/584/1595 2320/2626/1590 977/2631/248
f 154/586/1596 2321/2624/1588 2320/2626/1590
f 2320/2626/1590 2325/2625/1589 976/2632/254
f 263/2633/339 2322/2627/1591 155/580/1597
f 262/354/341 2323/2630/1594 2322/2627/1591
f 155/580/1597 2322/2627/1591 2321/2624/1588
f 33/170/252 975/2635/251 2324/2629/1593
f 975/2635/251 976/4040/254 2325/2625/1589
f 261/2634/346 2324/2629/1593 2323/2630/1594
f 2328/2637/1598 2326/2641/1602 2332/2638/1599
f 2329/2640/1601 2330/2643/1604 2326/2641/1602
f 2331/2642/1603 2332/2638/1599 2326/2641/1602
f 174/1811/1605 2327/2639/1600 980/277/265
f 175/1808/1606 2328/2637/1598 2327/2639/1600
f 2327/2639/1600 2332/2638/1599 979/2644/273
f 16/1004/833 269/1005/834 2329/2640/1601
f 269/1005/834 268/4141/836 2330/2643/1604
f 176/1807/1607 2329/2640/1601 2328/2637/1598
f 3140/283/271 978/2646/270 2331/2642/1603
f 978/2646/270 979/4041/273 2332/2638/1599
f 2331/2642/1603 2330/2643/1604 268/2647/836
f 2334/2648/1608 2335/2652/1612 2333/2649/1609
f 2336/2651/1611 2337/2653/1613 2333/2649/1609
f 2339/2650/1610 2333/2649/1609 2337/2653/1613
f 3043/298/285 272/323/310 2334/2648/1608
f 272/323/310 271/2658/312 2335/2652/1612
f 983/2655/283 2334/2648/1608 2339/2650/1610
f 36/88/307 300/2657/1615 2336/2651/1611
f 300/2657/1615 301/4142/1617 2337/2653/1613
f 2336/2651/1611 2335/2652/1612 271/2658/312
f 981/2659/289 2338/2654/1614 302/2660/1616
f 982/2661/286 2339/2650/1610 2338/2654/1614
f 2338/2654/1614 2337/2653/1613 301/2662/1617
f 2341/2663/1618 2342/2667/1622 2340/2664/1619
f 2343/2666/1621 2344/2668/1623 2340/2664/1619
f 2346/2665/1620 2340/2664/1619 2344/2668/1623
f 3047/317/304 278/341/328 2341/2663/1618
f 278/341/328 277/343/330 2342/2667/1622
f 986/2670/302 2341/2663/1618 2346/2665/1620
f 39/127/325 306/2673/1625 2343/2666/1621
f 306/2673/1625 307/129/1627 2344/2668/1623
f 2343/2666/1621 2342/2667/1622 277/2674/330
f 984/320/308 2345/2669/1624 308/2675/1626
f 985/2676/305 2346/2665/1620 2345/2669/1624
f 2345/2669/1624 2344/2668/1623 307/2677/1627
f 2348/2678/1628 2349/2682/1632 2347/2679/1629
f 2350/2681/1631 2351/2683/1633 2347/2679/1629
f 2353/2680/1630 2347/2679/1629 2351/2683/1633
f 3051/335/322 281/2686/355 2348/2678/1628
f 281/2686/355 280/4143/357 2349/2682/1632
f 989/2685/320 2348/2678/1628 2353/2680/1630
f 309/2688/1635 2350/2681/1631 279/378/365
f 309/2688/1635 310/2542/1637 2351/2683/1633
f 2350/2681/1631 2349/2682/1632 280/371/357
f 987/2689/326 2352/2684/1634 311/2690/1636
f 988/2687/323 2353/2680/1630 2352/2684/1634
f 2352/2684/1634 2351/2683/1633 310/2691/1637
f 2356/2692/1638 2354/2696/1642 2360/2693/1639
f 2357/2695/1641 2358/2698/1644 2354/2696/1642
f 2359/2697/1643 2360/2693/1639 2354/2696/1642
f 3069/2699/1645 2355/2694/1640 992/2700/340
f 3068/2701/1646 2356/2692/1638 2355/2694/1640
f 2355/2694/1640 2360/2693/1639 991/2702/345
f 3039/304/291 236/305/292 2357/2695/1641
f 236/305/292 235/307/294 2358/2698/1644
f 3067/2703/1647 2357/2695/1641 2356/2692/1638
f 3148/95/288 990/2706/343 2359/2697/1643
f 990/2706/343 991/4044/345 2360/2693/1639
f 234/2705/290 2359/2697/1643 2358/2698/1644
f 2363/2707/1648 2361/2711/1652 2367/2708/1649
f 2364/2710/1651 2365/2713/1654 2361/2711/1652
f 2366/2712/1653 2367/2708/1649 2361/2711/1652
f 3052/2714/1655 2362/2709/1650 995/370/356
f 3053/2715/1656 2363/2707/1648 2362/2709/1650
f 2362/2709/1650 2367/2708/1649 994/2716/362
f 3055/406/391 284/407/392 2364/2710/1651
f 283/409/394 2365/2713/1654 2364/2710/1651
f 3054/2717/1657 2364/2710/1651 2363/2707/1648
f 41/374/360 993/2719/359 2366/2712/1653
f 993/2719/359 994/376/362 2367/2708/1649
f 282/2718/399 2366/2712/1653 2365/2713/1654
f 2369/2720/1658 2370/2724/1662 2368/2721/1659
f 2371/2723/1661 2372/2725/1663 2368/2721/1659
f 2374/2722/1660 2368/2721/1659 2372/2725/1663
f 3030/389/375 287/2728/408 2369/2720/1658
f 287/2728/408 286/4047/410 2370/2724/1662
f 998/2727/373 2369/2720/1658 2374/2722/1660
f 318/2730/1665 2371/2723/1661 285/431/417
f 318/2730/1665 319/4144/1667 2372/2725/1663
f 2371/2723/1661 2370/2724/1662 286/2731/410
f 996/2732/378 2373/2726/1664 320/2733/1666
f 997/2729/376 2374/2722/1660 2373/2726/1664
f 2373/2726/1664 2372/2725/1663 319/2588/1667
f 2377/2734/1668 2375/2740/1674 2381/2735/1669
f 2379/2737/1671 2375/2740/1674 2377/2734/1668
f 2380/2739/1673 2381/2735/1669 2375/2740/1674
f 168/1844/1675 2376/2736/1670 1001/408/393
f 169/1846/1676 2377/2734/1668 2376/2736/1670
f 2376/2736/1670 2381/2735/1669 1000/2741/398
f 221/239/228 2378/2738/1672 170/1842/1677
f 220/241/230 2379/2737/1671 2378/2738/1672
f 2378/2738/1672 2377/2734/1668 169/1846/1676
f 3134/247/236 999/411/396 2380/2739/1673
f 999/411/396 1000/4145/398 2381/2735/1669
f 219/2742/238 2380/2739/1673 2379/2737/1671
f 2384/2743/1678 2382/2747/1682 2388/2744/1679
f 2385/2746/1681 2386/2749/1684 2382/2747/1682
f 2387/2748/1683 2388/2744/1679 2382/2747/1682
f 150/569/1685 2383/2745/1680 1004/2750/409
f 151/571/1686 2384/2743/1678 2383/2745/1680
f 2383/2745/1680 2388/2744/1679 1003/2751/414
f 8/258/246 227/2752/247 2385/2746/1681
f 226/261/249 2386/2749/1684 2385/2746/1681
f 152/567/1687 2385/2746/1681 2384/2743/1678
f 3139/48/255 1002/2754/412 2387/2748/1683
f 1002/2754/412 1003/4146/414 2388/2744/1679
f 225/268/257 2387/2748/1683 2386/2749/1684
f 2390/2756/1688 2391/2760/1692 2389/2757/1689
f 2393/2759/1691 2389/2757/1689 2391/2760/1692
f 2394/2762/1694 2395/2758/1690 2389/2757/1689
f 3179/2763/1695 2390/2756/1688 1007/2764/425
f 3179/2763/1695 3178/2769/1700 2391/2760/1692
f 2390/2756/1688 2395/2758/1690 1006/2765/427
f 3023/2766/1696 2392/2761/1693 3177/2767/1697
f 3024/2768/1699 2393/2759/1691 2392/2761/1693
f 2392/2761/1693 2391/2760/1692 3178/2769/1700
f 1005/2770/426 2394/2762/1694 3025/2771/1701
f 1006/445/427 2395/2758/1690 2394/2762/1694
f 3025/2771/1701 2394/2762/1694 2393/2759/1691
f 2398/2772/1702 2396/2776/1706 2402/2773/1703
f 2399/2775/1705 2400/2778/1708 2396/2776/1706
f 2401/2777/1707 2402/2773/1703 2396/2776/1706
f 293/2779/1709 2397/2774/1704 1010/458/437
f 292/2780/1710 2398/2772/1702 2397/2774/1704
f 2397/2774/1704 2402/2773/1703 1009/464/443
f 31/244/473 332/2782/474 2399/2775/1705
f 332/2782/474 331/4147/476 2400/2778/1708
f 291/2781/1711 2399/2775/1705 2398/2772/1702
f 3180/462/441 1008/461/440 2401/2777/1707
f 1008/461/440 1009/464/443 2402/2773/1703
f 330/501/482 2401/2777/1707 2400/2778/1708
s 3
f 2404/2784/1712 2405/2788/1716 2403/2785/1713
f 2406/2787/1715 2407/2789/1717 2403/2785/1713
f 2409/2786/1714 2403/2785/1713 2407/2789/1717
f 44/462/456 335/2792/499 2404/2784/1712
f 335/2792/499 334/4148/500 2405/2788/1716
f 1013/2791/454 2404/2784/1712 2409/2786/1714
f 351/2467/1719 2406/2787/1715 333/2794/497
f 352/2795/1720 2407/2789/1717 2406/2787/1715
f 2406/2787/1715 2405/2788/1716 334/2796/500
f 1011/2797/460 2408/2790/1718 353/2798/1721
f 1012/479/457 2409/2786/1714 2408/2790/1718
f 2408/2790/1718 2407/2789/1717 352/2799/1720
s 2
f 2412/2800/1722 2410/2804/1726 2416/2801/1723
f 2413/2803/1725 2414/2806/1728 2410/2804/1726
f 2415/2805/1727 2416/2801/1723 2410/2804/1726
f 299/2807/1729 2411/2802/1724 1016/495/475
f 298/2808/1730 2412/2800/1722 2411/2802/1724
f 2411/2802/1724 2416/2801/1723 1015/500/481
f 35/283/540 338/2810/541 2413/2803/1725
f 337/686/543 2414/2806/1728 2413/2803/1725
f 297/2809/1731 2413/2803/1725 2412/2800/1722
f 46/108/479 1014/2812/478 2415/2805/1727
f 1014/2812/478 1015/500/481 2416/2801/1723
f 336/2811/549 2415/2805/1727 2414/2806/1728
s 3
f 2418/2814/1732 2419/2818/1736 2417/2815/1733
f 2420/2817/1735 2421/2819/1737 2417/2815/1733
f 2423/2816/1734 2417/2815/1733 2421/2819/1737
f 3114/108/103 341/2822/102 2418/2814/1732
f 341/2822/102 340/4149/105 2419/2818/1736
f 1019/2821/491 2418/2814/1732 2423/2816/1734
f 357/2823/1739 2420/2817/1735 339/2824/112
f 357/2823/1739 358/4150/1741 2421/2819/1737
f 2420/2817/1735 2419/2818/1736 340/110/105
f 1017/516/496 2422/2820/1738 359/2826/1740
f 1018/514/493 2423/2816/1734 2422/2820/1738
f 2422/2820/1738 2421/2819/1737 358/2827/1741
s 2
f 2426/2828/515 2424/2832/515 2430/2829/515
f 2427/2831/515 2428/2834/515 2424/2832/515
f 2429/2833/515 2430/2829/515 2424/2832/515
f 146/2771/515 2425/2830/515 1022/2835/515
f 145/2768/515 2426/2828/515 2425/2830/515
f 2425/2830/515 2430/2829/515 1021/2836/515
f 3012/2837/515 3015/2838/515 2427/2831/515
f 3015/2838/515 3016/2985/515 2428/2834/515
f 144/2766/515 2427/2831/515 2426/2828/515
f 3005/598/515 1020/2840/515 2429/2833/515
f 1020/2840/515 1021/2836/515 2430/2829/515
f 3017/2839/515 2429/2833/515 2428/2834/515
f 2433/2842/515 2431/2846/515 2437/2843/515
f 2434/2845/515 2435/2847/515 2431/2846/515
f 2437/2843/515 2431/2846/515 2435/2847/515
f 386/612/515 2432/2844/515 1025/2849/515
f 385/610/515 2433/2842/515 2432/2844/515
f 1025/2849/515 2432/2844/515 2437/2843/515
f 17/304/515 177/2703/515 2434/2845/515
f 177/2703/515 178/2704/515 2435/2847/515
f 384/609/515 2434/2845/515 2433/2842/515
f 1023/655/515 2436/2848/515 179/2699/515
f 1024/653/515 2437/2843/515 2436/2848/515
f 2436/2848/515 2435/2847/515 178/2701/515
f 2440/2850/1742 2438/2854/1746 2444/2851/1743
f 2441/2853/1745 2442/2856/1748 2438/2854/1746
f 2443/2855/1747 2444/2851/1743 2438/2854/1746
f 323/415/1749 2439/2852/1744 1028/2857/525
f 322/2858/1750 2440/2850/1742 2439/2852/1744
f 2439/2852/1744 2444/2851/1743 1027/2859/530
f 32/247/435 344/2861/436 2441/2853/1745
f 343/468/438 2442/2856/1748 2441/2853/1745
f 321/2860/1751 2441/2853/1745 2440/2850/1742
f 3184/467/446 1026/671/528 2443/2855/1747
f 1026/671/528 1027/2859/530 2444/2851/1743
f 342/2863/444 2443/2855/1747 2442/2856/1748
f 2447/2865/1752 2445/2869/1756 2451/2866/1753
f 2448/2868/1755 2449/2871/1758 2445/2869/1756
f 2450/2870/1757 2451/2866/1753 2445/2869/1756
f 305/2872/1759 2446/2867/1754 1031/685/542
f 304/2873/1760 2447/2865/1752 2446/2867/1754
f 2446/2867/1754 2451/2866/1753 1030/690/548
f 237/2874/1761 2448/2868/1755 303/2875/1762
f 238/799/1764 2449/2871/1758 2448/2868/1755
f 303/2875/1762 2448/2868/1755 2447/2865/1752
f 29/10/546 1029/2877/545 2450/2870/1757
f 1029/2877/545 1030/4151/548 2451/2866/1753
f 239/2876/1765 2450/2870/1757 2449/2871/1758
s 4
f 2454/2878/1766 2452/2884/1772 2458/2879/1767
f 2456/2881/1769 2452/2884/1772 2454/2878/1766
f 2457/2883/1771 2458/2879/1767 2452/2884/1772
f 201/533/1773 2453/2880/1768 1034/703/560
f 201/533/1773 202/4152/1775 2454/2878/1766
f 2453/2880/1768 2458/2879/1767 1033/2885/566
f 456/2886/599 2455/2882/1770 203/530/1774
f 457/760/601 2456/2881/1769 2455/2882/1770
f 2455/2882/1770 2454/2878/1766 202/2887/1775
f 3270/707/564 1032/706/563 2457/2883/1771
f 1032/706/563 1033/4153/566 2458/2879/1767
f 458/767/608 2457/2883/1771 2456/2881/1769
f 2460/2888/1776 2461/2892/1780 2459/2889/1777
f 2462/2891/1779 2463/2893/1781 2459/2889/1777
f 2465/2890/1778 2459/2889/1777 2463/2893/1781
f 21/54/579 462/2896/782 2460/2888/1776
f 462/2896/782 463/2900/784 2461/2892/1780
f 1037/2895/577 2460/2888/1776 2465/2890/1778
f 59/2898/789 419/1173/1783 2462/2891/1779
f 419/1173/1783 418/1175/1785 2463/2893/1781
f 464/2899/791 2462/2891/1779 2461/2892/1780
f 1035/727/583 2464/2894/1782 417/1182/1784
f 1036/2901/580 2465/2890/1778 2464/2894/1782
f 2464/2894/1782 2463/2893/1781 418/1175/1785
s 5
f 2468/2902/589 2466/2906/590 2472/2903/590
f 2469/2905/590 2470/2908/589 2466/2906/590
f 2471/2907/590 2472/2903/590 2466/2906/590
f 137/600/590 2467/2904/590 1040/2909/589
f 136/601/589 2468/2902/589 2467/2904/590
f 2467/2904/590 2472/2903/590 1039/2910/589
f 2/2911/590 468/2912/590 2469/2905/590
f 468/2912/590 469/2915/590 2470/2908/589
f 135/596/589 2469/2905/590 2468/2902/589
f 3215/745/589 1038/2914/590 2471/2907/590
f 1038/2914/590 1039/4154/589 2472/2903/590
f 470/2913/590 2471/2907/590 2470/2908/589
s 4
f 2475/2916/1786 2473/2920/1790 2479/2917/1787
f 2476/2919/1789 2477/2922/1792 2473/2920/1790
f 2478/2921/1791 2479/2917/1787 2473/2920/1790
f 204/2923/1793 2474/2918/1788 1043/759/600
f 205/2924/1794 2475/2916/1786 2474/2918/1788
f 2474/2918/1788 2479/2917/1787 1042/2925/606
f 27/35/692 474/2927/693 2476/2919/1789
f 474/2927/693 475/2930/695 2477/2922/1792
f 206/2926/1795 2476/2919/1789 2475/2916/1786
f 3274/763/604 1041/2929/603 2478/2921/1791
f 1041/2929/603 1042/4155/606 2479/2917/1787
f 476/2928/702 2478/2921/1791 2477/2922/1792
f 2482/2931/1796 2480/2935/1800 2486/2932/1797
f 2483/2934/1799 2484/2937/1802 2480/2935/1800
f 2485/2936/1801 2486/2932/1797 2480/2935/1800
f 189/2938/1803 2481/2933/1798 1046/777/618
f 190/2517/1804 2482/2931/1796 2481/2933/1798
f 2481/2933/1798 2486/2932/1797 1045/2939/624
f 477/2940/711 2483/2934/1799 191/2511/1805
f 478/2941/713 2484/2937/1802 2483/2934/1799
f 191/2511/1805 2483/2934/1799 2482/2931/1796
f 3254/781/622 1044/2944/621 2485/2936/1801
f 1044/2944/621 1045/4156/624 2486/2932/1797
f 479/2943/720 2485/2936/1801 2484/2937/1802
f 2488/2946/1806 2489/2950/1810 2487/2947/1807
f 2490/2949/1809 2491/2951/1811 2487/2947/1807
f 2493/2948/1808 2487/2947/1807 2491/2951/1811
f 3124/795/635 486/2954/1813 2488/2946/1806
f 486/2954/1813 487/4157/1817 2489/2950/1810
f 1049/2953/638 2488/2946/1806 2493/2948/1808
f 3284/2956/1814 2490/2949/1809 488/2957/1815
f 3284/2956/1814 3285/3753/1819 2491/2951/1811
f 2490/2949/1809 2489/2950/1810 487/1044/1817
f 1047/801/641 2492/2952/1812 3286/2958/1818
f 1048/803/637 2493/2948/1808 2492/2952/1812
f 2492/2952/1812 2491/2951/1811 3285/2959/1819
f 2496/2960/1820 2494/2964/1824 2500/2961/1821
f 2497/2963/1823 2498/2966/1826 2494/2964/1824
f 2499/2965/1825 2500/2961/1821 2494/2964/1824
f 327/2967/1827 2495/2962/1822 1052/2968/656
f 328/2969/1828 2496/2960/1820 2495/2962/1822
f 2495/2962/1822 2500/2961/1821 1051/2970/662
f 492/938/765 2497/2963/1823 329/2971/1829
f 493/940/767 2498/2966/1826 2497/2963/1823
f 329/2971/1829 2497/2963/1823 2496/2960/1820
f 3237/821/660 1050/2973/659 2499/2965/1825
f 1050/2973/659 1051/4158/662 2500/2961/1821
f 494/2972/774 2499/2965/1825 2498/2966/1826
s 6
f 2503/2975/1830 2501/2979/1834 2507/2976/1831
f 2504/2978/1833 2505/2980/1835 2501/2979/1834
f 2507/2976/1831 2501/2979/1834 2505/2980/1835
f 140/2839/1837 2502/2977/1832 1055/2982/675
f 139/2841/1838 2503/2975/1830 2502/2977/1832
f 2502/2977/1832 2507/2976/1831 1054/2983/681
f 5/2837/1839 497/2984/1841 2504/2978/1833
f 497/2984/1841 496/4159/1843 2505/2980/1835
f 138/2838/1840 2504/2978/1833 2503/2975/1830
f 1053/2986/678 2506/2981/1836 495/2987/1842
f 1053/2986/678 1054/4160/681 2507/2976/1831
f 2506/2981/1836 2505/2980/1835 496/2988/1843
s 4
f 2510/2989/1844 2508/2993/1848 2514/2990/1845
f 2511/2992/1847 2512/2995/1850 2508/2993/1848
f 2513/2994/1849 2514/2990/1845 2508/2993/1848
f 207/2996/1851 2509/2991/1846 1058/2997/694
f 208/2998/1852 2510/2989/1844 2509/2991/1846
f 2509/2991/1846 2514/2990/1845 1057/2999/700
f 28/15/736 498/3001/735 2511/2992/1847
f 498/3001/735 499/4161/737 2512/2995/1850
f 209/3000/1853 2511/2992/1847 2510/2989/1844
f 3278/859/698 1056/858/697 2513/2994/1849
f 1056/858/697 1057/861/700 2514/2990/1845
f 500/3003/733 2513/2994/1849 2512/2995/1850
f 2517/3005/1854 2515/3009/1858 2521/3006/1855
f 2518/3008/1857 2519/3011/1860 2515/3009/1858
f 2520/3010/1859 2521/3006/1855 2515/3009/1858
f 192/3012/1861 2516/3007/1856 1061/3013/712
f 193/3014/1862 2517/3005/1854 2516/3007/1856
f 2516/3007/1856 2521/3006/1855 1060/878/718
f 501/3015/747 2518/3008/1857 194/2527/1863
f 502/3016/749 2519/3011/1860 2518/3008/1857
f 194/2527/1863 2518/3008/1857 2517/3005/1854
f 3258/876/716 1059/3018/715 2520/3010/1859
f 1059/3018/715 1060/4162/718 2521/3006/1855
f 503/3017/756 2520/3010/1859 2519/3011/1860
f 2523/3020/1864 2524/3024/1868 2522/3021/1865
f 2525/3023/1867 2526/3025/1869 2522/3021/1865
f 2528/3022/1866 2522/3021/1865 2526/3025/1869
f 3119/10/645 491/3028/644 2523/3020/1864
f 491/3028/644 490/807/646 2524/3024/1868
f 1064/3027/728 2523/3020/1864 2528/3022/1866
f 3287/800/640 3293/3029/1871 2525/3023/1867
f 3293/3029/1871 3292/3034/1873 2526/3025/1869
f 2525/3023/1867 2524/3024/1868 490/3030/646
f 1062/3031/732 2527/3026/1870 3291/3032/1872
f 1063/3033/730 2528/3022/1866 2527/3026/1870
f 2527/3026/1870 2526/3025/1869 3292/3034/1873
s 7
f 2530/3035/738 2531/3039/738 2529/3036/738
f 2532/3038/738 2533/3040/738 2529/3036/738
f 2535/3037/738 2529/3036/738 2533/3040/738
f 3/548/738 473/3043/738 2530/3035/738
f 473/3043/738 472/3047/738 2531/3039/738
f 1067/3042/738 2530/3035/738 2535/3037/738
f 53/3045/738 405/1206/738 2532/3038/738
f 405/1206/738 406/1209/738 2533/3040/738
f 471/3046/738 2532/3038/738 2531/3039/738
f 1065/908/738 2534/3041/738 407/1216/738
f 1066/3048/738 2535/3037/738 2534/3041/738
f 2534/3041/738 2533/3040/738 406/1209/738
s 4
f 2538/3049/1874 2536/3053/1878 2542/3050/1875
f 2539/3052/1877 2540/3055/1880 2536/3053/1878
f 2541/3054/1879 2542/3050/1875 2536/3053/1878
f 195/3056/1881 2537/3051/1876 1070/922/748
f 196/3057/1882 2538/3049/1874 2537/3051/1876
f 2537/3051/1876 2542/3050/1875 1069/3058/754
f 24/148/807 504/979/806 2539/3052/1877
f 504/979/806 505/4163/808 2540/3055/1880
f 197/3059/1883 2539/3052/1877 2538/3049/1874
f 3262/926/752 1068/3062/751 2541/3054/1879
f 1068/3062/751 1069/3058/754 2542/3050/1875
f 506/3061/804 2541/3054/1879 2540/3055/1880
f 2545/3063/1884 2543/3067/1888 2549/3064/1885
f 2546/3066/1887 2547/3069/1890 2543/3067/1888
f 2548/3068/1889 2549/3064/1885 2543/3067/1888
f 180/3070/1891 2544/3065/1886 1073/939/766
f 181/3071/1892 2545/3063/1884 2544/3065/1886
f 2544/3065/1886 2549/3064/1885 1072/3072/772
f 19/205/824 507/995/823 2546/3066/1887
f 507/995/823 508/3076/825 2547/3069/1890
f 182/3073/1893 2546/3066/1887 2545/3063/1884
f 3241/943/770 1071/3075/769 2548/3068/1889
f 1071/3075/769 1072/945/772 2549/3064/1885
f 509/3074/821 2548/3068/1889 2547/3069/1890
f 2552/3077/1894 2550/3081/1898 2556/3078/1895
f 2553/3080/1897 2554/3083/1900 2550/3081/1898
f 2555/3082/1899 2556/3078/1895 2550/3081/1898
f 215/3084/1901 2551/3079/1896 1076/3085/783
f 214/2563/1902 2552/3077/1894 2551/3079/1896
f 2551/3079/1896 2556/3078/1895 1075/3086/788
f 482/776/617 2553/3080/1897 213/3087/1903
f 481/786/619 2554/3083/1900 2553/3080/1897
f 213/3087/1903 2553/3080/1897 2552/3077/1894
f 3250/784/625 1074/3090/786 2555/3082/1899
f 1074/3090/786 1075/4164/788 2556/3078/1895
f 480/3089/627 2555/3082/1899 2554/3083/1900
f 2558/3091/1904 2559/3095/1908 2557/3092/1905
f 2560/3094/1907 2561/3096/1909 2557/3092/1905
f 2563/3093/1906 2557/3092/1905 2561/3096/1909
f 3101/185/558 461/3099/559 2558/3091/1904
f 461/3099/559 460/704/561 2559/3095/1908
f 1079/3098/799 2558/3091/1904 2563/3093/1906
f 63/3100/569 431/1922/1911 2560/3094/1907
f 431/1922/1911 430/1925/1913 2561/3096/1909
f 459/3101/567 2560/3094/1907 2559/3095/1908
f 1077/3103/803 2562/3097/1910 429/1930/1912
f 1078/3104/801 2563/3093/1906 2562/3097/1910
f 2562/3097/1910 2561/3096/1909 430/1925/1913
f 2565/3105/1914 2566/3109/1918 2564/3106/1915
f 2567/3108/1917 2568/3110/1919 2564/3106/1915
f 2570/3107/1916 2564/3106/1915 2568/3110/1919
f 20/59/587 467/3113/586 2565/3105/1914
f 467/3113/586 466/732/588 2566/3109/1918
f 1082/3112/816 2565/3105/1914 2570/3107/1916
f 58/726/582 416/1940/1921 2567/3108/1917
f 416/1940/1921 415/1942/1923 2568/3110/1919
f 2567/3108/1917 2566/3109/1918 466/732/588
f 1080/3116/820 2569/3111/1920 414/1947/1922
f 1081/3117/818 2570/3107/1916 2569/3111/1920
f 2569/3111/1920 2568/3110/1919 415/1942/1923
s 2
f 2573/3118/1924 2571/3122/1928 2577/3119/1925
f 2574/3121/1927 2575/3124/1930 2571/3122/1928
f 2576/3123/1929 2577/3119/1925 2571/3122/1928
f 371/1795/1304 2572/3120/1926 1085/3125/835
f 370/1793/1303 2573/3118/1924 2572/3120/1926
f 2572/3120/1926 2577/3119/1925 1084/3126/841
f 515/1033/1931 2574/3121/1927 369/1790/1301
f 514/1036/1932 2575/3124/1930 2574/3121/1927
f 369/1790/1301 2574/3121/1927 2573/3118/1924
f 3125/795/839 1083/1009/838 2576/3123/1929
f 1083/1009/838 1084/4165/841 2577/3119/1925
f 513/1041/1933 2576/3123/1929 2575/3124/1930
s 8
f 2579/3127/1934 2580/3131/1938 2578/3128/1935
f 2581/3130/1937 2582/3132/1939 2578/3128/1935
f 2584/3129/1936 2578/3128/1935 2582/3132/1939
f 4/1034/867 483/3135/1941 2579/3127/1934
f 483/3135/1941 484/4166/1945 2580/3131/1938
f 1088/3134/865 2579/3127/1934 2584/3129/1936
f 518/1134/1942 2581/3130/1937 485/3137/1943
f 518/1134/1942 517/1136/1947 2582/3132/1939
f 2581/3130/1937 2580/3131/1938 484/3139/1945
f 1086/3140/871 2583/3133/1940 516/1144/1946
f 1087/3141/868 2584/3129/1936 2583/3133/1940
f 2583/3133/1940 2582/3132/1939 517/3142/1947
s 9
f 2586/3143/1948 2587/3147/1952 2585/3144/1949
f 2588/3146/1951 2589/3148/1953 2585/3144/1949
f 2591/3145/1950 2585/3144/1949 2589/3148/1953
f 66/859/886 549/3151/1443 2586/3143/1948
f 549/3151/1443 550/4167/1445 2587/3147/1952
f 1091/3150/884 2586/3143/1948 2591/3145/1950
f 81/2035/1450 542/3154/1955 2588/3146/1951
f 542/3154/1955 541/3158/1957 2589/3148/1953
f 551/3153/1452 2588/3146/1951 2587/3147/1952
f 1089/3156/890 2590/3149/1954 540/3157/1956
f 1090/3152/887 2591/3145/1950 2590/3149/1954
f 2590/3149/1954 2589/3148/1953 541/3158/1957
f 2593/3159/1958 2594/3163/1962 2592/3160/1959
f 2595/3162/1961 2596/3164/1963 2592/3160/1959
f 2598/3161/1960 2592/3160/1959 2596/3164/1963
f 61/876/905 555/3167/955 2593/3159/1958
f 555/3167/955 556/1125/957 2594/3163/1962
f 1094/3166/903 2593/3159/1958 2598/3161/1960
f 78/1120/952 536/3169/1965 2595/3162/1961
f 536/3169/1965 535/4168/1967 2596/3164/1963
f 557/1122/954 2595/3162/1961 2594/3163/1962
f 1092/1070/909 2597/3165/1964 534/3170/1966
f 1093/1068/906 2598/3161/1960 2597/3165/1964
f 2597/3165/1964 2596/3164/1963 535/3171/1967
f 2600/3172/915 2601/3176/915 2599/3173/915
f 2602/3175/915 2603/3177/915 2599/3173/915
f 2605/3174/915 2599/3173/915 2603/3177/915
f 3207/1083/915 561/3179/915 2600/3172/915
f 561/3179/915 562/4169/915 2601/3176/915
f 1097/1081/915 2600/3172/915 2605/3174/915
f 70/3180/915 527/3182/915 2602/3175/915
f 527/3182/915 526/3186/915 2603/3177/915
f 563/3181/915 2602/3175/915 2601/3176/915
f 1095/3184/915 2604/3178/915 525/3185/915
f 1096/1089/915 2605/3174/915 2604/3178/915
f 2604/3178/915 2603/3177/915 526/3186/915
f 2607/3187/1968 2608/3191/1972 2606/3188/1969
f 2609/3190/1971 2610/3192/1973 2606/3188/1969
f 2612/3189/1970 2606/3188/1969 2610/3192/1973
f 68/784/930 567/3195/1010 2607/3187/1968
f 568/3194/1008 2608/3191/1972 2607/3187/1968
f 1100/1101/928 2607/3187/1968 2612/3189/1970
f 82/1192/1006 3362/3198/1975 2609/3190/1971
f 3362/3198/1975 3363/3202/1977 2610/3192/1973
f 569/3197/1009 2609/3190/1971 2608/3191/1972
f 1098/3200/934 2611/3193/1974 3364/3201/1976
f 1099/1102/931 2612/3189/1970 2611/3193/1974
f 2611/3193/1974 2610/3192/1973 3363/3202/1977
f 2614/3203/1978 2615/3207/1982 2613/3204/1979
f 2616/3206/1981 2617/3208/1983 2613/3204/1979
f 2619/3205/1980 2613/3204/1979 2617/3208/1983
f 62/926/949 573/3211/1361 2614/3203/1978
f 573/3211/1361 574/4109/1363 2615/3207/1982
f 1103/3210/947 2614/3203/1978 2619/3205/1980
f 79/1926/1358 539/3214/1985 2616/3206/1981
f 539/3214/1985 538/3218/1987 2617/3208/1983
f 575/3213/1360 2616/3206/1981 2615/3207/1982
f 1101/3216/953 2618/3209/1984 537/3217/1986
f 1102/1123/950 2619/3205/1980 2618/3209/1984
f 2618/3209/1984 2617/3208/1983 538/3218/1987
f 2622/3219/1988 2620/3223/1992 2626/3220/1989
f 2623/3222/1991 2624/3225/1994 2620/3223/1992
f 2625/3224/1993 2626/3220/1989 2620/3223/1992
f 566/3226/919 2621/3221/1990 1106/3227/965
f 565/3228/920 2622/3219/1988 2621/3221/1990
f 2621/3221/1990 2626/3220/1989 1105/3229/972
f 73/3230/916 548/3232/1995 2623/3222/1991
f 548/3232/1995 547/4170/1997 2624/3225/1994
f 564/3231/917 2623/3222/1991 2622/3219/1988
f 1104/1138/969 2625/3224/1993 546/3234/1996
f 1104/1138/969 1105/1141/972 2626/3220/1989
f 2625/3224/1993 2624/3225/1994 547/3235/1997
s 10
f 2628/3236/976 2629/3240/976 2627/3237/976
f 2630/3239/976 2631/3241/976 2627/3237/976
f 2633/3238/976 2627/3237/976 2631/3241/976
f 3212/1155/976 579/3243/976 2628/3236/976
f 579/3243/976 580/3247/976 2629/3240/976
f 1109/1153/976 2628/3236/976 2633/3238/976
f 3328/3244/976 3327/3246/976 2630/3239/976
f 3327/3246/976 3326/3251/976 2631/3241/976
f 581/3245/976 2630/3239/976 2629/3240/976
f 1107/3248/976 2632/3242/976 3325/3249/976
f 1108/3250/976 2633/3238/976 2632/3242/976
f 2632/3242/976 2631/3241/976 3326/3251/976
s 9
f 2635/3252/1998 2636/3256/2002 2634/3253/1999
f 2637/3255/2001 2638/3257/2003 2634/3253/1999
f 2640/3254/2000 2634/3253/1999 2638/3257/2003
f 3249/1108/937 572/3260/938 2635/3252/1998
f 571/3259/935 2636/3256/2002 2635/3252/1998
f 1112/1172/984 2635/3252/1998 2640/3254/2000
f 76/1103/933 530/3263/2005 2637/3255/2001
f 530/3263/2005 529/4171/2007 2638/3257/2003
f 570/3262/936 2637/3255/2001 2636/3256/2002
f 1110/3265/989 2639/3258/2004 528/3266/2006
f 1111/3267/986 2640/3254/2000 2639/3258/2004
f 2639/3258/2004 2638/3257/2003 529/3268/2007
f 2642/3269/2008 2643/3273/2012 2641/3270/2009
f 2644/3272/2011 2645/3274/2013 2641/3270/2009
f 2647/3271/2010 2641/3270/2009 2645/3274/2013
f 60/781/911 560/3278/912 2642/3269/2008
f 559/3277/914 2643/3273/2012 2642/3269/2008
f 1115/3276/1002 2642/3269/2008 2647/3271/2010
f 77/1069/908 533/3281/2015 2644/3272/2011
f 533/3281/2015 532/4172/2017 2645/3274/2013
f 558/3280/910 2644/3272/2011 2643/3273/2012
f 1113/3283/1007 2646/3275/2014 531/3284/2016
f 1114/1191/1004 2647/3271/2010 2646/3275/2014
f 2646/3275/2014 2645/3274/2013 532/3285/2017
s 11
f 2649/3286/1012 2650/3290/1012 2648/3287/1012
f 2651/3289/1012 2652/3291/1012 2648/3287/1012
f 2654/3288/1012 2648/3287/1012 2652/3291/1012
f 3222/1207/1012 587/3294/1012 2649/3286/1012
f 587/3294/1012 586/3299/1012 2650/3290/1012
f 1118/3293/1012 2649/3286/1012 2654/3288/1012
f 72/3296/1012 522/3298/1012 2651/3289/1012
f 522/3298/1012 523/3302/1012 2652/3291/1012
f 585/3297/1012 2651/3289/1012 2650/3290/1012
f 1116/3300/1012 2653/3292/1012 524/3301/1012
f 1117/1213/1012 2654/3288/1012 2653/3292/1012
f 2653/3292/1012 2652/3291/1012 523/3302/1012
s 30
f 2852/3700/1305 2853/3704/1305 2851/3701/1305
f 2854/3703/1305 2855/3705/1305 2851/3701/1305
f 2857/3702/1305 2851/3701/1305 2855/3705/1305
f 1/613/1305 453/3708/1305 2852/3700/1305
f 453/3708/1305 454/3711/1305 2853/3704/1305
f 1205/3707/1306 2852/3700/1305 2857/3702/1305
f 51/3709/1306 398/1154/1305 2854/3703/1305
f 398/1154/1305 397/1157/1305 2855/3705/1305
f 455/3710/1306 2854/3703/1305 2853/3704/1305
f 1203/3712/1305 2856/3706/1305 396/1163/1306
f 1204/1861/1306 2857/3702/1305 2856/3706/1305
f 2856/3706/1305 2855/3705/1305 397/1157/1305
s 31
f 2859/3713/1307 2860/3717/1308 2858/3714/1307
f 2861/3716/1307 2862/3718/1307 2858/3714/1307
f 2864/3715/1307 2858/3714/1307 2862/3718/1307
f 84/1787/1307 803/3721/1307 2859/3713/1307
f 803/3721/1307 802/3725/1307 2860/3717/1308
f 1208/3720/1307 2859/3713/1307 2864/3715/1307
f 50/3723/1307 410/1082/1308 2861/3716/1307
f 410/1082/1308 409/1085/1307 2862/3718/1307
f 801/3724/1307 2861/3716/1307 2860/3717/1308
f 1206/1876/1307 2863/3719/1307 408/1092/1307
f 1207/1878/1307 2864/3715/1307 2863/3719/1307
f 2863/3719/1307 2862/3718/1307 409/3726/1307
s 9
f 2866/3727/2228 2867/3731/2232 2865/3728/2229
f 2868/3730/2231 2869/3732/2233 2865/3728/2229
f 2871/3729/2230 2865/3728/2229 2869/3732/2233
f 57/943/1318 828/3735/1378 2866/3727/2228
f 828/3735/1378 829/4196/1380 2867/3731/2232
f 1211/3734/1316 2866/3727/2228 2871/3729/2230
f 119/1943/1375 779/3738/2235 2868/3730/2231
f 779/3738/2235 778/4197/2237 2869/3732/2233
f 830/3737/1377 2868/3730/2231 2867/3731/2232
f 1209/3740/1322 2870/3733/2234 777/3741/2236
f 1210/3742/1319 2871/3729/2230 2870/3733/2234
f 2870/3733/2234 2869/3732/2233 778/3743/2237
f 2874/3744/2238 2872/3748/2242 2878/3745/2239
f 2875/3747/2241 2876/3750/2244 2872/3748/2242
f 2877/3749/2243 2878/3745/2239 2872/3748/2242
f 446/2958/2245 2873/3746/2240 1214/1904/1335
f 445/2959/2246 2874/3744/2238 2873/3746/2240
f 2873/3746/2240 2878/3745/2239 1213/3751/1342
f 69/1037/973 578/3752/974 2875/3747/2241
f 578/3752/974 577/3754/971 2876/3750/2244
f 444/2956/2247 2875/3747/2241 2874/3744/2238
f 1212/1908/1340 2877/3749/2243 576/1137/968
f 1212/1908/1340 1213/4198/1342 2878/3745/2239
f 2877/3749/2243 2876/3750/2244 577/3754/971
f 2880/3755/2248 2881/3759/2252 2879/3756/2249
f 2882/3758/2251 2883/3760/2253 2879/3756/2249
f 2885/3757/2250 2879/3756/2249 2883/3760/2253
f 3266/1923/1355 837/3763/1408 2880/3755/2248
f 837/3763/1408 838/2001/1410 2881/3759/2252
f 1217/3762/1353 2880/3755/2248 2885/3757/2250
f 3591/3765/1417 815/3767/2255 2882/3758/2251
f 815/3767/2255 814/4199/2257 2883/3760/2253
f 839/3766/1415 2882/3758/2251 2881/3759/2252
f 1215/3769/1359 2884/3761/2254 813/3770/2256
f 1216/1924/1356 2885/3757/2250 2884/3761/2254
f 2884/3761/2254 2883/3760/2253 814/3771/2257
f 2887/3772/2258 2888/3776/2262 2886/3773/2259
f 2889/3775/2261 2890/3777/2263 2886/3773/2259
f 2892/3774/2260 2886/3773/2259 2890/3777/2263
f 3245/726/992 582/3780/993 2887/3772/2258
f 582/3780/993 583/4200/990 2888/3776/2262
f 1220/3779/1371 2887/3772/2258 2892/3774/2260
f 75/1176/988 812/3783/2265 2889/3775/2261
f 812/3783/2265 811/3787/2267 2890/3777/2263
f 584/3782/991 2889/3775/2261 2888/3776/2262
f 1218/3785/1376 2891/3778/2264 810/3786/2266
f 1219/3781/1373 2892/3774/2260 2891/3778/2264
f 2891/3778/2264 2890/3777/2263 811/3787/2267
s 32
f 2894/3788/1381 2895/3792/1381 2893/3789/1381
f 2896/3791/1381 2897/3793/1381 2893/3789/1381
f 2899/3790/1381 2893/3789/1381 2897/3793/1381
f 52/745/1381 840/3795/1381 2894/3788/1381
f 840/3795/1381 841/4201/1381 2895/3792/1381
f 1223/1956/1381 2894/3788/1381 2899/3790/1381
f 117/3797/1381 804/3799/1381 2896/3791/1381
f 804/3799/1381 805/4202/1381 2897/3793/1381
f 842/3798/1381 2896/3791/1381 2895/3792/1381
f 1221/3801/1381 2898/3794/1381 806/3802/1381
f 1222/3804/1381 2899/3790/1381 2898/3794/1381
f 2898/3794/1381 2897/3793/1381 805/3805/1381
s 9
f 2902/3806/2268 2900/3810/2272 2906/3807/2269
f 2903/3809/2271 2904/3812/2274 2900/3810/2272
f 2905/3811/2273 2906/3807/2269 2900/3810/2272
f 447/825/2275 2901/3808/2270 1226/3813/1391
f 448/827/2276 2902/3806/2268 2901/3808/2270
f 2901/3808/2270 2906/3807/2269 1225/3814/1396
f 56/3815/1324 833/3816/1325 2903/3809/2271
f 833/3816/1325 832/4203/1327 2904/3812/2274
f 449/819/2277 2903/3809/2271 2902/3806/2268
f 118/1890/1321 1224/1976/1394 2905/3811/2273
f 1224/1976/1394 1225/1978/1396 2906/3807/2269
f 831/1892/1323 2905/3811/2273 2904/3812/2274
f 2909/3818/2278 2907/3822/2282 2913/3819/2279
f 2910/3821/2281 2911/3823/2283 2907/3822/2282
f 2913/3819/2279 2907/3822/2282 2911/3823/2283
f 432/711/2285 2908/3820/2280 1229/3825/1407
f 433/714/2286 2909/3818/2278 2908/3820/2280
f 2908/3820/2280 2913/3819/2279 1228/3826/1409
f 64/707/1460 843/2045/1461 2910/3821/2281
f 843/2045/1461 844/2047/1463 2911/3823/2283
f 434/705/2287 2910/3821/2281 2909/3818/2278
f 1227/3827/1412 2912/3824/2284 845/2053/1469
f 1228/3828/1409 2913/3819/2279 2912/3824/2284
f 2912/3824/2284 2911/3823/2283 844/3829/1463
f 2915/3830/2288 2916/3834/2292 2914/3831/2289
f 2917/3833/2291 2918/3835/2293 2914/3831/2289
f 2920/3832/2290 2914/3831/2289 2918/3835/2293
f 404/844/2295 2915/3830/2288 1232/3837/1425
f 403/841/2296 2916/3834/2292 2915/3830/2288
f 1232/3837/1425 2915/3830/2288 2920/3832/2290
f 590/3839/1390 2917/3833/2291 402/838/2297
f 590/3839/1390 589/3843/1392 2918/3835/2293
f 402/838/2297 2917/3833/2291 2916/3834/2292
f 1230/3841/1431 2919/3836/2294 588/3842/1399
f 1231/2012/1428 2920/3832/2290 2919/3836/2294
f 2919/3836/2294 2918/3835/2293 589/3843/1392
f 2923/3844/2298 2921/3848/2302 2927/3845/2299
f 2924/3847/2301 2925/3850/2304 2921/3848/2302
f 2926/3849/2303 2927/3845/2299 2921/3848/2302
f 450/3032/2305 2922/3846/2300 1235/3851/1444
f 451/3034/2306 2923/3844/2298 2922/3846/2300
f 2922/3846/2300 2927/3845/2299 1234/3852/1449
f 67/800/1337 836/1905/1336 2924/3847/2301
f 836/1905/1336 835/1906/1338 2925/3850/2304
f 452/3029/2307 2924/3847/2301 2923/3844/2298
f 3628/1911/1343 1233/3854/1447 2926/3849/2303
f 1233/3854/1447 1234/4204/1449 2927/3845/2299
f 2926/3849/2303 2925/3850/2304 835/3855/1338
f 2930/3856/2308 2928/3860/2312 2934/3857/2309
f 2931/3859/2311 2932/3862/2314 2928/3860/2312
f 2933/3861/2313 2934/3857/2309 2928/3860/2312
f 435/766/2315 2929/3858/2310 1238/3863/1462
f 436/768/2316 2930/3856/2308 2929/3858/2310
f 2929/3858/2310 2934/3857/2309 1237/3864/1467
f 65/1057/892 554/3865/893 2931/3859/2311
f 554/3865/893 553/4074/895 2932/3862/2314
f 437/761/2317 2931/3859/2311 2930/3856/2308
f 80/1054/889 1236/3866/1465 2933/3861/2313
f 1236/3866/1465 1237/4112/1467 2934/3857/2309
f 552/1056/891 2933/3861/2313 2932/3862/2314
s 2
f 2936/3867/515 2937/3871/515 2935/3868/515
f 2938/3870/515 2939/3872/515 2935/3868/515
f 2941/3869/515 2935/3868/515 2939/3872/515
f 3597/3874/515 798/3877/515 2936/3867/515
f 799/3876/515 2937/3871/515 2936/3867/515
f 1241/3875/515 2936/3867/515 2941/3869/515
f 13/3879/515 167/3881/515 2938/3870/515
f 167/3881/515 166/3886/515 2939/3872/515
f 800/3880/515 2938/3870/515 2937/3871/515
f 1239/3882/515 2940/3873/515 165/3883/515
f 1240/3885/515 2941/3869/515 2940/3873/515
f 2940/3873/515 2939/3872/515 166/3886/515
s 33
f 2943/3887/1013 2944/3891/1013 2942/3888/1013
f 2945/3890/1013 2946/3892/1013 2942/3888/1013
f 2948/3889/1013 2942/3888/1013 2946/3892/1013
f 3607/3894/1013 809/3896/1013 2943/3887/1013
f 809/3896/1013 808/4205/1013 2944/3891/1013
f 1244/3895/1013 2943/3887/1013 2948/3889/1013
f 74/3898/1013 822/3900/1013 2945/3890/1013
f 822/3900/1013 823/4206/1013 2946/3892/1013
f 807/3899/1013 2945/3890/1013 2944/3891/1013
f 1242/3902/1013 2947/3893/1013 824/3903/1013
f 1243/3897/1013 2948/3889/1013 2947/3893/1013
f 2947/3893/1013 2946/3892/1013 823/3904/1013
f 2951/3905/1013 2949/3909/1013 2955/3906/1013
f 2952/3908/1013 2953/3910/1013 2949/3909/1013
f 2955/3906/1013 2949/3909/1013 2953/3910/1013
f 545/3912/1013 2950/3907/1013 1247/3913/1013
f 544/3914/1013 2951/3905/1013 2950/3907/1013
f 2950/3907/1013 2955/3906/1013 1246/3915/1013
f 3344/2282/1013 878/3917/1013 2952/3908/1013
f 878/3917/1013 877/2278/1013 2953/3910/1013
f 543/3916/1013 2952/3908/1013 2951/3905/1013
f 1245/3918/1013 2954/3911/1013 876/3919/1013
f 1245/3918/1013 1246/4207/1013 2955/3906/1013
f 2954/3911/1013 2953/3910/1013 877/2278/1013
f 2958/3920/1013 2956/3926/1013 2962/3921/1013
f 2960/3923/1013 2956/3926/1013 2958/3920/1013
f 2961/3925/1013 2962/3921/1013 2956/3926/1013
f 519/3927/1013 2957/3922/1013 1250/3928/1013
f 520/3929/1013 2958/3920/1013 2957/3922/1013
f 2957/3922/1013 2962/3921/1013 1249/3930/1013
f 887/3931/1013 2959/3924/1013 521/3932/1013
f 886/2315/1013 2960/3923/1013 2959/3924/1013
f 2959/3924/1013 2958/3920/1013 520/3933/1013
f 3356/2320/1013 1248/3935/1013 2961/3925/1013
f 1248/3935/1013 1249/4208/1013 2962/3921/1013
f 885/3934/1013 2961/3925/1013 2960/3923/1013
s 34
f 2964/3937/1013 2965/3941/1013 2963/3938/1013
f 2966/3940/1013 2967/3942/1013 2963/3938/1013
f 2969/3939/1013 2963/3938/1013 2967/3942/1013
f 127/2348/1013 900/3945/1013 2964/3937/1013
f 900/3945/1013 901/3949/1013 2965/3941/1013
f 1253/3944/1013 2964/3937/1013 2969/3939/1013
f 924/3947/1470 2966/3940/1013 902/3948/1013
f 924/3947/1470 925/4209/1470 2967/3942/1013
f 2966/3940/1013 2965/3941/1013 901/3949/1013
f 1251/2352/1013 2968/3943/1013 926/3950/1470
f 1252/3946/1013 2969/3939/1013 2968/3943/1013
f 2968/3943/1013 2967/3942/1013 925/3952/1470
f 2972/3953/515 2970/3957/515 2976/3954/515
f 2973/3956/515 2974/3959/515 2970/3957/515
f 2975/3958/515 2976/3954/515 2970/3957/515
f 930/2415/1475 2971/3955/515 1256/3960/515
f 931/2412/1475 2972/3953/515 2971/3955/515
f 2971/3955/515 2976/3954/515 1255/3961/515
f 129/3962/1475 911/3963/515 2973/3956/515
f 911/3963/515 910/4210/515 2974/3959/515
f 932/2409/1475 2973/3956/515 2972/3953/515
f 131/3964/515 1254/3966/515 2975/3958/515
f 1254/3966/515 1255/2374/515 2976/3954/515
f 909/3965/515 2975/3958/515 2974/3959/515
f 2979/3968/515 2977/3972/515 2983/3969/515
f 2980/3971/515 2981/3974/515 2977/3972/515
f 2982/3973/515 2983/3969/515 2977/3972/515
f 935/3975/515 2978/3970/515 1259/3976/515
f 934/3977/515 2979/3968/515 2978/3970/515
f 2978/3970/515 2983/3969/515 1258/2393/515
f 131/3978/515 906/3980/515 2980/3971/515
f 906/3980/515 907/3982/515 2981/3974/515
f 933/3979/515 2980/3971/515 2979/3968/515
f 130/2391/1472 1257/2390/515 2982/3973/515
f 1257/2390/515 1258/2393/515 2983/3969/515
f 908/3981/515 2982/3973/515 2981/3974/515
f 2986/3983/915 2984/3987/915 2990/3984/915
f 2987/3986/915 2988/3989/915 2984/3987/915
f 2989/3988/915 2990/3984/915 2984/3987/915
f 939/2444/1477 2985/3985/915 1262/3990/915
f 940/2447/1477 2986/3983/915 2985/3985/915
f 2985/3985/915 2990/3984/915 1261/3991/915
f 132/2451/1477 915/3992/915 2987/3986/915
f 915/3992/915 916/4211/915 2988/3989/915
f 941/2453/1477 2987/3986/915 2986/3983/915
f 129/2411/1475 1260/2410/915 2989/3988/915
f 1260/2410/915 1261/2413/915 2990/3984/915
f 917/3994/915 2989/3988/915 2988/3989/915
f 2993/3996/1012 2991/4000/1012 2997/3997/1012
f 2994/3999/1012 2995/4002/1012 2991/4000/1012
f 2996/4001/1012 2997/3997/1012 2991/4000/1012
f 938/4003/1472 2992/3998/1012 1265/4004/1012
f 937/4006/1472 2993/3996/1012 2992/3998/1012
f 2992/3998/1012 2997/3997/1012 1264/2432/1012
f 130/4007/1472 923/4009/1012 2994/3999/1012
f 923/4009/1012 922/4013/1012 2995/4002/1012
f 936/4008/1472 2994/3999/1012 2993/3996/1012
f 134/4011/1470 1263/2429/1012 2996/4001/1012
f 1263/2429/1012 1264/2432/1012 2997/3997/1012
f 921/4012/1012 2996/4001/1012 2995/4002/1012
f 2999/4014/1013 3000/4018/1013 2998/4015/1013
f 3001/4017/1013 3002/4019/1013 2998/4015/1013
f 3004/4016/1013 2998/4015/1013 3002/4019/1013
f 126/2445/1474 896/4021/1013 2999/4014/1013
f 896/4021/1013 895/4025/1013 3000/4018/1013
f 1268/2443/1013 2999/4014/1013 3004/4016/1013
f 929/4022/1013 3001/4017/1013 894/4023/1013
f 929/4022/1013 928/4212/1013 3002/4019/1013
f 3001/4017/1013 3000/4018/1013 895/4025/1013
f 1266/2448/1013 3003/4020/1013 927/4026/1013
f 1267/2450/1013 3004/4016/1013 3003/4020/1013
f 3003/4020/1013 3002/4019/1013 928/4027/1013
s 12
g Puerta_Material.001
usemtl Material.001
f 1754/1218/515 1758/1219/515 1753/1220/515
f 1755/1221/515 1752/1222/515 1754/1218/515
f 1757/1223/515 1752/1222/515 1756/1224/515
f 1121/1225/515 633/1226/515 89/1227/515
f 1120/1228/515 1753/1220/515 1121/1225/515
f 1753/1220/515 634/1229/515 633/1226/515
f 3395/1230/515 1755/1221/515 1119/1231/515
f 3397/1232/515 1756/1224/515 1755/1221/515
f 1119/1231/515 1754/1218/515 1120/1233/515
f 635/1234/515 3399/1235/515 3400/1236/515
f 635/1234/515 1758/1219/515 1757/1223/515
f 1757/1223/515 3398/1237/515 3399/1235/515
f 1761/1238/515 1765/1239/515 1760/1240/515
f 1762/1241/515 1759/1242/515 1761/1238/515
f 1764/1243/515 1759/1242/515 1763/1244/515
f 1124/1245/515 636/1246/515 88/1247/515
f 1123/1248/515 1760/1240/515 1124/1245/515
f 1760/1240/515 637/1249/515 636/1246/515
f 3400/1236/515 1762/1241/515 1122/1250/515
f 3402/1251/515 1763/1244/515 1762/1241/515
f 1122/1250/515 1761/1238/515 1123/1252/515
f 638/1253/515 3404/1254/515 3405/1255/515
f 637/1256/515 1764/1243/515 638/1253/515
f 1764/1243/515 3403/1257/515 3404/1254/515
f 1768/1258/515 1772/1259/515 1767/1260/515
f 1769/1261/515 1766/1262/515 1768/1258/515
f 1772/1259/515 1770/1263/515 1771/1264/515
f 1127/1265/515 651/1266/515 3410/1267/515
f 1126/1268/515 1767/1260/515 1127/1265/515
f 1767/1260/515 652/1269/515 651/1266/515
f 3431/1270/515 1769/1261/515 1125/1271/515
f 645/1272/515 1770/1263/515 1769/1261/515
f 1125/1271/515 1768/1258/515 1126/1273/515
f 653/1274/515 647/1275/515 87/1276/515
f 652/1277/515 1771/1264/515 653/1274/515
f 1771/1264/515 646/1278/515 647/1275/515
f 1775/1279/515 1779/1280/515 1774/1281/515
f 1777/1282/515 1775/1279/515 1776/1283/515
f 1778/1284/515 1773/1285/515 1777/1282/515
f 1130/1286/515 3424/1287/515 3425/1288/515
f 1130/1286/515 1775/1279/515 1774/1281/515
f 1774/1281/515 3423/1289/515 3424/1287/515
f 3417/1290/515 1128/1291/515 3416/1292/515
f 3418/1293/515 1776/1283/515 3417/1290/515
f 1776/1283/515 1129/1294/515 1128/1291/515
f 3420/1295/515 1778/1284/515 3419/1296/515
f 3422/1297/515 1779/1280/515 1778/1284/515
f 3419/1296/515 1777/1282/515 3418/1293/515
f 1781/1298/515 1780/1299/515 1786/1300/515
f 1784/1301/515 1782/1302/515 1783/1303/515
f 1785/1304/515 1780/1299/515 1784/1301/515
f 3410/1267/515 1781/1298/515 3409/1305/515
f 1133/1306/515 1782/1302/515 1781/1298/515
f 1781/1298/515 3408/1307/515 3409/1305/515
f 636/1308/515 1131/1309/515 88/1247/515
f 637/1310/515 1783/1303/515 636/1308/515
f 1783/1303/515 1132/1311/515 1131/1309/515
f 3405/1255/515 1785/1304/515 638/1312/515
f 3407/1313/515 1786/1300/515 1785/1304/515
f 638/1312/515 1784/1301/515 637/1310/515
f 1789/1314/515 1793/1315/515 1788/1316/515
f 1790/1317/515 1787/1318/515 1789/1314/515
f 1792/1319/515 1787/1318/515 1791/1320/515
f 647/1275/515 650/1321/515 87/1276/515
f 646/1322/515 1788/1316/515 647/1275/515
f 1788/1316/515 649/1323/515 650/1321/515
f 3447/1324/515 645/1325/515 3431/1270/515
f 3448/1326/515 1790/1317/515 3447/1324/515
f 1790/1317/515 646/1327/515 645/1325/515
f 3440/1328/515 1792/1319/515 3449/1329/515
f 648/1330/515 1793/1315/515 1792/1319/515
f 3449/1329/515 1791/1320/515 3448/1331/515
f 1796/1332/515 1800/1333/515 1795/1334/515
f 1797/1335/515 1794/1336/515 1796/1332/515
f 1799/1337/515 1794/1336/515 1798/1338/515
f 650/1321/515 657/1339/515 87/1276/515
f 649/1340/515 1795/1334/515 650/1321/515
f 1795/1334/515 658/1341/515 657/1339/515
f 3439/1342/515 648/1343/515 3440/1328/515
f 3439/1342/515 1798/1338/515 1797/1335/515
f 648/1343/515 1796/1332/515 649/1344/515
f 3435/1345/515 1799/1337/515 3437/1346/515
f 659/1347/515 1800/1333/515 1799/1337/515
f 3437/1346/515 1798/1338/515 3438/1348/515
f 1803/1349/515 1807/1350/515 1802/1351/515
f 1804/1352/515 1801/1353/515 1803/1349/515
f 1806/1354/515 1801/1353/515 1805/1355/515
f 1136/1356/515 3455/1357/515 3443/1358/515
f 1135/1359/515 1802/1351/515 1136/1356/515
f 1802/1351/515 3456/1360/515 3455/1357/515
f 3435/1345/515 1804/1352/515 1134/1361/515
f 3451/1362/515 1804/1352/515 3450/1363/515
f 1134/1361/515 1803/1349/515 1135/1364/515
f 3453/1365/515 1806/1354/515 3452/1366/515
f 3457/1367/515 1807/1350/515 1806/1354/515
f 3452/1366/515 1805/1355/515 3451/1368/515
s 13
f 1809/1369/1013 1808/1370/1013 1814/1371/1013
f 1812/1372/1013 1810/1373/1013 1811/1374/1013
f 1813/1375/1013 1808/1370/1013 1812/1372/1013
f 3475/1376/1013 1809/1369/1013 3477/1377/1013
f 1139/1378/1013 1810/1373/1013 1809/1369/1013
f 3477/1377/1013 1814/1371/1013 3478/1379/1013
f 702/1380/1013 1137/1381/1013 3468/1382/1013
f 703/1383/1013 1811/1374/1013 702/1380/1013
f 1811/1374/1013 1138/1384/1013 1137/1381/1013
f 3479/1385/1013 704/1386/1013 3480/1387/1013
f 3478/1388/1013 1813/1375/1013 3479/1385/1013
f 704/1386/1013 1812/1372/1013 703/1389/1013
f 1816/1390/1013 1815/1391/1013 1821/1392/1013
f 1819/1393/1013 1817/1394/1013 1818/1395/1013
f 1820/1396/1013 1815/1391/1013 1819/1393/1013
f 3480/1387/1013 1816/1390/1013 3482/1397/1013
f 1142/1398/1013 1817/1394/1013 1816/1390/1013
f 3482/1397/1013 1821/1392/1013 3483/1399/1013
f 705/1400/1013 1140/1401/1013 3463/1402/1013
f 706/1403/1013 1818/1395/1013 705/1400/1013
f 1818/1395/1013 1141/1404/1013 1140/1401/1013
f 3484/1405/1013 707/1406/1013 3485/1407/1013
f 3483/1399/1013 1820/1396/1013 3484/1405/1013
f 1820/1396/1013 706/1408/1013 707/1406/1013
f 1824/1409/1013 1828/1410/1013 1823/1411/1013
f 1826/1412/1013 1824/1409/1013 1825/1413/1013
f 1827/1414/1013 1822/1415/1013 1826/1412/1013
f 1145/1416/1013 708/1417/1013 3490/1418/1013
f 1145/1416/1013 1824/1409/1013 1823/1411/1013
f 1823/1411/1013 709/1419/1013 708/1417/1013
f 3509/1420/1013 1143/1421/1013 3510/1422/1013
f 3508/1423/1013 1825/1413/1013 3509/1420/1013
f 1825/1413/1013 1144/1424/1013 1143/1421/1013
f 3505/1425/1013 1827/1414/1013 3507/1426/1013
f 710/1427/1013 1828/1410/1013 1827/1414/1013
f 3507/1426/1013 1826/1412/1013 3508/1428/1013
f 1831/1429/1013 1835/1430/1013 1830/1431/1013
f 1832/1432/1013 1829/1433/1013 1831/1429/1013
f 1835/1430/1013 1833/1434/1013 1834/1435/1013
f 1148/1436/1013 710/1437/1013 3505/1425/1013
f 1147/1438/1013 1830/1431/1013 1148/1436/1013
f 1830/1431/1013 709/1439/1013 710/1437/1013
f 3495/1440/1013 1832/1432/1013 1146/1441/1013
f 3494/1442/1013 1833/1434/1013 1832/1432/1013
f 1146/1441/1013 1831/1429/1013 1147/1443/1013
f 708/1444/1013 3492/1445/1013 3490/1418/1013
f 708/1444/1013 1835/1430/1013 1834/1435/1013
f 1834/1435/1013 3493/1446/1013 3492/1445/1013
f 1838/1447/1013 1842/1448/1013 1837/1449/1013
f 1839/1450/1013 1836/1451/1013 1838/1447/1013
f 1841/1452/1013 1836/1451/1013 1840/1453/1013
f 1151/1454/1013 705/1400/1013 3463/1402/1013
f 1150/1455/1013 1837/1449/1013 1151/1454/1013
f 1837/1449/1013 706/1456/1013 705/1400/1013
f 3490/1418/1013 1839/1450/1013 1149/1457/1013
f 3488/1458/1013 1839/1450/1013 3489/1459/1013
f 1149/1457/1013 1838/1447/1013 1150/1460/1013
f 3485/1461/1013 1841/1452/1013 3487/1462/1013
f 707/1463/1013 1842/1448/1013 1841/1452/1013
f 3487/1462/1013 1840/1453/1013 3488/1458/1013
f 1845/1464/1013 1849/1465/1013 1844/1466/1013
f 1846/1467/1013 1843/1468/1013 1845/1464/1013
f 1848/1469/1013 1843/1468/1013 1847/1470/1013
f 719/1471/1013 716/1472/1013 3458/1473/1013
f 718/1474/1013 1844/1466/1013 719/1471/1013
f 1844/1466/1013 715/1475/1013 716/1472/1013
f 3520/1476/1013 1846/1467/1013 717/1477/1013
f 3529/1478/1013 1847/1470/1013 1846/1467/1013
f 717/1477/1013 1845/1464/1013 718/1479/1013
f 714/1480/1013 3527/1481/1013 3510/1422/1013
f 715/1482/1013 1848/1469/1013 714/1480/1013
f 1848/1469/1013 3528/1483/1013 3527/1481/1013
f 1852/1484/1013 1856/1485/1013 1851/1486/1013
f 1853/1487/1013 1850/1488/1013 1852/1484/1013
f 1855/1489/1013 1850/1488/1013 1854/1490/1013
f 726/1491/1013 719/1492/1013 3458/1473/1013
f 727/1493/1013 1851/1486/1013 726/1491/1013
f 1851/1486/1013 718/1494/1013 719/1492/1013
f 3515/1495/1013 1853/1487/1013 728/1496/1013
f 3517/1497/1013 1854/1490/1013 1853/1487/1013
f 728/1496/1013 1852/1484/1013 727/1498/1013
f 717/1499/1013 3519/1500/1013 3520/1501/1013
f 717/1499/1013 1856/1485/1013 1855/1489/1013
f 3519/1500/1013 1854/1490/1013 3518/1502/1013
f 1858/1503/1013 1857/1504/1013 1863/1505/1013
f 1861/1506/1013 1859/1507/1013 1860/1508/1013
f 1863/1505/1013 1861/1506/1013 1862/1509/1013
f 1154/1510/1013 3524/1511/1013 3522/1512/1013
f 1154/1510/1013 1859/1507/1013 1858/1503/1013
f 3524/1511/1013 1863/1505/1013 3525/1513/1013
f 728/1514/1013 1152/1515/1013 3515/1495/1013
f 727/1516/1013 1860/1508/1013 728/1514/1013
f 1860/1508/1013 1153/1517/1013 1152/1515/1013
f 3526/1518/1013 726/1519/1013 3458/1473/1013
f 3525/1520/1013 1862/1509/1013 3526/1518/1013
f 726/1519/1013 1861/1506/1013 727/1521/1013
s 14
f 1865/1522/1014 1864/1523/1015 1870/1524/1014
f 1868/1525/1014 1866/1526/1014 1867/1527/1015
f 1869/1528/1014 1864/1523/1015 1868/1525/1014
f 3534/1529/1014 1865/1522/1014 3541/1530/1014
f 1157/1531/1014 1866/1526/1014 1865/1522/1014
f 3541/1530/1014 1870/1524/1014 3542/1532/1014
f 654/1357/1014 1155/1533/1014 86/1358/1014
f 655/1360/1014 1867/1527/1015 654/1357/1014
f 1867/1527/1015 1156/1534/1014 1155/1533/1014
f 3454/1365/1014 1869/1528/1014 656/1367/1014
f 3543/1535/1014 1870/1524/1014 1869/1528/1014
f 656/1367/1014 1868/1525/1014 655/1360/1014
s 15
f 1872/1536/1016 1871/1537/1017 1877/1538/1018
f 1875/1539/1019 1873/1540/1020 1874/1541/1021
f 1876/1542/1022 1871/1537/1017 1875/1539/1019
f 3506/1543/1023 1872/1536/1016 3547/1544/1024
f 1160/1545/1025 1873/1540/1020 1872/1536/1016
f 3547/1544/1024 1877/1538/1018 3548/1546/1026
f 3429/1547/1027 1158/1548/1028 3430/1270/1029
f 3428/1549/1030 1874/1541/1021 3429/1547/1027
f 1874/1541/1021 1159/1550/1031 1158/1548/1028
f 3426/1288/1032 1876/1542/1022 3427/1551/1033
f 3549/1552/1034 1877/1538/1018 1876/1542/1022
f 3427/1551/1033 1875/1539/1019 3428/1553/1030
s 16
f 1879/1554/1035 1878/1555/1036 1884/1556/1037
f 1882/1557/1038 1880/1558/1039 1881/1559/1040
f 1883/1560/1041 1878/1555/1036 1882/1557/1038
f 3476/1561/1042 1879/1554/1035 3553/1562/1043
f 1163/1563/1044 1880/1558/1039 1879/1554/1035
f 3553/1562/1043 1884/1556/1037 3554/1564/1045
f 602/1235/1046 1161/1565/1047 91/1236/1048
f 601/1237/1049 1881/1559/1040 602/1235/1046
f 1881/1559/1040 1162/1566/1050 1161/1565/1047
f 99/1567/1051 1883/1560/1041 600/1232/1052
f 3555/1568/1053 1884/1556/1037 1883/1560/1041
f 600/1232/1052 1882/1557/1038 601/1237/1049
s 17
f 1886/1569/1054 1885/1570/1055 1891/1571/1056
f 1889/1572/1057 1887/1573/1058 1888/1574/1059
f 1890/1575/1060 1885/1570/1055 1889/1572/1057
f 3474/1576/1061 1886/1569/1054 3556/1577/1062
f 1166/1578/1063 1887/1573/1058 1886/1569/1054
f 3556/1577/1062 1891/1571/1056 3557/1579/1064
f 3432/1580/1065 1164/1581/1066 3396/1567/1067
f 3433/1582/1068 1888/1574/1059 3432/1580/1065
f 1888/1574/1059 1165/1583/1069 1164/1581/1066
f 3394/1584/1070 1890/1575/1060 3434/1585/1071
f 3558/1586/1072 1891/1571/1056 1890/1575/1060
f 3434/1585/1071 1889/1572/1057 3433/1582/1068
s 18
f 1893/1587/1073 1892/1588/1074 1898/1589/1075
f 1896/1590/1076 1894/1591/1077 1895/1592/1078
f 1897/1593/1079 1892/1588/1074 1896/1590/1076
f 3481/1594/1080 1893/1587/1073 3552/1595/1081
f 1169/1596/1082 1894/1591/1077 1893/1587/1073
f 3552/1595/1081 1898/1589/1075 3551/1597/1083
f 605/1254/1084 1167/1598/1085 92/1599/1086
f 604/1257/1087 1895/1592/1078 605/1254/1084
f 1895/1592/1078 1168/1600/1088 1167/1598/1085
f 3401/1236/1089 1897/1593/1079 603/1251/1090
f 3550/1601/1091 1898/1589/1075 1897/1593/1079
f 603/1251/1090 1896/1590/1076 604/1257/1087
s 19
f 1900/1602/1092 1899/1603/1093 1905/1604/1094
f 1903/1605/1095 1901/1606/1096 1902/1607/1097
f 1904/1608/1098 1899/1603/1093 1903/1605/1095
f 3516/1609/1099 1900/1602/1092 3562/1610/1100
f 1172/1611/1101 1901/1606/1096 1900/1602/1092
f 3562/1610/1100 1905/1604/1094 3563/1612/1102
f 644/1366/1103 1170/1613/1104 85/1614/1105
f 643/1368/1106 1902/1607/1097 644/1366/1103
f 1902/1607/1097 1171/1615/1107 1170/1613/1104
f 3436/1345/1108 1904/1608/1098 642/1363/1109
f 3564/1616/1110 1905/1604/1094 1904/1608/1098
f 642/1363/1109 1903/1605/1095 643/1362/1106
s 20
f 1907/1617/1111 1906/1618/1112 1912/1619/1113
f 1910/1620/1114 1908/1621/1115 1909/1622/1116
f 1911/1623/1117 1906/1618/1112 1910/1620/1114
f 3521/1624/1118 1907/1617/1111 3565/1625/1119
f 1175/1626/1120 1908/1621/1115 1907/1617/1111
f 3565/1625/1119 1912/1619/1113 3566/1627/1121
f 624/1346/1122 1173/1628/1123 100/1345/1124
f 625/1348/1125 1909/1622/1116 624/1346/1122
f 1909/1622/1116 1174/1629/1126 1173/1628/1123
f 3441/1328/1127 1911/1623/1117 626/1342/1128
f 3567/1630/1129 1912/1619/1113 1911/1623/1117
f 626/1342/1128 1910/1620/1114 625/1631/1125
s 21
f 1914/1632/1130 1913/1633/1131 1919/1634/1132
f 1917/1635/1133 1915/1636/1134 1916/1637/1135
f 1918/1638/1136 1913/1633/1131 1917/1635/1133
f 3486/1639/1137 1914/1632/1130 3561/1640/1138
f 1178/1641/1139 1915/1636/1134 1914/1632/1130
f 3561/1640/1138 1919/1634/1132 3560/1642/1140
f 608/1305/1141 1176/1643/1142 93/1267/1143
f 607/1307/1144 1916/1637/1135 608/1305/1141
f 1916/1637/1135 1177/1644/1145 1176/1643/1142
f 3406/1599/1146 1918/1638/1136 606/1313/1147
f 3559/1645/1148 1919/1634/1132 1918/1638/1136
f 606/1313/1147 1917/1635/1133 607/1307/1144
s 22
f 1921/1646/1149 1920/1647/1150 1926/1648/1151
f 1924/1649/1152 1922/1650/1153 1923/1651/1154
f 1925/1652/1155 1920/1647/1150 1924/1649/1152
f 3523/1653/1156 1921/1646/1149 3540/1654/1157
f 1181/1655/1158 1922/1650/1153 1921/1646/1149
f 3540/1654/1157 1926/1648/1151 3539/1656/1159
f 3446/1657/1160 1179/1658/1161 3379/1276/1162
f 3445/1659/1163 1923/1651/1154 3446/1657/1160
f 1923/1651/1154 1180/1660/1164 1179/1658/1161
f 3442/1661/1165 1925/1652/1155 3444/1662/1166
f 3538/1663/1167 1926/1648/1151 1925/1652/1155
f 3444/1662/1166 1924/1649/1152 3445/1664/1163
s 23
f 1928/1665/1168 1927/1666/1169 1933/1667/1170
f 1931/1668/1171 1929/1669/1172 1930/1670/1173
f 1932/1671/1174 1927/1666/1169 1931/1668/1171
f 3491/1672/1175 1928/1665/1168 3570/1673/1176
f 1184/1674/1177 1929/1669/1172 1928/1665/1168
f 3570/1673/1176 1933/1667/1170 3569/1675/1178
f 3414/1676/1179 1182/1677/1180 3415/1678/1181
f 3413/1679/1182 1930/1670/1173 3414/1676/1179
f 1930/1670/1173 1183/1680/1183 1182/1677/1180
f 3411/1267/1184 1932/1671/1174 3412/1681/1185
f 3568/1682/1186 1933/1667/1170 1932/1671/1174
f 3412/1681/1185 1931/1668/1171 3413/1679/1182
s 24
f 1935/1683/1187 1934/1684/1188 1940/1685/1189
f 1938/1686/1190 1936/1687/1191 1937/1688/1192
f 1939/1689/1193 1934/1684/1188 1938/1686/1190
f 3459/1690/1194 1935/1683/1187 3573/1691/1195
f 1187/1692/1196 1936/1687/1191 1935/1683/1187
f 3573/1691/1195 1940/1685/1189 3572/1693/1197
f 3382/1694/1198 1185/1695/1199 3383/1247/1200
f 3381/1696/1201 1937/1688/1192 3382/1694/1198
f 1937/1688/1192 1186/1697/1202 1185/1695/1199
f 3378/1276/1203 1939/1689/1193 3380/1698/1204
f 3571/1699/1205 1940/1685/1189 1939/1689/1193
f 3380/1698/1204 1938/1686/1190 3381/1696/1201
s 25
f 1942/1700/1206 1941/1701/1207 1947/1702/1208
f 1945/1703/1209 1943/1704/1210 1944/1705/1211
f 1946/1706/1212 1941/1701/1207 1945/1703/1209
f 3511/1707/1213 1942/1700/1206 3546/1708/1214
f 1190/1709/1215 1943/1704/1210 1942/1700/1206
f 3546/1708/1214 1947/1702/1208 3545/1710/1216
f 632/1329/1217 1188/1711/1218 98/1328/1219
f 631/1331/1220 1944/1705/1211 632/1329/1217
f 1944/1705/1211 1189/1712/1221 1188/1711/1218
f 97/1270/1222 1946/1706/1212 630/1324/1223
f 3544/1713/1224 1947/1702/1208 1946/1706/1212
f 630/1324/1223 1945/1703/1209 631/1326/1220
s 26
f 1949/1714/1225 1948/1715/1226 1954/1716/1227
f 1952/1717/1228 1950/1718/1229 1951/1719/1230
f 1953/1720/1231 1948/1715/1226 1952/1717/1228
f 1193/1721/1232 3576/1722/1233 3496/1723/1234
f 1193/1721/1232 1950/1718/1229 1949/1714/1225
f 1949/1714/1225 3575/1724/1235 3576/1722/1233
f 614/1296/1236 1191/1725/1237 95/1295/1238
f 613/1293/1239 1951/1719/1230 614/1296/1236
f 1951/1719/1230 1192/1726/1240 1191/1725/1237
f 3574/1727/1241 612/1290/1242 94/1678/1243
f 3575/1728/1235 1953/1720/1231 3574/1727/1241
f 612/1290/1242 1952/1717/1228 613/1293/1239
s 27
f 1956/1729/1244 1955/1730/1245 1961/1731/1246
f 1959/1732/1247 1957/1733/1248 1958/1734/1249
f 1960/1735/1250 1955/1730/1245 1959/1732/1247
f 3464/1736/1251 1956/1729/1244 3579/1737/1252
f 1196/1738/1253 1957/1733/1248 1956/1729/1244
f 3579/1737/1252 1961/1731/1246 3578/1739/1254
f 3387/1740/1255 1194/1741/1256 3388/1227/1257
f 3386/1742/1258 1958/1734/1249 3387/1740/1255
f 1958/1734/1249 1195/1743/1259 1194/1741/1256
f 3384/1247/1260 1960/1735/1250 3385/1744/1261
f 3577/1745/1262 1961/1731/1246 1960/1735/1250
f 3385/1744/1261 1959/1732/1247 3386/1742/1258
s 28
f 1963/1746/1263 1962/1747/1264 1968/1748/1265
f 1966/1749/1266 1964/1750/1267 1965/1751/1268
f 1967/1752/1269 1962/1747/1264 1966/1749/1266
f 3501/1753/1270 1963/1746/1263 3582/1754/1271
f 1199/1755/1272 1964/1750/1267 1963/1746/1263
f 3582/1754/1271 1968/1748/1265 3581/1756/1273
f 617/1287/1274 1197/1757/1275 96/1288/1276
f 616/1289/1277 1965/1751/1268 617/1287/1274
f 1965/1751/1268 1198/1758/1278 1197/1757/1275
f 3421/1295/1279 1967/1752/1269 615/1297/1280
f 3580/1759/1281 1968/1748/1265 1967/1752/1269
f 615/1297/1280 1966/1749/1266 616/1289/1277
s 29
f 1970/1760/1282 1969/1761/1283 1975/1762/1284
f 1973/1763/1285 1971/1764/1286 1972/1765/1287
f 1974/1766/1288 1969/1761/1283 1973/1763/1285
f 3469/1767/1289 1970/1760/1282 3585/1768/1290
f 1202/1769/1291 1971/1764/1286 1970/1760/1282
f 3585/1768/1290 1975/1762/1284 3584/1770/1292
f 3392/1771/1293 1200/1772/1294 3393/1584/1295
f 3391/1773/1296 1972/1765/1287 3392/1771/1293
f 1972/1765/1287 1201/1774/1297 1200/1772/1294
f 3389/1227/1298 1974/1766/1288 3390/1775/1299
f 3583/1776/1300 1975/1762/1284 1974/1766/1288
f 3390/1775/1299 1973/1763/1285 3391/1777/1296
s 12
f 2657/3303/515 2661/3304/515 2656/3305/515
f 2658/3306/515 2655/3307/515 2657/3303/515
f 2661/3304/515 2659/3308/515 2660/3309/515
f 597/1775/515 1121/3310/515 89/1227/515
f 598/1777/515 2656/3305/515 597/1775/515
f 1121/3310/515 2661/3304/515 1120/1233/515
f 90/1584/515 2658/3306/515 599/1771/515
f 623/1585/515 2659/3308/515 2658/3306/515
f 599/1771/515 2657/3303/515 598/1773/515
f 1119/3311/515 621/1580/515 3395/3312/515
f 1120/1228/515 2660/3309/515 1119/3311/515
f 2660/3309/515 622/1582/515 621/1580/515
f 2663/3313/515 2662/3314/515 2668/3315/515
f 2665/3316/515 2662/3314/515 2664/3317/515
f 2668/3315/515 2666/3318/515 2667/3319/515
f 594/1744/515 1124/1245/515 88/1247/515
f 595/1742/515 2663/3313/515 594/1744/515
f 1124/1245/515 2668/3315/515 1123/3320/515
f 89/1227/515 2665/3316/515 596/1740/515
f 633/3321/515 2666/3318/515 2665/3316/515
f 596/1740/515 2664/3317/515 595/1742/515
f 1122/3322/515 635/3323/515 3400/1236/515
f 1123/1248/515 2667/3319/515 1122/3322/515
f 2667/3319/515 634/1229/515 635/3323/515
f 2671/3324/515 2675/3325/515 2670/3326/515
f 2672/3327/515 2669/3328/515 2671/3324/515
f 2675/3325/515 2673/3329/515 2674/3330/515
f 639/3331/515 1127/1265/515 3410/1267/515
f 640/3332/515 2670/3326/515 639/3331/515
f 1127/1265/515 2675/3325/515 1126/3333/515
f 3425/1288/515 2672/3327/515 641/3334/515
f 618/1551/515 2673/3329/515 2672/3327/515
f 641/3334/515 2671/3324/515 640/3335/515
f 1125/3336/515 620/1547/515 3431/1270/515
f 1126/3337/515 2674/3330/515 1125/3336/515
f 2674/3330/515 619/1549/515 620/1547/515
f 2678/3338/515 2682/3339/515 2677/3340/515
f 2680/3341/515 2678/3338/515 2679/3342/515
f 2681/3343/515 2676/3344/515 2680/3341/515
f 641/3334/515 1130/1286/515 3425/1288/515
f 640/3345/515 2677/3340/515 641/3334/515
f 2677/3340/515 1129/3346/515 1130/1286/515
f 609/1681/515 639/3331/515 3410/1267/515
f 610/1679/515 2679/3342/515 609/1681/515
f 639/3331/515 2678/3338/515 640/3347/515
f 3416/1292/515 2681/3343/515 611/1676/515
f 1128/3348/515 2682/3339/515 2681/3343/515
f 611/1676/515 2680/3341/515 610/1679/515
f 2685/3349/515 2689/3350/515 2684/3351/515
f 2686/3352/515 2683/3353/515 2685/3349/515
f 2688/3354/515 2683/3353/515 2687/3355/515
f 651/3356/515 1133/1306/515 3410/1267/515
f 652/1277/515 2684/3351/515 651/3356/515
f 2684/3351/515 1132/3357/515 1133/1306/515
f 591/1698/515 653/3358/515 87/1276/515
f 592/1696/515 2686/3352/515 591/1698/515
f 653/3358/515 2685/3349/515 652/3359/515
f 88/1247/515 2688/3354/515 593/1694/515
f 1131/3360/515 2689/3350/515 2688/3354/515
f 593/1694/515 2687/3355/515 592/1696/515
f 2691/3361/515 2690/3362/515 2696/3363/515
f 2694/3364/515 2692/3365/515 2693/3366/515
f 2696/3363/515 2694/3364/515 2695/3367/515
f 627/1662/515 1136/3368/515 3443/1358/515
f 627/1662/515 2692/3365/515 2691/3361/515
f 1136/3368/515 2696/3363/515 1135/3369/515
f 657/3370/515 629/1657/515 87/1276/515
f 657/3370/515 2694/3364/515 2693/3366/515
f 2693/3366/515 628/1659/515 629/1657/515
f 1134/3371/515 659/3372/515 3435/1345/515
f 1135/3373/515 2695/3367/515 1134/3371/515
f 2695/3367/515 658/3374/515 659/3372/515
s 13
f 2699/3375/1013 2703/3376/1013 2698/3377/1013
f 2700/3378/1013 2697/3379/1013 2699/3375/1013
f 2703/3376/1013 2701/3380/1013 2702/3381/1013
f 3512/3382/1013 1139/3383/1013 3475/1376/1013
f 3513/3384/1013 2698/3377/1013 3512/3382/1013
f 2698/3377/1013 1138/1384/1013 1139/3383/1013
f 3473/3385/1013 2700/3378/1013 3514/3386/1013
f 3472/3387/1013 2701/3380/1013 2700/3378/1013
f 3514/3386/1013 2699/3375/1013 3513/3388/1013
f 1137/3389/1013 3470/3390/1013 3468/1382/1013
f 1137/3389/1013 2703/3376/1013 2702/3381/1013
f 2702/3381/1013 3471/3391/1013 3470/3390/1013
f 2706/3392/1013 2710/3393/1013 2705/3394/1013
f 2707/3395/1013 2704/3396/1013 2706/3392/1013
f 2709/3397/1013 2704/3396/1013 2708/3398/1013
f 704/3399/1013 1142/3400/1013 3480/1387/1013
f 703/3401/1013 2705/3394/1013 704/3399/1013
f 2705/3394/1013 1141/3402/1013 1142/3400/1013
f 3468/1382/1013 2707/3395/1013 702/3403/1013
f 3467/3404/1013 2708/3398/1013 2707/3395/1013
f 702/3403/1013 2706/3392/1013 703/3401/1013
f 1140/3405/1013 3465/3406/1013 3463/1402/1013
f 1140/3405/1013 2710/3393/1013 2709/3397/1013
f 2709/3397/1013 3466/3407/1013 3465/3406/1013
f 2713/3408/1013 2717/3409/1013 2712/3410/1013
f 2715/3411/1013 2713/3408/1013 2714/3412/1013
f 2716/3413/1013 2711/3414/1013 2715/3411/1013
f 720/3415/1013 1145/3416/1013 3490/1418/1013
f 721/3417/1013 2712/3410/1013 720/3415/1013
f 2712/3410/1013 1144/3418/1013 1145/3416/1013
f 716/1472/1013 722/3419/1013 3458/1473/1013
f 715/3420/1013 2714/3412/1013 716/1472/1013
f 2714/3412/1013 721/3421/1013 722/3419/1013
f 3510/1422/1013 2716/3413/1013 714/1480/1013
f 1143/3422/1013 2717/3409/1013 2716/3413/1013
f 714/1480/1013 2715/3411/1013 715/3423/1013
f 2720/3424/1013 2724/3425/1013 2719/3426/1013
f 2721/3427/1013 2718/3428/1013 2720/3424/1013
f 2724/3425/1013 2722/3429/1013 2723/3430/1013
f 3504/3431/1013 1148/3432/1013 3505/1425/1013
f 3503/3433/1013 2719/3426/1013 3504/3431/1013
f 1148/3432/1013 2724/3425/1013 1147/3434/1013
f 3500/3435/1013 2721/3427/1013 3502/3436/1013
f 3499/3437/1013 2722/3429/1013 2721/3427/1013
f 3502/3436/1013 2720/3424/1013 3503/3433/1013
f 1146/3438/1013 3497/3439/1013 3495/1440/1013
f 1147/1443/1013 2723/3430/1013 1146/3438/1013
f 2723/3430/1013 3498/3440/1013 3497/3439/1013
f 2726/3441/1013 2725/3442/1013 2731/3443/1013
f 2728/3444/1013 2725/3442/1013 2727/3445/1013
f 2731/3443/1013 2729/3446/1013 2730/3447/1013
f 3463/1402/1013 2726/3441/1013 1151/1454/1013
f 3462/3448/1013 2727/3445/1013 2726/3441/1013
f 1151/1454/1013 2731/3443/1013 1150/3449/1013
f 722/3450/1013 3460/3451/1013 3458/1473/1013
f 722/3450/1013 2729/3446/1013 2728/3444/1013
f 2728/3444/1013 3461/3452/1013 3460/3451/1013
f 1149/1457/1013 720/3415/1013 3490/1418/1013
f 1150/1455/1013 2730/3447/1013 1149/1457/1013
f 2730/3447/1013 721/3421/1013 720/3415/1013
f 2734/3453/1013 2738/3454/1013 2733/3455/1013
f 2735/3456/1013 2732/3457/1013 2734/3453/1013
f 2737/3458/1013 2732/3457/1013 2736/3459/1013
f 3535/3460/1013 1154/3461/1013 3522/3462/1013
f 3536/3463/1013 2733/3455/1013 3535/3460/1013
f 2733/3455/1013 1153/1517/1013 1154/3461/1013
f 3533/3464/1013 2735/3456/1013 3537/3465/1013
f 3532/3466/1013 2736/3459/1013 2735/3456/1013
f 3537/3465/1013 2734/3453/1013 3536/3467/1013
f 3515/1495/1013 2737/3458/1013 3530/3468/1013
f 1152/3469/1013 2738/3454/1013 2737/3458/1013
f 2737/3458/1013 3531/3470/1013 3530/3468/1013
s 14
f 2741/3471/1014 2745/3472/1014 2740/3473/1014
f 2742/3474/1014 2739/3475/1014 2741/3471/1014
f 2744/3476/1014 2739/3475/1014 2743/3477/1014
f 725/3478/1015 1157/3479/1014 3534/1529/1014
f 724/3480/1014 2740/3473/1014 725/3478/1015
f 2740/3473/1014 1156/1534/1014 1157/3479/1014
f 102/3481/1014 2742/3474/1014 723/3482/1014
f 731/1654/1014 2743/3477/1014 2742/3474/1014
f 723/3482/1014 2741/3471/1014 724/3480/1014
f 86/1358/1014 2744/3476/1014 729/1663/1014
f 1155/3483/1014 2745/3472/1014 2744/3476/1014
f 729/1663/1014 2743/3477/1014 730/1656/1014
s 15
f 2748/3484/2018 2752/3485/2019 2747/3486/2020
f 2749/3487/2021 2746/3488/2022 2748/3484/2018
f 2751/3489/2023 2746/3488/2022 2750/3490/2024
f 687/3491/2025 1160/3492/1025 3506/1543/1023
f 688/3493/2026 2747/3486/2020 687/3491/2025
f 2747/3486/2020 1159/3494/1031 1160/3492/1025
f 113/1707/2027 2749/3487/2021 689/3495/2028
f 737/3496/2029 2750/3490/2024 2749/3487/2021
f 689/3495/2028 2748/3484/2018 688/3493/2026
f 3430/1270/1029 2751/3489/2023 735/1713/2030
f 1158/3497/1028 2752/3485/2019 2751/3489/2023
f 735/1713/2030 2750/3490/2024 736/3498/2031
s 16
f 2755/3499/2032 2759/3500/2033 2754/3501/2034
f 2756/3502/2035 2753/3503/2036 2755/3499/2032
f 2758/3504/2037 2753/3503/2036 2757/3505/2038
f 669/3506/2039 1163/3507/1044 3476/1561/1042
f 670/3508/2040 2754/3501/2034 669/3506/2039
f 2754/3501/2034 1162/3509/1050 1163/3507/1044
f 107/1594/2041 2756/3502/2035 671/3510/2042
f 743/3511/2043 2757/3505/2038 2756/3502/2035
f 671/3510/2042 2755/3499/2032 670/3508/2040
f 91/1236/1048 2758/3504/2037 741/3512/2044
f 1161/1565/1047 2759/3500/2033 2758/3504/2037
f 741/3512/2044 2757/3505/2038 742/1597/2045
s 17
f 2762/3513/2046 2766/3514/2047 2761/3515/2048
f 2763/3516/2049 2760/3517/2050 2762/3513/2046
f 2765/3518/2051 2760/3517/2050 2764/3519/2052
f 692/3520/2053 1166/3521/1063 3474/1576/1061
f 691/3522/2054 2761/3515/2048 692/3520/2053
f 2761/3515/2048 1165/3523/1069 1166/3521/1063
f 115/1561/2055 2763/3516/2049 690/3524/2056
f 744/3525/2057 2764/3519/2052 2763/3516/2049
f 690/3524/2056 2762/3513/2046 691/3526/2054
f 3396/1567/1067 2765/3518/2051 746/3527/2058
f 1164/3528/1066 2766/3514/2047 2765/3518/2051
f 746/3527/2058 2764/3519/2052 745/3529/2059
s 18
f 2769/3530/2060 2773/3531/2061 2768/3532/2062
f 2770/3533/2063 2767/3534/2064 2769/3530/2060
f 2772/3535/2065 2767/3534/2064 2771/3536/2066
f 672/3537/2067 1169/3538/1082 3481/1594/1080
f 673/3539/2068 2768/3532/2062 672/3537/2067
f 2768/3532/2062 1168/3540/1088 1169/3538/1082
f 108/1639/2069 2770/3533/2063 674/3541/2070
f 752/3542/2071 2771/3536/2066 2770/3533/2063
f 674/3541/2070 2769/3530/2060 673/3539/2068
f 92/1599/1086 2772/3535/2065 750/3543/2072
f 1167/3544/1085 2773/3531/2061 2772/3535/2065
f 750/3543/2072 2771/3536/2066 751/3545/2073
s 19
f 2776/3546/2074 2780/3547/2075 2775/3548/2076
f 2777/3549/2077 2774/3550/2078 2776/3546/2074
f 2779/3551/2079 2774/3550/2078 2778/3552/2080
f 711/3553/2081 1172/3554/1101 3516/1609/1099
f 712/3555/2082 2775/3548/2076 711/3553/2081
f 2775/3548/2076 1171/3556/1107 1172/3554/1101
f 101/3557/2083 2777/3549/2077 713/3558/2084
f 732/1530/2085 2778/3552/2080 2777/3549/2077
f 713/3558/2084 2776/3546/2074 712/3555/2082
f 85/1614/1105 2779/3551/2079 734/1535/2086
f 1170/3559/1104 2780/3547/2075 2779/3551/2079
f 734/1535/2086 2778/3552/2080 733/1532/2087
s 20
f 2783/3560/2088 2787/3561/2089 2782/3562/2090
f 2784/3563/2091 2781/3564/2092 2783/3560/2088
f 2786/3565/2093 2781/3564/2092 2785/3566/2094
f 695/3567/2095 1175/3568/1120 3521/1624/1118
f 694/3569/2096 2782/3562/2090 695/3567/2095
f 2782/3562/2090 1174/3570/1126 1175/3568/1120
f 116/1609/2097 2784/3563/2091 693/3571/2098
f 753/3572/2099 2785/3566/2094 2784/3563/2091
f 693/3571/2098 2783/3560/2088 694/3573/2096
f 100/1345/1124 2786/3565/2093 755/3574/2100
f 1173/3575/1123 2787/3561/2089 2786/3565/2093
f 755/3574/2100 2785/3566/2094 754/3576/2101
s 21
f 2790/3577/2102 2794/3578/2103 2789/3579/2104
f 2791/3580/2105 2788/3581/2106 2790/3577/2102
f 2793/3582/2107 2788/3581/2106 2792/3583/2108
f 675/3584/2109 1178/3585/1139 3486/1639/1137
f 676/3586/2110 2789/3579/2104 675/3584/2109
f 2789/3579/2104 1177/3587/1145 1178/3585/1139
f 109/1672/2111 2791/3580/2105 677/3588/2112
f 761/1673/2113 2792/3583/2108 2791/3580/2105
f 677/3588/2112 2790/3577/2102 676/3586/2110
f 93/1267/1143 2793/3582/2107 759/1682/2114
f 1176/1643/1142 2794/3578/2103 2793/3582/2107
f 759/1682/2114 2792/3583/2108 760/1675/2115
s 22
f 2797/3589/2116 2801/3590/2117 2796/3591/2118
f 2798/3592/2119 2795/3593/2120 2797/3589/2116
f 2800/3594/2121 2795/3593/2120 2799/3595/2122
f 696/3596/2123 1181/3597/1158 3523/1653/1156
f 697/3598/2124 2796/3591/2118 696/3596/2123
f 2796/3591/2118 1180/3599/1164 1181/3597/1158
f 103/1690/2125 2798/3592/2119 698/3600/2126
f 764/1691/2127 2799/3595/2122 2798/3592/2119
f 698/3600/2126 2797/3589/2116 697/3598/2124
f 3379/1276/1162 2800/3594/2121 762/3601/2128
f 1179/1658/1161 2801/3590/2117 2800/3594/2121
f 762/3601/2128 2799/3595/2122 763/1693/2129
s 23
f 2804/3602/2130 2808/3603/2131 2803/3604/2132
f 2805/3605/2133 2802/3606/2134 2804/3602/2130
f 2807/3607/2135 2802/3606/2134 2806/3608/2136
f 678/3609/2137 1184/1674/1177 3491/1672/1175
f 679/3610/2138 2803/3604/2132 678/3609/2137
f 2803/3604/2132 1183/1680/1183 1184/1674/1177
f 110/1723/2139 2805/3605/2133 680/3611/2140
f 767/3612/2141 2806/3608/2136 2805/3605/2133
f 680/3611/2140 2804/3602/2130 679/3610/2138
f 3415/1678/1181 2807/3607/2135 765/3613/2142
f 1182/1677/1180 2808/3603/2131 2807/3607/2135
f 765/3613/2142 2806/3608/2136 766/1728/2143
s 24
f 2811/3614/2144 2815/3615/2145 2810/3616/2146
f 2812/3617/2147 2809/3618/2148 2811/3614/2144
f 2814/3619/2149 2809/3618/2148 2813/3620/2150
f 660/3621/2151 1187/3622/1196 3459/1690/1194
f 661/3623/2152 2810/3616/2146 660/3621/2151
f 2810/3616/2146 1186/1697/1202 1187/3622/1196
f 104/1736/2153 2812/3617/2147 662/3624/2154
f 770/3625/2155 2813/3620/2150 2812/3617/2147
f 662/3624/2154 2811/3614/2144 661/3626/2152
f 3383/1247/1200 2814/3619/2149 768/3627/2156
f 1185/3628/1199 2815/3615/2145 2814/3619/2149
f 768/3627/2156 2813/3620/2150 769/3629/2157
s 25
f 2818/3630/2158 2822/3631/2159 2817/3632/2160
f 2819/3633/2161 2816/3634/2162 2818/3630/2158
f 2821/3635/2163 2816/3634/2162 2820/3636/2164
f 699/3637/2165 1190/3638/1215 3511/1707/1213
f 700/3639/2166 2817/3632/2160 699/3637/2165
f 2817/3632/2160 1189/3640/1221 1190/3638/1215
f 114/1624/2167 2819/3633/2161 701/3641/2168
f 756/3642/2169 2820/3636/2164 2819/3633/2161
f 701/3641/2168 2818/3630/2158 700/3639/2166
f 98/1328/1219 2821/3635/2163 758/3643/2170
f 1188/3644/1218 2822/3631/2159 2821/3635/2163
f 758/3643/2170 2820/3636/2164 757/3645/2171
s 26
f 2825/3646/2172 2829/3647/2173 2824/3648/2174
f 2826/3649/2175 2823/3650/2176 2825/3646/2172
f 2828/3651/2177 2823/3650/2176 2827/3652/2178
f 681/3653/2179 1193/3654/1232 3496/1723/1234
f 682/3655/2180 2824/3648/2174 681/3653/2179
f 2824/3648/2174 1192/3656/1240 1193/3654/1232
f 773/1754/2181 683/3657/2182 111/1753/2183
f 772/1756/2184 2826/3649/2175 773/1754/2181
f 683/3657/2182 2825/3646/2172 682/3655/2180
f 95/1295/1238 2828/3651/2177 771/3658/2185
f 1191/3659/1237 2829/3647/2173 2828/3651/2177
f 2828/3651/2177 772/3660/2184 771/3658/2185
s 27
f 2832/3661/2186 2836/3662/2187 2831/3663/2188
f 2833/3664/2189 2830/3665/2190 2832/3661/2186
f 2835/3666/2191 2830/3665/2190 2834/3667/2192
f 663/3668/2193 1196/1738/1253 3464/1736/1251
f 664/3669/2194 2831/3663/2188 663/3668/2193
f 2831/3663/2188 1195/3670/1259 1196/1738/1253
f 105/1767/2195 2833/3664/2189 665/3671/2196
f 776/3672/2197 2834/3667/2192 2833/3664/2189
f 665/3671/2196 2832/3661/2186 664/3669/2194
f 3388/1227/1257 2835/3666/2191 774/3673/2198
f 1194/3674/1256 2836/3662/2187 2835/3666/2191
f 774/3673/2198 2834/3667/2192 775/3675/2199
s 28
f 2839/3676/2200 2843/3677/2201 2838/3678/2202
f 2840/3679/2203 2837/3680/2204 2839/3676/2200
f 2842/3681/2205 2837/3680/2204 2841/3682/2206
f 684/3683/2207 1199/1755/1272 3501/1753/1270
f 685/3684/2208 2838/3678/2202 684/3683/2207
f 2838/3678/2202 1198/1758/1278 1199/1755/1272
f 112/1543/2209 2840/3679/2203 686/3685/2210
f 738/1544/2211 2841/3682/2206 2840/3679/2203
f 686/3685/2210 2839/3676/2200 685/3686/2208
f 96/1288/1276 2842/3681/2205 740/1552/2212
f 1197/1757/1275 2843/3677/2201 2842/3681/2205
f 740/1552/2212 2841/3682/2206 739/3687/2213
s 29
f 2846/3688/2214 2850/3689/2215 2845/3690/2216
f 2847/3691/2217 2844/3692/2218 2846/3688/2214
f 2849/3693/2219 2844/3692/2218 2848/3694/2220
f 666/3695/2221 1202/1769/1291 3469/1767/1289
f 667/3696/2222 2845/3690/2216 666/3695/2221
f 2845/3690/2216 1201/3697/1297 1202/1769/1291
f 106/1576/2223 2847/3691/2217 668/3698/2224
f 747/1577/2225 2848/3694/2220 2847/3691/2217
f 668/3698/2224 2846/3688/2214 667/3696/2222
f 3393/1584/1295 2849/3693/2219 749/1586/2226
f 1200/1772/1294 2850/3689/2215 2849/3693/2219
f 749/1586/2226 2848/3694/2220 748/3699/2227
s 12
f 1754/1218/515 1752/1222/515 1758/1219/515
f 1755/1221/515 1756/1224/515 1752/1222/515
f 1757/1223/515 1758/1219/515 1752/1222/515
f 1121/1225/515 1753/1220/515 633/1226/515
f 1120/1228/515 1754/1218/515 1753/1220/515
f 1753/1220/515 1758/1219/515 634/1229/515
f 3395/1230/515 3397/1232/515 1755/1221/515
f 3397/1232/515 3398/1237/515 1756/1224/515
f 1119/1231/515 1755/1221/515 1754/1218/515
f 635/1234/515 1757/1223/515 3399/1235/515
f 635/1234/515 634/4078/515 1758/1219/515
f 1757/1223/515 1756/1224/515 3398/1237/515
f 1761/1238/515 1759/1242/515 1765/1239/515
f 1762/1241/515 1763/1244/515 1759/1242/515
f 1764/1243/515 1765/1239/515 1759/1242/515
f 1124/1245/515 1760/1240/515 636/1246/515
f 1123/1248/515 1761/1238/515 1760/1240/515
f 1760/1240/515 1765/1239/515 637/1249/515
f 3400/1236/515 3402/1251/515 1762/1241/515
f 3402/1251/515 3403/1257/515 1763/1244/515
f 1122/1250/515 1762/1241/515 1761/1238/515
f 638/1253/515 1764/1243/515 3404/1254/515
f 637/1256/515 1765/1239/515 1764/1243/515
f 1764/1243/515 1763/1244/515 3403/1257/515
f 1768/1258/515 1766/1262/515 1772/1259/515
f 1769/1261/515 1770/1263/515 1766/1262/515
f 1772/1259/515 1766/1262/515 1770/1263/515
f 1127/1265/515 1767/1260/515 651/1266/515
f 1126/1268/515 1768/1258/515 1767/1260/515
f 1767/1260/515 1772/1259/515 652/1269/515
f 3431/1270/515 645/1272/515 1769/1261/515
f 645/1272/515 646/4079/515 1770/1263/515
f 1125/1271/515 1769/1261/515 1768/1258/515
f 653/1274/515 1771/1264/515 647/1275/515
f 652/1277/515 1772/1259/515 1771/1264/515
f 1771/1264/515 1770/1263/515 646/1278/515
f 1775/1279/515 1773/1285/515 1779/1280/515
f 1777/1282/515 1773/1285/515 1775/1279/515
f 1778/1284/515 1779/1280/515 1773/1285/515
f 1130/1286/515 1774/1281/515 3424/1287/515
f 1130/1286/515 1129/4080/515 1775/1279/515
f 1774/1281/515 1779/1280/515 3423/1289/515
f 3417/1290/515 1776/1283/515 1128/1291/515
f 3418/1293/515 1777/1282/515 1776/1283/515
f 1776/1283/515 1775/1279/515 1129/1294/515
f 3420/1295/515 3422/1297/515 1778/1284/515
f 3422/1297/515 3423/1289/515 1779/1280/515
f 3419/1296/515 1778/1284/515 1777/1282/515
f 1781/1298/515 1782/1302/515 1780/1299/515
f 1784/1301/515 1780/1299/515 1782/1302/515
f 1785/1304/515 1786/1300/515 1780/1299/515
f 3410/1267/515 1133/1306/515 1781/1298/515
f 1133/1306/515 1132/1311/515 1782/1302/515
f 1781/1298/515 1786/1300/515 3408/1307/515
f 636/1308/515 1783/1303/515 1131/1309/515
f 637/1310/515 1784/1301/515 1783/1303/515
f 1783/1303/515 1782/1302/515 1132/1311/515
f 3405/1255/515 3407/1313/515 1785/1304/515
f 3407/1313/515 3408/1307/515 1786/1300/515
f 638/1312/515 1785/1304/515 1784/1301/515
f 1789/1314/515 1787/1318/515 1793/1315/515
f 1790/1317/515 1791/1320/515 1787/1318/515
f 1792/1319/515 1793/1315/515 1787/1318/515
f 647/1275/515 1788/1316/515 650/1321/515
f 646/1322/515 1789/1314/515 1788/1316/515
f 1788/1316/515 1793/1315/515 649/1323/515
f 3447/1324/515 1790/1317/515 645/1325/515
f 3448/1326/515 1791/1320/515 1790/1317/515
f 1790/1317/515 1789/1314/515 646/1327/515
f 3440/1328/515 648/1330/515 1792/1319/515
f 648/1330/515 649/4081/515 1793/1315/515
f 3449/1329/515 1792/1319/515 1791/1320/515
f 1796/1332/515 1794/1336/515 1800/1333/515
f 1797/1335/515 1798/1338/515 1794/1336/515
f 1799/1337/515 1800/1333/515 1794/1336/515
f 650/1321/515 1795/1334/515 657/1339/515
f 649/1340/515 1796/1332/515 1795/1334/515
f 1795/1334/515 1800/1333/515 658/1341/515
f 3439/1342/515 1797/1335/515 648/1343/515
f 3439/1342/515 3438/1631/515 1798/1338/515
f 648/1343/515 1797/1335/515 1796/1332/515
f 3435/1345/515 659/1347/515 1799/1337/515
f 659/1347/515 658/3374/515 1800/1333/515
f 3437/1346/515 1799/1337/515 1798/1338/515
f 1803/1349/515 1801/1353/515 1807/1350/515
f 1804/1352/515 1805/1355/515 1801/1353/515
f 1806/1354/515 1807/1350/515 1801/1353/515
f 1136/1356/515 1802/1351/515 3455/1357/515
f 1135/1359/515 1803/1349/515 1802/1351/515
f 1802/1351/515 1807/1350/515 3456/1360/515
f 3435/1345/515 3450/1363/515 1804/1352/515
f 3451/1362/515 1805/1355/515 1804/1352/515
f 1134/1361/515 1804/1352/515 1803/1349/515
f 3453/1365/515 3457/1367/515 1806/1354/515
f 3457/1367/515 3456/1360/515 1807/1350/515
f 3452/1366/515 1806/1354/515 1805/1355/515
s 13
f 1809/1369/1013 1810/1373/1013 1808/1370/1013
f 1812/1372/1013 1808/1370/1013 1810/1373/1013
f 1813/1375/1013 1814/1371/1013 1808/1370/1013
f 3475/1376/1013 1139/1378/1013 1809/1369/1013
f 1139/1378/1013 1138/4082/1013 1810/1373/1013
f 3477/1377/1013 1809/1369/1013 1814/1371/1013
f 702/1380/1013 1811/1374/1013 1137/1381/1013
f 703/1383/1013 1812/1372/1013 1811/1374/1013
f 1811/1374/1013 1810/1373/1013 1138/1384/1013
f 3479/1385/1013 1813/1375/1013 704/1386/1013
f 3478/1388/1013 1814/1371/1013 1813/1375/1013
f 704/1386/1013 1813/1375/1013 1812/1372/1013
f 1816/1390/1013 1817/1394/1013 1815/1391/1013
f 1819/1393/1013 1815/1391/1013 1817/1394/1013
f 1820/1396/1013 1821/1392/1013 1815/1391/1013
f 3480/1387/1013 1142/1398/1013 1816/1390/1013
f 1142/1398/1013 1141/4083/1013 1817/1394/1013
f 3482/1397/1013 1816/1390/1013 1821/1392/1013
f 705/1400/1013 1818/1395/1013 1140/1401/1013
f 706/1403/1013 1819/1393/1013 1818/1395/1013
f 1818/1395/1013 1817/1394/1013 1141/1404/1013
f 3484/1405/1013 1820/1396/1013 707/1406/1013
f 3483/1399/1013 1821/1392/1013 1820/1396/1013
f 1820/1396/1013 1819/1393/1013 706/1408/1013
f 1824/1409/1013 1822/1415/1013 1828/1410/1013
f 1826/1412/1013 1822/1415/1013 1824/1409/1013
f 1827/1414/1013 1828/1410/1013 1822/1415/1013
f 1145/1416/1013 1823/1411/1013 708/1417/1013
f 1145/1416/1013 1144/1424/1013 1824/1409/1013
f 1823/1411/1013 1828/1410/1013 709/1419/1013
f 3509/1420/1013 1825/1413/1013 1143/1421/1013
f 3508/1423/1013 1826/1412/1013 1825/1413/1013
f 1825/1413/1013 1824/1409/1013 1144/1424/1013
f 3505/1425/1013 710/1427/1013 1827/1414/1013
f 710/1427/1013 709/1439/1013 1828/1410/1013
f 3507/1426/1013 1827/1414/1013 1826/1412/1013
f 1831/1429/1013 1829/1433/1013 1835/1430/1013
f 1832/1432/1013 1833/1434/1013 1829/1433/1013
f 1835/1430/1013 1829/1433/1013 1833/1434/1013
f 1148/1436/1013 1830/1431/1013 710/1437/1013
f 1147/1438/1013 1831/1429/1013 1830/1431/1013
f 1830/1431/1013 1835/1430/1013 709/1439/1013
f 3495/1440/1013 3494/1442/1013 1832/1432/1013
f 3494/1442/1013 3493/4084/1013 1833/1434/1013
f 1146/1441/1013 1832/1432/1013 1831/1429/1013
f 708/1444/1013 1834/1435/1013 3492/1445/1013
f 708/1444/1013 709/4085/1013 1835/1430/1013
f 1834/1435/1013 1833/1434/1013 3493/1446/1013
f 1838/1447/1013 1836/1451/1013 1842/1448/1013
f 1839/1450/1013 1840/1453/1013 1836/1451/1013
f 1841/1452/1013 1842/1448/1013 1836/1451/1013
f 1151/1454/1013 1837/1449/1013 705/1400/1013
f 1150/1455/1013 1838/1447/1013 1837/1449/1013
f 1837/1449/1013 1842/1448/1013 706/1456/1013
f 3490/1418/1013 3489/1459/1013 1839/1450/1013
f 3488/1458/1013 1840/1453/1013 1839/1450/1013
f 1149/1457/1013 1839/1450/1013 1838/1447/1013
f 3485/1461/1013 707/1463/1013 1841/1452/1013
f 707/1463/1013 706/1456/1013 1842/1448/1013
f 3487/1462/1013 1841/1452/1013 1840/1453/1013
f 1845/1464/1013 1843/1468/1013 1849/1465/1013
f 1846/1467/1013 1847/1470/1013 1843/1468/1013
f 1848/1469/1013 1849/1465/1013 1843/1468/1013
f 719/1471/1013 1844/1466/1013 716/1472/1013
f 718/1474/1013 1845/1464/1013 1844/1466/1013
f 1844/1466/1013 1849/1465/1013 715/1475/1013
f 3520/1476/1013 3529/1478/1013 1846/1467/1013
f 3529/1478/1013 3528/1483/1013 1847/1470/1013
f 717/1477/1013 1846/1467/1013 1845/1464/1013
f 714/1480/1013 1848/1469/1013 3527/1481/1013
f 715/1482/1013 1849/1465/1013 1848/1469/1013
f 1848/1469/1013 1847/1470/1013 3528/1483/1013
f 1852/1484/1013 1850/1488/1013 1856/1485/1013
f 1853/1487/1013 1854/1490/1013 1850/1488/1013
f 1855/1489/1013 1856/1485/1013 1850/1488/1013
f 726/1491/1013 1851/1486/1013 719/1492/1013
f 727/1493/1013 1852/1484/1013 1851/1486/1013
f 1851/1486/1013 1856/1485/1013 718/1494/1013
f 3515/1495/1013 3517/1497/1013 1853/1487/1013
f 3517/1497/1013 3518/4086/1013 1854/1490/1013
f 728/1496/1013 1853/1487/1013 1852/1484/1013
f 717/1499/1013 1855/1489/1013 3519/1500/1013
f 717/1499/1013 718/1474/1013 1856/1485/1013
f 3519/1500/1013 1855/1489/1013 1854/1490/1013
f 1858/1503/1013 1859/1507/1013 1857/1504/1013
f 1861/1506/1013 1857/1504/1013 1859/1507/1013
f 1863/1505/1013 1857/1504/1013 1861/1506/1013
f 1154/1510/1013 1858/1503/1013 3524/1511/1013
f 1154/1510/1013 1153/4087/1013 1859/1507/1013
f 3524/1511/1013 1858/1503/1013 1863/1505/1013
f 728/1514/1013 1860/1508/1013 1152/1515/1013
f 727/1516/1013 1861/1506/1013 1860/1508/1013
f 1860/1508/1013 1859/1507/1013 1153/1517/1013
f 3526/1518/1013 1862/1509/1013 726/1519/1013
f 3525/1520/1013 1863/1505/1013 1862/1509/1013
f 726/1519/1013 1862/1509/1013 1861/1506/1013
s 14
f 1865/1522/1014 1866/1526/1014 1864/1523/1015
f 1868/1525/1014 1864/1523/1015 1866/1526/1014
f 1869/1528/1014 1870/1524/1014 1864/1523/1015
f 3534/1529/1014 1157/1531/1014 1865/1522/1014
f 1157/1531/1014 1156/4088/1014 1866/1526/1014
f 3541/1530/1014 1865/1522/1014 1870/1524/1014
f 654/1357/1014 1867/1527/1015 1155/1533/1014
f 655/1360/1014 1868/1525/1014 1867/1527/1015
f 1867/1527/1015 1866/1526/1014 1156/1534/1014
f 3454/1365/1014 3543/1535/1014 1869/1528/1014
f 3543/1535/1014 3542/1532/1014 1870/1524/1014
f 656/1367/1014 1869/1528/1014 1868/1525/1014
s 15
f 1872/1536/1016 1873/1540/1020 1871/1537/1017
f 1875/1539/1019 1871/1537/1017 1873/1540/1020
f 1876/1542/1022 1877/1538/1018 1871/1537/1017
f 3506/1543/1023 1160/1545/1025 1872/1536/1016
f 1160/1545/1025 1159/4089/1031 1873/1540/1020
f 3547/1544/1024 1872/1536/1016 1877/1538/1018
f 3429/1547/1027 1874/1541/1021 1158/1548/1028
f 3428/1549/1030 1875/1539/1019 1874/1541/1021
f 1874/1541/1021 1873/1540/1020 1159/1550/1031
f 3426/1288/1032 3549/1552/1034 1876/1542/1022
f 3549/1552/1034 3548/4090/1026 1877/1538/1018
f 3427/1551/1033 1876/1542/1022 1875/1539/1019
s 16
f 1879/1554/1035 1880/1558/1039 1878/1555/1036
f 1882/1557/1038 1878/1555/1036 1880/1558/1039
f 1883/1560/1041 1884/1556/1037 1878/1555/1036
f 3476/1561/1042 1163/1563/1044 1879/1554/1035
f 1163/1563/1044 1162/3509/1050 1880/1558/1039
f 3553/1562/1043 1879/1554/1035 1884/1556/1037
f 602/1235/1046 1881/1559/1040 1161/1565/1047
f 601/1237/1049 1882/1557/1038 1881/1559/1040
f 1881/1559/1040 1880/1558/1039 1162/1566/1050
f 99/1567/1051 3555/1568/1053 1883/1560/1041
f 3555/1568/1053 3554/1564/1045 1884/1556/1037
f 600/1232/1052 1883/1560/1041 1882/1557/1038
s 17
f 1886/1569/1054 1887/1573/1058 1885/1570/1055
f 1889/1572/1057 1885/1570/1055 1887/1573/1058
f 1890/1575/1060 1891/1571/1056 1885/1570/1055
f 3474/1576/1061 1166/1578/1063 1886/1569/1054
f 1166/1578/1063 1165/4091/1069 1887/1573/1058
f 3556/1577/1062 1886/1569/1054 1891/1571/1056
f 3432/1580/1065 1888/1574/1059 1164/1581/1066
f 3433/1582/1068 1889/1572/1057 1888/1574/1059
f 1888/1574/1059 1887/1573/1058 1165/1583/1069
f 3394/1584/1070 3558/1586/1072 1890/1575/1060
f 3558/1586/1072 3557/3699/1064 1891/1571/1056
f 3434/1585/1071 1890/1575/1060 1889/1572/1057
s 18
f 1893/1587/1073 1894/1591/1077 1892/1588/1074
f 1896/1590/1076 1892/1588/1074 1894/1591/1077
f 1897/1593/1079 1898/1589/1075 1892/1588/1074
f 3481/1594/1080 1169/1596/1082 1893/1587/1073
f 1169/1596/1082 1168/3540/1088 1894/1591/1077
f 3552/1595/1081 1893/1587/1073 1898/1589/1075
f 605/1254/1084 1895/1592/1078 1167/1598/1085
f 604/1257/1087 1896/1590/1076 1895/1592/1078
f 1895/1592/1078 1894/1591/1077 1168/1600/1088
f 3401/1236/1089 3550/1601/1091 1897/1593/1079
f 3550/1601/1091 3551/1597/1083 1898/1589/1075
f 603/1251/1090 1897/1593/1079 1896/1590/1076
s 19
f 1900/1602/1092 1901/1606/1096 1899/1603/1093
f 1903/1605/1095 1899/1603/1093 1901/1606/1096
f 1904/1608/1098 1905/1604/1094 1899/1603/1093
f 3516/1609/1099 1172/1611/1101 1900/1602/1092
f 1172/1611/1101 1171/4092/1107 1901/1606/1096
f 3562/1610/1100 1900/1602/1092 1905/1604/1094
f 644/1366/1103 1902/1607/1097 1170/1613/1104
f 643/1368/1106 1903/1605/1095 1902/1607/1097
f 1902/1607/1097 1901/1606/1096 1171/1615/1107
f 3436/1345/1108 3564/1616/1110 1904/1608/1098
f 3564/1616/1110 3563/4093/1102 1905/1604/1094
f 642/1363/1109 1904/1608/1098 1903/1605/1095
s 20
f 1907/1617/1111 1908/1621/1115 1906/1618/1112
f 1910/1620/1114 1906/1618/1112 1908/1621/1115
f 1911/1623/1117 1912/1619/1113 1906/1618/1112
f 3521/1624/1118 1175/1626/1120 1907/1617/1111
f 1175/1626/1120 1174/4094/1126 1908/1621/1115
f 3565/1625/1119 1907/1617/1111 1912/1619/1113
f 624/1346/1122 1909/1622/1116 1173/1628/1123
f 625/1348/1125 1910/1620/1114 1909/1622/1116
f 1909/1622/1116 1908/1621/1115 1174/1629/1126
f 3441/1328/1127 3567/1630/1129 1911/1623/1117
f 3567/1630/1129 3566/3645/1121 1912/1619/1113
f 626/1342/1128 1911/1623/1117 1910/1620/1114
s 21
f 1914/1632/1130 1915/1636/1134 1913/1633/1131
f 1917/1635/1133 1913/1633/1131 1915/1636/1134
f 1918/1638/1136 1919/1634/1132 1913/1633/1131
f 3486/1639/1137 1178/1641/1139 1914/1632/1130
f 1178/1641/1139 1177/1644/1145 1915/1636/1134
f 3561/1640/1138 1914/1632/1130 1919/1634/1132
f 608/1305/1141 1916/1637/1135 1176/1643/1142
f 607/1307/1144 1917/1635/1133 1916/1637/1135
f 1916/1637/1135 1915/1636/1134 1177/1644/1145
f 3406/1599/1146 3559/1645/1148 1918/1638/1136
f 3559/1645/1148 3560/1642/1140 1919/1634/1132
f 606/1313/1147 1918/1638/1136 1917/1635/1133
s 22
f 1921/1646/1149 1922/1650/1153 1920/1647/1150
f 1924/1649/1152 1920/1647/1150 1922/1650/1153
f 1925/1652/1155 1926/1648/1151 1920/1647/1150
f 3523/1653/1156 1181/1655/1158 1921/1646/1149
f 1181/1655/1158 1180/3599/1164 1922/1650/1153
f 3540/1654/1157 1921/1646/1149 1926/1648/1151
f 3446/1657/1160 1923/1651/1154 1179/1658/1161
f 3445/1659/1163 1924/1649/1152 1923/1651/1154
f 1923/1651/1154 1922/1650/1153 1180/1660/1164
f 3442/1661/1165 3538/1663/1167 1925/1652/1155
f 3538/1663/1167 3539/1656/1159 1926/1648/1151
f 3444/1662/1166 1925/1652/1155 1924/1649/1152
s 23
f 1928/1665/1168 1929/1669/1172 1927/1666/1169
f 1931/1668/1171 1927/1666/1169 1929/1669/1172
f 1932/1671/1174 1933/1667/1170 1927/1666/1169
f 3491/1672/1175 1184/1674/1177 1928/1665/1168
f 1184/1674/1177 1183/4095/1183 1929/1669/1172
f 3570/1673/1176 1928/1665/1168 1933/1667/1170
f 3414/1676/1179 1930/1670/1173 1182/1677/1180
f 3413/1679/1182 1931/1668/1171 1930/1670/1173
f 1930/1670/1173 1929/1669/1172 1183/1680/1183
f 3411/1267/1184 3568/1682/1186 1932/1671/1174
f 3568/1682/1186 3569/1675/1178 1933/1667/1170
f 3412/1681/1185 1932/1671/1174 1931/1668/1171
s 24
f 1935/1683/1187 1936/1687/1191 1934/1684/1188
f 1938/1686/1190 1934/1684/1188 1936/1687/1191
f 1939/1689/1193 1940/1685/1189 1934/1684/1188
f 3459/1690/1194 1187/1692/1196 1935/1683/1187
f 1187/1692/1196 1186/1697/1202 1936/1687/1191
f 3573/1691/1195 1935/1683/1187 1940/1685/1189
f 3382/1694/1198 1937/1688/1192 1185/1695/1199
f 3381/1696/1201 1938/1686/1190 1937/1688/1192
f 1937/1688/1192 1936/1687/1191 1186/1697/1202
f 3378/1276/1203 3571/1699/1205 1939/1689/1193
f 3571/1699/1205 3572/1693/1197 1940/1685/1189
f 3380/1698/1204 1939/1689/1193 1938/1686/1190
s 25
f 1942/1700/1206 1943/1704/1210 1941/1701/1207
f 1945/1703/1209 1941/1701/1207 1943/1704/1210
f 1946/1706/1212 1947/1702/1208 1941/1701/1207
f 3511/1707/1213 1190/1709/1215 1942/1700/1206
f 1190/1709/1215 1189/1712/1221 1943/1704/1210
f 3546/1708/1214 1942/1700/1206 1947/1702/1208
f 632/1329/1217 1944/1705/1211 1188/1711/1218
f 631/1331/1220 1945/1703/1209 1944/1705/1211
f 1944/1705/1211 1943/1704/1210 1189/1712/1221
f 97/1270/1222 3544/1713/1224 1946/1706/1212
f 3544/1713/1224 3545/4096/1216 1947/1702/1208
f 630/1324/1223 1946/1706/1212 1945/1703/1209
s 26
f 1949/1714/1225 1950/1718/1229 1948/1715/1226
f 1952/1717/1228 1948/1715/1226 1950/1718/1229
f 1953/1720/1231 1954/1716/1227 1948/1715/1226
f 1193/1721/1232 1949/1714/1225 3576/1722/1233
f 1193/1721/1232 1192/4097/1240 1950/1718/1229
f 1949/1714/1225 1954/1716/1227 3575/1724/1235
f 614/1296/1236 1951/1719/1230 1191/1725/1237
f 613/1293/1239 1952/1717/1228 1951/1719/1230
f 1951/1719/1230 1950/1718/1229 1192/1726/1240
f 3574/1727/1241 1953/1720/1231 612/1290/1242
f 3575/1728/1235 1954/1716/1227 1953/1720/1231
f 612/1290/1242 1953/1720/1231 1952/1717/1228
s 27
f 1956/1729/1244 1957/1733/1248 1955/1730/1245
f 1959/1732/1247 1955/1730/1245 1957/1733/1248
f 1960/1735/1250 1961/1731/1246 1955/1730/1245
f 3464/1736/1251 1196/1738/1253 1956/1729/1244
f 1196/1738/1253 1195/4098/1259 1957/1733/1248
f 3579/1737/1252 1956/1729/1244 1961/1731/1246
f 3387/1740/1255 1958/1734/1249 1194/1741/1256
f 3386/1742/1258 1959/1732/1247 1958/1734/1249
f 1958/1734/1249 1957/1733/1248 1195/1743/1259
f 3384/1247/1260 3577/1745/1262 1960/1735/1250
f 3577/1745/1262 3578/4099/1254 1961/1731/1246
f 3385/1744/1261 1960/1735/1250 1959/1732/1247
s 28
f 1963/1746/1263 1964/1750/1267 1962/1747/1264
f 1966/1749/1266 1962/1747/1264 1964/1750/1267
f 1967/1752/1269 1968/1748/1265 1962/1747/1264
f 3501/1753/1270 1199/1755/1272 1963/1746/1263
f 1199/1755/1272 1198/4100/1278 1964/1750/1267
f 3582/1754/1271 1963/1746/1263 1968/1748/1265
f 617/1287/1274 1965/1751/1268 1197/1757/1275
f 616/1289/1277 1966/1749/1266 1965/1751/1268
f 1965/1751/1268 1964/1750/1267 1198/1758/1278
f 3421/1295/1279 3580/1759/1281 1967/1752/1269
f 3580/1759/1281 3581/4101/1273 1968/1748/1265
f 615/1297/1280 1967/1752/1269 1966/1749/1266
s 29
f 1970/1760/1282 1971/1764/1286 1969/1761/1283
f 1973/1763/1285 1969/1761/1283 1971/1764/1286
f 1974/1766/1288 1975/1762/1284 1969/1761/1283
f 3469/1767/1289 1202/1769/1291 1970/1760/1282
f 1202/1769/1291 1201/1774/1297 1971/1764/1286
f 3585/1768/1290 1970/1760/1282 1975/1762/1284
f 3392/1771/1293 1972/1765/1287 1200/1772/1294
f 3391/1773/1296 1973/1763/1285 1972/1765/1287
f 1972/1765/1287 1971/1764/1286 1201/1774/1297
f 3389/1227/1298 3583/1776/1300 1974/1766/1288
f 3583/1776/1300 3584/3675/1292 1975/1762/1284
f 3390/1775/1299 1974/1766/1288 1973/1763/1285
s 12
f 2657/3303/515 2655/3307/515 2661/3304/515
f 2658/3306/515 2659/3308/515 2655/3307/515
f 2661/3304/515 2655/3307/515 2659/3308/515
f 597/1775/515 2656/3305/515 1121/3310/515
f 598/1777/515 2657/3303/515 2656/3305/515
f 1121/3310/515 2656/3305/515 2661/3304/515
f 90/1584/515 623/1585/515 2658/3306/515
f 623/1585/515 622/1582/515 2659/3308/515
f 599/1771/515 2658/3306/515 2657/3303/515
f 1119/3311/515 2660/3309/515 621/1580/515
f 1120/1228/515 2661/3304/515 2660/3309/515
f 2660/3309/515 2659/3308/515 622/1582/515
f 2663/3313/515 2664/3317/515 2662/3314/515
f 2665/3316/515 2666/3318/515 2662/3314/515
f 2668/3315/515 2662/3314/515 2666/3318/515
f 594/1744/515 2663/3313/515 1124/1245/515
f 595/1742/515 2664/3317/515 2663/3313/515
f 1124/1245/515 2663/3313/515 2668/3315/515
f 89/1227/515 633/3321/515 2665/3316/515
f 633/3321/515 634/4173/515 2666/3318/515
f 596/1740/515 2665/3316/515 2664/3317/515
f 1122/3322/515 2667/3319/515 635/3323/515
f 1123/1248/515 2668/3315/515 2667/3319/515
f 2667/3319/515 2666/3318/515 634/1229/515
f 2671/3324/515 2669/3328/515 2675/3325/515
f 2672/3327/515 2673/3329/515 2669/3328/515
f 2675/3325/515 2669/3328/515 2673/3329/515
f 639/3331/515 2670/3326/515 1127/1265/515
f 640/3332/515 2671/3324/515 2670/3326/515
f 1127/1265/515 2670/3326/515 2675/3325/515
f 3425/1288/515 618/1551/515 2672/3327/515
f 618/1551/515 619/1553/515 2673/3329/515
f 641/3334/515 2672/3327/515 2671/3324/515
f 1125/3336/515 2674/3330/515 620/1547/515
f 1126/3337/515 2675/3325/515 2674/3330/515
f 2674/3330/515 2673/3329/515 619/1549/515
f 2678/3338/515 2676/3344/515 2682/3339/515
f 2680/3341/515 2676/3344/515 2678/3338/515
f 2681/3343/515 2682/3339/515 2676/3344/515
f 641/3334/515 2677/3340/515 1130/1286/515
f 640/3345/515 2678/3338/515 2677/3340/515
f 2677/3340/515 2682/3339/515 1129/3346/515
f 609/1681/515 2679/3342/515 639/3331/515
f 610/1679/515 2680/3341/515 2679/3342/515
f 639/3331/515 2679/3342/515 2678/3338/515
f 3416/1292/515 1128/3348/515 2681/3343/515
f 1128/3348/515 1129/4174/515 2682/3339/515
f 611/1676/515 2681/3343/515 2680/3341/515
f 2685/3349/515 2683/3353/515 2689/3350/515
f 2686/3352/515 2687/3355/515 2683/3353/515
f 2688/3354/515 2689/3350/515 2683/3353/515
f 651/3356/515 2684/3351/515 1133/1306/515
f 652/1277/515 2685/3349/515 2684/3351/515
f 2684/3351/515 2689/3350/515 1132/3357/515
f 591/1698/515 2686/3352/515 653/3358/515
f 592/1696/515 2687/3355/515 2686/3352/515
f 653/3358/515 2686/3352/515 2685/3349/515
f 88/1247/515 1131/3360/515 2688/3354/515
f 1131/3360/515 1132/4175/515 2689/3350/515
f 593/1694/515 2688/3354/515 2687/3355/515
f 2691/3361/515 2692/3365/515 2690/3362/515
f 2694/3364/515 2690/3362/515 2692/3365/515
f 2696/3363/515 2690/3362/515 2694/3364/515
f 627/1662/515 2691/3361/515 1136/3368/515
f 627/1662/515 628/1664/515 2692/3365/515
f 1136/3368/515 2691/3361/515 2696/3363/515
f 657/3370/515 2693/3366/515 629/1657/515
f 657/3370/515 658/1341/515 2694/3364/515
f 2693/3366/515 2692/3365/515 628/1659/515
f 1134/3371/515 2695/3367/515 659/3372/515
f 1135/3373/515 2696/3363/515 2695/3367/515
f 2695/3367/515 2694/3364/515 658/3374/515
s 13
f 2699/3375/1013 2697/3379/1013 2703/3376/1013
f 2700/3378/1013 2701/3380/1013 2697/3379/1013
f 2703/3376/1013 2697/3379/1013 2701/3380/1013
f 3512/3382/1013 2698/3377/1013 1139/3383/1013
f 3513/3384/1013 2699/3375/1013 2698/3377/1013
f 2698/3377/1013 2703/3376/1013 1138/1384/1013
f 3473/3385/1013 3472/3387/1013 2700/3378/1013
f 3472/3387/1013 3471/4176/1013 2701/3380/1013
f 3514/3386/1013 2700/3378/1013 2699/3375/1013
f 1137/3389/1013 2702/3381/1013 3470/3390/1013
f 1137/3389/1013 1138/4177/1013 2703/3376/1013
f 2702/3381/1013 2701/3380/1013 3471/3391/1013
f 2706/3392/1013 2704/3396/1013 2710/3393/1013
f 2707/3395/1013 2708/3398/1013 2704/3396/1013
f 2709/3397/1013 2710/3393/1013 2704/3396/1013
f 704/3399/1013 2705/3394/1013 1142/3400/1013
f 703/3401/1013 2706/3392/1013 2705/3394/1013
f 2705/3394/1013 2710/3393/1013 1141/3402/1013
f 3468/1382/1013 3467/3404/1013 2707/3395/1013
f 3467/3404/1013 3466/4178/1013 2708/3398/1013
f 702/3403/1013 2707/3395/1013 2706/3392/1013
f 1140/3405/1013 2709/3397/1013 3465/3406/1013
f 1140/3405/1013 1141/4179/1013 2710/3393/1013
f 2709/3397/1013 2708/3398/1013 3466/3407/1013
f 2713/3408/1013 2711/3414/1013 2717/3409/1013
f 2715/3411/1013 2711/3414/1013 2713/3408/1013
f 2716/3413/1013 2717/3409/1013 2711/3414/1013
f 720/3415/1013 2712/3410/1013 1145/3416/1013
f 721/3417/1013 2713/3408/1013 2712/3410/1013
f 2712/3410/1013 2717/3409/1013 1144/3418/1013
f 716/1472/1013 2714/3412/1013 722/3419/1013
f 715/3420/1013 2715/3411/1013 2714/3412/1013
f 2714/3412/1013 2713/3408/1013 721/3421/1013
f 3510/1422/1013 1143/3422/1013 2716/3413/1013
f 1143/3422/1013 1144/3418/1013 2717/3409/1013
f 714/1480/1013 2716/3413/1013 2715/3411/1013
f 2720/3424/1013 2718/3428/1013 2724/3425/1013
f 2721/3427/1013 2722/3429/1013 2718/3428/1013
f 2724/3425/1013 2718/3428/1013 2722/3429/1013
f 3504/3431/1013 2719/3426/1013 1148/3432/1013
f 3503/3433/1013 2720/3424/1013 2719/3426/1013
f 1148/3432/1013 2719/3426/1013 2724/3425/1013
f 3500/3435/1013 3499/3437/1013 2721/3427/1013
f 3499/3437/1013 3498/3440/1013 2722/3429/1013
f 3502/3436/1013 2721/3427/1013 2720/3424/1013
f 1146/3438/1013 2723/3430/1013 3497/3439/1013
f 1147/1443/1013 2724/3425/1013 2723/3430/1013
f 2723/3430/1013 2722/3429/1013 3498/3440/1013
f 2726/3441/1013 2727/3445/1013 2725/3442/1013
f 2728/3444/1013 2729/3446/1013 2725/3442/1013
f 2731/3443/1013 2725/3442/1013 2729/3446/1013
f 3463/1402/1013 3462/3448/1013 2726/3441/1013
f 3462/3448/1013 3461/3452/1013 2727/3445/1013
f 1151/1454/1013 2726/3441/1013 2731/3443/1013
f 722/3450/1013 2728/3444/1013 3460/3451/1013
f 722/3450/1013 721/4180/1013 2729/3446/1013
f 2728/3444/1013 2727/3445/1013 3461/3452/1013
f 1149/1457/1013 2730/3447/1013 720/3415/1013
f 1150/1455/1013 2731/3443/1013 2730/3447/1013
f 2730/3447/1013 2729/3446/1013 721/3421/1013
f 2734/3453/1013 2732/3457/1013 2738/3454/1013
f 2735/3456/1013 2736/3459/1013 2732/3457/1013
f 2737/3458/1013 2738/3454/1013 2732/3457/1013
f 3535/3460/1013 2733/3455/1013 1154/3461/1013
f 3536/3463/1013 2734/3453/1013 2733/3455/1013
f 2733/3455/1013 2738/3454/1013 1153/1517/1013
f 3533/3464/1013 3532/3466/1013 2735/3456/1013
f 3532/3466/1013 3531/4181/1013 2736/3459/1013
f 3537/3465/1013 2735/3456/1013 2734/3453/1013
f 3515/1495/1013 1152/3469/1013 2737/3458/1013
f 1152/3469/1013 1153/4182/1013 2738/3454/1013
f 2737/3458/1013 2736/3459/1013 3531/3470/1013
s 14
f 2741/3471/1014 2739/3475/1014 2745/3472/1014
f 2742/3474/1014 2743/3477/1014 2739/3475/1014
f 2744/3476/1014 2745/3472/1014 2739/3475/1014
f 725/3478/1015 2740/3473/1014 1157/3479/1014
f 724/3480/1014 2741/3471/1014 2740/3473/1014
f 2740/3473/1014 2745/3472/1014 1156/1534/1014
f 102/3481/1014 731/1654/1014 2742/3474/1014
f 731/1654/1014 730/1656/1014 2743/3477/1014
f 723/3482/1014 2742/3474/1014 2741/3471/1014
f 86/1358/1014 1155/3483/1014 2744/3476/1014
f 1155/3483/1014 1156/1534/1014 2745/3472/1014
f 729/1663/1014 2744/3476/1014 2743/3477/1014
s 15
f 2748/3484/2018 2746/3488/2022 2752/3485/2019
f 2749/3487/2021 2750/3490/2024 2746/3488/2022
f 2751/3489/2023 2752/3485/2019 2746/3488/2022
f 687/3491/2025 2747/3486/2020 1160/3492/1025
f 688/3493/2026 2748/3484/2018 2747/3486/2020
f 2747/3486/2020 2752/3485/2019 1159/3494/1031
f 113/1707/2027 737/3496/2029 2749/3487/2021
f 737/3496/2029 736/4183/2031 2750/3490/2024
f 689/3495/2028 2749/3487/2021 2748/3484/2018
f 3430/1270/1029 1158/3497/1028 2751/3489/2023
f 1158/3497/1028 1159/4089/1031 2752/3485/2019
f 735/1713/2030 2751/3489/2023 2750/3490/2024
s 16
f 2755/3499/2032 2753/3503/2036 2759/3500/2033
f 2756/3502/2035 2757/3505/2038 2753/3503/2036
f 2758/3504/2037 2759/3500/2033 2753/3503/2036
f 669/3506/2039 2754/3501/2034 1163/3507/1044
f 670/3508/2040 2755/3499/2032 2754/3501/2034
f 2754/3501/2034 2759/3500/2033 1162/3509/1050
f 107/1594/2041 743/3511/2043 2756/3502/2035
f 743/3511/2043 742/4184/2045 2757/3505/2038
f 671/3510/2042 2756/3502/2035 2755/3499/2032
f 91/1236/1048 1161/1565/1047 2758/3504/2037
f 1161/1565/1047 1162/4185/1050 2759/3500/2033
f 741/3512/2044 2758/3504/2037 2757/3505/2038
s 17
f 2762/3513/2046 2760/3517/2050 2766/3514/2047
f 2763/3516/2049 2764/3519/2052 2760/3517/2050
f 2765/3518/2051 2766/3514/2047 2760/3517/2050
f 692/3520/2053 2761/3515/2048 1166/3521/1063
f 691/3522/2054 2762/3513/2046 2761/3515/2048
f 2761/3515/2048 2766/3514/2047 1165/3523/1069
f 115/1561/2055 744/3525/2057 2763/3516/2049
f 744/3525/2057 745/4186/2059 2764/3519/2052
f 690/3524/2056 2763/3516/2049 2762/3513/2046
f 3396/1567/1067 1164/3528/1066 2765/3518/2051
f 1164/3528/1066 1165/4091/1069 2766/3514/2047
f 746/3527/2058 2765/3518/2051 2764/3519/2052
s 18
f 2769/3530/2060 2767/3534/2064 2773/3531/2061
f 2770/3533/2063 2771/3536/2066 2767/3534/2064
f 2772/3535/2065 2773/3531/2061 2767/3534/2064
f 672/3537/2067 2768/3532/2062 1169/3538/1082
f 673/3539/2068 2769/3530/2060 2768/3532/2062
f 2768/3532/2062 2773/3531/2061 1168/3540/1088
f 108/1639/2069 752/3542/2071 2770/3533/2063
f 752/3542/2071 751/3545/2073 2771/3536/2066
f 674/3541/2070 2770/3533/2063 2769/3530/2060
f 92/1599/1086 1167/3544/1085 2772/3535/2065
f 1167/3544/1085 1168/3540/1088 2773/3531/2061
f 750/3543/2072 2772/3535/2065 2771/3536/2066
s 19
f 2776/3546/2074 2774/3550/2078 2780/3547/2075
f 2777/3549/2077 2778/3552/2080 2774/3550/2078
f 2779/3551/2079 2780/3547/2075 2774/3550/2078
f 711/3553/2081 2775/3548/2076 1172/3554/1101
f 712/3555/2082 2776/3546/2074 2775/3548/2076
f 2775/3548/2076 2780/3547/2075 1171/3556/1107
f 101/3557/2083 732/1530/2085 2777/3549/2077
f 732/1530/2085 733/1532/2087 2778/3552/2080
f 713/3558/2084 2777/3549/2077 2776/3546/2074
f 85/1614/1105 1170/3559/1104 2779/3551/2079
f 1170/3559/1104 1171/4092/1107 2780/3547/2075
f 734/1535/2086 2779/3551/2079 2778/3552/2080
s 20
f 2783/3560/2088 2781/3564/2092 2787/3561/2089
f 2784/3563/2091 2785/3566/2094 2781/3564/2092
f 2786/3565/2093 2787/3561/2089 2781/3564/2092
f 695/3567/2095 2782/3562/2090 1175/3568/1120
f 694/3569/2096 2783/3560/2088 2782/3562/2090
f 2782/3562/2090 2787/3561/2089 1174/3570/1126
f 116/1609/2097 753/3572/2099 2784/3563/2091
f 753/3572/2099 754/4187/2101 2785/3566/2094
f 693/3571/2098 2784/3563/2091 2783/3560/2088
f 100/1345/1124 1173/3575/1123 2786/3565/2093
f 1173/3575/1123 1174/3570/1126 2787/3561/2089
f 755/3574/2100 2786/3565/2093 2785/3566/2094
s 21
f 2790/3577/2102 2788/3581/2106 2794/3578/2103
f 2791/3580/2105 2792/3583/2108 2788/3581/2106
f 2793/3582/2107 2794/3578/2103 2788/3581/2106
f 675/3584/2109 2789/3579/2104 1178/3585/1139
f 676/3586/2110 2790/3577/2102 2789/3579/2104
f 2789/3579/2104 2794/3578/2103 1177/3587/1145
f 109/1672/2111 761/1673/2113 2791/3580/2105
f 761/1673/2113 760/1675/2115 2792/3583/2108
f 677/3588/2112 2791/3580/2105 2790/3577/2102
f 93/1267/1143 1176/1643/1142 2793/3582/2107
f 1176/1643/1142 1177/4188/1145 2794/3578/2103
f 759/1682/2114 2793/3582/2107 2792/3583/2108
s 22
f 2797/3589/2116 2795/3593/2120 2801/3590/2117
f 2798/3592/2119 2799/3595/2122 2795/3593/2120
f 2800/3594/2121 2801/3590/2117 2795/3593/2120
f 696/3596/2123 2796/3591/2118 1181/3597/1158
f 697/3598/2124 2797/3589/2116 2796/3591/2118
f 2796/3591/2118 2801/3590/2117 1180/3599/1164
f 103/1690/2125 764/1691/2127 2798/3592/2119
f 764/1691/2127 763/4189/2129 2799/3595/2122
f 698/3600/2126 2798/3592/2119 2797/3589/2116
f 3379/1276/1162 1179/1658/1161 2800/3594/2121
f 1179/1658/1161 1180/1660/1164 2801/3590/2117
f 762/3601/2128 2800/3594/2121 2799/3595/2122
s 23
f 2804/3602/2130 2802/3606/2134 2808/3603/2131
f 2805/3605/2133 2806/3608/2136 2802/3606/2134
f 2807/3607/2135 2808/3603/2131 2802/3606/2134
f 678/3609/2137 2803/3604/2132 1184/1674/1177
f 679/3610/2138 2804/3602/2130 2803/3604/2132
f 2803/3604/2132 2808/3603/2131 1183/1680/1183
f 110/1723/2139 767/3612/2141 2805/3605/2133
f 767/3612/2141 766/4190/2143 2806/3608/2136
f 680/3611/2140 2805/3605/2133 2804/3602/2130
f 3415/1678/1181 1182/1677/1180 2807/3607/2135
f 1182/1677/1180 1183/4191/1183 2808/3603/2131
f 765/3613/2142 2807/3607/2135 2806/3608/2136
s 24
f 2811/3614/2144 2809/3618/2148 2815/3615/2145
f 2812/3617/2147 2813/3620/2150 2809/3618/2148
f 2814/3619/2149 2815/3615/2145 2809/3618/2148
f 660/3621/2151 2810/3616/2146 1187/3622/1196
f 661/3623/2152 2811/3614/2144 2810/3616/2146
f 2810/3616/2146 2815/3615/2145 1186/1697/1202
f 104/1736/2153 770/3625/2155 2812/3617/2147
f 770/3625/2155 769/4192/2157 2813/3620/2150
f 662/3624/2154 2812/3617/2147 2811/3614/2144
f 3383/1247/1200 1185/3628/1199 2814/3619/2149
f 1185/3628/1199 1186/4193/1202 2815/3615/2145
f 768/3627/2156 2814/3619/2149 2813/3620/2150
s 25
f 2818/3630/2158 2816/3634/2162 2822/3631/2159
f 2819/3633/2161 2820/3636/2164 2816/3634/2162
f 2821/3635/2163 2822/3631/2159 2816/3634/2162
f 699/3637/2165 2817/3632/2160 1190/3638/1215
f 700/3639/2166 2818/3630/2158 2817/3632/2160
f 2817/3632/2160 2822/3631/2159 1189/3640/1221
f 114/1624/2167 756/3642/2169 2819/3633/2161
f 756/3642/2169 757/1627/2171 2820/3636/2164
f 701/3641/2168 2819/3633/2161 2818/3630/2158
f 98/1328/1219 1188/3644/1218 2821/3635/2163
f 1188/3644/1218 1189/1712/1221 2822/3631/2159
f 758/3643/2170 2821/3635/2163 2820/3636/2164
s 26
f 2825/3646/2172 2823/3650/2176 2829/3647/2173
f 2826/3649/2175 2827/3652/2178 2823/3650/2176
f 2828/3651/2177 2829/3647/2173 2823/3650/2176
f 681/3653/2179 2824/3648/2174 1193/3654/1232
f 682/3655/2180 2825/3646/2172 2824/3648/2174
f 2824/3648/2174 2829/3647/2173 1192/3656/1240
f 773/1754/2181 2826/3649/2175 683/3657/2182
f 772/1756/2184 2827/3652/2178 2826/3649/2175
f 683/3657/2182 2826/3649/2175 2825/3646/2172
f 95/1295/1238 1191/3659/1237 2828/3651/2177
f 1191/3659/1237 1192/1726/1240 2829/3647/2173
f 2828/3651/2177 2827/3652/2178 772/3660/2184
s 27
f 2832/3661/2186 2830/3665/2190 2836/3662/2187
f 2833/3664/2189 2834/3667/2192 2830/3665/2190
f 2835/3666/2191 2836/3662/2187 2830/3665/2190
f 663/3668/2193 2831/3663/2188 1196/1738/1253
f 664/3669/2194 2832/3661/2186 2831/3663/2188
f 2831/3663/2188 2836/3662/2187 1195/3670/1259
f 105/1767/2195 776/3672/2197 2833/3664/2189
f 776/3672/2197 775/4194/2199 2834/3667/2192
f 665/3671/2196 2833/3664/2189 2832/3661/2186
f 3388/1227/1257 1194/3674/1256 2835/3666/2191
f 1194/3674/1256 1195/4195/1259 2836/3662/2187
f 774/3673/2198 2835/3666/2191 2834/3667/2192
s 28
f 2839/3676/2200 2837/3680/2204 2843/3677/2201
f 2840/3679/2203 2841/3682/2206 2837/3680/2204
f 2842/3681/2205 2843/3677/2201 2837/3680/2204
f 684/3683/2207 2838/3678/2202 1199/1755/1272
f 685/3684/2208 2839/3676/2200 2838/3678/2202
f 2838/3678/2202 2843/3677/2201 1198/1758/1278
f 112/1543/2209 738/1544/2211 2840/3679/2203
f 738/1544/2211 739/4090/2213 2841/3682/2206
f 686/3685/2210 2840/3679/2203 2839/3676/2200
f 96/1288/1276 1197/1757/1275 2842/3681/2205
f 1197/1757/1275 1198/1758/1278 2843/3677/2201
f 740/1552/2212 2842/3681/2205 2841/3682/2206
s 29
f 2846/3688/2214 2844/3692/2218 2850/3689/2215
f 2847/3691/2217 2848/3694/2220 2844/3692/2218
f 2849/3693/2219 2850/3689/2215 2844/3692/2218
f 666/3695/2221 2845/3690/2216 1202/1769/1291
f 667/3696/2222 2846/3688/2214 2845/3690/2216
f 2845/3690/2216 2850/3689/2215 1201/3697/1297
f 106/1576/2223 747/1577/2225 2847/3691/2217
f 747/1577/2225 748/1579/2227 2848/3694/2220
f 668/3698/2224 2847/3691/2217 2846/3688/2214
f 3393/1584/1295 1200/1772/1294 2849/3693/2219
f 1200/1772/1294 1201/3697/1297 2850/3689/2215
f 749/1586/2226 2849/3693/2219 2848/3694/2220
